AFFHA,20041229,101,101,101,101,143,0
AFFHA,20041230,101,101,101,101,0,0
AFFHA,20041231,101,101,101,101,0,0
AFFHA,20050103,101,101,101,101,0,0
AFFHA,20050104,101,101,101,101,0,0
AFFHA,20050105,101,101,101,101,0,0
AFFHA,20050106,101,101,101,101,0,0
AFFHA,20050107,101,101,101,101,0,0
AFFHA,20050110,101,101,101,101,0,0
AFFHA,20050111,101,101,101,101,0,0
AFFHA,20050112,101,101,101,101,0,0
AFFHA,20050113,101,101,101,101,0,0
AFFHA,20050114,101,101,101,101,0,0
AFFHA,20050117,101,101,101,101,0,0
AFFHA,20050118,101,101,101,101,0,0
AFFHA,20050119,101,101,101,101,0,0
AFFHA,20050120,101,101,101,101,0,0
AFFHA,20050121,101,101,101,101,0,0
AFFHA,20050124,101,101,101,101,0,0
AFFHA,20050125,101,101,101,101,0,0
AFFHA,20050126,101,101,101,101,0,0
AFFHA,20050127,101,101,101,101,0,0
AFFHA,20050128,101,101,101,101,0,0
AFFHA,20050131,101,101,101,101,0,0
AFFHA,20050201,101,101,101,101,0,0
AFFHA,20050202,101,101,101,101,0,0
AFFHA,20050203,101,101,101,101,0,0
AFFHA,20050204,101,101,101,101,0,0
AFFHA,20050207,101,101,101,101,0,0
AFFHA,20050208,101,101,101,101,0,0
AFFHA,20050209,101,101,101,101,0,0
AFFHA,20050210,101,101,101,101,0,0
AFFHA,20050211,101,101,101,101,0,0
AFFHA,20050214,101,101,101,101,0,0
AFFHA,20050215,101,101,101,101,0,0
AFFHA,20050216,101,101,101,101,0,0
AFFHA,20050217,101,101,101,101,0,0
AFFHA,20050218,101,101,101,101,0,0
AFFHA,20050221,101,101,101,101,0,0
AFFHA,20050222,101,101,101,101,0,0
AFFHA,20050223,101,101,101,101,0,0
AFFHA,20050224,101,101,101,101,0,0
AFFHA,20050225,101,101,101,101,0,0
AFFHA,20050228,101,101,101,101,0,0
AFFHA,20050301,101,101,101,101,0,0
AFFHA,20050302,101,101,101,101,0,0
AFFHA,20050303,101,101,101,101,0,0
AFFHA,20050304,101,101,101,101,0,0
AFFHA,20050307,101,101,101,101,0,0
AFFHA,20050308,101,101,101,101,0,0
AFFHA,20050309,101,101,101,101,0,0
AFFHA,20050310,101,101,101,101,0,0
AFFHA,20050311,101,101,101,101,0,0
AFFHA,20050314,101,101,101,101,0,0
AFFHA,20050315,101,101,101,101,0,0
AFFHA,20050316,101,101,101,101,0,0
AFFHA,20050317,101,101,101,101,0,0
AFFHA,20050318,101,101,101,101,0,0
AFFHA,20050321,101,101,101,101,0,0
AFFHA,20050322,101,101,101,101,0,0
AFFHA,20050323,101,101,101,101,0,0
AFFHA,20050324,101,101,101,101,0,0
AFFHA,20050325,101,101,101,101,0,0
AFFHA,20050328,101,101,101,101,0,0
AFFHA,20050329,101,101,101,101,0,0
AFFHA,20050330,101,101,101,101,0,0
AFFHA,20050331,101,101,101,101,0,0
AFFHA,20050401,101,101,101,101,0,0
AFFHA,20050404,101,101,101,101,0,0
AFFHA,20050405,101,101,101,101,0,0
AFFHA,20050406,101,101,101,101,0,0
AFFHA,20050407,101,101,101,101,0,0
AFFHA,20050408,101,101,101,101,0,0
AFFHA,20050411,101,101,101,101,0,0
AFFHA,20050412,101,101,101,101,0,0
AFFHA,20050413,101,101,101,101,0,0
AFFHA,20050414,101,101,101,101,0,0
AFFHA,20050415,101,101,101,101,0,0
AFFHA,20050418,101,101,101,101,0,0
AFFHA,20050419,101,101,101,101,0,0
AFFHA,20050420,101,101,101,101,0,0
AFFHA,20050421,101,101,101,101,0,0
AFFHA,20050422,101,101,101,101,0,0
AFFHA,20050425,101,101,101,101,0,0
AFFHA,20050426,101,101,101,101,0,0
AFFHA,20050427,101,101,101,101,0,0
AFFHA,20050428,101,101,101,101,0,0
AFFHA,20050429,101,101,101,101,0,0
AFFHA,20050502,101,101,101,101,0,0
AFFHA,20050503,101,101,101,101,0,0
AFFHA,20050504,101,101,101,101,0,0
AFFHA,20050505,101,101,101,101,0,0
AFFHA,20050506,101,101,101,101,0,0
AFFHA,20050509,101,101,101,101,0,0
AFFHA,20050510,101,101,101,101,0,0
AFFHA,20050511,101,101,101,101,0,0
AFFHA,20050512,101.5,101.5,101.5,101.5,8000,0
AFFHA,20050513,101.5,101.5,101.5,101.5,0,0
AFFHA,20050516,101.5,101.5,101.5,101.5,0,0
AFFHA,20050517,101.5,101.5,101.5,101.5,0,0
AFFHA,20050518,101.5,101.5,101.5,101.5,0,0
AFFHA,20050519,101.5,101.5,101.5,101.5,0,0
AFFHA,20050520,101.5,101.5,101.5,101.5,0,0
AFFHA,20050523,101.5,101.5,101.5,101.5,0,0
AFFHA,20050524,101.5,101.5,101.5,101.5,0,0
AFFHA,20050525,101.5,101.5,101.5,101.5,0,0
AFFHA,20050526,101.5,101.5,101.5,101.5,0,0
AFFHA,20050527,101.5,101.5,101.5,101.5,0,0
AFFHA,20050530,101.5,101.5,101.5,101.5,0,0
AFFHA,20050531,101.5,101.5,101.5,101.5,0,0
AFFHA,20050601,101.6,101.6,101.6,101.6,2000,0
AFFHA,20050602,101.6,101.6,101.6,101.6,0,0
AFFHA,20050603,101.6,101.6,101.6,101.6,0,0
AFFHA,20050606,101.6,101.6,101.6,101.6,0,0
AFFHA,20050607,101.6,101.6,101.6,101.6,0,0
AFFHA,20050608,101.6,101.6,101.6,101.6,0,0
AFFHA,20050609,101.6,101.6,101.6,101.6,0,0
AFFHA,20050610,101.6,101.6,101.6,101.6,0,0
AFFHA,20050613,101.6,101.6,101.6,101.6,0,0
AFFHA,20050614,101.6,101.6,101.6,101.6,0,0
AFFHA,20050615,101.6,101.6,101.6,101.6,0,0
AFFHA,20050616,101.6,101.6,101.6,101.6,0,0
AFFHA,20050617,101.6,101.6,101.6,101.6,0,0
AFFHA,20050620,101.6,101.6,101.6,101.6,0,0
AFFHA,20050621,101.6,101.6,101.6,101.6,0,0
AFFHA,20050622,101.6,101.6,101.6,101.6,0,0
AFFHA,20050623,101.6,101.6,101.6,101.6,0,0
AFFHA,20050624,101.6,101.6,101.6,101.6,0,0
AFFHA,20050627,101.6,101.6,101.6,101.6,0,0
AFFHA,20050628,101.6,101.6,101.6,101.6,0,0
AFFHA,20050629,101.6,101.6,101.6,101.6,0,0
AFFHA,20050630,101.6,101.6,101.6,101.6,0,0
AFFHA,20050701,101.6,101.6,101.6,101.6,0,0
AFFHA,20050704,101.6,101.6,101.6,101.6,0,0
AFFHA,20050705,101.6,101.6,101.6,101.6,0,0
AFFHA,20050706,101.6,101.6,101.6,101.6,0,0
AFFHA,20050707,101.6,101.6,101.6,101.6,0,0
AFFHA,20050708,101.6,101.6,101.6,101.6,0,0
AFFHA,20050711,101.6,101.6,101.6,101.6,0,0
AFFHA,20050712,101.6,101.6,101.6,101.6,0,0
AFFHA,20050713,101.6,101.6,101.6,101.6,0,0
AFFHA,20050714,101.6,101.6,101.6,101.6,0,0
AFFHA,20050715,101.6,101.6,101.6,101.6,0,0
AFFHA,20050718,101.6,101.6,101.6,101.6,0,0
AFFHA,20050719,101.6,101.6,101.6,101.6,0,0
AFFHA,20050720,101.6,101.6,101.6,101.6,0,0
AFFHA,20050721,101.6,101.6,101.6,101.6,0,0
AFFHA,20050722,101.6,101.6,101.6,101.6,0,0
AFFHA,20050725,101.6,101.6,101.6,101.6,0,0
AFFHA,20050726,101.6,101.6,101.6,101.6,0,0
AFFHA,20050727,101.6,101.6,101.6,101.6,0,0
AFFHA,20050728,101.6,101.6,101.6,101.6,0,0
AFFHA,20050729,101.6,101.6,101.6,101.6,0,0
AFFHA,20050801,101.6,101.6,101.6,101.6,0,0
AFFHA,20050802,101.6,101.6,101.6,101.6,0,0
AFFHA,20050803,101.6,101.6,101.6,101.6,0,0
AFFHA,20050804,101.6,101.6,101.6,101.6,0,0
AFFHA,20050805,101.6,101.6,101.6,101.6,0,0
AFFHA,20050808,101.6,101.6,101.6,101.6,0,0
AFFHA,20050809,101.6,101.6,101.6,101.6,0,0
AFFHA,20050810,101.6,101.6,101.6,101.6,0,0
AFFHA,20050811,101.6,101.6,101.6,101.6,0,0
AFFHA,20050812,101.6,101.6,101.6,101.6,0,0
AFFHA,20050815,101.6,101.6,101.6,101.6,0,0
AFFHA,20050816,101.6,101.6,101.6,101.6,0,0
AFFHA,20050817,101.6,101.6,101.6,101.6,0,0
AFFHA,20050818,101.6,101.6,101.6,101.6,0,0
AFFHA,20050819,101.6,101.6,101.6,101.6,0,0
AFFHA,20050822,101.6,101.6,101.6,101.6,0,0
AFFHA,20050823,101.6,101.6,101.6,101.6,0,0
AFFHA,20050824,101.6,101.6,101.6,101.6,0,0
AFFHA,20050825,101.6,101.6,101.6,101.6,0,0
AFFHA,20050826,101.6,101.6,101.6,101.6,0,0
AFFHA,20050829,101.6,101.6,101.6,101.6,0,0
AFFHA,20050830,101.6,101.6,101.6,101.6,0,0
AFFHA,20050831,101.6,101.6,101.6,101.6,0,0
AFFHA,20050901,101.6,101.6,101.6,101.6,0,0
AFFHA,20050902,101.6,101.6,101.6,101.6,0,0
AFFHA,20050905,101.6,101.6,101.6,101.6,0,0
AFFHA,20050906,101,101,101,101,2519,0
AFFHA,20050907,101,101,101,101,219,0
AFFHA,20050908,101,101,101,101,0,0
AFFHA,20050909,101,101,101,101,0,0
AFFHA,20050912,101,101,101,101,0,0
AFFHA,20050913,101,101,101,101,0,0
AFFHA,20050914,101,101,101,101,0,0
AFFHA,20050915,101,101,101,101,0,0
AFFHA,20050916,101,101,101,101,0,0
AFFHA,20050919,101,101,101,101,0,0
AFFHA,20050920,101,101,101,101,0,0
AFFHA,20050921,101,101,101,101,0,0
AFFHA,20050922,101,101,101,101,0,0
AFFHA,20050923,101,101,101,101,0,0
AFFHA,20050926,101,101,101,101,0,0
AFFHA,20050927,101,101,101,101,0,0
AFFHA,20050928,101,101,101,101,0,0
AFFHA,20050929,101,101,101,101,0,0
AFFHA,20050930,101,101,101,101,0,0
AFFHA,20051003,101,101,101,101,0,0
AFFHA,20051004,101,101,101,101,0,0
AFFHA,20051005,101,101,101,101,0,0
AFFHA,20051006,101,101,101,101,0,0
AFFHA,20051007,101,101,101,101,0,0
AFFHA,20051010,101,101,101,101,0,0
AFFHA,20051011,101,101,101,101,0,0
AFFHA,20051012,101,101,101,101,0,0
AFFHA,20051013,101,101,101,101,0,0
AFFHA,20051014,101,101,101,101,0,0
AFFHA,20051017,101,101,101,101,0,0
AFFHA,20051018,101,101,101,101,0,0
AFFHA,20051019,101,101,101,101,0,0
AFFHA,20051020,101,101,101,101,0,0
AFFHA,20051021,101,101,101,101,0,0
AFFHA,20051024,101,101,101,101,0,0
AFFHA,20051025,101,101,101,101,0,0
AFFHA,20051026,101,101,101,101,0,0
AFFHA,20051027,101,101,101,101,0,0
AFFHA,20051028,101,101,101,101,0,0
AFFHA,20051031,101,101,101,101,0,0
AFFHA,20051101,101,101,101,101,0,0
AFFHA,20051102,101,101,101,101,0,0
AFFHA,20051103,101,101,101,101,0,0
AFFHA,20051104,101,101,101,101,0,0
AFFHA,20051107,101,101,101,101,0,0
AFFHA,20051108,101,101,101,101,0,0
AFFHA,20051109,101,101,101,101,0,0
AFFHA,20051110,101,101,101,101,0,0
AFFHA,20051111,101,101,101,101,0,0
AFFHA,20051114,101,101,101,101,0,0
AFFHA,20051115,101,101,101,101,0,0
AFFHA,20051116,101,101,101,101,0,0
AFFHA,20051117,101,101,101,101,0,0
AFFHA,20051118,101,101,101,101,0,0
AFFHA,20051121,101,101,101,101,0,0
AFFHA,20051122,101,101,101,101,0,0
AFFHA,20051123,101,101,101,101,0,0
AFFHA,20051124,101,101,101,101,0,0
AFFHA,20051125,101,101,101,101,0,0
AFFHA,20051128,101,101,101,101,0,0
AFFHA,20051129,101,101,101,101,0,0
AFFHA,20051130,101,101,101,101,0,0
AFFHA,20051201,101,101,101,101,0,0
AFFHA,20051202,101,101,101,101,0,0
AFFHA,20051205,101,101,101,101,0,0
AFFHA,20051206,101,101,101,101,0,0
AFFHA,20051207,101,101,101,101,0,0
AFFHA,20051208,101,101,101,101,0,0
AFFHA,20051209,101,101,101,101,0,0
AFFHA,20051212,101,101,101,101,0,0
AFFHA,20051213,101,101,101,101,0,0
AFFHA,20051214,101,101,101,101,0,0
AFFHA,20051215,101,101,101,101,0,0
AFFHA,20051216,101,101,101,101,0,0
AFFHA,20051219,101,101,101,101,0,0
AFFHA,20051220,101,101,101,101,0,0
AFFHA,20051221,101,101,101,101,0,0
AFFHA,20051222,101,101,101,101,0,0
AFFHA,20051223,101,101,101,101,0,0
AFFHA,20051226,101,101,101,101,0,0
AFFHA,20051227,101,101,101,101,0,0
AFFHA,20051228,101,101,101,101,0,0
AFFHA,20051229,101,101,101,101,0,0
AFFHA,20051230,101,101,101,101,0,0
AFFHA,20060102,101,101,101,101,0,0
AFFHA,20060103,101,101,101,101,0,0
AFFHA,20060104,101,101,101,101,0,0
AFFHA,20060105,101,101,101,101,0,0
AFFHA,20060106,101,101,101,101,0,0
AFFHA,20060109,101,101,101,101,0,0
AFFHA,20060110,101,101,101,101,0,0
AFFHA,20060111,101,101,101,101,0,0
AFFHA,20060112,101,101,101,101,0,0
AFFHA,20060113,101,101,101,101,0,0
AFFHA,20060116,101,101,101,101,0,0
AFFHA,20060117,101,101,101,101,0,0
AFFHA,20060118,101,101,101,101,0,0
AFFHA,20060119,101,101,101,101,0,0
AFFHA,20060120,101,101,101,101,0,0
AFFHA,20060123,101,101,101,101,0,0
AFFHA,20060124,101,101,101,101,0,0
AFFHA,20060125,101,101,101,101,0,0
AFFHA,20060126,101,101,101,101,0,0
AFFHA,20060127,101,101,101,101,0,0
AFFHA,20060130,101,101,101,101,0,0
AFFHA,20060131,101,101,101,101,0,0
AFFHA,20060201,101,101,101,101,0,0
AFFHA,20060202,101,101,101,101,0,0
AFFHA,20060203,101,101,101,101,0,0
AFFHA,20060206,101,101,101,101,0,0
AFFHA,20060207,101,101,101,101,0,0
AFFHA,20060208,101,101,101,101,0,0
AFFHA,20060209,101,101,101,101,0,0
AFFHA,20060210,101,101,101,101,0,0
AFFHA,20060213,101,101,101,101,0,0
AFFHA,20060214,101,101,101,101,0,0
AFFHA,20060215,101,101,101,101,0,0
AFFHA,20060216,101,101,101,101,0,0
AFFHA,20060217,101,101,101,101,0,0
AFFHA,20060220,101,101,101,101,0,0
AFFHA,20060221,101,101,101,101,0,0
AFFHA,20060222,101,101,101,101,0,0
AFFHA,20060223,101,101,101,101,0,0
AFFHA,20060224,101,101,101,101,0,0
AFFHA,20060227,101,101,101,101,0,0
AFFHA,20060228,101,101,101,101,0,0
AFFHA,20060301,101,101,101,101,0,0
AFFHA,20060302,101,101,101,101,0,0
AFFHA,20060303,101,101,101,101,0,0
AFFHA,20060306,101,101,101,101,0,0
AFFHA,20060307,101,101,101,101,0,0
AFFHA,20060308,101,101,101,101,0,0
AFFHA,20060309,101,101,101,101,0,0
AFFHA,20060310,101,101,101,101,0,0
AFFHA,20060313,101,101,101,101,0,0
AFFHA,20060314,101,101,101,101,0,0
AFFHA,20060315,101,101,101,101,0,0
AFFHA,20060316,101,101,101,101,0,0
AFFHA,20060317,101,101,101,101,0,0
AFFHA,20060320,101,101,101,101,0,0
AFFHA,20060321,101,101,101,101,0,0
AFFHA,20060322,101,101,101,101,0,0
AFFHA,20060323,101,101,101,101,0,0
AFFHA,20060324,101,101,101,101,0,0
AFFHA,20060327,101,101,101,101,0,0
AFFHA,20060328,101,101,101,101,0,0
AFFHA,20060329,101,101,101,101,0,0
AFFHA,20060330,101,101,101,101,0,0
AFFHA,20060331,101,101,101,101,0,0
AFFHA,20060403,101,101,101,101,0,0
AFFHA,20060404,101,101,101,101,0,0
AFFHA,20060405,101,101,101,101,0,0
AFFHA,20060406,101,101,101,101,0,0
AFFHA,20060407,101,101,101,101,0,0
AFFHA,20060410,101,101,101,101,0,0
AFFHA,20060411,101,101,101,101,0,0
AFFHA,20060412,101,101,101,101,0,0
AFFHA,20060413,101,101,101,101,0,0
AFFHA,20060414,101,101,101,101,0,0
AFFHA,20060417,101,101,101,101,0,0
AFFHA,20060418,101,101,101,101,0,0
AFFHA,20060419,101,101,101,101,0,0
AFFHA,20060420,101,101,101,101,0,0
AFFHA,20060421,101,101,101,101,0,0
AFFHA,20060424,101,101,101,101,0,0
AFFHA,20060425,101,101,101,101,0,0
AFFHA,20060426,101,101,101,101,0,0
AFFHA,20060427,101,101,101,101,0,0
AFFHA,20060428,101,101,101,101,0,0
AFFHA,20060501,101,101,101,101,0,0
AFFHA,20060502,101,101,101,101,0,0
AFFHA,20060503,101,101,101,101,0,0
AFFHA,20060504,101,101,101,101,0,0
AFFHA,20060505,101,101,101,101,0,0
AFFHA,20060508,101,101,101,101,0,0
AFFHA,20060509,101,101,101,101,0,0
AFFHA,20060510,101,101,101,101,0,0
AFFHA,20060511,101,101,101,101,0,0
AFFHA,20060512,101,101,101,101,0,0
AFFHA,20060515,101,101,101,101,0,0
AFFHA,20060516,101,101,101,101,0,0
AFFHA,20060517,101,101,101,101,0,0
AFFHA,20060518,101,101,101,101,0,0
AFFHA,20060519,101,101,101,101,0,0
AFFHA,20060522,101,101,101,101,0,0
AFFHA,20060523,101,101,101,101,0,0
AFFHA,20060524,101,101,101,101,0,0
AFFHA,20060525,101,101,101,101,0,0
AFFHA,20060526,101,101,101,101,0,0
AFFHA,20060529,101,101,101,101,0,0
AFFHA,20060530,101,101,101,101,0,0
AFFHA,20060531,101,101,101,101,0,0
AFFHA,20060601,101,101,101,101,0,0
AFFHA,20060602,101,101,101,101,0,0
AFFHA,20060605,101,101,101,101,0,0
AFFHA,20060606,101,101,101,101,0,0
AFFHA,20060607,101,101,101,101,0,0
AFFHA,20060608,101,101,101,101,0,0
AFFHA,20060609,101,101,101,101,0,0
AFFHA,20060612,101,101,101,101,0,0
AFFHA,20060613,101,101,101,101,0,0
AFFHA,20060614,101,101,101,101,0,0
AFFHA,20060615,101,101,101,101,0,0
AFFHA,20060616,101,101,101,101,0,0
AFFHA,20060619,101,101,101,101,0,0
AFFHA,20060620,101,101,101,101,0,0
AFFHA,20060621,101,101,101,101,0,0
AFFHA,20060622,101,101,101,101,0,0
AFFHA,20060623,101,101,101,101,0,0
AFFHA,20060626,101,101,101,101,0,0
AFFHA,20060627,101,101,101,101,0,0
AFFHA,20060628,101,101,101,101,0,0
AFFHA,20060629,101,101,101,101,0,0
AFFHA,20060630,101,101,101,101,0,0
AFFHA,20060703,101,101,101,101,0,0
AFFHA,20060704,101,101,101,101,0,0
AFFHA,20060705,101,101,101,101,0,0
AFFHA,20060706,101,101,101,101,0,0
AFFHA,20060707,101,101,101,101,0,0
AFFHA,20060710,101,101,101,101,0,0
AFFHA,20060711,101,101,101,101,0,0
AFFHA,20060712,101,101,101,101,0,0
AFFHA,20060713,101,101,101,101,0,0
AFFHA,20060714,101,101,101,101,0,0
AFFHA,20060717,101,101,101,101,0,0
AFFHA,20060718,101,101,101,101,0,0
AFFHA,20060719,101,101,101,101,0,0
AFFHA,20060720,101,101,101,101,0,0
AFFHA,20060721,101,101,101,101,0,0
AFFHA,20060724,101,101,101,101,0,0
AFFHA,20060725,101,101,101,101,0,0
AFFHA,20060726,101,101,101,101,0,0
AFFHA,20060727,101,101,101,101,0,0
AFFHA,20060728,101,101,101,101,0,0
AFFHA,20060731,101,101,101,101,0,0
AFFHA,20060801,101,101,101,101,0,0
AFFHA,20060802,101,101,101,101,0,0
AFFHA,20060803,101,101,101,101,0,0
AFFHA,20060804,101,101,101,101,0,0
AFFHA,20060807,101,101,101,101,0,0
AFFHA,20060808,101,101,101,101,0,0
AFFHA,20060809,101,101,101,101,0,0
AFFHA,20060810,101,101,101,101,0,0
AFFHA,20060811,101,101,101,101,0,0
AFFHA,20060814,101,101,101,101,0,0
AFFHA,20060815,101,101,101,101,0,0
AFFHA,20060816,101,101,101,101,0,0
AFFHA,20060817,101,101,101,101,0,0
AFFHA,20060818,101,101,101,101,0,0
AFFHA,20060821,101,101,101,101,0,0
AFFHA,20060822,101,101,101,101,0,0
AFFHA,20060823,101,101,101,101,0,0
AFFHA,20060824,101,101,101,101,0,0
AFFHA,20060825,101,101,101,101,0,0
AFFHA,20060828,101,101,101,101,0,0
AFFHA,20060829,101,101,101,101,0,0
AFFHA,20060830,101,101,101,101,0,0
AFFHA,20060831,101,101,101,101,0,0
AFFHA,20060901,101,101,101,101,0,0
AFFHA,20060904,101,101,101,101,0,0
AFFHA,20060905,101,101,101,101,0,0
AFFHA,20060906,101,101,101,101,0,0
AFFHA,20060907,101,101,101,101,0,0
AFFHA,20060908,101,101,101,101,0,0
AFFHA,20060911,101,101,101,101,0,0
AFFHA,20060912,101,101,101,101,0,0
AFFHA,20060913,101,101,101,101,0,0
AFFHA,20060914,101,101,101,101,0,0
AFFHA,20060915,101,101,101,101,0,0
AFFHA,20060918,101,101,101,101,0,0
AFFHA,20060919,101,101,101,101,0,0
AFFHA,20060920,101,101,101,101,0,0
AFFHA,20060921,101,101,101,101,0,0
AFFHA,20060922,101,101,101,101,0,0
AFFHA,20060925,101,101,101,101,0,0
AFFHA,20060926,101,101,101,101,0,0
AFFHA,20060927,101,101,101,101,0,0
AFFHA,20060928,101,101,101,101,0,0
AFFHA,20060929,101,101,101,101,0,0
AFFHA,20061002,101,101,101,101,0,0
AFFHA,20061003,101,101,101,101,0,0
AFFHA,20061004,101,101,101,101,0,0
AFFHA,20061005,101,101,101,101,0,0
AFFHA,20061006,101,101,101,101,0,0
AFFHA,20061009,101,101,101,101,0,0
AFFHA,20061010,101,101,101,101,0,0
AFFHA,20061011,101,101,101,101,0,0
AFFHA,20061012,101,101,101,101,0,0
AFFHA,20061013,101,101,101,101,0,0
AFFHA,20061016,101,101,101,101,0,0
AFFHA,20061017,101,101,101,101,0,0
AFFHA,20061018,101,101,101,101,0,0
AFFHA,20061019,101,101,101,101,0,0
AFFHA,20061020,101,101,101,101,0,0
AFFHA,20061023,101,101,101,101,0,0
AFFHA,20061024,101,101,101,101,0,0
AFFHA,20061025,101,101,101,101,0,0
AFFHA,20061026,101,101,101,101,0,0
AFFHA,20061027,101,101,101,101,0,0
AFFHA,20061030,101,101,101,101,0,0
AFFHA,20061031,101,101,101,101,0,0
AFFHA,20061101,101,101,101,101,0,0
AFFHA,20061102,101,101,101,101,0,0
AFFHA,20061103,101,101,101,101,0,0
AFFHA,20061106,101,101,101,101,0,0
AFFHA,20061107,101,101,101,101,0,0
AFFHA,20061108,101,101,101,101,0,0
AFFHA,20061109,101,101,101,101,0,0
AFFHA,20061110,101,101,101,101,0,0
AFFHA,20061113,101,101,101,101,0,0
AFFHA,20061114,101,101,101,101,0,0
AFFHA,20061115,101,101,101,101,0,0
AFFHA,20061116,101,101,101,101,0,0
AFFHA,20061117,101,101,101,101,0,0
AFFHA,20061120,101,101,101,101,0,0
AFFHA,20061121,101,101,101,101,0,0
AFFHA,20061122,101,101,101,101,0,0
AFFHA,20061123,101,101,101,101,0,0
AFFHA,20061124,101,101,101,101,0,0
AFFHA,20061127,101,101,101,101,0,0
AFFHA,20061128,101,101,101,101,0,0
AFFHA,20061129,101,101,101,101,0,0
AFFHA,20061130,101,101,101,101,0,0
AFFHA,20061201,101,101,101,101,0,0
AFFHA,20061204,101,101,101,101,0,0
AFFHA,20061205,101,101,101,101,0,0
AFFHA,20061206,101,101,101,101,1537,0
AFFHA,20061207,101,101,101,101,0,0
AFFHA,20061208,101,101,101,101,0,0
AFFHA,20061211,101,101,101,101,0,0
AFFHA,20061212,101,101,101,101,0,0
AFFHA,20061213,101,101,101,101,0,0
AFFHA,20061214,101,101,101,101,0,0
AFFHA,20061215,101,101,101,101,0,0
AFFHA,20061218,101,101,101,101,0,0
AFFHA,20061219,101,101,101,101,0,0
AFFHA,20061220,102,102,102,102,1750,0
AFFHA,20061221,102,102,102,102,0,0
AFFHA,20061222,102,102,102,102,0,0
AFFHA,20061225,102,102,102,102,0,0
AFFHA,20061226,102,102,102,102,0,0
AFFHA,20061227,102,102,102,102,0,0
AFFHA,20061228,102,102,102,102,0,0
AFFHA,20061229,102,102,102,102,0,0
AFFHA,20070101,102,102,102,102,0,0
AFFHA,20070102,102,102,102,102,0,0
AFFHA,20070103,102,102,102,102,0,0
AFFHA,20070104,102,102,102,102,0,0
AFFHA,20070105,102,102,102,102,0,0
AFFHA,20070108,102,102,102,102,0,0
AFFHA,20070109,102,102,102,102,0,0
AFFHA,20070110,102,102,102,102,0,0
AFFHA,20070111,102,102,102,102,0,0
AFFHA,20070112,102,102,102,102,0,0
AFFHA,20070115,102,102,102,102,0,0
AFFHA,20070116,102,102,102,102,0,0
AFFHA,20070117,102,102,102,102,0,0
AFFHA,20070118,102,102,102,102,0,0
AFFHA,20070119,102,102,102,102,0,0
AFFHA,20070122,102,102,102,102,0,0
AFFHA,20070123,102,102,102,102,0,0
AFFHA,20070124,102,102,102,102,0,0
AFFHA,20070125,102,102,102,102,0,0
AFFHA,20070126,102,102,102,102,0,0
AFFHA,20070129,102,102,102,102,0,0
AFFHA,20070130,102,102,102,102,0,0
AFFHA,20070131,102,102,102,102,0,0
AFFHA,20070201,102,102,102,102,0,0
AFFHA,20070202,102,102,102,102,0,0
AFFHA,20070205,102,102,102,102,0,0
AFFHA,20070206,102,102,102,102,0,0
AFFHA,20070207,102,102,102,102,0,0
AFFHA,20070208,102,102,102,102,0,0
AFFHA,20070209,102,102,102,102,0,0
AFFHA,20070212,102,102,102,102,0,0
AFFHA,20070213,102,102,102,102,0,0
AFFHA,20070214,102,102,102,102,0,0
AFFHA,20070215,102,102,102,102,0,0
AFFHA,20070216,102,102,102,102,0,0
AFFHA,20070219,102,102,102,102,0,0
AFFHA,20070220,102,102,102,102,0,0
AFFHA,20070221,102,102,102,102,0,0
AFFHA,20070222,102,102,102,102,0,0
AFFHA,20070223,102,102,102,102,0,0
AFFHA,20070226,102,102,102,102,0,0
AFFHA,20070227,102,102,102,102,0,0
AFFHA,20070228,102,102,102,102,0,0
AFFHA,20070301,102,102,102,102,0,0
AFFHA,20070302,102,102,102,102,0,0
AFFHA,20070305,102,102,102,102,0,0
AFFHA,20070306,102,102,102,102,0,0
AFFHA,20070307,102,102,102,102,0,0
AFFHA,20070308,102,102,102,102,0,0
AFFHA,20070309,102,102,102,102,0,0
AFFHA,20070312,102,102,102,102,0,0
AFFHA,20070313,102,102,102,102,0,0
AFFHA,20070314,102,102,102,102,0,0
AFFHA,20070315,102,102,102,102,0,0
AFFHA,20070316,102,102,102,102,0,0
AFFHA,20070319,102,102,102,102,0,0
AFFHA,20070320,102,102,102,102,0,0
AFFHA,20070321,102,102,102,102,0,0
AFFHA,20070322,102,102,102,102,0,0
AFFHA,20070323,102,102,102,102,0,0
AFFHA,20070326,102,102,102,102,0,0
AFFHA,20070327,102,102,102,102,0,0
AFFHA,20070328,102,102,102,102,0,0
AFFHA,20070329,102,102,102,102,0,0
AFFHA,20070330,102,102,102,102,0,0
AFFHA,20070402,102,102,102,102,0,0
AFFHA,20070403,102,102,102,102,0,0
AFFHA,20070404,102,102,102,102,0,0
AFFHA,20070405,102,102,102,102,0,0
AFFHA,20070406,102,102,102,102,0,0
AFFHA,20070409,102,102,102,102,0,0
AFFHA,20070410,102,102,102,102,0,0
AFFHA,20070411,102,102,102,102,0,0
AFFHA,20070412,102,102,102,102,0,0
AFFHA,20070413,102,102,102,102,0,0
AFFHA,20070416,102,102,102,102,0,0
AFFHA,20070417,102,102,102,102,0,0
AFFHA,20070418,102,102,102,102,0,0
AFFHA,20070419,102,102,102,102,0,0
AFFHA,20070420,102,102,102,102,0,0
AFFHA,20070423,102,102,102,102,0,0
AFFHA,20070424,102,102,102,102,0,0
AFFHA,20070425,102,102,102,102,0,0
AFFHA,20070426,102,102,102,102,0,0
AFFHA,20070427,102,102,102,102,0,0
AFFHA,20070430,102,102,102,102,0,0
AFFHA,20070501,102,102,102,102,0,0
AFFHA,20070502,102,102,102,102,0,0
AFFHA,20070503,102,102,102,102,0,0
AFFHA,20070504,102,102,102,102,0,0
AFFHA,20070507,102,102,102,102,0,0
AFFHA,20070508,102,102,102,102,0,0
AFFHA,20070509,102,102,102,102,0,0
AFFHA,20070510,102,102,102,102,0,0
AFFHA,20070511,102,102,102,102,0,0
AFFHA,20070514,102,102,102,102,0,0
AFFHA,20070515,102,102,102,102,0,0
AFFHA,20070516,102,102,102,102,0,0
AFFHA,20070517,102,102,102,102,0,0
AFFHA,20070518,102,102,102,102,0,0
AFFHA,20070521,102,102,102,102,0,0
AFFHA,20070522,102,102,102,102,0,0
AFFHA,20070523,102,102,102,102,0,0
AFFHA,20070524,102,102,102,102,0,0
AFFHA,20070525,102,102,102,102,0,0
AFFHA,20070528,102,102,102,102,0,0
AFFHA,20070529,102,102,102,102,0,0
AFFHA,20070530,102,102,102,102,0,0
AFFHA,20070531,102,102,102,102,0,0
AFFHA,20070601,102,102,102,102,0,0
AFFHA,20070604,102,102,102,102,0,0
AFFHA,20070605,102,102,102,102,0,0
AFFHA,20070606,102,102,102,102,0,0
AFFHA,20070607,102,102,102,102,0,0
AFFHA,20070608,102,102,102,102,0,0
AFFHA,20070611,102,102,102,102,0,0
AFFHA,20070612,102,102,102,102,0,0
AFFHA,20070613,102,102,102,102,0,0
AFFHA,20070614,102,102,102,102,0,0
AFFHA,20070615,102,102,102,102,0,0
AFFHA,20070618,102,102,102,102,0,0
AFFHA,20070619,102,102,102,102,0,0
AFFHA,20070620,102,102,102,102,0,0
AFFHA,20070621,102,102,102,102,0,0
AFFHA,20070622,102,102,102,102,0,0
AFFHA,20070625,102,102,102,102,0,0
AFFHA,20070626,102,102,102,102,0,0
AFFHA,20070627,102,102,102,102,0,0
AFFHA,20070628,102,102,102,102,0,0
AFFHA,20070629,102,102,102,102,0,0
AFFHA,20070702,102,102,102,102,0,0
AFFHA,20070703,102,102,102,102,0,0
AFFHA,20070704,102,102,102,102,0,0
AFFHA,20070705,102,102,102,102,0,0
AFFHA,20070706,102,102,102,102,0,0
AFFHA,20070709,102,102,102,102,0,0
AFFHA,20070710,102,102,102,102,0,0
AFFHA,20070711,102,102,102,102,0,0
AFFHA,20070712,102,102,102,102,0,0
AFFHA,20070713,102,102,102,102,0,0
AFFHA,20070716,102,102,102,102,0,0
AFFHA,20070717,102,102,102,102,0,0
AFFHA,20070718,102,102,102,102,0,0
AFFHA,20070719,102,102,102,102,0,0
AFFHA,20070720,102,102,102,102,0,0
AFFHA,20070723,102,102,102,102,0,0
AFFHA,20070724,102,102,102,102,0,0
AFFHA,20070725,102,102,102,102,0,0
AFFHA,20070726,102,102,102,102,0,0
AFFHA,20070727,102,102,102,102,0,0
AFFHA,20070730,102,102,102,102,0,0
AFFHA,20070731,102,102,102,102,0,0
AFFHA,20070801,102,102,102,102,0,0
AFFHA,20070802,102,102,102,102,0,0
AFFHA,20070803,102,102,102,102,0,0
AFFHA,20070806,102,102,102,102,0,0
AFFHA,20070807,102,102,102,102,0,0
AFFHA,20070808,102,102,102,102,0,0
AFFHA,20070809,102,102,102,102,0,0
AFFHA,20070810,102,102,102,102,0,0
AFFHA,20070813,102,102,102,102,0,0
AFFHA,20070814,102,102,102,102,0,0
AFFHA,20070815,102,102,102,102,0,0
AFFHA,20070816,102,102,102,102,0,0
AFFHA,20070817,102,102,102,102,0,0
AFFHA,20070820,102,102,102,102,0,0
AFFHA,20070821,102,102,102,102,0,0
AFFHA,20070822,102,102,102,102,0,0
AFFHA,20070823,102,102,102,102,0,0
AFFHA,20070824,102,102,102,102,0,0
AFFHA,20070827,102,102,102,102,0,0
AFFHA,20070828,102,102,102,102,0,0
AFFHA,20070829,102,102,102,102,0,0
AFFHA,20070830,102,102,102,102,0,0
AFFHA,20070831,102,102,102,102,0,0
AFFHA,20070903,102,102,102,102,0,0
AFFHA,20070904,102,102,102,102,0,0
AFFHA,20070905,102,102,102,102,0,0
AFFHA,20070906,102,102,102,102,0,0
AFFHA,20070907,102,102,102,102,0,0
AFFHA,20070910,102,102,102,102,0,0
AFFHA,20070911,102,102,102,102,0,0
AFFHA,20070912,102,102,102,102,0,0
AFFHA,20070913,102,102,102,102,0,0
AFFHA,20070914,102,102,102,102,0,0
AFFHA,20070917,102,102,102,102,0,0
AFFHA,20070918,102,102,102,102,0,0
AFFHA,20070919,102,102,102,102,0,0
AFFHA,20070920,102,102,102,102,0,0
AFFHA,20070921,102,102,102,102,0,0
AFFHA,20070924,102,102,102,102,0,0
AFFHA,20070925,102,102,102,102,0,0
AFFHA,20070926,102,102,102,102,0,0
AFFHA,20070927,102,102,102,102,0,0
AFFHA,20070928,102,102,102,102,0,0
AFFHA,20071001,101.28,101.28,101.28,101.28,51827,0
AFFHA,20071002,101.291,101.291,101.291,101.291,50184,0
AFFHA,20071003,101.29,101.29,101.29,101.29,5,0
