FEI,20160329,18,18,13.5,16.2,1604.32111111111111,0
FEI,20160330,13.5,14.4,13.5,14.4,1232.29222222222222,0
FEI,20160331,13.5,13.5,13.5,13.5,762.152222222222223,0
FEI,20160401,13.5,13.5,13.5,13.5,0,0
FEI,20160404,13.5,13.5,11.7,11.7,756.79,0
FEI,20160405,11.7,11.7,9.9,11.7,1917.09888888888889,0
FEI,20160406,11.7,11.7,10.8,10.8,1569.44444444444444,0
FEI,20160407,14.4,14.4,14.4,14.4,124.444444444444444,0
FEI,20160408,14.4,14.4,14.4,14.4,0,0
FEI,20160411,11.7,11.7,11.7,11.7,208.333333333333333,0
FEI,20160412,11.7,13.5,10.8,10.8,1127.77777777777778,0
FEI,20160413,11.7,11.7,11.7,11.7,200,0
FEI,20160414,11.7,13.5,11.7,13.5,234.722222222222222,0
FEI,20160415,13.5,13.5,13.5,13.5,44.4444444444444443,0
FEI,20160418,13.5,13.5,12.6,13.5,427.777777777777777,0
FEI,20160419,13.5,13.5,13.5,13.5,287.5,0
FEI,20160420,13.5,13.5,13.5,13.5,0,0
FEI,20160421,10.8,10.8,10.8,10.8,1240.25,0
FEI,20160422,10.8,10.8,10.8,10.8,222.222222222222222,0
FEI,20160425,10.8,10.8,10.8,10.8,0,0
FEI,20160426,10.8,10.8,10.8,10.8,111.111111111111111,0
FEI,20160427,10.8,10.8,10.8,10.8,210,0
FEI,20160428,13.5,13.5,11.7,11.7,427.777777777777777,0
FEI,20160429,12.6,12.6,12.6,12.6,27.7777777777777778,0
FEI,20160502,12.6,12.6,12.6,12.6,0,0
FEI,20160503,12.6,12.6,12.6,12.6,0,0
FEI,20160504,11.7,11.7,11.7,11.7,10.5844444444444444,0
FEI,20160505,11.7,11.7,11.7,11.7,3.75,0
FEI,20160506,12.6,12.6,9.9,9.9,615.11,0
FEI,20160509,10.8,10.8,9,9,6455.55555555555557,0
FEI,20160510,9,11.7,9,9.9,1044.44444444444444,0
FEI,20160511,9.9,9.9,9.9,9.9,0,0
FEI,20160512,11.7,11.7,11.7,11.7,400.00111111111111,0
FEI,20160513,11.7,11.7,11.7,11.7,0,0
FEI,20160516,10.8,13.5,9,13.5,808.333333333333333,0
FEI,20160517,12.6,12.6,12.6,12.6,44.4444444444444443,0
FEI,20160518,10.8,10.8,10.8,10.8,222.222222222222222,0
FEI,20160519,10.8,10.8,10.8,10.8,0,0
FEI,20160520,10.8,10.8,10.8,10.8,0,0
FEI,20160523,10.8,10.8,10.8,10.8,0,0
FEI,20160524,9,9.9,9,9,1270.33333333333333,0
FEI,20160525,9,9,9,9,972.222222222222223,0
FEI,20160526,9,9.9,9,9,158.666666666666667,0
FEI,20160527,9,9,9,9,377.777777777777777,0
FEI,20160530,9,9,9,9,546.88888888888889,0
FEI,20160531,9,9,9,9,0,0
FEI,20160601,9,9,9,9,666.666666666666667,0
FEI,20160602,9,9,9,9,0,0
FEI,20160603,7.2,8.1,7.2,8.1,539.777777777777777,0
FEI,20160606,8.1,8.1,8.1,8.1,0,0
FEI,20160607,7.2,7.2,7.2,7.2,2.77777777777777778,0
FEI,20160608,7.2,7.2,7.2,7.2,555.555555555555557,0
FEI,20160609,8.1,11.7,8.1,11.7,2045.29444444444444,0
FEI,20160610,11.7,11.7,9.9,9.9,983.6,0
FEI,20160613,9.9,9.9,9.9,9.9,0,0
FEI,20160614,9.9,9.9,9.9,9.9,0,0
FEI,20160615,9.9,9.9,9,9,777.777777777777777,0
FEI,20160616,9,9,9,9,0,0
FEI,20160617,9,9,9,9,0,0
FEI,20160620,9,9,9,9,0,0
FEI,20160621,8.1,8.1,8.1,8.1,975.802222222222223,0
FEI,20160622,8.1,8.1,8.1,8.1,66.6666666666666667,0
FEI,20160623,7.2,7.2,6.3,6.3,670.416666666666667,0
FEI,20160624,7.2,8.1,7.2,8.1,1611,0
FEI,20160627,8.1,8.1,8.1,8.1,111.111111111111111,0
FEI,20160628,7.2,7.2,7.2,7.2,451.222222222222223,0
FEI,20160629,7.2,7.2,7.2,7.2,871.542222222222223,0
FEI,20160630,7.2,7.2,7.2,7.2,1111.11111111111111,0
FEI,20160701,7.2,7.2,7.2,7.2,0,0
FEI,20160704,7.2,7.2,7.2,7.2,0,0
FEI,20160705,8.1,8.1,8.1,8.1,185.666666666666667,0
FEI,20160706,8.1,8.1,8.1,8.1,62.2222222222222223,0
FEI,20160707,8.1,8.1,8.1,8.1,0,0
FEI,20160708,7.2,8.1,7.2,8.1,445.416666666666667,0
FEI,20160711,7.2,7.2,7.2,7.2,1333.33333333333333,0
FEI,20160712,7.2,8.1,7.2,8.1,2079.73666666666667,0
FEI,20160713,9,9,9,9,555.555555555555557,0
FEI,20160714,9,9,9,9,830.277777777777777,0
FEI,20160715,9.9,10.8,9,10.8,2749.37333333333333,0
FEI,20160718,10.8,10.8,10.8,10.8,0,0
FEI,20160719,10.8,11.7,10.8,11.7,1742.13333333333333,0
FEI,20160720,11.7,11.7,11.7,11.7,380.08888888888889,0
FEI,20160721,10.8,10.8,10.8,10.8,177.123333333333333,0
FEI,20160722,10.8,10.8,9,10.8,1375.87444444444444,0
FEI,20160725,10.8,10.8,10.8,10.8,0,0
FEI,20160726,10.8,10.8,10.8,10.8,244.444444444444444,0
FEI,20160727,10.8,10.8,10.8,10.8,0,0
FEI,20160728,10.8,10.8,10.8,10.8,0,0
FEI,20160729,10.8,10.8,10.8,10.8,92.611111111111111,0
FEI,20160801,9,9,9,9,463.555555555555557,0
FEI,20160802,9,9,9,9,0,0
FEI,20160803,9,9,9,9,405.333333333333333,0
FEI,20160804,9,10.8,9,10.8,2333.33333333333333,0
FEI,20160805,10.8,10.8,10.8,10.8,0,0
FEI,20160808,10.8,10.8,10.8,10.8,1065.77777777777778,0
FEI,20160809,10.8,10.8,10.8,10.8,0,0
FEI,20160810,10.8,10.8,10.8,10.8,0,0
FEI,20160811,10.8,10.8,10.8,10.8,0,0
FEI,20160812,10.8,10.8,10.8,10.8,0,0
FEI,20160815,9,9,9,9,1827.77777777777778,0
FEI,20160816,9,9,9,9,0,0
FEI,20160817,9.9,9.9,9.9,9.9,811.11111111111111,0
FEI,20160818,9.9,9.9,9.9,9.9,1111.80555555555556,0
FEI,20160819,9.9,10.8,9.9,10.8,770.19,0
FEI,20160822,10.8,11.7,10.8,11.7,1689.68111111111111,0
FEI,20160823,11.7,12.6,11.7,12.6,2785.96666666666667,0
FEI,20160824,12.6,14.4,12.6,14.4,4436.88555555555557,0
FEI,20160825,15.3,15.3,13.5,13.5,3021.44555555555556,0
FEI,20160826,13.5,13.5,13.5,13.5,333.333333333333333,0
FEI,20160829,13.5,13.5,13.5,13.5,0,0
FEI,20160830,12.6,13.5,9.9,13.5,2074.55888888888889,0
FEI,20160831,13.5,13.5,13.5,13.5,155.554444444444444,0
FEI,20160901,13.5,13.5,13.5,13.5,0,0
FEI,20160902,13.5,13.5,13.5,13.5,0,0
FEI,20160905,13.5,13.5,13.5,13.5,38.151111111111111,0
FEI,20160906,13.5,13.5,13.5,13.5,0,0
FEI,20160907,11.7,11.7,11.7,11.7,1002.15555555555556,0
FEI,20160908,11.7,11.7,11.7,11.7,0,0
FEI,20160909,10.8,10.8,10.8,10.8,958.266666666666667,0
FEI,20160912,10.8,10.8,9,9,921.76111111111111,0
FEI,20160913,9,9,9,9,0,0
FEI,20160914,9.9,9.9,9,9,666.516666666666667,0
FEI,20160915,9,12.6,9,12.6,2777.62777777777778,0
FEI,20160916,12.6,12.6,12.6,12.6,0,0
FEI,20160919,9.9,9.9,9.9,9.9,1.73666666666666667,0
FEI,20160920,9.9,9.9,9.9,9.9,0,0
FEI,20160921,11.7,11.7,11.7,11.7,55.5555555555555557,0
FEI,20160922,11.7,11.7,11.7,11.7,0,0
FEI,20160923,11.7,11.7,11.7,11.7,0,0
FEI,20160926,9.9,9.9,9.9,9.9,555.555555555555557,0
FEI,20160927,9,9,9,9,0.694444444444444443,0
FEI,20160928,9.9,9.9,9.9,9.9,777.777777777777777,0
FEI,20160929,9.9,9.9,9.9,9.9,0,0
FEI,20160930,9.9,9.9,9.9,9.9,0,0
FEI,20161003,9.9,9.9,9.9,9.9,0,0
FEI,20161004,9.9,9.9,9.9,9.9,0,0
FEI,20161005,9.9,9.9,9.9,9.9,0,0
FEI,20161006,9.9,9.9,9.9,9.9,0,0
FEI,20161007,9.9,9.9,9.9,9.9,0,0
FEI,20161010,9.9,9.9,9.9,9.9,1000,0
FEI,20161011,9,9,9,9,110.416666666666667,0
FEI,20161012,9,9,9,9,777.777777777777777,0
FEI,20161013,9,9,9,9,0,0
FEI,20161014,9,9,9,9,431.80888888888889,0
FEI,20161017,9,9,9,9,0,0
FEI,20161018,9.9,9.9,9.9,9.9,318.888888888888889,0
FEI,20161019,9.9,9.9,9.9,9.9,0,0
FEI,20161020,9.9,9.9,9.9,9.9,14.4444444444444444,0
FEI,20161021,9.9,9.9,9.9,9.9,0,0
FEI,20161024,10.8,10.8,10.8,10.8,56.948888888888889,0
FEI,20161025,10.8,10.8,10.8,10.8,0,0
FEI,20161026,10.8,10.8,10.8,10.8,0,0
FEI,20161027,9,9.9,9,9.9,1265.82444444444444,0
FEI,20161028,9.9,10.8,9.9,10.8,244.444444444444444,0
FEI,20161031,10.8,10.8,10.8,10.8,0,0
FEI,20161101,10.8,10.8,10.8,10.8,0,0
FEI,20161102,9.9,9.9,9.9,9.9,155.406666666666667,0
FEI,20161103,9.9,9.9,9.9,9.9,0,0
FEI,20161104,9.9,9.9,9,9,277.777777777777778,0
FEI,20161107,9,9,9,9,0,0
FEI,20161108,9,9,9,9,0,0
FEI,20161109,9,9,9,9,0,0
FEI,20161110,9,9,9,9,89.7355555555555557,0
FEI,20161111,9,9,9,9,0,0
FEI,20161114,9.9,9.9,9.9,9.9,112.777777777777778,0
FEI,20161115,9.9,9.9,9.9,9.9,0,0
FEI,20161116,9.9,9.9,9.9,9.9,1111.11111111111111,0
FEI,20161117,9.9,9.9,9.9,9.9,753.223333333333333,0
FEI,20161118,9.9,9.9,9.9,9.9,0,0
FEI,20161121,9,9,9,9,498.46111111111111,0
FEI,20161122,9,9,9,9,111.111111111111111,0
FEI,20161123,9,9,9,9,1.38888888888888889,0
FEI,20161124,9,9,9,9,0,0
FEI,20161125,9.9,9.9,9.9,9.9,181.437777777777778,0
FEI,20161128,9.9,9.9,9.9,9.9,0,0
FEI,20161129,9.9,9.9,9.9,9.9,0,0
FEI,20161130,10.8,13.5,10.8,12.6,1817.97222222222222,0
FEI,20161201,12.6,12.6,12.6,12.6,0,0
FEI,20161202,12.6,12.6,12.6,12.6,0,0
FEI,20161205,12.6,12.6,12.6,12.6,0,0
FEI,20161206,10.8,11.7,10.8,11.7,693.683333333333333,0
FEI,20161207,10.8,10.8,10.8,10.8,165.867777777777778,0
FEI,20161208,10.8,10.8,10.8,10.8,0,0
FEI,20161209,10.8,10.8,10.8,10.8,111.91,0
FEI,20161212,10.8,10.8,10.8,10.8,0,0
FEI,20161213,9.9,11.7,9,11.7,1598.33111111111111,0
FEI,20161214,11.7,11.7,11.7,11.7,0,0
FEI,20161215,11.7,11.7,11.7,11.7,0,0
FEI,20161216,11.7,11.7,11.7,11.7,0,0
FEI,20161219,11.7,11.7,11.7,11.7,0,0
FEI,20161220,11.7,11.7,11.7,11.7,0,0
FEI,20161221,11.7,11.7,11.7,11.7,12.1222222222222222,0
FEI,20161222,11.7,11.7,11.7,11.7,0,0
FEI,20161223,11.7,11.7,11.7,11.7,0,0
FEI,20161226,11.7,11.7,11.7,11.7,0,0
FEI,20161227,11.7,11.7,11.7,11.7,0,0
FEI,20161228,11.7,12.6,11.7,11.7,805.555555555555557,0
FEI,20161229,11.7,11.7,11.7,11.7,0,0
FEI,20161230,11.7,11.7,11.7,11.7,0,0
FEI,20170102,11.7,11.7,11.7,11.7,0,0
FEI,20170103,11.7,11.7,11.7,11.7,0,0
FEI,20170104,11.7,13.5,11.7,13.5,777.777777777777777,0
FEI,20170105,13.5,13.5,13.5,13.5,37.2222222222222223,0
FEI,20170106,13.5,13.5,13.5,13.5,0,0
FEI,20170109,13.5,13.5,13.5,13.5,0,0
FEI,20170110,13.5,13.5,13.5,13.5,0,0
FEI,20170111,13.5,13.5,13.5,13.5,0,0
FEI,20170112,13.5,13.5,13.5,13.5,0,0
FEI,20170113,13.5,13.5,13.5,13.5,0,0
FEI,20170116,13.5,13.5,13.5,13.5,0,0
FEI,20170117,9.9,9.9,9.9,9.9,1000,0
FEI,20170118,9.9,9.9,9.9,9.9,0,0
FEI,20170119,9.9,9.9,9.9,9.9,0,0
FEI,20170120,9.9,9.9,9.9,9.9,0,0
FEI,20170123,9.9,9.9,9.9,9.9,0,0
FEI,20170124,9.9,9.9,9.9,9.9,431.516666666666667,0
FEI,20170125,9.9,9.9,9.9,9.9,111.111111111111111,0
FEI,20170126,9.9,9.9,9.9,9.9,0,0
FEI,20170127,9.9,9.9,9.9,9.9,0,0
FEI,20170130,9.9,9.9,9.9,9.9,0,0
FEI,20170131,9.9,9.9,9.9,9.9,277.777777777777778,0
FEI,20170201,9.9,9.9,9.9,9.9,0,0
FEI,20170202,9.9,9.9,9.9,9.9,2777.77777777777778,0
FEI,20170203,9.9,9.9,9.9,9.9,2440.32222222222222,0
FEI,20170206,9.9,9.9,9,9,2176.50555555555556,0
FEI,20170207,9.9,9.9,9.9,9.9,77.7777777777777777,0
FEI,20170208,10.8,10.8,10.8,10.8,355.555555555555557,0
FEI,20170209,10.8,10.8,10.8,10.8,638.88888888888889,0
FEI,20170210,10.8,10.8,10.8,10.8,0,0
FEI,20170213,9.9,9.9,9.9,9.9,192.083333333333333,0
FEI,20170214,9.9,9.9,9.9,9.9,0.833333333333333333,0
FEI,20170215,9.9,9.9,9.9,9.9,2229.30555555555556,0
FEI,20170216,9.9,9.9,9.9,9.9,0,0
FEI,20170217,9.9,9.9,9.9,9.9,0,0
FEI,20170220,9.9,9.9,9.9,9.9,0,0
FEI,20170221,9.9,9.9,9.9,9.9,0,0
FEI,20170222,9.9,9.9,9.9,9.9,0,0
FEI,20170223,9.9,9.9,9.9,9.9,0,0
FEI,20170224,9,9,9,9,380.3,0
FEI,20170227,9,9,9,9,253.033333333333333,0
FEI,20170228,7.2,7.2,7.2,7.2,1753.58888888888889,0
FEI,20170301,9,9,9,9,196.366666666666667,0
FEI,20170302,9,9,9,9,0,0
FEI,20170303,9,9,9,9,0,0
FEI,20170306,9,9,9,9,0,0
FEI,20170307,9,9,9,9,1111.11111111111111,0
FEI,20170308,9.9,9.9,9.9,9.9,1053.68333333333333,0
FEI,20170309,10.8,10.8,9,9,896.85111111111111,0
FEI,20170310,9,9,9,9,47.5933333333333333,0
FEI,20170313,9,9,9,9,0,0
FEI,20170314,9,9,9,9,0,0
FEI,20170315,9,9,9,9,0,0
FEI,20170316,9,9,9,9,0,0
FEI,20170317,8.1,8.1,8.1,8.1,50.4155555555555557,0
FEI,20170320,8.1,8.1,8.1,8.1,0.00111111111111111111,0
FEI,20170321,8.1,8.1,7.2,7.2,222.222222222222222,0
FEI,20170322,7.2,7.2,6.3,6.3,4487.6611111111111,0
FEI,20170323,6.3,6.3,3.6,4.5,3635.22777777777777,0
FEI,20170324,5.4,6.3,5.4,6.3,466.953333333333333,0
FEI,20170327,6.3,7.2,5.4,7.2,7243.19333333333333,0
FEI,20170328,7.2,7.2,7.2,7.2,464.166666666666667,0
FEI,20170329,6.3,6.3,6.3,6.3,166.666666666666667,0
FEI,20170330,6.3,6.3,6.3,6.3,0,0
FEI,20170331,6.3,6.3,6.3,6.3,0,0
FEI,20170403,6.3,6.3,6.3,6.3,0,0
FEI,20170404,6.3,6.3,6.3,6.3,0,0
FEI,20170405,5.4,5.4,5.4,5.4,675.8,0
FEI,20170406,5.4,5.4,5.4,5.4,0,0
FEI,20170407,7.2,7.2,7.2,7.2,166.666666666666667,0
FEI,20170410,6.3,6.3,6.3,6.3,4.97222222222222223,0
FEI,20170411,6.3,6.3,6.3,6.3,0,0
FEI,20170412,6.3,6.3,6.3,6.3,0,0
FEI,20170413,6.3,6.3,6.3,6.3,0,0
FEI,20170414,6.3,6.3,6.3,6.3,0,0
FEI,20170417,6.3,6.3,6.3,6.3,0,0
FEI,20170418,6.3,6.3,6.3,6.3,0,0
FEI,20170419,6.3,6.3,6.3,6.3,0,0
FEI,20170420,6.3,6.3,6.3,6.3,0,0
FEI,20170421,6.3,6.3,6.3,6.3,0,0
FEI,20170424,6.3,6.3,6.3,6.3,0,0
FEI,20170425,6.3,6.3,6.3,6.3,0,0
FEI,20170426,6.3,6.3,6.3,6.3,0,0
FEI,20170427,6.3,6.3,6.3,6.3,0,0
FEI,20170428,6.3,6.3,6.3,6.3,0,0
FEI,20170501,0.24,0.24,0.24,0.24,27500,0
FEI,20170502,0.24,0.24,0.24,0.24,20241.6666666666667,0
FEI,20170503,0.24,0.24,0.24,0.24,0,0
FEI,20170504,0.24,0.24,0.24,0.24,0,0
FEI,20170505,0.21,0.21,0.21,0.21,2011.36666666666667,0
FEI,20170508,0.21,0.21,0.21,0.21,0,0
FEI,20170509,0.21,0.21,0.21,0.21,21703.1333333333333,0
FEI,20170510,0.21,0.21,0.21,0.21,0,0
FEI,20170511,0.18,0.18,0.18,0.18,19344.7,0
FEI,20170512,0.18,0.18,0.18,0.18,50000,0
FEI,20170515,0.18,0.18,0.18,0.18,0,0
FEI,20170516,0.21,0.21,0.21,0.21,44526.1333333333333,0
FEI,20170517,0.21,0.21,0.21,0.21,14166.6666666666667,0
FEI,20170518,0.21,0.21,0.21,0.21,0,0
FEI,20170519,0.15,0.15,0.15,0.15,6716.66666666666667,0
FEI,20170522,0.15,0.15,0.15,0.15,0,0
FEI,20170523,0.15,0.15,0.15,0.15,0,0
FEI,20170524,0.15,0.15,0.15,0.15,0,0
FEI,20170525,0.15,0.15,0.15,0.15,0,0
FEI,20170526,0.21,0.24,0.21,0.24,13013.0666666666667,0
FEI,20170529,0.24,0.24,0.24,0.24,3333.33333333333333,0
FEI,20170530,0.24,0.24,0.24,0.24,0,0
FEI,20170531,0.27,0.3,0.27,0.3,10666.6666666666667,0
FEI,20170601,0.33,0.33,0.33,0.33,533.333333333333333,0
FEI,20170602,0.3,0.3,0.27,0.27,16666.6666666666667,0
FEI,20170605,0.27,0.27,0.27,0.27,3333.33333333333333,0
FEI,20170606,0.27,0.27,0.27,0.27,0,0
FEI,20170607,0.24,0.24,0.24,0.24,42800,0
FEI,20170608,0.24,0.24,0.24,0.24,5000,0
FEI,20170609,0.24,0.24,0.24,0.24,0,0
FEI,20170612,0.24,0.24,0.24,0.24,0,0
FEI,20170613,0.24,0.24,0.24,0.24,0,0
FEI,20170614,0.24,0.24,0.24,0.24,0,0
FEI,20170615,0.26,0.26,0.26,0.26,125,0
FEI,20170616,0.26,0.26,0.26,0.26,0,0
FEI,20170619,0.26,0.26,0.26,0.26,0,0
FEI,20170620,0.29,0.29,0.27,0.27,25625,0
FEI,20170621,0.27,0.27,0.27,0.27,0,0
FEI,20170622,0.27,0.27,0.27,0.27,0,0
FEI,20170623,0.26,0.28,0.26,0.28,5480,0
FEI,20170626,0.2,0.2,0.2,0.2,833,0
FEI,20170627,0.26,0.28,0.26,0.26,29393,0
FEI,20170628,0.26,0.26,0.26,0.26,0,0
FEI,20170629,0.26,0.26,0.26,0.26,0,0
FEI,20170630,0.26,0.26,0.26,0.26,0,0
FEI,20170703,0.26,0.26,0.26,0.26,0,0
FEI,20170704,0.26,0.26,0.26,0.26,0,0
FEI,20170705,0.26,0.26,0.26,0.26,0,0
FEI,20170706,0.26,0.26,0.26,0.26,0,0
FEI,20170707,0.26,0.26,0.26,0.26,0,0
FEI,20170710,0.205,0.205,0.205,0.205,135,0
FEI,20170711,0.205,0.205,0.205,0.205,16,0
FEI,20170712,0.205,0.205,0.205,0.205,0,0
FEI,20170713,0.205,0.235,0.205,0.23,12391,0
FEI,20170714,0.23,0.23,0.23,0.23,0,0
FEI,20170717,0.23,0.23,0.23,0.23,13334,0
FEI,20170718,0.23,0.23,0.23,0.23,0,0
FEI,20170719,0.23,0.23,0.23,0.23,0,0
FEI,20170720,0.23,0.23,0.23,0.23,0,0
FEI,20170721,0.23,0.23,0.23,0.23,0,0
FEI,20170724,0.21,0.21,0.205,0.205,10166,0
FEI,20170725,0.205,0.205,0.205,0.205,3749,0
FEI,20170726,0.205,0.205,0.19,0.19,33333,0
FEI,20170727,0.19,0.19,0.19,0.19,0,0
FEI,20170728,0.19,0.19,0.19,0.19,0,0
FEI,20170731,0.19,0.19,0.19,0.19,0,0
FEI,20170801,0.19,0.19,0.19,0.19,0,0
FEI,20170802,0.21,0.21,0.21,0.21,8,0
FEI,20170803,0.21,0.21,0.21,0.21,0,0
FEI,20170804,0.26,0.26,0.26,0.26,3850,0
FEI,20170807,0.26,0.26,0.26,0.26,350,0
FEI,20170808,0.26,0.26,0.26,0.26,0,0
FEI,20170809,0.26,0.26,0.26,0.26,0,0
FEI,20170810,0.26,0.26,0.26,0.26,0,0
FEI,20170811,0.26,0.26,0.26,0.26,0,0
FEI,20170814,0.26,0.26,0.26,0.26,0,0
FEI,20170815,0.26,0.26,0.26,0.26,0,0
FEI,20170816,0.26,0.26,0.26,0.26,0,0
FEI,20170817,0.26,0.26,0.26,0.26,0,0
FEI,20170818,0.21,0.215,0.21,0.21,11666,0
FEI,20170821,0.21,0.21,0.21,0.21,0,0
FEI,20170822,0.21,0.21,0.21,0.21,0,0
FEI,20170823,0.21,0.21,0.21,0.21,42672,0
FEI,20170824,0.21,0.225,0.21,0.225,8000,0
FEI,20170825,0.225,0.225,0.225,0.225,0,0
FEI,20170828,0.23,0.23,0.23,0.23,34017,0
FEI,20170829,0.23,0.255,0.23,0.255,4189,0
FEI,20170830,0.26,0.26,0.26,0.26,2000,0
FEI,20170831,0.26,0.26,0.26,0.26,0,0
FEI,20170901,0.26,0.26,0.26,0.26,0,0
FEI,20170904,0.26,0.26,0.26,0.26,0,0
FEI,20170905,0.26,0.26,0.26,0.26,0,0
FEI,20170906,0.26,0.26,0.26,0.26,0,0
FEI,20170907,0.26,0.26,0.26,0.26,0,0
FEI,20170908,0.26,0.26,0.26,0.26,0,0
FEI,20170911,0.255,0.255,0.24,0.24,1800,0
FEI,20170912,0.24,0.24,0.24,0.24,0,0
FEI,20170913,0.24,0.24,0.24,0.24,0,0
FEI,20170914,0.24,0.24,0.24,0.24,0,0
FEI,20170915,0.24,0.24,0.24,0.24,0,0
FEI,20170918,0.24,0.24,0.24,0.24,0,0
FEI,20170919,0.255,0.255,0.255,0.255,637,0
FEI,20170920,0.255,0.255,0.255,0.255,0,0
FEI,20170921,0.23,0.23,0.23,0.23,4000,0
FEI,20170922,0.23,0.23,0.23,0.23,0,0
FEI,20170925,0.23,0.23,0.23,0.23,0,0
FEI,20170926,0.23,0.23,0.23,0.23,0,0
FEI,20170927,0.23,0.23,0.23,0.23,0,0
FEI,20170928,0.23,0.23,0.23,0.23,0,0
FEI,20170929,0.2,0.2,0.2,0.2,17903,0
FEI,20171002,0.2,0.2,0.2,0.2,0,0
FEI,20171003,0.22,0.22,0.22,0.22,5000,0
FEI,20171004,0.2,0.2,0.2,0.2,104,0
FEI,20171005,0.215,0.215,0.21,0.21,18412,0
FEI,20171006,0.22,0.22,0.22,0.22,2312,0
FEI,20171009,0.22,0.22,0.22,0.22,0,0
FEI,20171010,0.22,0.22,0.22,0.22,0,0
FEI,20171011,0.19,0.19,0.18,0.18,7289,0
FEI,20171012,0.22,0.22,0.22,0.22,50000,0
FEI,20171013,0.22,0.22,0.22,0.22,0,0
FEI,20171016,0.22,0.22,0.22,0.22,0,0
FEI,20171017,0.22,0.22,0.22,0.22,0,0
FEI,20171018,0.22,0.22,0.22,0.22,0,0
FEI,20171019,0.22,0.22,0.22,0.22,0,0
FEI,20171020,0.22,0.22,0.22,0.22,0,0
FEI,20171023,0.22,0.22,0.22,0.22,0,0
FEI,20171024,0.2,0.2,0.2,0.2,16716,0
FEI,20171025,0.2,0.2,0.2,0.2,0,0
FEI,20171026,0.2,0.2,0.19,0.19,3333,0
FEI,20171027,0.19,0.19,0.19,0.19,0,0
FEI,20171030,0.19,0.19,0.19,0.19,0,0
FEI,20171031,0.19,0.19,0.185,0.185,70538,0
FEI,20171101,0.185,0.185,0.185,0.185,0,0
FEI,20171102,0.185,0.185,0.185,0.185,80847,0
FEI,20171103,0.185,0.185,0.185,0.185,0,0
FEI,20171106,0.185,0.185,0.185,0.185,0,0
FEI,20171107,0.185,0.185,0.185,0.185,0,0
FEI,20171108,0.185,0.185,0.185,0.185,28204,0
FEI,20171109,0.185,0.185,0.185,0.185,0,0
FEI,20171110,0.185,0.185,0.185,0.185,0,0
FEI,20171113,0.185,0.185,0.185,0.185,0,0
FEI,20171114,0.185,0.185,0.185,0.185,0,0
FEI,20171115,0.185,0.185,0.185,0.185,0,0
FEI,20171116,0.185,0.185,0.185,0.185,0,0
FEI,20171117,0.185,0.185,0.185,0.185,0,0
FEI,20171120,0.185,0.185,0.185,0.185,0,0
FEI,20171121,0.185,0.185,0.185,0.185,0,0
FEI,20171122,0.155,0.155,0.155,0.155,1573,0
FEI,20171123,0.135,0.14,0.135,0.14,29999,0
FEI,20171124,0.14,0.14,0.14,0.14,0,0
FEI,20171127,0.14,0.14,0.14,0.14,0,0
FEI,20171128,0.16,0.16,0.16,0.16,5000,0
FEI,20171129,0.16,0.16,0.16,0.16,41919,0
FEI,20171130,0.16,0.16,0.16,0.16,0,0
FEI,20171201,0.16,0.16,0.16,0.16,0,0
FEI,20171204,0.16,0.16,0.16,0.16,0,0
FEI,20171205,0.16,0.16,0.16,0.16,0,0
FEI,20171206,0.16,0.16,0.16,0.16,0,0
FEI,20171207,0.16,0.16,0.16,0.16,35519,0
FEI,20171208,0.155,0.155,0.145,0.145,36791,0
FEI,20171211,0.145,0.145,0.145,0.145,0,0
FEI,20171212,0.145,0.145,0.145,0.145,0,0
FEI,20171213,0.145,0.145,0.145,0.145,0,0
FEI,20171214,0.165,0.165,0.145,0.145,9600,0
FEI,20171215,0.145,0.145,0.145,0.145,9544,0
FEI,20171218,0.145,0.145,0.145,0.145,0,0
FEI,20171219,0.145,0.145,0.145,0.145,0,0
FEI,20171220,0.145,0.145,0.145,0.145,0,0
FEI,20171221,0.145,0.145,0.145,0.145,0,0
FEI,20171222,0.145,0.145,0.145,0.145,0,0
FEI,20171225,0.145,0.145,0.145,0.145,0,0
FEI,20171226,0.145,0.145,0.145,0.145,0,0
FEI,20171227,0.145,0.145,0.145,0.145,0,0
FEI,20171228,0.16,0.16,0.16,0.16,4500,0
FEI,20171229,0.16,0.16,0.16,0.16,0,0
FEI,20180101,0.16,0.16,0.16,0.16,0,0
FEI,20180102,0.175,0.175,0.12,0.12,6368,0
FEI,20180103,0.15,0.15,0.15,0.15,21300,0
FEI,20180104,0.15,0.15,0.15,0.15,0,0
FEI,20180105,0.15,0.15,0.15,0.15,0,0
FEI,20180108,0.185,0.2,0.185,0.2,3554,0
FEI,20180109,0.185,0.185,0.185,0.185,3545,0
FEI,20180110,0.205,0.215,0.205,0.215,24610,0
FEI,20180111,0.2,0.22,0.2,0.22,27865,0
FEI,20180112,0.22,0.22,0.22,0.22,0,0
FEI,20180115,0.22,0.22,0.22,0.22,0,0
FEI,20180116,0.23,0.23,0.23,0.23,1200,0
FEI,20180117,0.23,0.23,0.23,0.23,0,0
FEI,20180118,0.23,0.23,0.23,0.23,0,0
FEI,20180119,0.21,0.21,0.21,0.21,5500,0
FEI,20180122,0.21,0.21,0.21,0.21,0,0
FEI,20180123,0.21,0.21,0.21,0.21,0,0
FEI,20180124,0.21,0.21,0.21,0.21,0,0
FEI,20180125,0.21,0.21,0.21,0.21,0,0
FEI,20180126,0.21,0.21,0.21,0.21,0,0
FEI,20180129,0.21,0.21,0.21,0.21,0,0
FEI,20180130,0.21,0.21,0.21,0.21,0,0
FEI,20180131,0.21,0.21,0.21,0.21,0,0
FEI,20180201,0.21,0.21,0.205,0.205,2378,0
FEI,20180202,0.185,0.185,0.185,0.185,16455,0
FEI,20180205,0.185,0.185,0.185,0.185,0,0
FEI,20180206,0.185,0.185,0.185,0.185,0,0
FEI,20180207,0.185,0.185,0.185,0.185,0,0
FEI,20180208,0.185,0.185,0.185,0.185,0,0
FEI,20180209,0.185,0.185,0.185,0.185,0,0
FEI,20180212,0.185,0.185,0.185,0.185,0,0
FEI,20180213,0.135,0.145,0.135,0.145,4690,0
FEI,20180214,0.135,0.135,0.135,0.135,1000,0
FEI,20180215,0.135,0.135,0.135,0.135,0,0
FEI,20180216,0.135,0.135,0.13,0.13,918,0
FEI,20180219,0.13,0.155,0.13,0.155,14391,0
FEI,20180220,0.155,0.155,0.155,0.155,466,0
FEI,20180221,0.155,0.155,0.155,0.155,5825,0
FEI,20180222,0.155,0.155,0.155,0.155,7150,0
FEI,20180223,0.155,0.17,0.155,0.17,30594,0
FEI,20180226,0.155,0.16,0.155,0.155,60014,0
FEI,20180227,0.155,0.155,0.15,0.15,71637,0
FEI,20180228,0.15,0.15,0.15,0.15,0,0
FEI,20180301,0.15,0.15,0.15,0.15,0,0
FEI,20180302,0.155,0.16,0.155,0.16,2500,0
FEI,20180305,0.13,0.155,0.13,0.155,40494,0
FEI,20180306,0.155,0.155,0.15,0.15,70776,0
FEI,20180307,0.145,0.15,0.145,0.15,35699,0
FEI,20180308,0.15,0.15,0.15,0.15,0,0
FEI,20180309,0.175,0.185,0.145,0.185,28552,0
FEI,20180312,0.185,0.185,0.185,0.185,5000,0
FEI,20180313,0.15,0.15,0.14,0.14,90000,0
FEI,20180314,0.14,0.15,0.14,0.15,112791,0
FEI,20180315,0.14,0.14,0.14,0.14,3266,0
FEI,20180316,0.135,0.135,0.135,0.135,100000,0
FEI,20180319,0.125,0.125,0.12,0.12,225174,0
FEI,20180320,0.125,0.13,0.125,0.125,311179,0
FEI,20180321,0.13,0.13,0.12,0.12,167806,0
FEI,20180322,0.12,0.12,0.12,0.12,0,0
FEI,20180323,0.12,0.12,0.12,0.12,8318,0
FEI,20180326,0.12,0.125,0.12,0.125,44149,0
FEI,20180327,0.125,0.125,0.125,0.125,146280,0
FEI,20180328,0.125,0.125,0.125,0.125,300000,0
FEI,20180329,0.125,0.125,0.125,0.125,0,0
FEI,20180330,0.125,0.125,0.125,0.125,0,0
FEI,20180402,0.125,0.125,0.125,0.125,0,0
FEI,20180403,0.125,0.125,0.125,0.125,0,0
FEI,20180404,0.125,0.125,0.125,0.125,8500,0
FEI,20180405,0.125,0.125,0.125,0.125,0,0
FEI,20180406,0.125,0.125,0.125,0.125,0,0
FEI,20180409,0.125,0.125,0.125,0.125,0,0
FEI,20180410,0.12,0.12,0.12,0.12,6830,0
FEI,20180411,0.125,0.125,0.125,0.125,137931,0
FEI,20180412,0.125,0.125,0.125,0.125,118175,0
FEI,20180413,0.125,0.125,0.125,0.125,0,0
FEI,20180416,0.125,0.125,0.125,0.125,0,0
FEI,20180417,0.125,0.125,0.125,0.125,0,0
FEI,20180418,0.125,0.125,0.125,0.125,0,0
FEI,20180419,0.125,0.125,0.125,0.125,0,0
FEI,20180420,0.125,0.125,0.125,0.125,0,0
FEI,20180423,0.125,0.125,0.125,0.125,0,0
FEI,20180424,0.125,0.125,0.125,0.125,80000,0
FEI,20180425,0.125,0.125,0.125,0.125,0,0
FEI,20180426,0.12,0.12,0.12,0.12,11976,0
FEI,20180427,0.12,0.12,0.12,0.12,0,0
FEI,20180430,0.12,0.12,0.12,0.12,0,0
FEI,20180501,0.125,0.15,0.125,0.15,3650,0
FEI,20180502,0.145,0.145,0.145,0.145,255,0
FEI,20180503,0.145,0.145,0.145,0.145,0,0
FEI,20180504,0.145,0.145,0.145,0.145,0,0
FEI,20180507,0.145,0.145,0.145,0.145,0,0
FEI,20180508,0.125,0.125,0.125,0.125,100000,0
FEI,20180509,0.125,0.125,0.125,0.125,426,0
FEI,20180510,0.125,0.125,0.12,0.12,306574,0
FEI,20180511,0.12,0.12,0.12,0.12,0,0
FEI,20180514,0.12,0.12,0.12,0.12,0,0
FEI,20180515,0.085,0.1,0.085,0.1,170000,0
FEI,20180516,0.1,0.1,0.1,0.1,0,0
FEI,20180517,0.1,0.1,0.1,0.1,0,0
FEI,20180518,0.11,0.125,0.11,0.125,165000,0
FEI,20180521,0.125,0.125,0.125,0.125,20000,0
FEI,20180522,0.125,0.125,0.125,0.125,0,0
FEI,20180523,0.125,0.125,0.125,0.125,0,0
FEI,20180524,0.125,0.125,0.125,0.125,0,0
FEI,20180525,0.093,0.093,0.093,0.093,10000,0
FEI,20180528,0.093,0.093,0.093,0.093,0,0
FEI,20180529,0.1,0.1,0.1,0.1,5791,0
FEI,20180530,0.1,0.1,0.1,0.1,216882,0
FEI,20180531,0.12,0.12,0.12,0.12,1882,0
FEI,20180601,0.12,0.12,0.12,0.12,0,0
FEI,20180604,0.12,0.12,0.12,0.12,0,0
FEI,20180605,0.13,0.13,0.13,0.13,100000,0
FEI,20180606,0.14,0.14,0.13,0.13,176638,0
FEI,20180607,0.13,0.13,0.13,0.13,27289,0
FEI,20180608,0.13,0.13,0.125,0.125,241893,0
FEI,20180611,0.125,0.125,0.125,0.125,0,0
FEI,20180612,0.12,0.12,0.12,0.12,20000,0
FEI,20180613,0.12,0.12,0.12,0.12,0,0
FEI,20180614,0.11,0.11,0.11,0.11,6766,0
FEI,20180615,0.115,0.115,0.115,0.115,1927,0
FEI,20180618,0.11,0.11,0.11,0.11,26289,0
FEI,20180619,0.105,0.105,0.105,0.105,6666,0
FEI,20180620,0.105,0.105,0.105,0.105,0,0
FEI,20180621,0.105,0.105,0.105,0.105,0,0
FEI,20180622,0.105,0.105,0.105,0.105,0,0
FEI,20180625,0.105,0.105,0.105,0.105,0,0
FEI,20180626,0.105,0.105,0.105,0.105,0,0
FEI,20180627,0.11,0.11,0.11,0.11,20,0
FEI,20180628,0.11,0.11,0.11,0.11,162031,0
FEI,20180629,0.11,0.11,0.11,0.11,0,0
FEI,20180702,0.11,0.11,0.11,0.11,0,0
FEI,20180703,0.11,0.11,0.11,0.11,0,0
FEI,20180704,0.11,0.11,0.11,0.11,0,0
FEI,20180705,0.11,0.11,0.11,0.11,0,0
FEI,20180706,0.11,0.11,0.11,0.11,0,0
FEI,20180709,0.12,0.12,0.12,0.12,6000,0
FEI,20180710,0.12,0.12,0.12,0.12,0,0
FEI,20180711,0.115,0.115,0.105,0.115,371446,0
FEI,20180712,0.11,0.11,0.105,0.11,612938,0
FEI,20180713,0.11,0.11,0.11,0.11,8644,0
FEI,20180716,0.145,0.145,0.145,0.145,10000,0
FEI,20180717,0.145,0.145,0.145,0.145,0,0
FEI,20180718,0.145,0.145,0.145,0.145,0,0
FEI,20180719,0.145,0.145,0.145,0.145,0,0
FEI,20180720,0.145,0.145,0.145,0.145,0,0
FEI,20180723,0.145,0.145,0.145,0.145,0,0
FEI,20180724,0.12,0.12,0.1,0.1,342110,0
FEI,20180725,0.105,0.105,0.105,0.105,200000,0
FEI,20180726,0.096,0.096,0.096,0.096,21000,0
FEI,20180727,0.096,0.096,0.096,0.096,0,0
FEI,20180730,0.096,0.096,0.096,0.096,0,0
FEI,20180731,0.105,0.11,0.105,0.11,95365,0
FEI,20180801,0.11,0.11,0.11,0.11,0,0
FEI,20180802,0.11,0.11,0.11,0.11,0,0
FEI,20180803,0.1,0.1,0.1,0.1,30000,0
FEI,20180806,0.1,0.1,0.1,0.1,0,0
FEI,20180807,0.096,0.096,0.095,0.095,103046,0
FEI,20180808,0.09,0.09,0.085,0.085,70885,0
FEI,20180809,0.085,0.085,0.085,0.085,0,0
FEI,20180810,0.085,0.085,0.085,0.085,0,0
FEI,20180813,0.085,0.085,0.085,0.085,0,0
FEI,20180814,0.085,0.085,0.085,0.085,0,0
FEI,20180815,0.085,0.085,0.085,0.085,0,0
FEI,20180816,0.085,0.085,0.085,0.085,0,0
FEI,20180817,0.085,0.085,0.085,0.085,0,0
FEI,20180820,0.085,0.085,0.085,0.085,0,0
FEI,20180821,0.095,0.095,0.095,0.095,40000,0
FEI,20180822,0.095,0.095,0.095,0.095,0,0
FEI,20180823,0.09,0.09,0.085,0.085,140000,0
FEI,20180824,0.085,0.085,0.085,0.085,0,0
FEI,20180827,0.085,0.085,0.085,0.085,0,0
FEI,20180828,0.085,0.085,0.085,0.085,0,0
FEI,20180829,0.085,0.085,0.085,0.085,0,0
FEI,20180830,0.081,0.081,0.081,0.081,20000,0
FEI,20180831,0.081,0.081,0.081,0.081,0,0
FEI,20180903,0.08,0.08,0.075,0.075,370213,0
FEI,20180904,0.075,0.078,0.072,0.077,226856,0
FEI,20180905,0.077,0.077,0.077,0.077,0,0
FEI,20180906,0.079,0.079,0.069,0.069,344542,0
FEI,20180907,0.068,0.071,0.068,0.071,367574,0
FEI,20180910,0.07,0.07,0.07,0.07,42585,0
FEI,20180911,0.07,0.07,0.07,0.07,65253,0
FEI,20180912,0.074,0.074,0.074,0.074,6000,0
FEI,20180913,0.074,0.074,0.074,0.074,0,0
FEI,20180914,0.076,0.076,0.076,0.076,60000,0
FEI,20180917,0.076,0.076,0.076,0.076,0,0
FEI,20180918,0.076,0.076,0.076,0.076,0,0
FEI,20180919,0.076,0.076,0.076,0.076,0,0
FEI,20180920,0.076,0.076,0.076,0.076,0,0
FEI,20180921,0.076,0.076,0.076,0.076,0,0
FEI,20180924,0.076,0.076,0.076,0.076,0,0
FEI,20180925,0.076,0.076,0.076,0.076,0,0
FEI,20180926,0.076,0.076,0.076,0.076,0,0
FEI,20180927,0.076,0.076,0.076,0.076,0,0
FEI,20180928,0.076,0.076,0.076,0.076,0,0
FEI,20181001,0.076,0.076,0.076,0.076,0,0
FEI,20181002,0.076,0.076,0.076,0.076,0,0
FEI,20181003,0.07,0.076,0.07,0.076,113064,0
FEI,20181004,0.07,0.07,0.07,0.07,82393,0
FEI,20181005,0.07,0.07,0.07,0.07,0,0
FEI,20181008,0.07,0.07,0.07,0.07,0,0
FEI,20181009,0.07,0.07,0.07,0.07,0,0
FEI,20181010,0.073,0.073,0.073,0.073,4115,0
FEI,20181011,0.077,0.078,0.077,0.077,212085,0
FEI,20181012,0.071,0.071,0.07,0.07,11764,0
FEI,20181015,0.07,0.07,0.07,0.07,0,0
FEI,20181016,0.07,0.07,0.07,0.07,0,0
FEI,20181017,0.07,0.07,0.07,0.07,0,0
FEI,20181018,0.07,0.07,0.07,0.07,0,0
FEI,20181019,0.07,0.07,0.07,0.07,0,0
FEI,20181022,0.07,0.07,0.07,0.07,0,0
FEI,20181023,0.075,0.075,0.075,0.075,12500,0
FEI,20181024,0.075,0.076,0.075,0.076,13219,0
FEI,20181025,0.076,0.076,0.07,0.07,478000,0
FEI,20181026,0.075,0.08,0.075,0.08,74106,0
FEI,20181029,0.08,0.08,0.08,0.08,0,0
FEI,20181030,0.08,0.08,0.08,0.08,1400,0
FEI,20181031,0.077,0.08,0.077,0.08,18933,0
FEI,20181101,0.077,0.077,0.077,0.077,170000,0
FEI,20181102,0.08,0.08,0.077,0.077,300000,0
FEI,20181105,0.078,0.078,0.078,0.078,1000,0
FEI,20181106,0.078,0.078,0.078,0.078,0,0
FEI,20181107,0.078,0.078,0.078,0.078,0,0
FEI,20181108,0.078,0.078,0.078,0.078,0,0
FEI,20181109,0.088,0.09,0.088,0.09,166514,0
FEI,20181112,0.1,0.125,0.1,0.1,79500,0
FEI,20181113,0.1,0.1,0.1,0.1,1333,0
FEI,20181114,0.135,0.135,0.135,0.135,5500,0
FEI,20181115,0.135,0.135,0.135,0.135,0,0
FEI,20181116,0.135,0.135,0.135,0.135,0,0
FEI,20181119,0.135,0.135,0.135,0.135,0,0
FEI,20181120,0.125,0.125,0.125,0.125,750,0
FEI,20181121,0.105,0.105,0.105,0.105,750,0
FEI,20181122,0.105,0.105,0.105,0.105,20000,0
FEI,20181123,0.105,0.105,0.105,0.105,0,0
FEI,20181126,0.11,0.11,0.11,0.11,5000,0
FEI,20181127,0.11,0.11,0.11,0.11,24000,0
FEI,20181128,0.115,0.115,0.115,0.115,25000,0
FEI,20181129,0.115,0.115,0.115,0.115,0,0
FEI,20181130,0.115,0.115,0.115,0.115,0,0
FEI,20181203,0.115,0.115,0.115,0.115,0,0
FEI,20181204,0.115,0.115,0.115,0.115,0,0
FEI,20181205,0.115,0.115,0.115,0.115,0,0
FEI,20181206,0.115,0.115,0.115,0.115,0,0
FEI,20181207,0.115,0.115,0.115,0.115,0,0
FEI,20181210,0.115,0.115,0.115,0.115,0,0
FEI,20181211,0.105,0.11,0.105,0.105,12029,0
FEI,20181212,0.105,0.105,0.105,0.105,0,0
FEI,20181213,0.092,0.092,0.09,0.09,117747,0
FEI,20181214,0.099,0.099,0.099,0.099,5544,0
FEI,20181217,0.095,0.095,0.095,0.095,4262,0
FEI,20181218,0.09,0.09,0.09,0.09,2954,0
FEI,20181219,0.09,0.09,0.09,0.09,24296,0
FEI,20181220,0.09,0.09,0.09,0.09,2500,0
FEI,20181221,0.095,0.095,0.09,0.09,125690,0
FEI,20181224,0.09,0.09,0.09,0.09,0,0
FEI,20181225,0.09,0.09,0.09,0.09,0,0
FEI,20181226,0.09,0.09,0.09,0.09,0,0
FEI,20181227,0.09,0.09,0.09,0.09,0,0
FEI,20181228,0.099,0.099,0.099,0.099,5933,0
FEI,20181231,0.099,0.099,0.099,0.099,0,0
FEI,20190101,0.099,0.099,0.099,0.099,0,0
FEI,20190102,0.099,0.099,0.099,0.099,0,0
FEI,20190103,0.099,0.099,0.099,0.099,0,0
FEI,20190104,0.099,0.099,0.099,0.099,0,0
FEI,20190107,0.099,0.099,0.099,0.099,0,0
FEI,20190108,0.099,0.099,0.099,0.099,0,0
FEI,20190109,0.099,0.099,0.099,0.099,0,0
FEI,20190110,0.099,0.099,0.099,0.099,0,0
FEI,20190111,0.099,0.099,0.099,0.099,0,0
FEI,20190114,0.099,0.099,0.099,0.099,0,0
FEI,20190115,0.099,0.099,0.099,0.099,0,0
FEI,20190116,0.099,0.099,0.099,0.099,0,0
FEI,20190117,0.099,0.099,0.099,0.099,0,0
FEI,20190118,0.099,0.099,0.099,0.099,0,0
FEI,20190121,0.099,0.099,0.099,0.099,0,0
FEI,20190122,0.096,0.096,0.096,0.096,233,0
FEI,20190123,0.095,0.095,0.095,0.095,104,0
FEI,20190124,0.095,0.095,0.095,0.095,109,0
FEI,20190125,0.095,0.095,0.094,0.094,37092,0
FEI,20190128,0.094,0.094,0.094,0.094,0,0
FEI,20190129,0.094,0.095,0.093,0.095,22360,0
FEI,20190130,0.095,0.095,0.095,0.095,67050,0
FEI,20190131,0.095,0.095,0.095,0.095,0,0
FEI,20190201,0.095,0.095,0.095,0.095,0,0
FEI,20190204,0.095,0.095,0.095,0.095,0,0
FEI,20190205,0.095,0.095,0.095,0.095,0,0
FEI,20190206,0.095,0.095,0.095,0.095,0,0
FEI,20190207,0.095,0.095,0.095,0.095,0,0
FEI,20190208,0.095,0.095,0.095,0.095,0,0
FEI,20190211,0.095,0.095,0.095,0.095,0,0
FEI,20190212,0.095,0.095,0.095,0.095,0,0
FEI,20190213,0.095,0.095,0.095,0.095,10500,0
FEI,20190214,0.095,0.095,0.095,0.095,9358,0
FEI,20190215,0.095,0.095,0.095,0.095,0,0
FEI,20190218,0.095,0.095,0.095,0.095,5273,0
FEI,20190219,0.095,0.095,0.095,0.095,0,0
FEI,20190220,0.095,0.095,0.095,0.095,0,0
FEI,20190221,0.094,0.1,0.094,0.1,1189850,0
FEI,20190222,0.09,0.09,0.09,0.09,6636,0
FEI,20190225,0.09,0.09,0.09,0.09,0,0
FEI,20190226,0.09,0.09,0.09,0.09,0,0
FEI,20190227,0.09,0.09,0.09,0.09,0,0
FEI,20190228,0.09,0.09,0.09,0.09,0,0
FEI,20190301,0.09,0.09,0.09,0.09,0,0
FEI,20190304,0.088,0.088,0.088,0.088,6895,0
FEI,20190305,0.088,0.088,0.088,0.088,0,0
FEI,20190306,0.088,0.088,0.088,0.088,0,0
FEI,20190307,0.088,0.088,0.088,0.088,833,0
FEI,20190308,0.09,0.09,0.09,0.09,500000,0
FEI,20190311,0.09,0.09,0.09,0.09,10000,0
FEI,20190312,0.09,0.09,0.09,0.09,0,0
FEI,20190313,0.09,0.09,0.09,0.09,0,0
FEI,20190314,0.09,0.09,0.09,0.09,0,0
FEI,20190315,0.079,0.09,0.079,0.08,120876,0
FEI,20190318,0.08,0.09,0.08,0.09,156300,0
FEI,20190319,0.09,0.09,0.09,0.09,62058,0
FEI,20190320,0.088,0.088,0.088,0.088,50000,0
FEI,20190321,0.088,0.088,0.088,0.088,0,0
FEI,20190322,0.088,0.088,0.088,0.088,60000,0
FEI,20190325,0.088,0.088,0.088,0.088,0,0
FEI,20190326,0.088,0.088,0.088,0.088,0,0
FEI,20190327,0.086,0.086,0.086,0.086,50000,0
FEI,20190328,0.086,0.086,0.086,0.086,0,0
FEI,20190329,0.087,0.088,0.087,0.088,178300,0
FEI,20190401,0.088,0.088,0.088,0.088,0,0
FEI,20190402,0.088,0.088,0.088,0.088,0,0
FEI,20190403,0.088,0.088,0.088,0.088,0,0
FEI,20190404,0.088,0.088,0.088,0.088,0,0
FEI,20190405,0.088,0.088,0.088,0.088,0,0
FEI,20190408,0.088,0.088,0.088,0.088,0,0
FEI,20190409,0.088,0.088,0.088,0.088,0,0
FEI,20190410,0.088,0.088,0.088,0.088,0,0
FEI,20190411,0.088,0.088,0.088,0.088,0,0
FEI,20190412,0.088,0.088,0.088,0.088,0,0
FEI,20190415,0.088,0.088,0.088,0.088,0,0
FEI,20190416,0.088,0.088,0.088,0.088,0,0
FEI,20190417,0.088,0.088,0.088,0.088,0,0
FEI,20190418,0.088,0.088,0.088,0.088,0,0
FEI,20190419,0.088,0.088,0.088,0.088,0,0
FEI,20190422,0.088,0.088,0.088,0.088,0,0
FEI,20190423,0.088,0.088,0.088,0.088,0,0
FEI,20190424,0.088,0.088,0.088,0.088,0,0
FEI,20190425,0.088,0.088,0.088,0.088,0,0
FEI,20190426,0.088,0.088,0.088,0.088,0,0
FEI,20190429,0.088,0.088,0.088,0.088,0,0
FEI,20190430,0.087,0.087,0.087,0.087,11363,0
FEI,20190501,0.087,0.087,0.087,0.087,0,0
FEI,20190502,0.087,0.087,0.087,0.087,0,0
FEI,20190503,0.087,0.087,0.087,0.087,0,0
FEI,20190506,0.087,0.087,0.087,0.087,0,0
FEI,20190507,0.087,0.087,0.087,0.087,0,0
FEI,20190508,0.087,0.087,0.087,0.087,0,0
FEI,20190509,0.087,0.087,0.087,0.087,0,0
FEI,20190510,0.087,0.087,0.087,0.087,0,0
FEI,20190513,0.087,0.087,0.087,0.087,0,0
FEI,20190514,0.073,0.085,0.072,0.085,42502,0
FEI,20190515,0.085,0.085,0.085,0.085,0,0
FEI,20190516,0.085,0.085,0.085,0.085,0,0
FEI,20190517,0.085,0.085,0.085,0.085,0,0
FEI,20190520,0.085,0.085,0.085,0.085,0,0
FEI,20190521,0.085,0.085,0.085,0.085,0,0
FEI,20190522,0.085,0.085,0.085,0.085,0,0
FEI,20190523,0.085,0.085,0.085,0.085,0,0
FEI,20190524,0.086,0.087,0.085,0.087,70466,0
FEI,20190527,0.08,0.086,0.08,0.086,45279,0
FEI,20190528,0.08,0.087,0.08,0.087,95000,0
FEI,20190529,0.087,0.087,0.087,0.087,0,0
FEI,20190530,0.087,0.087,0.087,0.087,0,0
FEI,20190531,0.08,0.082,0.08,0.082,41791,0
FEI,20190603,0.082,0.082,0.082,0.082,0,0
FEI,20190604,0.082,0.082,0.082,0.082,0,0
FEI,20190605,0.09,0.09,0.09,0.09,76750,0
FEI,20190606,0.086,0.086,0.081,0.086,401000,0
FEI,20190607,0.086,0.086,0.086,0.086,50505,0
FEI,20190610,0.086,0.086,0.086,0.086,0,0
FEI,20190611,0.081,0.081,0.08,0.08,58125,0
FEI,20190612,0.08,0.081,0.08,0.081,108333,0
FEI,20190613,0.083,0.092,0.083,0.092,1058333,0
FEI,20190614,0.097,0.11,0.097,0.1,227652,0
FEI,20190617,0.1,0.1,0.1,0.1,0,0
FEI,20190618,0.1,0.1,0.1,0.1,214013,0
FEI,20190619,0.099,0.1,0.099,0.1,550000,0
FEI,20190620,0.1,0.1,0.1,0.1,0,0
FEI,20190621,0.1,0.1,0.1,0.1,0,0
FEI,20190624,0.1,0.1,0.1,0.1,0,0
FEI,20190625,0.1,0.1,0.1,0.1,0,0
FEI,20190626,0.1,0.1,0.1,0.1,312524,0
FEI,20190627,0.11,0.115,0.097,0.115,374700,0
FEI,20190628,0.105,0.11,0.105,0.11,27287,0
FEI,20190701,0.1,0.11,0.1,0.11,32316,0
FEI,20190702,0.11,0.11,0.11,0.11,12100,0
FEI,20190703,0.1,0.11,0.1,0.11,165708,0
FEI,20190704,0.099,0.099,0.099,0.099,159000,0
FEI,20190705,0.097,0.097,0.091,0.095,261600,0
FEI,20190708,0.095,0.095,0.095,0.095,0,0
FEI,20190709,0.091,0.095,0.091,0.095,105000,0
FEI,20190710,0.095,0.095,0.095,0.095,0,0
FEI,20190711,0.095,0.095,0.095,0.095,0,0
FEI,20190712,0.095,0.095,0.095,0.095,0,0
FEI,20190715,0.095,0.095,0.091,0.091,52371,0
FEI,20190716,0.091,0.091,0.091,0.091,0,0
FEI,20190717,0.091,0.091,0.091,0.091,0,0
FEI,20190718,0.091,0.091,0.091,0.091,0,0
FEI,20190719,0.09,0.09,0.085,0.09,408743,0
FEI,20190722,0.09,0.09,0.09,0.09,0,0
FEI,20190723,0.09,0.09,0.09,0.09,0,0
FEI,20190724,0.09,0.09,0.09,0.09,0,0
FEI,20190725,0.09,0.09,0.09,0.09,0,0
FEI,20190726,0.09,0.09,0.09,0.09,0,0
FEI,20190729,0.09,0.09,0.09,0.09,0,0
FEI,20190730,0.08,0.084,0.08,0.083,174000,0
FEI,20190731,0.09,0.09,0.084,0.084,63896,0
FEI,20190801,0.077,0.081,0.077,0.081,62133,0
FEI,20190802,0.09,0.09,0.09,0.09,6352,0
FEI,20190805,0.079,0.079,0.079,0.079,100000,0
FEI,20190806,0.085,0.085,0.085,0.085,4600,0
FEI,20190807,0.085,0.085,0.085,0.085,0,0
FEI,20190808,0.085,0.085,0.085,0.085,0,0
FEI,20190809,0.085,0.085,0.085,0.085,0,0
FEI,20190812,0.085,0.085,0.085,0.085,0,0
FEI,20190813,0.085,0.085,0.085,0.085,0,0
FEI,20190814,0.085,0.085,0.085,0.085,0,0
FEI,20190815,0.085,0.085,0.085,0.085,0,0
FEI,20190816,0.085,0.085,0.085,0.085,0,0
FEI,20190819,0.075,0.079,0.075,0.079,106500,0
FEI,20190820,0.073,0.073,0.07,0.07,328920,0
FEI,20190821,0.075,0.079,0.07,0.079,7908,0
FEI,20190822,0.079,0.079,0.079,0.079,0,0
FEI,20190823,0.079,0.079,0.079,0.079,0,0
FEI,20190826,0.079,0.079,0.079,0.079,0,0
FEI,20190827,0.079,0.079,0.079,0.079,0,0
FEI,20190828,0.079,0.079,0.079,0.079,0,0
FEI,20190829,0.079,0.079,0.079,0.079,0,0
FEI,20190830,0.079,0.079,0.079,0.079,0,0
FEI,20190902,0.079,0.079,0.079,0.079,0,0
FEI,20190903,0.079,0.079,0.079,0.079,0,0
FEI,20190904,0.079,0.079,0.079,0.079,0,0
FEI,20190905,0.072,0.072,0.071,0.071,15000,0
FEI,20190906,0.071,0.071,0.071,0.071,0,0
FEI,20190909,0.066,0.07,0.065,0.07,272547,0
FEI,20190910,0.07,0.07,0.07,0.07,0,0
FEI,20190911,0.07,0.07,0.07,0.07,0,0
FEI,20190912,0.07,0.07,0.07,0.07,0,0
FEI,20190913,0.07,0.07,0.07,0.07,0,0
FEI,20190916,0.07,0.07,0.07,0.07,0,0
FEI,20190917,0.07,0.07,0.07,0.07,0,0
FEI,20190918,0.066,0.066,0.057,0.065,184663,0
FEI,20190919,0.065,0.065,0.065,0.065,0,0
FEI,20190920,0.065,0.065,0.065,0.065,0,0
FEI,20190923,0.065,0.065,0.065,0.065,0,0
FEI,20190924,0.065,0.065,0.065,0.065,3333,0
FEI,20190925,0.065,0.065,0.065,0.065,0,0
FEI,20190926,0.065,0.065,0.065,0.065,0,0
FEI,20190927,0.065,0.065,0.065,0.065,0,0
FEI,20190930,0.065,0.065,0.065,0.065,0,0
FEI,20191001,0.065,0.065,0.065,0.065,0,0
FEI,20191002,0.065,0.065,0.065,0.065,0,0
FEI,20191003,0.068,0.069,0.068,0.069,330480,0
FEI,20191004,0.059,0.069,0.059,0.069,73905,0
FEI,20191007,0.069,0.069,0.069,0.069,0,0
FEI,20191008,0.069,0.069,0.069,0.069,0,0
FEI,20191009,0.069,0.069,0.069,0.069,0,0
FEI,20191010,0.069,0.069,0.069,0.069,8857,0
FEI,20191011,0.069,0.069,0.069,0.069,0,0
FEI,20191014,0.069,0.069,0.069,0.069,0,0
FEI,20191015,0.069,0.069,0.069,0.069,0,0
FEI,20191016,0.061,0.061,0.061,0.061,6666,0
FEI,20191017,0.068,0.068,0.061,0.061,13333,0
FEI,20191018,0.061,0.061,0.061,0.061,0,0
FEI,20191021,0.061,0.061,0.061,0.061,0,0
FEI,20191022,0.061,0.061,0.061,0.061,0,0
FEI,20191023,0.061,0.061,0.061,0.061,0,0
FEI,20191024,0.061,0.061,0.061,0.061,0,0
FEI,20191025,0.061,0.061,0.061,0.061,0,0
FEI,20191028,0.061,0.061,0.061,0.061,0,0
FEI,20191029,0.061,0.061,0.061,0.061,0,0
FEI,20191030,0.061,0.061,0.061,0.061,0,0
FEI,20191031,0.063,0.065,0.063,0.065,54326,0
FEI,20191101,0.065,0.065,0.065,0.065,0,0
FEI,20191104,0.065,0.065,0.065,0.065,0,0
FEI,20191105,0.068,0.069,0.068,0.069,60679,0
FEI,20191106,0.069,0.069,0.069,0.069,0,0
FEI,20191107,0.069,0.069,0.069,0.069,0,0
FEI,20191108,0.069,0.069,0.069,0.069,0,0
FEI,20191111,0.069,0.069,0.069,0.069,10000,0
FEI,20191112,0.069,0.069,0.069,0.069,0,0
FEI,20191113,0.069,0.069,0.069,0.069,0,0
FEI,20191114,0.069,0.069,0.069,0.069,25000,0
FEI,20191115,0.069,0.069,0.069,0.069,0,0
FEI,20191118,0.061,0.061,0.061,0.061,6697,0
FEI,20191119,0.061,0.061,0.06,0.06,31802,0
FEI,20191120,0.06,0.06,0.06,0.06,2267,0
FEI,20191121,0.06,0.06,0.06,0.06,0,0
FEI,20191122,0.06,0.06,0.06,0.06,0,0
FEI,20191125,0.06,0.06,0.06,0.06,0,0
FEI,20191126,0.06,0.06,0.06,0.06,0,0
FEI,20191127,0.06,0.06,0.06,0.06,0,0
FEI,20191128,0.06,0.06,0.06,0.06,0,0
FEI,20191129,0.06,0.061,0.057,0.06,241086,0
