NAC,20141112,0.99,0.99,0.98,0.98,48000,0
NAC,20141113,0.98,0.98,0.965,0.965,67800,0
NAC,20141114,0.965,0.965,0.965,0.965,155400,0
NAC,20141117,0.96,0.96,0.96,0.96,46850,0
NAC,20141118,0.97,0.975,0.955,0.955,12000,0
NAC,20141119,0.96,0.96,0.96,0.96,506950,0
NAC,20141120,0.96,0.97,0.96,0.97,48900,0
NAC,20141121,0.975,0.99,0.975,0.99,20000,0
NAC,20141124,0.99,0.99,0.99,0.99,0,0
NAC,20141125,0.97,0.97,0.97,0.97,17151,0
NAC,20141126,0.97,0.97,0.97,0.97,0,0
NAC,20141127,0.97,0.97,0.97,0.97,30000,0
NAC,20141128,0.97,0.97,0.97,0.97,0,0
NAC,20141201,0.97,0.97,0.965,0.97,90449,0
NAC,20141202,0.97,0.97,0.97,0.97,801,0
NAC,20141203,0.97,0.98,0.97,0.98,95000,0
NAC,20141204,0.985,0.99,0.98,0.98,78201,0
NAC,20141205,0.99,0.99,0.98,0.99,84548,0
NAC,20141208,0.99,0.99,0.99,0.99,0,0
NAC,20141209,0.99,0.99,0.99,0.99,0,0
NAC,20141210,0.97,0.97,0.97,0.97,20000,0
NAC,20141211,0.97,0.98,0.97,0.98,165350,0
NAC,20141212,0.99,0.99,0.99,0.99,50500,0
NAC,20141215,0.985,0.995,0.98,0.99,142800,0
NAC,20141216,0.99,0.99,0.99,0.99,0,0
NAC,20141217,0.98,0.98,0.98,0.98,20790,0
NAC,20141218,0.98,0.98,0.98,0.98,0,0
NAC,20141219,0.98,0.995,0.98,0.995,161509,0
NAC,20141222,0.995,0.995,0.995,0.995,1851,0
NAC,20141223,0.995,0.995,0.99,0.995,134950,0
NAC,20141224,0.995,0.995,0.995,0.995,0,0
NAC,20141225,0.995,0.995,0.995,0.995,0,0
NAC,20141226,0.995,0.995,0.995,0.995,0,0
NAC,20141229,0.99,0.99,0.99,0.99,6740,0
NAC,20141230,0.99,0.99,0.99,0.99,0,0
NAC,20141231,0.99,0.99,0.99,0.99,0,0
NAC,20150101,0.99,0.99,0.99,0.99,0,0
NAC,20150102,0.99,0.99,0.99,0.99,50000,0
NAC,20150105,0.99,0.99,0.99,0.99,0,0
NAC,20150106,0.99,0.99,0.99,0.99,0,0
NAC,20150107,0.99,0.99,0.99,0.99,4459,0
NAC,20150108,0.99,0.99,0.99,0.99,91223,0
NAC,20150109,0.99,0.99,0.99,0.99,8777,0
NAC,20150112,0.99,0.99,0.99,0.99,56323,0
NAC,20150113,0.99,0.99,0.99,0.99,80800,0
NAC,20150114,0.99,0.99,0.99,0.99,50500,0
NAC,20150115,0.99,0.99,0.99,0.99,51377,0
NAC,20150116,0.99,0.99,0.99,0.99,51273,0
NAC,20150119,0.99,0.99,0.99,0.99,20000,0
NAC,20150120,0.99,0.99,0.99,0.99,0,0
NAC,20150121,0.99,0.99,0.99,0.99,28727,0
NAC,20150122,0.99,0.99,0.99,0.99,70000,0
NAC,20150123,0.99,0.99,0.99,0.99,46273,0
NAC,20150126,0.99,0.99,0.99,0.99,0,0
NAC,20150127,0.99,0.99,0.99,0.99,0,0
NAC,20150128,0.99,0.99,0.99,0.99,0,0
NAC,20150129,0.99,0.99,0.99,0.99,40000,0
NAC,20150130,0.99,0.99,0.99,0.99,35000,0
NAC,20150202,0.99,0.99,0.99,0.99,0,0
NAC,20150203,0.99,0.99,0.99,0.99,0,0
NAC,20150204,0.99,0.99,0.99,0.99,55000,0
NAC,20150205,0.99,0.99,0.99,0.99,0,0
NAC,20150206,0.99,0.99,0.99,0.99,0,0
NAC,20150209,0.99,0.99,0.99,0.99,25727,0
NAC,20150210,0.99,1,0.99,1,2510,0
NAC,20150211,1,1,1,1,0,0
NAC,20150212,1,1,1,1,0,0
NAC,20150213,1,1,1,1,0,0
NAC,20150216,0.99,0.99,0.99,0.99,42273,0
NAC,20150217,0.99,0.99,0.99,0.99,20000,0
NAC,20150218,0.99,0.99,0.99,0.99,0,0
NAC,20150219,0.99,0.99,0.99,0.99,0,0
NAC,20150220,0.99,0.99,0.99,0.99,0,0
NAC,20150223,0.99,0.99,0.99,0.99,200000,0
NAC,20150224,0.99,0.99,0.99,0.99,0,0
NAC,20150225,0.99,0.99,0.99,0.99,0,0
NAC,20150226,0.99,0.99,0.99,0.99,0,0
NAC,20150227,0.99,0.99,0.99,0.99,0,0
NAC,20150302,0.99,0.99,0.99,0.99,0,0
NAC,20150303,0.99,0.99,0.99,0.99,0,0
NAC,20150304,0.99,0.99,0.99,0.99,0,0
NAC,20150305,0.99,0.99,0.94,0.98,69706,0
NAC,20150306,0.98,0.98,0.98,0.98,5000,0
NAC,20150309,0.98,0.98,0.98,0.98,5000,0
NAC,20150310,0.99,0.99,0.99,0.99,35901,0
NAC,20150311,0.99,0.99,0.98,0.99,69393,0
NAC,20150312,0.99,0.99,0.99,0.99,0,0
NAC,20150313,0.99,0.99,0.99,0.99,0,0
NAC,20150316,0.99,0.99,0.99,0.99,0,0
NAC,20150317,0.99,0.99,0.99,0.99,0,0
NAC,20150318,0.99,0.99,0.99,0.99,25000,0
NAC,20150319,0.99,0.99,0.99,0.99,0,0
NAC,20150320,0.99,0.99,0.99,0.99,0,0
NAC,20150323,0.99,0.99,0.99,0.99,0,0
NAC,20150324,0.99,0.99,0.99,0.99,40000,0
NAC,20150325,0.99,0.99,0.99,0.99,0,0
NAC,20150326,0.99,0.99,0.99,0.99,0,0
NAC,20150327,0.99,0.99,0.99,0.99,0,0
NAC,20150330,0.99,0.99,0.99,0.99,0,0
NAC,20150331,0.99,0.99,0.99,0.99,0,0
NAC,20150401,0.99,0.99,0.99,0.99,0,0
NAC,20150402,0.99,0.99,0.99,0.99,0,0
NAC,20150403,0.99,0.99,0.99,0.99,0,0
NAC,20150406,0.99,0.99,0.99,0.99,0,0
NAC,20150407,0.99,0.99,0.99,0.99,0,0
NAC,20150408,0.99,0.99,0.99,0.99,0,0
NAC,20150409,0.99,0.99,0.99,0.99,0,0
NAC,20150410,0.99,0.99,0.99,0.99,0,0
NAC,20150413,0.98,0.98,0.98,0.98,15000,0
NAC,20150414,0.985,0.99,0.985,0.99,35000,0
NAC,20150415,0.99,0.99,0.99,0.99,0,0
NAC,20150416,0.99,0.99,0.99,0.99,0,0
NAC,20150417,0.98,0.98,0.98,0.98,110000,0
NAC,20150420,0.98,0.98,0.98,0.98,0,0
NAC,20150421,0.98,0.98,0.98,0.98,0,0
NAC,20150422,0.98,0.98,0.98,0.98,0,0
NAC,20150423,0.98,0.98,0.98,0.98,0,0
NAC,20150424,0.98,0.98,0.98,0.98,0,0
NAC,20150427,0.98,0.98,0.98,0.98,0,0
NAC,20150428,0.98,0.98,0.98,0.98,0,0
NAC,20150429,0.98,0.98,0.98,0.98,0,0
NAC,20150430,0.98,0.98,0.98,0.98,0,0
NAC,20150501,0.98,0.98,0.98,0.98,0,0
NAC,20150504,0.975,0.975,0.975,0.975,1000,0
NAC,20150505,0.96,0.96,0.96,0.96,10000,0
NAC,20150506,0.96,0.96,0.96,0.96,10000,0
NAC,20150507,0.955,0.955,0.955,0.955,5000,0
NAC,20150508,0.955,0.97,0.955,0.955,104000,0
NAC,20150511,0.955,0.96,0.955,0.96,60000,0
NAC,20150512,0.955,0.955,0.955,0.955,112520,0
NAC,20150513,0.955,0.955,0.95,0.95,94480,0
NAC,20150514,0.95,0.95,0.95,0.95,0,0
NAC,20150515,0.94,0.94,0.925,0.925,50000,0
NAC,20150518,0.925,0.925,0.925,0.925,50000,0
NAC,20150519,0.925,0.925,0.925,0.925,0,0
NAC,20150520,0.925,0.925,0.925,0.925,0,0
NAC,20150521,0.925,0.925,0.925,0.925,0,0
NAC,20150522,0.935,0.94,0.93,0.94,75000,0
NAC,20150525,0.94,0.94,0.92,0.92,208000,0
NAC,20150526,0.94,0.95,0.94,0.95,101920,0
NAC,20150527,0.94,0.945,0.94,0.945,46250,0
NAC,20150528,0.95,0.95,0.95,0.95,12000,0
NAC,20150529,0.95,0.95,0.95,0.95,0,0
NAC,20150601,0.95,0.95,0.95,0.95,0,0
NAC,20150602,0.95,0.95,0.945,0.945,55000,0
NAC,20150603,0.945,0.945,0.945,0.945,6750,0
NAC,20150604,0.93,0.93,0.93,0.93,105000,0
NAC,20150605,0.93,0.93,0.925,0.925,95000,0
NAC,20150608,0.925,0.925,0.925,0.925,0,0
NAC,20150609,0.925,0.925,0.925,0.925,0,0
NAC,20150610,0.925,0.945,0.915,0.93,108500,0
NAC,20150611,0.915,0.94,0.915,0.92,161000,0
NAC,20150612,0.94,0.945,0.92,0.92,94140,0
NAC,20150615,0.92,0.92,0.92,0.92,0,0
NAC,20150616,0.92,0.92,0.92,0.92,0,0
NAC,20150617,0.925,0.925,0.915,0.915,50000,0
NAC,20150618,0.915,0.915,0.91,0.915,91140,0
NAC,20150619,0.915,0.915,0.915,0.915,30000,0
NAC,20150622,0.915,0.915,0.915,0.915,52000,0
NAC,20150623,0.915,0.915,0.915,0.915,0,0
NAC,20150624,0.915,0.915,0.91,0.91,55000,0
NAC,20150625,0.91,0.94,0.9,0.94,131600,0
NAC,20150626,0.915,0.915,0.915,0.915,7000,0
NAC,20150629,0.915,0.915,0.91,0.91,75000,0
NAC,20150630,0.91,0.91,0.91,0.91,50000,0
NAC,20150701,0.915,0.915,0.915,0.915,34650,0
NAC,20150702,0.915,0.915,0.915,0.915,0,0
NAC,20150703,0.915,0.915,0.915,0.915,0,0
NAC,20150706,0.915,0.915,0.915,0.915,0,0
NAC,20150707,0.93,0.93,0.93,0.93,25000,0
NAC,20150708,0.93,0.93,0.93,0.93,20000,0
NAC,20150709,0.93,0.93,0.93,0.93,0,0
NAC,20150710,0.93,0.93,0.93,0.93,0,0
NAC,20150713,0.91,0.91,0.91,0.91,48640,0
NAC,20150714,0.94,0.94,0.94,0.94,4710,0
NAC,20150715,0.94,0.94,0.94,0.94,0,0
NAC,20150716,0.915,0.915,0.9,0.9,59800,0
NAC,20150717,0.915,0.925,0.91,0.92,230000,0
NAC,20150720,0.92,0.925,0.92,0.925,4000,0
NAC,20150721,0.94,0.94,0.94,0.94,44040,0
NAC,20150722,0.94,0.94,0.94,0.94,0,0
NAC,20150723,0.91,0.91,0.9,0.9,115800,0
NAC,20150724,0.9,0.9,0.9,0.9,0,0
NAC,20150727,0.9,0.9,0.9,0.9,0,0
NAC,20150728,0.91,0.91,0.91,0.91,70000,0
NAC,20150729,0.91,0.91,0.905,0.905,45840,0
NAC,20150730,0.905,0.905,0.905,0.905,0,0
NAC,20150731,0.92,0.92,0.92,0.92,10000,0
NAC,20150803,0.91,0.91,0.91,0.91,21888,0
NAC,20150804,0.91,0.91,0.905,0.905,60000,0
NAC,20150805,0.92,0.92,0.905,0.905,51160,0
NAC,20150806,0.905,0.905,0.905,0.905,0,0
NAC,20150807,0.905,0.905,0.905,0.905,65000,0
NAC,20150810,0.905,0.91,0.905,0.91,9223,0
NAC,20150811,0.89,0.89,0.89,0.89,2000,0
NAC,20150812,0.9,0.9,0.895,0.9,148000,0
NAC,20150813,0.88,0.89,0.88,0.88,126031,0
NAC,20150814,0.88,0.88,0.88,0.88,20000,0
NAC,20150817,0.88,0.88,0.88,0.88,0,0
NAC,20150818,0.88,0.88,0.88,0.88,0,0
NAC,20150819,0.88,0.88,0.88,0.88,0,0
NAC,20150820,0.88,0.885,0.88,0.885,9000,0
NAC,20150821,0.88,0.88,0.88,0.88,13000,0
NAC,20150824,0.865,0.865,0.86,0.86,60000,0
NAC,20150825,0.86,0.86,0.86,0.86,22000,0
NAC,20150826,0.84,0.84,0.84,0.84,100000,0
NAC,20150827,0.88,0.88,0.855,0.855,82000,0
NAC,20150828,0.86,0.86,0.86,0.86,254000,0
NAC,20150831,0.86,0.86,0.86,0.86,0,0
NAC,20150901,0.865,0.865,0.865,0.865,25000,0
NAC,20150902,0.865,0.865,0.865,0.865,15000,0
NAC,20150903,0.87,0.87,0.87,0.87,28000,0
NAC,20150904,0.87,0.87,0.87,0.87,0,0
NAC,20150907,0.865,0.865,0.86,0.86,30000,0
NAC,20150908,0.86,0.86,0.86,0.86,0,0
NAC,20150909,0.86,0.86,0.86,0.86,50000,0
NAC,20150910,0.86,0.86,0.86,0.86,0,0
NAC,20150911,0.865,0.865,0.865,0.865,11000,0
NAC,20150914,0.875,0.885,0.875,0.885,100000,0
NAC,20150915,0.885,0.89,0.885,0.89,40500,0
NAC,20150916,0.885,0.9,0.885,0.9,262340,0
NAC,20150917,0.9,0.9,0.885,0.885,60000,0
NAC,20150918,0.885,0.885,0.885,0.885,0,0
NAC,20150921,0.87,0.87,0.87,0.87,15000,0
NAC,20150922,0.875,0.875,0.855,0.855,60000,0
NAC,20150923,0.855,0.93,0.855,0.93,812000,0
NAC,20150924,0.94,0.95,0.94,0.95,125000,0
NAC,20150925,0.94,0.95,0.94,0.95,200800,0
NAC,20150928,0.95,0.95,0.95,0.95,2000,0
NAC,20150929,0.95,0.95,0.95,0.95,39990,0
NAC,20150930,0.95,0.95,0.95,0.95,1500,0
NAC,20151001,0.95,0.97,0.94,0.955,458400,0
NAC,20151002,0.96,0.96,0.955,0.96,543610,0
NAC,20151005,0.96,0.96,0.96,0.96,0,0
NAC,20151006,0.96,0.96,0.96,0.96,0,0
NAC,20151007,0.96,0.96,0.96,0.96,0,0
NAC,20151008,0.96,0.96,0.96,0.96,0,0
NAC,20151009,0.965,0.97,0.965,0.97,40000,0
NAC,20151012,0.97,0.97,0.97,0.97,60000,0
NAC,20151013,0.97,0.97,0.97,0.97,54000,0
NAC,20151014,0.975,0.975,0.97,0.97,14000,0
NAC,20151015,0.975,0.975,0.975,0.975,25000,0
NAC,20151016,0.975,1,0.975,1,91000,0
NAC,20151019,1,1,1,1,4000,0
NAC,20151020,1,1,1,1,0,0
NAC,20151021,0.98,0.98,0.97,0.97,40000,0
NAC,20151022,0.97,0.98,0.97,0.98,61000,0
NAC,20151023,0.97,0.97,0.97,0.97,25000,0
NAC,20151026,0.97,0.97,0.97,0.97,25000,0
NAC,20151027,0.97,0.97,0.965,0.965,6000,0
NAC,20151028,0.97,0.98,0.97,0.98,71510,0
NAC,20151029,0.98,0.98,0.98,0.98,0,0
NAC,20151030,0.98,0.98,0.98,0.98,0,0
NAC,20151102,0.99,0.995,0.99,0.995,202000,0
NAC,20151103,0.99,0.99,0.99,0.99,21000,0
NAC,20151104,1,1,1,1,20212,0
NAC,20151105,0.98,0.98,0.98,0.98,25000,0
NAC,20151106,0.99,0.99,0.98,0.99,30495,0
NAC,20151109,0.99,0.99,0.99,0.99,282000,0
NAC,20151110,0.99,1.01,0.99,1.01,119000,0
NAC,20151111,1.01,1.02,1.01,1.015,157000,0
NAC,20151112,1.015,1.015,1.01,1.01,226500,0
NAC,20151113,1.01,1.015,1.005,1.005,136503,0
NAC,20151116,0.995,0.995,0.995,0.995,15000,0
NAC,20151117,0.995,0.995,0.995,0.995,946,0
NAC,20151118,1,1,1,1,3062,0
NAC,20151119,1,1,1,1,0,0
NAC,20151120,1,1,1,1,2000,0
NAC,20151123,1,1,1,1,50000,0
NAC,20151124,1,1,1,1,25000,0
NAC,20151125,1,1,1,1,16000,0
NAC,20151126,1.005,1.005,1.005,1.005,60000,0
NAC,20151127,0.995,0.995,0.985,0.985,150000,0
NAC,20151130,0.985,0.985,0.985,0.985,0,0
NAC,20151201,0.985,0.985,0.985,0.985,0,0
NAC,20151202,0.985,0.985,0.985,0.985,0,0
NAC,20151203,0.985,0.985,0.985,0.985,0,0
NAC,20151204,0.985,0.985,0.985,0.985,0,0
NAC,20151207,1,1,1,1,25000,0
NAC,20151208,1,1,1,1,0,0
NAC,20151209,1,1,1,1,0,0
NAC,20151210,1,1.005,1,1.005,110000,0
NAC,20151211,1.005,1.005,1.005,1.005,60000,0
NAC,20151214,1.005,1.005,1.005,1.005,0,0
NAC,20151215,1.005,1.005,1.005,1.005,0,0
NAC,20151216,1.005,1.005,1.005,1.005,50000,0
NAC,20151217,1.005,1.005,1.005,1.005,0,0
NAC,20151218,1.005,1.005,1.005,1.005,0,0
NAC,20151221,1.005,1.005,0.99,0.99,45000,0
NAC,20151222,0.99,0.99,0.99,0.99,0,0
NAC,20151223,0.995,0.995,0.995,0.995,16000,0
NAC,20151224,0.99,0.99,0.985,0.985,58500,0
NAC,20151225,0.985,0.985,0.985,0.985,0,0
NAC,20151228,0.985,0.985,0.985,0.985,0,0
NAC,20151229,0.995,0.995,0.995,0.995,2000,0
NAC,20151230,1.005,1.005,1.005,1.005,2000,0
NAC,20151231,1.005,1.005,1.005,1.005,0,0
NAC,20160101,1.005,1.005,1.005,1.005,0,0
NAC,20160104,1.005,1.005,1.005,1.005,0,0
NAC,20160105,0.995,0.995,0.99,0.99,11240,0
NAC,20160106,1,1,1,1,150000,0
NAC,20160107,1,1,1,1,0,0
NAC,20160108,1,1,1,1,31000,0
NAC,20160111,1,1,0.975,0.975,2000,0
NAC,20160112,1,1.01,1,1.01,75000,0
NAC,20160113,1.01,1.01,1.01,1.01,0,0
NAC,20160114,1,1,1,1,5000,0
NAC,20160115,1,1,1,1,5000,0
NAC,20160118,1,1,1,1,5000,0
NAC,20160119,1,1,1,1,100000,0
NAC,20160120,1,1,1,1,0,0
NAC,20160121,1,1,1,1,0,0
NAC,20160122,1,1,1,1,20000,0
NAC,20160125,1,1,1,1,0,0
NAC,20160126,1,1,1,1,0,0
NAC,20160127,1,1,1,1,0,0
NAC,20160128,1,1,1,1,0,0
NAC,20160129,1,1,1,1,25250,0
NAC,20160201,1,1.02,1,1.02,24000,0
NAC,20160202,1.01,1.01,1.01,1.01,4950,0
NAC,20160203,1.01,1.01,1.01,1.01,0,0
NAC,20160204,1,1,1,1,15050,0
NAC,20160205,1,1,1,1,18050,0
NAC,20160208,1,1,1,1,0,0
NAC,20160209,1,1,1,1,0,0
NAC,20160210,0.98,0.98,0.98,0.98,2000,0
NAC,20160211,0.98,0.98,0.98,0.98,500,0
NAC,20160212,0.955,0.98,0.95,0.98,451850,0
NAC,20160215,0.98,0.98,0.98,0.98,0,0
NAC,20160216,0.98,0.98,0.98,0.98,0,0
NAC,20160217,0.98,0.98,0.98,0.98,0,0
NAC,20160218,1,1.005,1,1,20460,0
NAC,20160219,0.995,0.995,0.99,0.99,2100,0
NAC,20160222,0.99,0.99,0.985,0.985,7800,0
NAC,20160223,0.985,0.985,0.965,0.985,39900,0
NAC,20160224,0.985,0.985,0.985,0.985,0,0
NAC,20160225,0.985,0.985,0.985,0.985,0,0
NAC,20160226,0.97,0.97,0.96,0.97,27750,0
NAC,20160229,0.965,0.965,0.965,0.965,10000,0
NAC,20160301,0.965,0.965,0.965,0.965,0,0
NAC,20160302,0.97,0.97,0.97,0.97,2250,0
NAC,20160303,0.98,1,0.98,1,21440,0
NAC,20160304,1,1,1,1,0,0
NAC,20160307,1,1,1,1,0,0
NAC,20160308,0.97,0.97,0.97,0.97,2000,0
NAC,20160309,0.97,0.97,0.97,0.97,0,0
NAC,20160310,0.985,0.985,0.98,0.98,7020,0
NAC,20160311,0.975,0.98,0.975,0.98,6596,0
NAC,20160314,0.98,0.98,0.98,0.98,20000,0
NAC,20160315,0.98,0.99,0.98,0.99,47700,0
NAC,20160316,0.985,0.99,0.985,0.99,8700,0
NAC,20160317,0.985,0.985,0.985,0.985,15000,0
NAC,20160318,0.985,0.985,0.97,0.985,64000,0
NAC,20160321,0.98,0.98,0.98,0.98,100000,0
NAC,20160322,0.98,0.98,0.98,0.98,0,0
NAC,20160323,0.985,0.985,0.975,0.975,69933,0
NAC,20160324,0.985,0.985,0.985,0.985,2100,0
NAC,20160325,0.985,0.985,0.985,0.985,0,0
NAC,20160328,0.985,0.985,0.985,0.985,0,0
NAC,20160329,0.985,0.99,0.985,0.99,3851,0
NAC,20160330,0.99,0.99,0.99,0.99,0,0
NAC,20160331,0.985,0.99,0.97,0.99,174800,0
NAC,20160401,0.99,0.99,0.99,0.99,0,0
NAC,20160404,0.98,1,0.98,1,62000,0
NAC,20160405,0.985,0.985,0.985,0.985,167293,0
NAC,20160406,0.97,0.97,0.96,0.96,20000,0
NAC,20160407,0.985,0.99,0.985,0.99,10456,0
NAC,20160408,0.975,0.975,0.975,0.975,30000,0
NAC,20160411,0.985,1.02,0.985,1.02,96145,0
NAC,20160412,1.015,1.02,1.015,1.015,140000,0
NAC,20160413,1.015,1.015,1,1,11400,0
NAC,20160414,1.015,1.015,1.015,1.015,1686,0
NAC,20160415,1.015,1.02,1.015,1.02,204900,0
NAC,20160418,1.02,1.02,1.015,1.015,8810,0
NAC,20160419,1.02,1.02,1.02,1.02,2100,0
NAC,20160420,1.02,1.02,1.005,1.005,10900,0
NAC,20160421,0.995,0.995,0.99,0.99,4500,0
NAC,20160422,0.99,0.99,0.985,0.985,3910,0
NAC,20160425,0.985,0.985,0.985,0.985,0,0
NAC,20160426,0.995,0.995,0.995,0.995,1810,0
NAC,20160427,1,1,0.995,0.995,97590,0
NAC,20160428,0.995,0.995,0.995,0.995,1210,0
NAC,20160429,1,1.01,1,1.01,27471,0
NAC,20160502,1,1,1,1,67293,0
NAC,20160503,0.995,0.995,0.995,0.995,24000,0
NAC,20160504,0.995,0.995,0.985,0.985,4693,0
NAC,20160505,0.985,0.985,0.985,0.985,0,0
NAC,20160506,0.99,1,0.99,1,127962,0
NAC,20160509,1,1,0.99,0.99,48600,0
NAC,20160510,0.995,1,0.995,1,43000,0
NAC,20160511,1,1.005,0.99,0.99,613009,0
NAC,20160512,1,1,1,1,126472,0
NAC,20160513,1,1,1,1,9923,0
NAC,20160516,1,1,1,1,96000,0
NAC,20160517,1.01,1.02,1.01,1.01,78960,0
NAC,20160518,1.01,1.01,1,1,213748,0
NAC,20160519,1.005,1.005,1.005,1.005,3900,0
NAC,20160520,1,1,1,1,96329,0
NAC,20160523,1,1,0.995,0.995,73671,0
NAC,20160524,0.995,0.995,0.995,0.995,0,0
NAC,20160525,1.005,1.005,1,1,190000,0
NAC,20160526,0.995,1,0.995,1,35429,0
NAC,20160527,1,1,1,1,2100,0
NAC,20160530,1,1.005,1,1.005,119971,0
NAC,20160531,1.02,1.02,1.02,1.02,4616,0
NAC,20160601,1,1,0.99,0.99,30000,0
NAC,20160602,0.99,0.99,0.99,0.99,0,0
NAC,20160603,1,1,1,1,3000000,0
NAC,20160606,1,1,1,1,0,0
NAC,20160607,1.01,1.01,1,1.01,174000,0
NAC,20160608,1,1,0.99,0.99,35000,0
NAC,20160609,1,1.02,1,1.02,245000,0
NAC,20160610,1.02,1.02,1.015,1.02,155000,0
NAC,20160613,1.02,1.02,1.02,1.02,0,0
NAC,20160614,1.005,1.01,1.005,1.01,24900,0
NAC,20160615,1.01,1.015,1.01,1.015,6400,0
NAC,20160616,1.01,1.015,1.01,1.01,89500,0
NAC,20160617,1.005,1.005,1,1,470000,0
NAC,20160620,1,1,1,1,326000,0
NAC,20160621,1,1,0.995,0.995,30000,0
NAC,20160622,1,1.01,1,1.01,64400,0
NAC,20160623,1.01,1.01,1.01,1.01,0,0
NAC,20160624,1,1,1,1,10000,0
NAC,20160627,0.99,0.99,0.97,0.97,40000,0
NAC,20160628,0.97,0.97,0.97,0.97,0,0
NAC,20160629,0.995,0.995,0.99,0.99,48000,0
NAC,20160630,0.995,1,0.995,1,74300,0
NAC,20160701,1,1,0.975,1,22798,0
NAC,20160704,1,1,1,1,0,0
NAC,20160705,1,1,1,1,0,0
NAC,20160706,1,1,1,1,20000,0
NAC,20160707,1,1,1,1,0,0
NAC,20160708,1,1,1,1,52180,0
NAC,20160711,1.01,1.01,1,1.01,231763,0
NAC,20160712,1.01,1.015,1,1.015,958274,0
NAC,20160713,1.01,1.015,1,1.015,271000,0
NAC,20160714,1.015,1.025,1.015,1.025,118000,0
NAC,20160715,1.02,1.025,1.02,1.02,91328,0
NAC,20160718,1.025,1.025,1.025,1.025,109928,0
NAC,20160719,1.025,1.025,1.025,1.025,29363,0
NAC,20160720,1.025,1.03,1.025,1.03,94500,0
NAC,20160721,1.03,1.03,1.03,1.03,0,0
NAC,20160722,1.03,1.03,1.03,1.03,53700,0
NAC,20160725,1.035,1.04,1.03,1.04,144000,0
NAC,20160726,1.03,1.045,1.03,1.045,91497,0
NAC,20160727,1.04,1.045,1.035,1.045,91821,0
NAC,20160728,1.045,1.055,1.045,1.055,191529,0
NAC,20160729,1.055,1.055,1.055,1.055,0,0
NAC,20160801,1.055,1.06,1.05,1.06,207400,0
NAC,20160802,1.06,1.07,1.06,1.07,91728,0
NAC,20160803,1.075,1.075,1.07,1.07,25151,0
NAC,20160804,1.07,1.07,1.06,1.06,60810,0
NAC,20160805,1.07,1.07,1.07,1.07,14000,0
NAC,20160808,1.07,1.07,1.07,1.07,28022,0
NAC,20160809,1.07,1.07,1.07,1.07,10000,0
NAC,20160810,1.06,1.07,1.06,1.06,82978,0
NAC,20160811,1.07,1.07,1.07,1.07,54922,0
NAC,20160812,1.07,1.07,1.07,1.07,15000,0
NAC,20160815,1.07,1.075,1.07,1.075,100078,0
NAC,20160816,1.075,1.075,1.07,1.07,120184,0
NAC,20160817,1.075,1.085,1.075,1.08,67250,0
NAC,20160818,1.08,1.08,1.07,1.07,19042,0
NAC,20160819,1.07,1.07,1.07,1.07,0,0
NAC,20160822,1.055,1.06,1.05,1.06,20208,0
NAC,20160823,1.06,1.06,1.055,1.06,28500,0
NAC,20160824,1.065,1.065,1.06,1.06,27751,0
NAC,20160825,1.06,1.06,1.05,1.06,62249,0
NAC,20160826,1.06,1.065,1.055,1.065,35000,0
NAC,20160829,1.065,1.065,1.065,1.065,31500,0
NAC,20160830,1.07,1.07,1.05,1.05,1111539,0
NAC,20160831,1.06,1.065,1.055,1.06,121000,0
NAC,20160901,1.06,1.06,1.06,1.06,23600,0
NAC,20160902,1.06,1.06,1.06,1.06,28300,0
NAC,20160905,1.055,1.055,1.055,1.055,5000,0
NAC,20160906,1.06,1.06,1.055,1.055,101000,0
NAC,20160907,1.06,1.06,1.055,1.055,142150,0
NAC,20160908,1.055,1.06,1.055,1.06,155200,0
NAC,20160909,1.06,1.075,1.06,1.075,227000,0
NAC,20160912,1.065,1.075,1.06,1.065,98500,0
NAC,20160913,1.065,1.07,1.055,1.065,403934,0
NAC,20160914,1.07,1.075,1.07,1.075,164700,0
NAC,20160915,1.075,1.075,1.065,1.075,241299,0
NAC,20160916,1.07,1.075,1.07,1.075,160411,0
NAC,20160919,1.075,1.075,1.075,1.075,50000,0
NAC,20160920,1.07,1.075,1.07,1.075,53000,0
NAC,20160921,1.07,1.07,1.07,1.07,112710,0
NAC,20160922,1.07,1.075,1.07,1.07,263760,0
NAC,20160923,1.07,1.07,1.07,1.07,42500,0
NAC,20160926,1.07,1.07,1.055,1.06,1407621,0
NAC,20160927,1.06,1.07,1.06,1.07,86808,0
NAC,20160928,1.07,1.075,1.07,1.075,31300,0
NAC,20160929,1.075,1.075,1.07,1.075,81900,0
NAC,20160930,1.075,1.075,1.07,1.07,99300,0
NAC,20161003,1.07,1.075,1.07,1.07,236920,0
NAC,20161004,1.07,1.085,1.07,1.08,120649,0
NAC,20161005,1.08,1.08,1.075,1.075,16679,0
NAC,20161006,1.07,1.07,1.07,1.07,480000,0
NAC,20161007,1.075,1.075,1.075,1.075,91800,0
NAC,20161010,1.075,1.075,1.07,1.07,35000,0
NAC,20161011,1.07,1.09,1.07,1.085,112452,0
NAC,20161012,1.07,1.085,1.07,1.085,192500,0
NAC,20161013,1.085,1.11,1.085,1.11,1439529,0
NAC,20161014,1.12,1.13,1.12,1.12,108678,0
NAC,20161017,1.12,1.13,1.105,1.105,114996,0
NAC,20161018,1.115,1.155,1.105,1.155,880186,0
NAC,20161019,1.16,1.16,1.12,1.135,124598,0
NAC,20161020,1.135,1.135,1.13,1.13,64166,0
NAC,20161021,1.13,1.14,1.105,1.135,155210,0
NAC,20161024,1.14,1.145,1.13,1.14,164928,0
NAC,20161025,1.13,1.14,1.13,1.14,143300,0
NAC,20161026,1.14,1.15,1.14,1.145,151661,0
NAC,20161027,1.145,1.15,1.14,1.145,84355,0
NAC,20161028,1.145,1.155,1.14,1.14,339532,0
NAC,20161031,1.14,1.15,1.135,1.15,412065,0
NAC,20161101,1.15,1.15,1.15,1.15,100793,0
NAC,20161102,1.145,1.155,1.145,1.145,272989,0
NAC,20161103,1.145,1.15,1.145,1.145,10921,0
NAC,20161104,1.145,1.15,1.145,1.145,296496,0
NAC,20161107,1.15,1.15,1.145,1.15,171050,0
NAC,20161108,1.15,1.155,1.15,1.155,67410,0
NAC,20161109,1.155,1.155,1.14,1.14,112750,0
NAC,20161110,1.15,1.16,1.15,1.16,56304,0
NAC,20161111,1.135,1.135,1.125,1.135,140750,0
NAC,20161114,1.135,1.135,1.135,1.135,6744,0
NAC,20161115,1.13,1.15,1.13,1.15,110756,0
NAC,20161116,1.14,1.16,1.14,1.16,7000,0
NAC,20161117,1.16,1.16,1.16,1.16,13000,0
NAC,20161118,1.155,1.16,1.15,1.16,179804,0
NAC,20161121,1.17,1.17,1.16,1.16,214461,0
NAC,20161122,1.16,1.17,1.16,1.16,70500,0
NAC,20161123,1.165,1.165,1.165,1.165,1706,0
NAC,20161124,1.16,1.17,1.16,1.17,153950,0
NAC,20161125,1.17,1.17,1.16,1.16,66857,0
NAC,20161128,1.16,1.17,1.155,1.17,133502,0
NAC,20161129,1.16,1.2,1.16,1.17,84780,0
NAC,20161130,1.165,1.17,1.15,1.155,183750,0
NAC,20161201,1.16,1.195,1.155,1.195,73700,0
NAC,20161202,1.195,1.2,1.195,1.195,37400,0
NAC,20161205,1.195,1.2,1.195,1.2,20700,0
NAC,20161206,1.18,1.2,1.18,1.2,66200,0
NAC,20161207,1.2,1.2,1.2,1.2,34500,0
NAC,20161208,1.2,1.215,1.2,1.215,61900,0
NAC,20161209,1.2,1.2,1.185,1.185,111800,0
NAC,20161212,1.18,1.18,1.18,1.18,10000,0
NAC,20161213,1.19,1.19,1.16,1.16,192210,0
NAC,20161214,1.16,1.16,1.16,1.16,0,0
NAC,20161215,1.2,1.2,1.2,1.2,8300,0
NAC,20161216,1.17,1.17,1.17,1.17,16925,0
NAC,20161219,1.17,1.17,1.16,1.16,186693,0
NAC,20161220,1.155,1.17,1.155,1.17,62900,0
NAC,20161221,1.17,1.17,1.17,1.17,0,0
NAC,20161222,1.17,1.17,1.17,1.17,19869,0
NAC,20161223,1.17,1.17,1.16,1.165,218531,0
NAC,20161226,1.165,1.165,1.165,1.165,0,0
NAC,20161227,1.165,1.165,1.165,1.165,0,0
NAC,20161228,1.16,1.16,1.155,1.155,77038,0
NAC,20161229,1.175,1.175,1.175,1.175,17000,0
NAC,20161230,1.155,1.155,1.15,1.15,45000,0
NAC,20170102,1.15,1.15,1.15,1.15,0,0
NAC,20170103,1.16,1.16,1.15,1.15,77700,0
NAC,20170104,1.15,1.15,1.14,1.14,13000,0
NAC,20170105,1.14,1.14,1.14,1.14,20000,0
NAC,20170106,1.15,1.155,1.15,1.155,50921,0
NAC,20170109,1.175,1.18,1.15,1.155,62050,0
NAC,20170110,1.16,1.16,1.155,1.155,26250,0
NAC,20170111,1.155,1.16,1.155,1.16,23945,0
NAC,20170112,1.16,1.16,1.15,1.15,44170,0
NAC,20170113,1.15,1.15,1.14,1.14,46245,0
NAC,20170116,1.13,1.13,1.13,1.13,10983,0
NAC,20170117,1.13,1.16,1.13,1.13,29250,0
NAC,20170118,1.14,1.155,1.13,1.15,114500,0
NAC,20170119,1.15,1.15,1.14,1.14,27500,0
NAC,20170120,1.15,1.15,1.135,1.135,30000,0
NAC,20170123,1.14,1.14,1.13,1.13,36300,0
NAC,20170124,1.145,1.145,1.14,1.14,80000,0
NAC,20170125,1.14,1.14,1.14,1.14,0,0
NAC,20170126,1.14,1.14,1.14,1.14,0,0
NAC,20170127,1.14,1.14,1.13,1.13,5007400,0
NAC,20170130,1.14,1.14,1.14,1.14,130855,0
NAC,20170131,1.145,1.145,1.14,1.14,68353,0
NAC,20170201,1.13,1.13,1.13,1.13,4500,0
NAC,20170202,1.14,1.14,1.14,1.14,57200,0
NAC,20170203,1.14,1.14,1.13,1.13,53622,0
NAC,20170206,1.13,1.13,1.13,1.13,0,0
NAC,20170207,1.135,1.135,1.135,1.135,10000,0
NAC,20170208,1.135,1.14,1.135,1.135,27050,0
NAC,20170209,1.13,1.16,1.13,1.16,56356,0
NAC,20170210,1.14,1.14,1.14,1.14,22000,0
NAC,20170213,1.14,1.15,1.14,1.14,117543,0
NAC,20170214,1.14,1.14,1.14,1.14,0,0
NAC,20170215,1.14,1.14,1.14,1.14,0,0
NAC,20170216,1.145,1.145,1.14,1.14,13522,0
NAC,20170217,1.135,1.14,1.135,1.14,78800,0
NAC,20170220,1.14,1.14,1.13,1.13,145249,0
NAC,20170221,1.125,1.13,1.12,1.12,46400,0
NAC,20170222,1.13,1.13,1.12,1.13,127100,0
NAC,20170223,1.13,1.13,1.12,1.13,362331,0
NAC,20170224,1.125,1.13,1.12,1.12,161586,0
NAC,20170227,1.12,1.12,1.12,1.12,60928,0
NAC,20170228,1.115,1.13,1.11,1.12,148800,0
NAC,20170301,1.12,1.12,1.12,1.12,448,0
NAC,20170302,1.115,1.12,1.11,1.115,129747,0
NAC,20170303,1.12,1.12,1.12,1.12,112500,0
NAC,20170306,1.12,1.13,1.12,1.12,16456,0
NAC,20170307,1.12,1.12,1.12,1.12,46121,0
NAC,20170308,1.125,1.135,1.12,1.125,121204,0
NAC,20170309,1.13,1.13,1.12,1.12,122000,0
NAC,20170310,1.12,1.125,1.12,1.125,56000,0
NAC,20170313,1.125,1.125,1.115,1.12,46700,0
NAC,20170314,1.12,1.12,1.12,1.12,6200,0
NAC,20170315,1.12,1.12,1.12,1.12,73300,0
NAC,20170316,1.12,1.12,1.12,1.12,0,0
NAC,20170317,1.12,1.12,1.12,1.12,18500,0
NAC,20170320,1.12,1.12,1.12,1.12,8900,0
NAC,20170321,1.12,1.12,1.12,1.12,3648,0
NAC,20170322,1.12,1.12,1.115,1.12,62501,0
NAC,20170323,1.12,1.12,1.12,1.12,46946,0
NAC,20170324,1.12,1.12,1.11,1.12,3448,0
NAC,20170327,1.12,1.12,1.12,1.12,4400,0
NAC,20170328,1.12,1.12,1.12,1.12,4955,0
NAC,20170329,1.12,1.125,1.115,1.115,50125,0
NAC,20170330,1.115,1.115,1.115,1.115,0,0
NAC,20170331,1.12,1.12,1.115,1.115,79975,0
NAC,20170403,1.115,1.13,1.115,1.13,74600,0
NAC,20170404,1.13,1.13,1.13,1.13,0,0
NAC,20170405,1.13,1.13,1.13,1.13,0,0
NAC,20170406,1.12,1.125,1.12,1.125,22900,0
NAC,20170407,1.12,1.125,1.12,1.125,33470,0
NAC,20170410,1.11,1.11,1.11,1.11,4600,0
NAC,20170411,1.1,1.1,1.095,1.095,13097,0
NAC,20170412,1.105,1.105,1.105,1.105,25000,0
NAC,20170413,1.105,1.105,1.105,1.105,33903,0
NAC,20170414,1.105,1.105,1.105,1.105,0,0
NAC,20170417,1.105,1.105,1.105,1.105,0,0
NAC,20170418,1.1,1.1,1.1,1.1,20000,0
NAC,20170419,1.1,1.1,1.1,1.1,1811,0
NAC,20170420,1.1,1.105,1.1,1.105,18181,0
NAC,20170421,1.105,1.105,1.105,1.105,0,0
NAC,20170424,1.105,1.11,1.105,1.11,28088,0
NAC,20170425,1.11,1.11,1.11,1.11,0,0
NAC,20170426,1.11,1.12,1.105,1.105,78689,0
NAC,20170427,1.1,1.105,1.1,1.105,65364,0
NAC,20170428,1.1,1.1,1.095,1.095,59400,0
NAC,20170501,1.095,1.11,1.08,1.1,134482,0
NAC,20170502,1.1,1.1,1.1,1.1,0,0
NAC,20170503,1.1,1.1,1.1,1.1,0,0
NAC,20170504,1.1,1.1,1.1,1.1,0,0
NAC,20170505,1.1,1.1,1.03,1.03,69638,0
NAC,20170508,1.08,1.085,1.06,1.06,111608,0
NAC,20170509,1.06,1.06,1.06,1.06,0,0
NAC,20170510,1.06,1.06,1.06,1.06,61300,0
NAC,20170511,1.06,1.095,1.06,1.095,36244,0
NAC,20170512,1.09,1.09,1.09,1.09,3200,0
NAC,20170515,1.09,1.09,1.09,1.09,0,0
NAC,20170516,1.09,1.09,1.09,1.09,0,0
NAC,20170517,1.08,1.08,1.075,1.075,2978,0
NAC,20170518,1.04,1.055,1.03,1.055,54943,0
NAC,20170519,1.05,1.05,1.05,1.05,130000,0
NAC,20170522,1.05,1.05,1.05,1.05,0,0
NAC,20170523,1.05,1.05,1.03,1.03,27930,0
NAC,20170524,1.03,1.03,1.03,1.03,4170,0
NAC,20170525,1.03,1.03,1.03,1.03,20000,0
NAC,20170526,1.03,1.03,1.03,1.03,0,0
NAC,20170529,1.045,1.045,1.045,1.045,1745,0
NAC,20170530,1.045,1.045,1.045,1.045,0,0
NAC,20170531,1.04,1.04,1.03,1.03,16921,0
NAC,20170601,1.01,1.03,1.01,1.03,12079,0
NAC,20170602,1.045,1.045,1.045,1.045,16500,0
NAC,20170605,1.035,1.035,1.035,1.035,1432,0
NAC,20170606,1.035,1.035,1.03,1.03,31489,0
NAC,20170607,1.035,1.035,1.02,1.025,39973,0
NAC,20170608,1.03,1.07,1.03,1.07,50400,0
NAC,20170609,1.07,1.07,1.07,1.07,0,0
NAC,20170612,1.07,1.07,1.07,1.07,0,0
NAC,20170613,1.04,1.065,1.04,1.065,74800,0
NAC,20170614,1.06,1.06,1.035,1.035,15712,0
NAC,20170615,1.04,1.04,1.035,1.035,33988,0
NAC,20170616,1.035,1.035,1.035,1.035,0,0
NAC,20170619,1.025,1.025,1,1,70658,0
NAC,20170620,1.025,1.025,1.01,1.01,22228,0
NAC,20170621,1,1.005,1,1.005,23688,0
NAC,20170622,1.005,1.015,1,1,103017,0
NAC,20170623,1.005,1.015,1.005,1.015,58500,0
NAC,20170626,1.015,1.015,1.005,1.005,95000,0
NAC,20170627,1.005,1.035,1,1.035,127480,0
NAC,20170628,1.035,1.035,1.035,1.035,0,0
NAC,20170629,1.035,1.035,1.035,1.035,0,0
NAC,20170630,1.035,1.035,1.035,1.035,21450,0
NAC,20170703,1.025,1.025,1.025,1.025,20000,0
NAC,20170704,1.015,1.015,1.015,1.015,4960,0
NAC,20170705,1.025,1.025,1.02,1.02,23909,0
NAC,20170706,1.025,1.025,1.025,1.025,10486,0
NAC,20170707,1.025,1.025,1.025,1.025,0,0
NAC,20170710,1.02,1.02,1.02,1.02,10000,0
NAC,20170711,1.025,1.025,1.025,1.025,2490,0
NAC,20170712,1.025,1.025,1.025,1.025,9800,0
NAC,20170713,1.015,1.015,1.01,1.01,42279,0
NAC,20170714,1.015,1.06,1.015,1.06,58106,0
NAC,20170717,1.045,1.045,1.045,1.045,9500,0
NAC,20170718,1.045,1.045,1.045,1.045,3000,0
NAC,20170719,1.045,1.06,1.045,1.06,90000,0
NAC,20170720,1.05,1.05,1.05,1.05,20000,0
NAC,20170721,1.045,1.05,1.04,1.05,26000,0
NAC,20170724,1.045,1.045,1.045,1.045,28000,0
NAC,20170725,1.045,1.045,1.045,1.045,30000,0
NAC,20170726,1.045,1.045,1.045,1.045,0,0
NAC,20170727,1.045,1.045,1.045,1.045,153503,0
NAC,20170728,1.045,1.045,1.045,1.045,4100,0
NAC,20170731,1.05,1.05,1.05,1.05,14000,0
NAC,20170801,1.035,1.035,1.03,1.03,30000,0
NAC,20170802,1.04,1.04,1.04,1.04,5000,0
NAC,20170803,1.04,1.05,1.03,1.03,36619,0
NAC,20170804,1.03,1.03,1.03,1.03,0,0
NAC,20170807,1.04,1.04,1.03,1.03,40000,0
NAC,20170808,1.05,1.05,1.03,1.03,42163,0
NAC,20170809,1.025,1.03,1.02,1.03,18937,0
NAC,20170810,1.035,1.04,1.035,1.035,29000,0
NAC,20170811,1.035,1.035,1.035,1.035,0,0
NAC,20170814,1.035,1.035,1.035,1.035,0,0
NAC,20170815,1.035,1.035,1.035,1.035,0,0
NAC,20170816,1.03,1.03,1.025,1.025,35000,0
NAC,20170817,1.025,1.025,1.025,1.025,5000,0
NAC,20170818,1.025,1.035,1.02,1.035,53098,0
NAC,20170821,1.035,1.035,1.035,1.035,0,0
NAC,20170822,1.02,1.02,1.02,1.02,22765,0
NAC,20170823,1.015,1.03,1.015,1.03,43435,0
NAC,20170824,1.03,1.03,1.03,1.03,15565,0
NAC,20170825,1.03,1.035,1.03,1.035,25000,0
NAC,20170828,1.035,1.035,1.035,1.035,10000,0
NAC,20170829,1.03,1.03,1.025,1.025,8000,0
NAC,20170830,1.035,1.035,1.025,1.035,130300,0
NAC,20170831,1.025,1.035,1.025,1.035,9970,0
NAC,20170901,1.035,1.035,1.035,1.035,0,0
NAC,20170904,1.035,1.035,1.035,1.035,0,0
NAC,20170905,1.035,1.035,1.02,1.02,130900,0
NAC,20170906,1.025,1.025,1.01,1.01,115000,0
NAC,20170907,1.015,1.025,1.01,1.015,21179,0
NAC,20170908,1.015,1.015,1.015,1.015,0,0
NAC,20170911,1.01,1.015,1.005,1.005,30000,0
NAC,20170912,1.015,1.02,1.01,1.01,130766,0
NAC,20170913,1.01,1.01,1.01,1.01,0,0
NAC,20170914,1.01,1.01,1.01,1.01,0,0
NAC,20170915,1.01,1.01,1.01,1.01,0,0
NAC,20170918,1.01,1.01,1,1.005,77882,0
NAC,20170919,1.01,1.02,1.01,1.02,20000,0
NAC,20170920,1.005,1.005,1,1,33000,0
NAC,20170921,1.01,1.01,1.01,1.01,10000,0
NAC,20170922,1.01,1.01,1,1.01,113900,0
NAC,20170925,1.01,1.01,1.01,1.01,0,0
NAC,20170926,1.01,1.02,1.01,1.02,15470,0
NAC,20170927,1.02,1.02,1.015,1.015,3058,0
NAC,20170928,1.015,1.015,1.005,1.005,35793,0
NAC,20170929,1.005,1.005,1.005,1.005,0,0
NAC,20171002,1.005,1.005,1.005,1.005,0,0
NAC,20171003,1.01,1.01,1.01,1.01,22222,0
NAC,20171004,1.01,1.01,1.01,1.01,22000,0
NAC,20171005,1.005,1.005,1,1,115691,0
NAC,20171006,1.02,1.02,1.02,1.02,21392,0
NAC,20171009,1.02,1.02,1.02,1.02,0,0
NAC,20171010,1.02,1.02,1.02,1.02,0,0
NAC,20171011,1.015,1.04,1.015,1.035,48000,0
NAC,20171012,1.035,1.035,1.035,1.035,0,0
NAC,20171013,1.025,1.025,1.025,1.025,13000,0
NAC,20171016,1.025,1.025,1.025,1.025,0,0
NAC,20171017,1.04,1.045,1.025,1.025,56510,0
NAC,20171018,1.025,1.045,1.025,1.045,48527,0
NAC,20171019,1.045,1.045,1.045,1.045,19634,0
NAC,20171020,1.045,1.045,1.045,1.045,70950,0
NAC,20171023,1,1.04,1,1.04,52479,0
NAC,20171024,1.04,1.04,1.04,1.04,0,0
NAC,20171025,1.03,1.03,1.02,1.02,162000,0
NAC,20171026,1.025,1.025,1.015,1.015,73892,0
NAC,20171027,1.015,1.015,1.005,1.005,52939,0
NAC,20171030,1.01,1.01,1,1,60554,0
NAC,20171031,1.015,1.02,1.01,1.02,50250,0
NAC,20171101,1.015,1.015,1.01,1.01,73000,0
NAC,20171102,1.01,1.02,1,1,68083,0
NAC,20171103,1.01,1.015,1,1,23314,0
NAC,20171106,1.005,1.005,1.005,1.005,5000,0
NAC,20171107,1.015,1.015,1.01,1.015,56011,0
NAC,20171108,1.015,1.02,1.015,1.02,39000,0
NAC,20171109,1.02,1.03,1.02,1.03,723780,0
NAC,20171110,1.025,1.03,1.025,1.03,57000,0
NAC,20171113,1.03,1.03,1.025,1.025,58000,0
NAC,20171114,1.025,1.025,1.02,1.02,29800,0
NAC,20171115,1.03,1.03,1.03,1.03,120000,0
NAC,20171116,1.03,1.03,1.03,1.03,0,0
NAC,20171117,1.025,1.025,1.015,1.015,102158,0
NAC,20171120,1.005,1.02,1.005,1.02,25000,0
NAC,20171121,1.01,1.01,1.005,1.01,67870,0
NAC,20171122,1.015,1.015,1.01,1.01,70768,0
NAC,20171123,1.01,1.01,1.01,1.01,24711,0
NAC,20171124,1.02,1.02,1.02,1.02,10000,0
NAC,20171127,1.015,1.015,1.015,1.015,21000,0
NAC,20171128,1.015,1.015,1.015,1.015,23500,0
NAC,20171129,1.01,1.015,1.01,1.015,4061,0
NAC,20171130,1.015,1.015,1.01,1.01,48855,0
NAC,20171201,1.02,1.02,1.02,1.02,490,0
NAC,20171204,1.02,1.02,1.02,1.02,39500,0
NAC,20171205,1.025,1.035,1.025,1.03,509568,0
NAC,20171206,1.025,1.03,1.025,1.03,418444,0
NAC,20171207,1.03,1.035,1.03,1.03,183009,0
NAC,20171208,1.035,1.035,1.025,1.03,72522,0
NAC,20171211,1.03,1.03,1.03,1.03,15000,0
NAC,20171212,1.03,1.03,1.025,1.025,71370,0
NAC,20171213,1.04,1.055,1.03,1.03,151556,0
NAC,20171214,1.03,1.03,1.03,1.03,29111,0
NAC,20171215,1.04,1.04,1.04,1.04,5000,0
NAC,20171218,1.04,1.04,1.04,1.04,35000,0
NAC,20171219,1.035,1.04,1.035,1.035,48451,0
NAC,20171220,1.035,1.04,1.035,1.04,13804,0
NAC,20171221,1.04,1.04,1.04,1.04,3164,0
NAC,20171222,1.04,1.045,1.04,1.045,12696,0
NAC,20171225,1.045,1.045,1.045,1.045,0,0
NAC,20171226,1.045,1.045,1.045,1.045,0,0
NAC,20171227,1.045,1.045,1.045,1.045,1000,0
NAC,20171228,1.045,1.055,1.045,1.055,42497,0
NAC,20171229,1.055,1.055,1.055,1.055,0,0
NAC,20180101,1.055,1.055,1.055,1.055,0,0
NAC,20180102,1.035,1.05,1.035,1.04,24864,0
NAC,20180103,1.05,1.05,1.05,1.05,4310,0
NAC,20180104,1.05,1.055,1.05,1.055,5000,0
NAC,20180105,1.045,1.05,1.04,1.05,37655,0
NAC,20180108,1.04,1.04,1.035,1.04,43331,0
NAC,20180109,1.045,1.055,1.045,1.055,7125,0
NAC,20180110,1.05,1.05,1.05,1.05,12065,0
NAC,20180111,1.05,1.065,1.05,1.065,118795,0
NAC,20180112,1.07,1.075,1.055,1.055,120591,0
NAC,20180115,1.065,1.072,1.065,1.072,14000,0
NAC,20180116,1.065,1.065,1.055,1.055,34433,0
NAC,20180117,1.06,1.06,1.045,1.045,24491,0
NAC,20180118,1.055,1.055,1.05,1.055,24448,0
NAC,20180119,1.055,1.06,1.055,1.06,73100,0
NAC,20180122,1.06,1.07,1.06,1.06,52616,0
NAC,20180123,1.06,1.06,1.06,1.06,600,0
NAC,20180124,1.06,1.06,1.05,1.05,69034,0
NAC,20180125,1.06,1.06,1.05,1.055,356500,0
NAC,20180126,1.055,1.055,1.055,1.055,0,0
NAC,20180129,1.055,1.06,1.045,1.045,221251,0
NAC,20180130,1.045,1.045,1.045,1.045,476,0
NAC,20180131,1.045,1.06,1.045,1.05,147768,0
NAC,20180201,1.05,1.05,1.05,1.05,30917,0
NAC,20180202,1.05,1.05,1.045,1.05,57401,0
NAC,20180205,1.04,1.04,1.04,1.04,9800,0
NAC,20180206,1.04,1.04,1.02,1.02,142287,0
NAC,20180207,1.02,1.02,1.02,1.02,2853,0
NAC,20180208,1.035,1.035,1.03,1.03,19500,0
NAC,20180209,1.03,1.03,0.97,1,134913,0
NAC,20180212,1.015,1.015,1,1,13964,0
NAC,20180213,1,1.005,0.97,1,65128,0
NAC,20180214,1,1,0.98,0.985,78396,0
NAC,20180215,0.985,0.985,0.985,0.985,15626,0
NAC,20180216,1.015,1.02,1.015,1.015,65185,0
NAC,20180219,1,1.015,1,1.015,24765,0
NAC,20180220,1.015,1.015,1.015,1.015,0,0
NAC,20180221,1.01,1.04,1.01,1.04,5450,0
NAC,20180222,1.04,1.04,1.04,1.04,500,0
NAC,20180223,1.025,1.025,1.025,1.025,3500,0
NAC,20180226,1.02,1.02,1.02,1.02,3833,0
NAC,20180227,1.025,1.03,1.015,1.02,79725,0
NAC,20180228,1.015,1.015,1.01,1.01,50364,0
NAC,20180301,1.01,1.01,1.01,1.01,10302,0
NAC,20180302,1.01,1.01,1.01,1.01,40352,0
NAC,20180305,1.005,1.01,1.005,1.005,34273,0
NAC,20180306,1.01,1.01,0.995,0.995,191000,0
NAC,20180307,0.995,1,0.995,1,83500,0
NAC,20180308,1,1.01,1,1.01,124491,0
NAC,20180309,1.01,1.03,1.01,1.03,19246,0
NAC,20180312,1.03,1.03,1.02,1.02,69540,0
NAC,20180313,1.02,1.02,1,1.02,145728,0
NAC,20180314,1.025,1.025,1,1.015,62957,0
NAC,20180315,1.015,1.02,1.01,1.02,60542,0
NAC,20180316,1.025,1.025,1.01,1.01,18611,0
NAC,20180319,1.02,1.02,0.98,1.005,21373,0
NAC,20180320,1.005,1.005,1.005,1.005,0,0
NAC,20180321,0.995,1.01,0.995,1.01,38232,0
NAC,20180322,1.01,1.02,1.01,1.02,84295,0
NAC,20180323,1.005,1.02,1.005,1.02,39920,0
NAC,20180326,1.015,1.015,1.015,1.015,34613,0
NAC,20180327,1.01,1.02,1.01,1.02,26900,0
NAC,20180328,1.01,1.01,0.995,0.995,59860,0
NAC,20180329,0.98,0.985,0.98,0.985,191730,0
NAC,20180330,0.985,0.985,0.985,0.985,0,0
NAC,20180402,0.985,0.985,0.985,0.985,0,0
NAC,20180403,0.985,0.985,0.985,0.985,0,0
NAC,20180404,0.985,0.985,0.985,0.985,0,0
NAC,20180405,0.985,0.985,0.985,0.985,0,0
NAC,20180406,0.98,1,0.97,1,11690,0
NAC,20180409,0.965,0.985,0.965,0.965,37589,0
NAC,20180410,0.975,0.975,0.965,0.965,23689,0
NAC,20180411,0.97,0.97,0.97,0.97,12000,0
NAC,20180412,0.98,1,0.98,0.99,58230,0
NAC,20180413,0.995,1,0.99,0.99,17738,0
NAC,20180416,0.99,1,0.985,1,123305,0
NAC,20180417,0.995,1,0.995,1,28430,0
NAC,20180418,1.005,1.005,1.005,1.005,13973,0
NAC,20180419,1.005,1.005,1.005,1.005,0,0
NAC,20180420,1.015,1.015,1.01,1.01,96927,0
NAC,20180423,1.02,1.02,1.02,1.02,5000,0
NAC,20180424,1.02,1.02,1,1,70314,0
NAC,20180425,1,1,1,1,0,0
NAC,20180426,1,1,0.995,0.995,44993,0
NAC,20180427,0.995,0.995,0.995,0.995,0,0
NAC,20180430,0.995,1,0.995,1,43228,0
NAC,20180501,1,1,1,1,42009,0
NAC,20180502,1.01,1.01,1.01,1.01,49843,0
NAC,20180503,1.01,1.02,1.01,1.01,62645,0
NAC,20180504,1.015,1.015,1,1,985,0
NAC,20180507,1,1,1,1,0,0
NAC,20180508,1,1,1,1,31136,0
NAC,20180509,1,1,0.98,0.995,118301,0
NAC,20180510,1.01,1.01,1,1.01,20000,0
NAC,20180511,1,1.01,1,1.01,34685,0
NAC,20180514,1,1,1,1,17100,0
NAC,20180515,1,1,0.995,1,19915,0
NAC,20180516,1.005,1.005,1,1,41000,0
NAC,20180517,0.995,1,0.99,1,102617,0
NAC,20180518,1,1,1,1,33231,0
NAC,20180521,1,1.01,1,1.01,36024,0
NAC,20180522,1.01,1.01,1.01,1.01,0,0
NAC,20180523,1,1,1,1,3228,0
NAC,20180524,1,1,1,1,0,0
NAC,20180525,1,1,1,1,2772,0
NAC,20180528,1,1,1,1,0,0
NAC,20180529,0.995,0.995,0.995,0.995,19420,0
NAC,20180530,0.99,0.99,0.99,0.99,11488,0
NAC,20180531,0.99,1,0.985,0.99,58339,0
NAC,20180601,0.99,0.99,0.99,0.99,64600,0
NAC,20180604,1,1.01,1,1.01,42327,0
NAC,20180605,1.01,1.015,1,1,91991,0
NAC,20180606,1,1.015,1,1.015,20559,0
NAC,20180607,1.015,1.015,1.015,1.015,900,0
NAC,20180608,1.01,1.01,0.98,1.01,85000,0
NAC,20180611,1.01,1.01,1.01,1.01,0,0
NAC,20180612,1.005,1.005,1.005,1.005,21000,0
NAC,20180613,1.01,1.01,0.975,0.975,195482,0
NAC,20180614,0.98,1,0.98,0.995,27291,0
NAC,20180615,0.995,0.995,0.995,0.995,5705,0
NAC,20180618,0.99,0.99,0.99,0.99,7155,0
NAC,20180619,0.99,0.99,0.98,0.98,5100,0
NAC,20180620,0.99,0.99,0.97,0.98,150550,0
NAC,20180621,0.975,0.975,0.965,0.965,25443,0
NAC,20180622,0.965,0.97,0.965,0.97,16659,0
NAC,20180625,0.965,0.965,0.94,0.94,65129,0
NAC,20180626,0.96,0.96,0.96,0.96,10678,0
NAC,20180627,0.96,0.965,0.96,0.96,155016,0
NAC,20180628,0.965,0.965,0.955,0.955,10710,0
NAC,20180629,0.96,0.96,0.955,0.955,25767,0
NAC,20180702,0.955,0.955,0.955,0.955,8100,0
NAC,20180703,0.96,0.96,0.96,0.96,29810,0
NAC,20180704,0.965,0.97,0.955,0.955,22031,0
NAC,20180705,0.97,0.97,0.96,0.96,25784,0
NAC,20180706,0.96,0.96,0.96,0.96,7099,0
NAC,20180709,0.97,0.97,0.97,0.97,5000,0
NAC,20180710,0.96,0.96,0.94,0.95,79298,0
NAC,20180711,0.945,0.945,0.945,0.945,9500,0
NAC,20180712,0.945,0.95,0.93,0.95,80600,0
NAC,20180713,0.95,0.95,0.95,0.95,10600,0
NAC,20180716,0.95,0.95,0.95,0.95,0,0
NAC,20180717,0.95,0.95,0.935,0.935,14600,0
NAC,20180718,0.96,0.96,0.96,0.96,380,0
NAC,20180719,0.96,0.97,0.96,0.97,7000,0
NAC,20180720,0.97,0.97,0.97,0.97,10288,0
NAC,20180723,0.96,0.96,0.95,0.955,40364,0
NAC,20180724,0.97,0.99,0.97,0.975,65599,0
NAC,20180725,0.985,0.985,0.97,0.97,29400,0
NAC,20180726,0.97,0.97,0.97,0.97,0,0
NAC,20180727,0.99,0.99,0.98,0.98,49275,0
NAC,20180730,0.98,0.98,0.975,0.975,33364,0
NAC,20180731,0.97,0.97,0.97,0.97,20000,0
NAC,20180801,0.99,0.99,0.98,0.98,40152,0
NAC,20180802,0.975,0.975,0.975,0.975,7500,0
NAC,20180803,0.98,1,0.975,0.985,25710,0
NAC,20180806,0.985,0.985,0.985,0.985,0,0
NAC,20180807,0.98,0.985,0.975,0.985,13100,0
NAC,20180808,1,1.02,1,1.015,57000,0
NAC,20180809,1.015,1.015,1,1,35040,0
NAC,20180810,1,1.01,1,1.01,49100,0
NAC,20180813,1.01,1.01,1.01,1.01,0,0
NAC,20180814,0.98,1,0.98,1,36289,0
NAC,20180815,1.01,1.01,1,1.005,10500,0
NAC,20180816,1,1.02,1,1.02,79502,0
NAC,20180817,1.01,1.01,1.01,1.01,5,0
NAC,20180820,1.01,1.01,1.01,1.01,18249,0
NAC,20180821,1.01,1.01,1.01,1.01,4502,0
NAC,20180822,1,1,0.995,0.995,48043,0
NAC,20180823,1.01,1.02,1.01,1.01,104927,0
NAC,20180824,1.02,1.04,1.015,1.04,304243,0
NAC,20180827,1.04,1.04,1.02,1.02,23000,0
NAC,20180828,1.04,1.04,1,1.015,234504,0
NAC,20180829,1.015,1.025,1,1,57000,0
NAC,20180830,0.995,1,0.995,1,41245,0
NAC,20180831,1.005,1.005,1.005,1.005,4365,0
NAC,20180903,0.98,0.995,0.98,0.985,24008,0
NAC,20180904,1,1,1,1,12600,0
NAC,20180905,0.99,0.99,0.99,0.99,51795,0
NAC,20180906,0.99,0.99,0.97,0.97,81800,0
NAC,20180907,0.99,1,0.99,1,25400,0
NAC,20180910,0.975,1.01,0.975,1,96373,0
NAC,20180911,1.005,1.01,1.005,1.01,27215,0
NAC,20180912,1.01,1.01,1.01,1.01,20500,0
NAC,20180913,1.01,1.02,1.01,1.02,22030,0
NAC,20180914,1.02,1.03,1.02,1.03,39380,0
NAC,20180917,1.02,1.025,1,1.025,181953,0
NAC,20180918,1.025,1.025,1,1.01,46023,0
NAC,20180919,1.02,1.02,1,1,93480,0
NAC,20180920,0.99,0.99,0.99,0.99,2014,0
NAC,20180921,0.99,1.02,0.99,1.02,50470,0
NAC,20180924,0.99,1.01,0.985,1.01,40510,0
NAC,20180925,1.01,1.01,1.01,1.01,71939,0
NAC,20180926,1.01,1.01,1.01,1.01,0,0
NAC,20180927,1.01,1.01,1.01,1.01,0,0
NAC,20180928,1.01,1.01,1.01,1.01,15000,0
NAC,20181001,1.02,1.02,1.02,1.02,49100,0
NAC,20181002,1.015,1.015,1.01,1.01,22061,0
NAC,20181003,1.015,1.015,1.015,1.015,4926,0
NAC,20181004,1,1.01,0.985,1,51076,0
NAC,20181005,1,1,1,1,15000,0
NAC,20181008,0.995,0.995,0.995,0.995,16000,0
NAC,20181009,1,1,1,1,4000,0
NAC,20181010,1,1,0.99,0.99,32000,0
NAC,20181011,0.99,0.995,0.975,0.975,97201,0
NAC,20181012,0.975,0.975,0.975,0.975,0,0
NAC,20181015,0.98,0.99,0.98,0.98,17944,0
NAC,20181016,0.98,0.98,0.98,0.98,7056,0
NAC,20181017,0.975,0.975,0.975,0.975,10000,0
NAC,20181018,0.97,0.97,0.97,0.97,30000,0
NAC,20181019,0.97,0.97,0.97,0.97,42493,0
NAC,20181022,0.97,0.97,0.97,0.97,0,0
NAC,20181023,0.965,0.965,0.965,0.965,30000,0
NAC,20181024,0.965,0.965,0.96,0.96,31637,0
NAC,20181025,0.96,0.96,0.95,0.95,37900,0
NAC,20181026,0.945,0.95,0.945,0.945,30360,0
NAC,20181029,0.945,0.96,0.945,0.96,80125,0
NAC,20181030,0.965,0.97,0.95,0.95,16960,0
NAC,20181031,0.95,0.95,0.945,0.945,43460,0
NAC,20181101,0.94,0.96,0.94,0.96,57347,0
NAC,20181102,0.96,0.96,0.96,0.96,47967,0
NAC,20181105,0.95,0.95,0.95,0.95,7821,0
NAC,20181106,0.95,0.95,0.945,0.945,50289,0
NAC,20181107,0.95,0.95,0.95,0.95,18622,0
NAC,20181108,0.95,0.95,0.95,0.95,10500,0
NAC,20181109,0.96,0.96,0.955,0.955,59500,0
NAC,20181112,0.96,0.96,0.94,0.94,10500,0
NAC,20181113,0.975,0.975,0.94,0.94,13742,0
NAC,20181114,0.92,0.93,0.92,0.93,34703,0
NAC,20181115,0.93,0.93,0.93,0.93,577,0
NAC,20181116,0.94,0.965,0.94,0.965,4745,0
NAC,20181119,0.955,0.955,0.955,0.955,535,0
NAC,20181120,0.945,0.945,0.945,0.945,5000,0
NAC,20181121,0.925,0.925,0.91,0.91,63500,0
NAC,20181122,0.91,0.91,0.91,0.91,0,0
NAC,20181123,0.91,0.91,0.91,0.91,0,0
NAC,20181126,0.9,0.91,0.865,0.91,94174,0
NAC,20181127,0.91,0.91,0.91,0.91,4420,0
NAC,20181128,0.91,0.91,0.91,0.91,0,0
NAC,20181129,0.91,0.92,0.91,0.92,27150,0
NAC,20181130,0.92,0.92,0.92,0.92,0,0
NAC,20181203,0.92,0.92,0.92,0.92,0,0
NAC,20181204,0.9,0.93,0.9,0.93,47348,0
NAC,20181205,0.93,0.93,0.93,0.93,11129,0
NAC,20181206,0.93,0.93,0.93,0.93,0,0
NAC,20181207,0.93,0.93,0.93,0.93,0,0
NAC,20181210,0.93,0.93,0.93,0.93,0,0
NAC,20181211,0.93,0.94,0.93,0.93,54292,0
NAC,20181212,0.93,0.93,0.93,0.93,16075,0
NAC,20181213,0.905,0.905,0.9,0.9,8000,0
NAC,20181214,0.9,0.9,0.9,0.9,0,0
NAC,20181217,0.92,0.92,0.92,0.92,5000,0
NAC,20181218,0.92,0.92,0.91,0.91,112269,0
NAC,20181219,0.915,0.92,0.915,0.92,61058,0
NAC,20181220,0.92,0.92,0.9,0.9,33642,0
NAC,20181221,0.905,0.905,0.895,0.895,81025,0
NAC,20181224,0.89,0.89,0.89,0.89,1475,0
NAC,20181225,0.89,0.89,0.89,0.89,0,0
NAC,20181226,0.89,0.89,0.89,0.89,0,0
NAC,20181227,0.9,0.9,0.89,0.89,29844,0
NAC,20181228,0.9,0.9,0.9,0.9,411,0
NAC,20181231,0.9,0.9,0.89,0.89,6926,0
NAC,20190101,0.89,0.89,0.89,0.89,0,0
NAC,20190102,0.89,0.89,0.89,0.89,0,0
NAC,20190103,0.895,0.895,0.89,0.89,2028,0
NAC,20190104,0.89,0.89,0.89,0.89,0,0
NAC,20190107,0.89,0.89,0.89,0.89,0,0
NAC,20190108,0.89,0.9,0.89,0.9,27000,0
NAC,20190109,0.9,0.9,0.9,0.9,0,0
NAC,20190110,0.91,0.91,0.91,0.91,10000,0
NAC,20190111,0.91,0.925,0.91,0.92,52100,0
NAC,20190114,0.92,0.92,0.92,0.92,81500,0
NAC,20190115,0.92,0.92,0.91,0.91,12000,0
NAC,20190116,0.91,0.91,0.9,0.9,33829,0
NAC,20190117,0.9,0.9,0.9,0.9,18371,0
NAC,20190118,0.9,0.9,0.9,0.9,0,0
NAC,20190121,0.89,0.89,0.88,0.88,40333,0
NAC,20190122,0.865,0.865,0.855,0.86,33750,0
NAC,20190123,0.865,0.865,0.86,0.86,8000,0
NAC,20190124,0.86,0.86,0.86,0.86,0,0
NAC,20190125,0.88,0.88,0.88,0.88,1109,0
NAC,20190128,0.88,0.88,0.88,0.88,0,0
NAC,20190129,0.865,0.865,0.86,0.86,71222,0
NAC,20190130,0.86,0.86,0.86,0.86,0,0
NAC,20190131,0.88,0.885,0.88,0.885,4000,0
NAC,20190201,0.885,0.885,0.885,0.885,0,0
NAC,20190204,0.885,0.885,0.885,0.885,0,0
NAC,20190205,0.885,0.89,0.87,0.87,132513,0
NAC,20190206,0.875,0.875,0.87,0.87,46000,0
NAC,20190207,0.87,0.875,0.86,0.875,34109,0
NAC,20190208,0.875,0.875,0.86,0.87,27003,0
NAC,20190211,0.89,0.895,0.88,0.88,75889,0
NAC,20190212,0.89,0.89,0.875,0.875,51125,0
NAC,20190213,0.88,0.895,0.88,0.895,19103,0
NAC,20190214,0.88,0.89,0.875,0.875,243000,0
NAC,20190215,0.875,0.875,0.875,0.875,0,0
NAC,20190218,0.89,0.895,0.875,0.895,338047,0
NAC,20190219,0.9,0.9,0.89,0.895,59789,0
NAC,20190220,0.895,0.9,0.895,0.9,14000,0
NAC,20190221,0.885,0.885,0.885,0.885,1000,0
NAC,20190222,0.89,0.9,0.89,0.9,60104,0
NAC,20190225,0.9,0.9,0.9,0.9,0,0
NAC,20190226,0.865,0.88,0.84,0.84,28704,0
NAC,20190227,0.87,0.89,0.87,0.89,8265,0
NAC,20190228,0.89,0.89,0.89,0.89,18317,0
NAC,20190301,0.865,0.885,0.865,0.885,23721,0
NAC,20190304,0.885,0.89,0.845,0.89,77169,0
NAC,20190305,0.89,0.89,0.89,0.89,21,0
NAC,20190306,0.885,0.89,0.885,0.89,108242,0
NAC,20190307,0.89,0.89,0.89,0.89,4058,0
NAC,20190308,0.865,0.865,0.865,0.865,2942,0
NAC,20190311,0.865,0.865,0.865,0.865,0,0
NAC,20190312,0.855,0.855,0.85,0.855,9068,0
NAC,20190313,0.855,0.855,0.85,0.85,59781,0
NAC,20190314,0.85,0.875,0.85,0.875,18000,0
NAC,20190315,0.875,0.875,0.875,0.875,0,0
NAC,20190318,0.85,0.865,0.845,0.845,72250,0
NAC,20190319,0.84,0.84,0.84,0.84,1000,0
NAC,20190320,0.85,0.9,0.85,0.9,81706,0
NAC,20190321,0.88,0.895,0.84,0.895,31500,0
NAC,20190322,0.865,0.865,0.865,0.865,2032,0
NAC,20190325,0.86,0.86,0.84,0.84,65000,0
NAC,20190326,0.845,0.845,0.845,0.845,1171,0
NAC,20190327,0.845,0.845,0.845,0.845,0,0
NAC,20190328,0.845,0.845,0.845,0.845,0,0
NAC,20190329,0.845,0.845,0.84,0.84,14000,0
NAC,20190401,0.84,0.84,0.84,0.84,829,0
NAC,20190402,0.87,0.9,0.85,0.85,67841,0
NAC,20190403,0.855,0.855,0.855,0.855,4865,0
NAC,20190404,0.855,0.855,0.845,0.845,30135,0
NAC,20190405,0.84,0.84,0.84,0.84,13095,0
NAC,20190408,0.855,0.855,0.84,0.84,29842,0
NAC,20190409,0.83,0.84,0.83,0.84,73073,0
NAC,20190410,0.83,0.87,0.83,0.87,18100,0
NAC,20190411,0.85,0.85,0.85,0.85,40000,0
NAC,20190412,0.85,0.85,0.85,0.85,0,0
NAC,20190415,0.86,0.86,0.85,0.85,1175,0
NAC,20190416,0.85,0.85,0.85,0.85,0,0
NAC,20190417,0.86,0.865,0.86,0.865,30500,0
NAC,20190418,0.865,0.865,0.865,0.865,0,0
NAC,20190419,0.865,0.865,0.865,0.865,0,0
NAC,20190422,0.865,0.865,0.865,0.865,0,0
NAC,20190423,0.865,0.865,0.865,0.865,0,0
NAC,20190424,0.855,0.855,0.855,0.855,20482,0
NAC,20190425,0.855,0.855,0.855,0.855,0,0
NAC,20190426,0.87,0.87,0.86,0.86,56970,0
NAC,20190429,0.86,0.86,0.86,0.86,0,0
NAC,20190430,0.86,0.86,0.86,0.86,41469,0
NAC,20190501,0.86,0.86,0.83,0.83,48561,0
NAC,20190502,0.835,0.835,0.8,0.8,108667,0
NAC,20190503,0.825,0.825,0.8,0.8,46582,0
NAC,20190506,0.8,0.8,0.8,0.8,25000,0
NAC,20190507,0.795,0.795,0.795,0.795,11038,0
NAC,20190508,0.805,0.805,0.8,0.8,131739,0
NAC,20190509,0.82,0.82,0.8,0.815,82962,0
NAC,20190510,0.82,0.82,0.82,0.82,51918,0
NAC,20190513,0.82,0.82,0.82,0.82,0,0
NAC,20190514,0.825,0.825,0.82,0.82,7790,0
NAC,20190515,0.83,0.83,0.82,0.82,34105,0
NAC,20190516,0.82,0.82,0.82,0.82,0,0
NAC,20190517,0.84,0.84,0.84,0.84,16843,0
NAC,20190520,0.865,0.875,0.865,0.875,82202,0
NAC,20190521,0.88,0.88,0.86,0.88,30079,0
NAC,20190522,0.88,0.88,0.87,0.87,42058,0
NAC,20190523,0.87,0.87,0.87,0.87,2500,0
NAC,20190524,0.87,0.87,0.87,0.87,0,0
NAC,20190527,0.88,0.885,0.86,0.86,103700,0
NAC,20190528,0.86,0.86,0.86,0.86,1000,0
NAC,20190529,0.86,0.86,0.86,0.86,22000,0
NAC,20190530,0.875,0.88,0.85,0.87,52798,0
NAC,20190531,0.87,0.87,0.86,0.87,45000,0
NAC,20190603,0.87,0.87,0.87,0.87,0,0
NAC,20190604,0.86,0.86,0.845,0.845,40561,0
NAC,20190605,0.845,0.85,0.84,0.84,16866,0
NAC,20190606,0.83,0.84,0.82,0.82,55500,0
NAC,20190607,0.825,0.825,0.8,0.82,139693,0
NAC,20190610,0.82,0.82,0.82,0.82,0,0
NAC,20190611,0.805,0.815,0.79,0.8,234306,0
NAC,20190612,0.8,0.8,0.8,0.8,74270,0
NAC,20190613,0.8,0.835,0.785,0.805,128609,0
NAC,20190614,0.805,0.805,0.8,0.8,61600,0
NAC,20190617,0.8,0.81,0.785,0.8,38812,0
NAC,20190618,0.8,0.81,0.8,0.805,51000,0
NAC,20190619,0.81,0.82,0.805,0.82,67065,0
NAC,20190620,0.815,0.82,0.795,0.815,88200,0
NAC,20190621,0.8,0.81,0.8,0.81,11000,0
NAC,20190624,0.81,0.81,0.81,0.81,0,0
NAC,20190625,0.8,0.805,0.8,0.805,82242,0
NAC,20190626,0.81,0.815,0.805,0.815,47500,0
NAC,20190627,0.82,0.825,0.82,0.82,94206,0
NAC,20190628,0.82,0.825,0.82,0.825,85223,0
NAC,20190701,0.825,0.84,0.82,0.84,30000,0
NAC,20190702,0.82,0.835,0.82,0.835,2126,0
NAC,20190703,0.83,0.84,0.83,0.84,36000,0
NAC,20190704,0.84,0.84,0.83,0.83,94521,0
NAC,20190705,0.84,0.84,0.84,0.84,25000,0
NAC,20190708,0.84,0.84,0.84,0.84,1157,0
NAC,20190709,0.85,0.85,0.85,0.85,11224,0
NAC,20190710,0.845,0.845,0.84,0.845,8500,0
NAC,20190711,0.845,0.845,0.845,0.845,16500,0
NAC,20190712,0.845,0.845,0.84,0.84,154545,0
NAC,20190715,0.845,0.845,0.825,0.845,18098,0
NAC,20190716,0.845,0.845,0.845,0.845,0,0
NAC,20190717,0.845,0.87,0.835,0.835,100593,0
NAC,20190718,0.835,0.85,0.83,0.85,31206,0
NAC,20190719,0.855,0.865,0.855,0.865,106510,0
NAC,20190722,0.855,0.86,0.855,0.86,19227,0
NAC,20190723,0.855,0.855,0.85,0.85,15400,0
NAC,20190724,0.855,0.855,0.83,0.84,17669,0
NAC,20190725,0.84,0.85,0.84,0.85,60000,0
NAC,20190726,0.84,0.85,0.84,0.84,26885,0
NAC,20190729,0.84,0.84,0.835,0.835,69726,0
NAC,20190730,0.84,0.85,0.84,0.85,14200,0
NAC,20190731,0.85,0.86,0.845,0.85,26441,0
NAC,20190801,0.84,0.84,0.83,0.84,39428,0
NAC,20190802,0.83,0.84,0.81,0.815,86235,0
NAC,20190805,0.815,0.82,0.81,0.82,73814,0
NAC,20190806,0.805,0.805,0.8,0.8,17727,0
NAC,20190807,0.805,0.805,0.805,0.805,24000,0
NAC,20190808,0.82,0.82,0.82,0.82,10000,0
NAC,20190809,0.82,0.82,0.82,0.82,0,0
NAC,20190812,0.82,0.82,0.82,0.82,0,0
NAC,20190813,0.805,0.82,0.805,0.82,20600,0
NAC,20190814,0.805,0.805,0.805,0.805,10000,0
NAC,20190815,0.805,0.805,0.795,0.805,348530,0
NAC,20190816,0.785,0.81,0.785,0.81,19318,0
NAC,20190819,0.81,0.815,0.805,0.81,130380,0
NAC,20190820,0.81,0.82,0.81,0.82,34234,0
NAC,20190821,0.82,0.825,0.81,0.82,100200,0
NAC,20190822,0.825,0.825,0.825,0.825,500,0
NAC,20190823,0.825,0.825,0.825,0.825,0,0
NAC,20190826,0.815,0.84,0.795,0.81,125869,0
NAC,20190827,0.8,0.82,0.8,0.81,49700,0
NAC,20190828,0.81,0.83,0.81,0.83,75000,0
NAC,20190829,0.84,0.84,0.84,0.84,20000,0
NAC,20190830,0.84,0.85,0.84,0.85,36600,0
NAC,20190902,0.86,0.86,0.835,0.85,62402,0
NAC,20190903,0.84,0.84,0.82,0.835,70000,0
NAC,20190904,0.83,0.83,0.825,0.825,27000,0
NAC,20190905,0.84,0.84,0.84,0.84,16414,0
NAC,20190906,0.85,0.85,0.84,0.85,20028,0
NAC,20190909,0.865,0.875,0.86,0.87,50315,0
NAC,20190910,0.87,0.885,0.855,0.885,159207,0
NAC,20190911,0.87,0.885,0.87,0.885,64338,0
NAC,20190912,0.885,0.89,0.88,0.885,94612,0
NAC,20190913,0.89,0.89,0.89,0.89,40000,0
NAC,20190916,0.89,0.89,0.89,0.89,1123,0
NAC,20190917,0.89,0.89,0.89,0.89,0,0
NAC,20190918,0.89,0.89,0.89,0.89,24377,0
NAC,20190919,0.895,0.905,0.895,0.9,128620,0
NAC,20190920,0.91,0.915,0.91,0.915,51000,0
NAC,20190923,0.91,0.915,0.91,0.91,25000,0
NAC,20190924,0.9,0.9,0.9,0.9,38830,0
NAC,20190925,0.9,0.9,0.9,0.9,0,0
NAC,20190926,0.9,0.92,0.885,0.92,43150,0
NAC,20190927,0.92,0.92,0.92,0.92,0,0
NAC,20190930,0.92,0.93,0.91,0.93,95300,0
NAC,20191001,0.92,0.92,0.91,0.91,35000,0
NAC,20191002,0.915,0.93,0.915,0.93,13414,0
NAC,20191003,0.915,0.915,0.91,0.915,211427,0
NAC,20191004,0.92,0.92,0.915,0.915,17532,0
NAC,20191007,0.925,0.925,0.925,0.925,11789,0
NAC,20191008,0.92,0.925,0.92,0.925,21000,0
NAC,20191009,0.92,0.92,0.91,0.91,75746,0
NAC,20191010,0.91,0.92,0.91,0.92,75973,0
NAC,20191011,0.925,0.93,0.925,0.93,34528,0
NAC,20191014,0.92,0.93,0.92,0.925,98526,0
NAC,20191015,0.92,0.925,0.915,0.915,117187,0
NAC,20191016,0.915,0.93,0.915,0.92,39001,0
NAC,20191017,0.93,0.93,0.93,0.93,700,0
NAC,20191018,0.93,0.93,0.915,0.92,1139699,0
NAC,20191021,0.925,0.925,0.915,0.915,459940,0
NAC,20191022,0.925,0.925,0.925,0.925,2000,0
NAC,20191023,0.925,0.925,0.925,0.925,53266,0
NAC,20191024,0.94,0.94,0.94,0.94,3175,0
NAC,20191025,0.94,0.94,0.93,0.94,20355,0
NAC,20191028,0.925,0.925,0.925,0.925,200,0
NAC,20191029,0.94,0.94,0.925,0.925,7144,0
NAC,20191030,0.94,0.94,0.925,0.925,8576,0
NAC,20191031,0.93,0.935,0.925,0.93,265630,0
NAC,20191101,0.935,0.935,0.935,0.935,22500,0
NAC,20191104,0.935,0.935,0.93,0.93,45070,0
NAC,20191105,0.93,0.93,0.93,0.93,0,0
NAC,20191106,0.935,0.935,0.935,0.935,17620,0
NAC,20191107,0.935,0.935,0.925,0.93,195076,0
NAC,20191108,0.93,0.94,0.925,0.94,10750,0
NAC,20191111,0.955,0.985,0.95,0.96,138411,0
NAC,20191112,0.96,0.96,0.96,0.96,137103,0
NAC,20191113,0.96,0.96,0.955,0.955,99240,0
NAC,20191114,0.97,0.97,0.955,0.955,75925,0
NAC,20191115,0.955,0.955,0.955,0.955,0,0
NAC,20191118,0.955,0.955,0.95,0.95,81775,0
NAC,20191119,0.94,0.94,0.935,0.94,186863,0
NAC,20191120,0.945,0.945,0.935,0.945,58757,0
NAC,20191121,0.945,0.945,0.925,0.925,272500,0
NAC,20191122,0.94,0.95,0.94,0.94,55890,0
NAC,20191125,0.935,0.935,0.935,0.935,69024,0
NAC,20191126,0.94,0.95,0.935,0.94,26288,0
NAC,20191127,0.94,0.945,0.94,0.94,144857,0
NAC,20191128,0.945,0.95,0.945,0.945,64722,0
NAC,20191129,0.95,0.965,0.95,0.96,50476,0
NAC,20191202,0.96,0.96,0.955,0.955,65001,0
NAC,20191203,0.955,0.955,0.95,0.95,85124,0
NAC,20191204,0.95,0.95,0.945,0.945,110000,0
NAC,20191205,0.955,0.955,0.955,0.955,200,0
NAC,20191206,0.955,0.955,0.95,0.95,23910,0
NAC,20191209,0.955,0.96,0.94,0.94,136435,0
NAC,20191210,0.94,0.94,0.94,0.94,20000,0
NAC,20191211,0.95,0.95,0.95,0.95,25531,0
NAC,20191212,0.95,0.95,0.95,0.95,0,0
NAC,20191213,0.95,0.95,0.94,0.94,16804,0
NAC,20191216,0.96,0.96,0.96,0.96,700,0
NAC,20191217,0.95,0.965,0.95,0.965,27900,0
NAC,20191218,0.965,0.965,0.965,0.965,10000,0
NAC,20191219,0.97,0.98,0.97,0.98,84373,0
NAC,20191220,0.975,0.975,0.965,0.97,167593,0
NAC,20191223,0.95,0.96,0.93,0.96,76500,0
NAC,20191224,0.96,0.96,0.96,0.96,0,0
NAC,20191225,0.96,0.96,0.96,0.96,0,0
NAC,20191226,0.96,0.96,0.96,0.96,0,0
NAC,20191227,0.96,0.96,0.96,0.96,14914,0
NAC,20191230,0.965,0.965,0.965,0.965,3140,0
NAC,20191231,0.965,0.965,0.965,0.965,30000,0
NAC,20200101,0.965,0.965,0.965,0.965,0,0
NAC,20200102,0.965,0.965,0.965,0.965,40142,0
NAC,20200103,0.965,0.965,0.965,0.965,47203,0
NAC,20200106,0.965,0.965,0.965,0.965,0,0
NAC,20200107,0.96,0.96,0.96,0.96,10150,0
NAC,20200108,0.955,0.955,0.95,0.95,27500,0
NAC,20200109,0.955,0.96,0.955,0.96,37233,0
NAC,20200110,0.96,0.965,0.96,0.96,49100,0
NAC,20200113,0.97,1,0.97,0.995,226251,0
NAC,20200114,1,1,0.98,1,37652,0
NAC,20200115,1,1,0.995,0.995,83707,0
NAC,20200116,1.005,1.005,1.005,1.005,10850,0
NAC,20200117,1.01,1.05,1.01,1.025,94458,0
NAC,20200120,1.02,1.02,1.005,1.005,80991,0
NAC,20200121,1.02,1.03,1,1,102576,0
NAC,20200122,1.005,1.01,1,1,71150,0
NAC,20200123,1.01,1.01,1,1,50632,0
NAC,20200124,1,1,1,1,0,0
NAC,20200127,1,1,1,1,0,0
NAC,20200128,1,1,0.98,0.98,172350,0
NAC,20200129,0.985,1,0.985,1,113674,0
NAC,20200130,1.01,1.015,1,1,23421,0
NAC,20200131,1.005,1.005,1,1,108829,0
NAC,20200203,0.98,0.985,0.98,0.985,86400,0
NAC,20200204,0.985,0.99,0.985,0.99,42200,0
NAC,20200205,0.985,0.985,0.985,0.985,500,0
NAC,20200206,1,1,0.995,0.995,45000,0
NAC,20200207,0.995,0.995,0.995,0.995,70000,0
NAC,20200210,0.99,0.99,0.985,0.985,25012,0
NAC,20200211,0.99,1,0.99,1,57000,0
NAC,20200212,1,1.01,1,1.01,62558,0
NAC,20200213,1.01,1.01,1.01,1.01,24997,0
NAC,20200214,0.995,0.995,0.995,0.995,46300,0
NAC,20200217,0.995,0.995,0.995,0.995,0,0
NAC,20200218,0.995,0.995,0.995,0.995,0,0
NAC,20200219,1,1,0.995,1,120700,0
NAC,20200220,1.01,1.03,1.01,1.015,154286,0
NAC,20200221,1.005,1.005,1,1,32273,0
NAC,20200224,1.005,1.005,0.97,0.97,140714,0
NAC,20200225,0.95,0.96,0.94,0.94,122274,0
NAC,20200226,0.94,0.94,0.94,0.94,0,0
NAC,20200227,0.94,0.94,0.94,0.94,0,0
NAC,20200228,0.86,0.88,0.86,0.88,40100,0
NAC,20200302,0.87,0.88,0.83,0.88,46652,0
NAC,20200303,0.955,0.955,0.89,0.89,31000,0
NAC,20200304,0.87,0.87,0.87,0.87,14597,0
NAC,20200305,0.9,0.9,0.9,0.9,12587,0
NAC,20200306,0.9,0.9,0.875,0.875,13018,0
NAC,20200309,0.855,0.855,0.8,0.8,30977,0
NAC,20200310,0.755,0.85,0.75,0.85,25621,0
NAC,20200311,0.87,0.87,0.87,0.87,5747,0
NAC,20200312,0.87,0.87,0.87,0.87,0,0
NAC,20200313,0.8,0.82,0.78,0.78,115405,0
NAC,20200316,0.7,0.7,0.68,0.68,11000,0
NAC,20200317,0.69,0.69,0.69,0.69,10023,0
NAC,20200318,0.69,0.69,0.69,0.69,0,0
NAC,20200319,0.69,0.69,0.65,0.65,17000,0
NAC,20200320,0.7,0.72,0.65,0.65,68713,0
NAC,20200323,0.65,0.65,0.65,0.65,0,0
NAC,20200324,0.65,0.65,0.65,0.65,0,0
NAC,20200325,0.64,0.64,0.59,0.59,100714,0
NAC,20200326,0.61,0.61,0.61,0.61,122440,0
NAC,20200327,0.61,0.625,0.6,0.6,30697,0
NAC,20200330,0.6,0.625,0.6,0.6,91811,0
NAC,20200331,0.625,0.625,0.6,0.625,29680,0
NAC,20200401,0.605,0.625,0.605,0.625,31232,0
NAC,20200402,0.625,0.625,0.625,0.625,0,0
NAC,20200403,0.625,0.625,0.62,0.62,6022,0
NAC,20200406,0.62,0.655,0.62,0.655,15731,0
NAC,20200407,0.695,0.695,0.695,0.695,14388,0
NAC,20200408,0.695,0.695,0.695,0.695,0,0
NAC,20200409,0.675,0.69,0.675,0.69,34004,0
NAC,20200410,0.69,0.69,0.69,0.69,0,0
NAC,20200413,0.69,0.69,0.69,0.69,0,0
NAC,20200414,0.69,0.725,0.67,0.67,42622,0
NAC,20200415,0.655,0.655,0.655,0.655,919,0
NAC,20200416,0.655,0.655,0.65,0.65,45994,0
NAC,20200417,0.65,0.655,0.645,0.65,62337,0
NAC,20200420,0.65,0.65,0.645,0.65,13300,0
NAC,20200421,0.65,0.65,0.65,0.65,0,0
NAC,20200422,0.65,0.65,0.65,0.65,0,0
NAC,20200423,0.65,0.65,0.65,0.65,0,0
NAC,20200424,0.655,0.655,0.645,0.645,27392,0
NAC,20200427,0.68,0.68,0.68,0.68,4152,0
NAC,20200428,0.65,0.65,0.64,0.64,154578,0
NAC,20200429,0.64,0.64,0.64,0.64,0,0
NAC,20200430,0.675,0.68,0.675,0.675,9713,0
NAC,20200501,0.675,0.675,0.675,0.675,0,0
NAC,20200504,0.67,0.67,0.66,0.66,7280,0
NAC,20200505,0.66,0.66,0.66,0.66,0,0
NAC,20200506,0.66,0.66,0.66,0.66,0,0
NAC,20200507,0.675,0.675,0.64,0.64,80630,0
NAC,20200508,0.68,0.68,0.63,0.63,85448,0
NAC,20200511,0.69,0.705,0.69,0.69,50240,0
NAC,20200512,0.69,0.69,0.69,0.69,0,0
NAC,20200513,0.68,0.685,0.665,0.675,119395,0
NAC,20200514,0.68,0.685,0.68,0.68,47383,0
NAC,20200515,0.685,0.685,0.685,0.685,500,0
NAC,20200518,0.71,0.715,0.71,0.71,51598,0
NAC,20200519,0.735,0.735,0.73,0.73,21363,0
NAC,20200520,0.715,0.72,0.715,0.72,23150,0
NAC,20200521,0.715,0.72,0.71,0.72,60500,0
NAC,20200522,0.72,0.76,0.72,0.755,89778,0
NAC,20200525,0.75,0.76,0.75,0.76,74253,0
NAC,20200526,0.76,0.795,0.76,0.785,38400,0
NAC,20200527,0.76,0.78,0.76,0.78,26785,0
NAC,20200528,0.78,0.81,0.78,0.785,84345,0
NAC,20200529,0.785,0.8,0.785,0.795,46500,0
NAC,20200601,0.77,0.78,0.77,0.78,5402,0
NAC,20200602,0.785,0.81,0.785,0.81,20877,0
NAC,20200603,0.81,0.81,0.8,0.8,14187,0
NAC,20200604,0.81,0.815,0.8,0.81,23877,0
NAC,20200605,0.8,0.8,0.8,0.8,35093,0
NAC,20200608,0.8,0.8,0.8,0.8,0,0
NAC,20200609,0.82,0.83,0.82,0.83,38769,0
NAC,20200610,0.835,0.85,0.835,0.85,34203,0
NAC,20200611,0.85,0.85,0.815,0.815,29183,0
NAC,20200612,0.79,0.795,0.79,0.795,11579,0
NAC,20200615,0.795,0.795,0.795,0.795,0,0
NAC,20200616,0.79,0.81,0.79,0.805,171978,0
NAC,20200617,0.805,0.805,0.805,0.805,0,0
NAC,20200618,0.805,0.805,0.78,0.78,176184,0
NAC,20200619,0.8,0.81,0.8,0.805,150530,0
NAC,20200622,0.805,0.805,0.805,0.805,0,0
NAC,20200623,0.79,0.8,0.79,0.79,29315,0
NAC,20200624,0.79,0.81,0.79,0.81,33613,0
NAC,20200625,0.81,0.81,0.81,0.81,0,0
NAC,20200626,0.8,0.8,0.79,0.8,18291,0
NAC,20200629,0.79,0.79,0.77,0.77,75283,0
NAC,20200630,0.79,0.8,0.79,0.79,88353,0
NAC,20200701,0.8,0.8,0.795,0.795,45926,0
NAC,20200702,0.795,0.795,0.795,0.795,0,0
NAC,20200703,0.795,0.795,0.795,0.795,0,0
NAC,20200706,0.805,0.815,0.805,0.815,3520,0
NAC,20200707,0.82,0.82,0.805,0.81,8363,0
NAC,20200708,0.805,0.81,0.805,0.81,49925,0
NAC,20200709,0.81,0.825,0.81,0.825,118711,0
NAC,20200710,0.825,0.825,0.81,0.81,92711,0
NAC,20200713,0.83,0.83,0.81,0.82,37400,0
NAC,20200714,0.815,0.83,0.81,0.83,32649,0
NAC,20200715,0.83,0.83,0.83,0.83,0,0
NAC,20200716,0.815,0.822,0.81,0.822,88000,0
NAC,20200717,0.815,0.825,0.815,0.825,14368,0
NAC,20200720,0.825,0.825,0.825,0.825,1669,0
NAC,20200721,0.825,0.835,0.825,0.835,44868,0
NAC,20200722,0.84,0.85,0.84,0.85,107998,0
NAC,20200723,0.85,0.857,0.85,0.855,58575,0
NAC,20200724,0.85,0.85,0.85,0.85,70690,0
NAC,20200727,0.82,0.86,0.82,0.86,169418,0
NAC,20200728,0.885,0.885,0.855,0.855,126592,0
NAC,20200729,0.885,0.89,0.85,0.86,98437,0
NAC,20200730,0.88,0.88,0.88,0.88,930,0
NAC,20200731,0.88,0.88,0.855,0.855,29398,0
NAC,20200803,0.86,0.885,0.86,0.885,22823,0
NAC,20200804,0.885,0.955,0.885,0.95,68343,0
NAC,20200805,0.95,0.95,0.895,0.895,16454,0
NAC,20200806,0.895,0.895,0.895,0.895,0,0
NAC,20200807,0.93,0.93,0.93,0.93,11000,0
NAC,20200810,0.925,0.93,0.92,0.92,21648,0
NAC,20200811,0.92,0.92,0.91,0.91,37318,0
NAC,20200812,0.91,0.925,0.91,0.925,61771,0
NAC,20200813,0.905,0.905,0.875,0.89,238501,0
NAC,20200814,0.9,0.9,0.9,0.9,56081,0
NAC,20200817,0.9,0.91,0.9,0.9,101495,0
NAC,20200818,0.91,0.91,0.9,0.9,13200,0
NAC,20200819,0.91,0.92,0.9,0.92,322495,0
NAC,20200820,0.92,0.92,0.91,0.91,70500,0
NAC,20200821,0.92,0.96,0.92,0.945,91196,0
NAC,20200824,0.94,0.945,0.915,0.94,141869,0
NAC,20200825,0.94,0.94,0.92,0.92,65231,0
NAC,20200826,0.93,0.93,0.93,0.93,25000,0
NAC,20200827,0.94,0.94,0.94,0.94,38584,0
NAC,20200828,0.94,0.945,0.93,0.94,342750,0
NAC,20200831,0.925,0.925,0.925,0.925,21449,0
NAC,20200901,0.925,0.925,0.925,0.925,0,0
NAC,20200902,0.94,0.94,0.925,0.93,118391,0
NAC,20200903,0.94,0.94,0.94,0.94,36137,0
NAC,20200904,0.91,0.91,0.895,0.9,39349,0
NAC,20200907,0.905,0.975,0.905,0.96,6836,0
NAC,20200908,0.955,0.955,0.955,0.955,5215,0
NAC,20200909,0.955,0.96,0.95,0.95,100000,0
NAC,20200910,0.95,0.955,0.95,0.955,207300,0
NAC,20200911,0.955,0.955,0.955,0.955,3000,0
NAC,20200914,0.93,0.93,0.92,0.92,20000,0
NAC,20200915,0.93,0.95,0.93,0.95,25904,0
NAC,20200916,0.93,0.93,0.93,0.93,25330,0
NAC,20200917,0.93,0.93,0.93,0.93,8750,0
NAC,20200918,0.95,0.965,0.95,0.965,93659,0
NAC,20200921,0.99,0.99,0.98,0.98,37550,0
NAC,20200922,0.98,0.98,0.98,0.98,0,0
NAC,20200923,0.98,0.98,0.98,0.98,0,0
NAC,20200924,0.98,1.04,0.98,0.99,31100,0
NAC,20200925,1.005,1.005,1.005,1.005,13839,0
NAC,20200928,1.01,1.01,1,1,71351,0
NAC,20200929,1,1.01,0.99,0.99,42655,0
NAC,20200930,0.99,0.99,0.93,0.93,481905,0
NAC,20201001,0.95,0.95,0.945,0.945,183470,0
NAC,20201002,0.94,0.95,0.94,0.95,90660,0
NAC,20201005,0.95,0.95,0.945,0.95,5697,0
NAC,20201006,0.97,0.97,0.965,0.97,64796,0
NAC,20201007,0.98,0.985,0.97,0.97,60862,0
NAC,20201008,0.99,1,0.97,0.98,35856,0
NAC,20201009,0.98,0.99,0.98,0.99,22573,0
NAC,20201012,1,1.01,1,1,96669,0
NAC,20201013,1.01,1.04,1.01,1.03,90235,0
NAC,20201014,1.04,1.05,1.04,1.05,55400,0
NAC,20201015,1.05,1.05,1.05,1.05,3340,0
NAC,20201016,1.055,1.075,1.055,1.075,54658,0
NAC,20201019,1.07,1.075,1.07,1.07,66934,0
NAC,20201020,1.075,1.08,1.07,1.08,44073,0
NAC,20201021,1.09,1.095,1.06,1.06,51100,0
NAC,20201022,1.055,1.055,1.05,1.05,21480,0
NAC,20201023,1.05,1.05,1.03,1.04,365360,0
NAC,20201026,1.05,1.055,1.045,1.055,58062,0
NAC,20201027,1.055,1.055,1.055,1.055,69500,0
NAC,20201028,1.055,1.07,1.055,1.07,3678,0
NAC,20201029,1.06,1.06,1.055,1.055,79822,0
NAC,20201030,1.055,1.055,1.055,1.055,11640,0
NAC,20201102,1.05,1.05,1.05,1.05,68308,0
NAC,20201103,1.05,1.055,1.05,1.055,104754,0
NAC,20201104,1.05,1.05,1.04,1.04,60000,0
NAC,20201105,1.04,1.05,1.04,1.05,80019,0
NAC,20201106,1.05,1.05,1.045,1.045,113000,0
NAC,20201109,1.04,1.075,1.04,1.075,123810,0
NAC,20201110,1.1,1.125,1.1,1.12,95592,0
NAC,20201111,1.13,1.13,1.1,1.1,47307,0
NAC,20201112,1.1,1.11,1.1,1.1,28183,0
NAC,20201113,1.1,1.135,1.1,1.135,13636,0
NAC,20201116,1.135,1.135,1.135,1.135,0,0
NAC,20201117,1.125,1.13,1.12,1.12,47400,0
NAC,20201118,1.12,1.13,1.12,1.13,135493,0
NAC,20201119,1.125,1.125,1.1,1.11,46058,0
NAC,20201120,1.105,1.125,1.1,1.1,11960,0
NAC,20201123,1.105,1.105,1.1,1.1,8087,0
NAC,20201124,1.1,1.115,1.095,1.1,265915,0
NAC,20201125,1.105,1.105,1.08,1.08,87245,0
NAC,20201126,1.1,1.1,1.1,1.1,84545,0
NAC,20201127,1.1,1.1,1.1,1.1,14090,0
NAC,20201130,1.1,1.1,1.1,1.1,12000,0
NAC,20201201,1.085,1.085,1.085,1.085,9550,0
NAC,20201202,1.1,1.1,1.095,1.095,33000,0
NAC,20201203,1.095,1.1,1.095,1.1,43645,0
NAC,20201204,1.1,1.1,1.1,1.1,4715,0
NAC,20201207,1.11,1.11,1.11,1.11,20000,0
NAC,20201208,1.12,1.12,1.11,1.11,37455,0
NAC,20201209,1.125,1.13,1.12,1.12,90714,0
NAC,20201210,1.11,1.11,1.11,1.11,19885,0
NAC,20201211,1.105,1.105,1.1,1.1,60853,0
NAC,20201214,1.1,1.1,1.095,1.1,21247,0
NAC,20201215,1.1,1.1,1.08,1.08,49043,0
NAC,20201216,1.09,1.09,1.09,1.09,20300,0
NAC,20201217,1.09,1.09,1.08,1.08,32798,0
NAC,20201218,1.075,1.08,1.05,1.08,38085,0
NAC,20201221,1.08,1.08,1.08,1.08,0,0
NAC,20201222,1.1,1.1,1.1,1.1,18181,0
NAC,20201223,1.08,1.1,1.08,1.085,70003,0
NAC,20201224,1.08,1.08,1.08,1.08,6751,0
NAC,20201225,1.08,1.08,1.08,1.08,0,0
NAC,20201228,1.08,1.08,1.08,1.08,0,0
NAC,20201229,1.095,1.095,1.095,1.095,4545,0
NAC,20201230,1.09,1.09,1.08,1.08,9183,0
NAC,20201231,1.08,1.08,1.075,1.075,9305,0
NAC,20210101,1.075,1.075,1.075,1.075,0,0
NAC,20210104,1.08,1.08,1.08,1.08,10000,0
NAC,20210105,1.09,1.09,1.08,1.08,53245,0
NAC,20210106,1.06,1.06,1.06,1.06,10340,0
NAC,20210107,1.065,1.075,1.055,1.055,51996,0
NAC,20210108,1.06,1.075,1.06,1.07,33900,0
NAC,20210111,1.07,1.08,1.065,1.065,55144,0
NAC,20210112,1.075,1.095,1.075,1.09,25000,0
NAC,20210113,1.075,1.075,1.02,1.03,360523,0
NAC,20210114,1.04,1.04,1.035,1.035,6930,0
NAC,20210115,1.04,1.08,1.04,1.045,84977,0
NAC,20210118,1.045,1.045,1.03,1.03,127505,0
NAC,20210119,1.03,1.035,1.03,1.035,20000,0
NAC,20210120,1.04,1.04,1.035,1.035,40326,0
NAC,20210121,1.045,1.045,1.045,1.045,42200,0
NAC,20210122,1.04,1.04,1.04,1.04,89307,0
NAC,20210125,1.035,1.035,1.035,1.035,3820,0
NAC,20210126,1.035,1.035,1.035,1.035,0,0
NAC,20210127,1.04,1.05,1.04,1.04,74898,0
NAC,20210128,1.035,1.04,1.035,1.035,79405,0
NAC,20210129,1.035,1.035,1.03,1.035,18346,0
NAC,20210201,1.035,1.035,1.03,1.03,130386,0
NAC,20210202,1.03,1.03,1.03,1.03,25758,0
NAC,20210203,1.03,1.045,1.025,1.04,66636,0
NAC,20210204,1.035,1.035,1.035,1.035,6000,0
NAC,20210205,1.03,1.03,1.025,1.03,39770,0
NAC,20210208,1.035,1.035,1.03,1.03,28681,0
NAC,20210209,1.03,1.03,1.025,1.03,251970,0
NAC,20210210,1.03,1.03,1.025,1.03,63678,0
NAC,20210211,1.025,1.025,1.02,1.02,55234,0
NAC,20210212,1.02,1.02,0.99,1.02,25000,0
NAC,20210215,1.025,1.025,1.02,1.02,56375,0
NAC,20210216,1.02,1.035,1.015,1.035,148565,0
NAC,20210217,1.03,1.03,1.03,1.03,5000,0
NAC,20210218,1.03,1.035,1.015,1.035,236199,0
NAC,20210219,1.035,1.045,1.035,1.045,18500,0
NAC,20210222,1.035,1.05,1.03,1.03,127249,0
NAC,20210223,1.03,1.03,1.02,1.02,171905,0
NAC,20210224,1.02,1.04,1.02,1.03,97745,0
NAC,20210225,1.03,1.045,1.03,1.04,27550,0
NAC,20210226,1,1,1,1,3000,0
NAC,20210301,1.005,1.005,0.995,0.995,21186,0
NAC,20210302,1,1.02,1,1,78408,0
NAC,20210303,1,1.03,1,1.03,17476,0
NAC,20210304,1.03,1.03,1.01,1.01,34546,0
NAC,20210305,1.01,1.01,1,1,34106,0
NAC,20210308,1.035,1.05,1.035,1.045,263752,0
NAC,20210309,1.045,1.045,1.025,1.025,39663,0
NAC,20210310,1.03,1.045,1.03,1.03,61773,0
NAC,20210311,1.025,1.03,1.02,1.03,30554,0
NAC,20210312,1.04,1.05,1.04,1.05,40000,0
NAC,20210315,1.04,1.05,1.035,1.05,19500,0
NAC,20210316,1.05,1.05,1.035,1.035,29745,0
NAC,20210317,1.035,1.035,1.035,1.035,0,0
NAC,20210318,1.04,1.05,1.035,1.045,32802,0
NAC,20210319,1.05,1.05,1.05,1.05,5500,0
NAC,20210322,1.05,1.05,1.05,1.05,7633,0
NAC,20210323,1.055,1.055,1.045,1.045,27555,0
NAC,20210324,1.06,1.08,1.055,1.055,11455,0
NAC,20210325,1.075,1.075,1.05,1.05,28803,0
NAC,20210326,1.055,1.055,1.05,1.05,15000,0
NAC,20210329,1.05,1.06,1.05,1.05,61700,0
NAC,20210330,1.05,1.06,1.05,1.06,32642,0
NAC,20210331,1.05,1.085,1.05,1.085,18589,0
NAC,20210401,1.06,1.06,1.06,1.06,5000,0
NAC,20210402,1.06,1.06,1.06,1.06,0,0
NAC,20210405,1.06,1.06,1.06,1.06,0,0
NAC,20210406,1.065,1.065,1.065,1.065,4000,0
NAC,20210407,1.07,1.07,1.07,1.07,330,0
NAC,20210408,1.075,1.085,1.075,1.08,18527,0
NAC,20210409,1.08,1.08,1.08,1.08,7500,0
NAC,20210412,1.09,1.11,1.09,1.11,64730,0
NAC,20210413,1.11,1.13,1.11,1.13,94500,0
NAC,20210414,1.13,1.14,1.13,1.13,41531,0
NAC,20210415,1.13,1.13,1.12,1.12,9000,0
NAC,20210416,1.12,1.12,1.12,1.12,5000,0
NAC,20210419,1.12,1.12,1.12,1.12,1892,0
NAC,20210420,1.135,1.135,1.12,1.12,18940,0
NAC,20210421,1.135,1.135,1.12,1.12,29000,0
NAC,20210422,1.115,1.115,1.115,1.115,27811,0
NAC,20210423,1.11,1.11,1.095,1.095,87089,0
NAC,20210426,1.09,1.09,1.075,1.075,70230,0
NAC,20210427,1.1,1.1,1.095,1.095,20029,0
NAC,20210428,1.1,1.1,1.095,1.1,21526,0
NAC,20210429,1.095,1.1,1.095,1.1,87539,0
NAC,20210430,1.055,1.055,1.055,1.055,8954,0
NAC,20210503,1.1,1.13,1.1,1.105,49379,0
NAC,20210504,1.08,1.11,1.08,1.11,15398,0
NAC,20210505,1.11,1.11,1.095,1.095,25527,0
NAC,20210506,1.1,1.11,1.1,1.11,25002,0
NAC,20210507,1.11,1.11,1.11,1.11,29622,0
NAC,20210510,1.105,1.11,1.1,1.11,22265,0
NAC,20210511,1.115,1.115,1.09,1.09,47562,0
NAC,20210512,1.09,1.09,1.09,1.09,0,0
NAC,20210513,1.11,1.11,1.08,1.08,69331,0
NAC,20210514,1.1,1.105,1.1,1.105,46182,0
NAC,20210517,1.11,1.11,1.095,1.095,6360,0
NAC,20210518,1.11,1.11,1.11,1.11,18451,0
NAC,20210519,1.09,1.1,1.09,1.1,25918,0
NAC,20210520,1.1,1.105,1.09,1.105,84235,0
NAC,20210521,1.105,1.105,1.105,1.105,9847,0
NAC,20210524,1.105,1.11,1.105,1.11,36605,0
NAC,20210525,1.105,1.105,1.105,1.105,10000,0
NAC,20210526,1.11,1.125,1.11,1.125,105000,0
NAC,20210527,1.125,1.13,1.125,1.13,10000,0
NAC,20210528,1.13,1.13,1.13,1.13,4105,0
NAC,20210531,1.13,1.13,1.1,1.1,69369,0
NAC,20210601,1.1,1.1,1.1,1.1,0,0
NAC,20210602,1.12,1.12,1.12,1.12,20000,0
NAC,20210603,1.12,1.14,1.12,1.14,31300,0
NAC,20210604,1.125,1.125,1.12,1.12,14265,0
NAC,20210607,1.145,1.145,1.145,1.145,5,0
NAC,20210608,1.13,1.13,1.12,1.12,9039,0
NAC,20210609,1.13,1.195,1.13,1.15,35114,0
NAC,20210610,1.15,1.15,1.15,1.15,25283,0
NAC,20210611,1.155,1.155,1.15,1.15,41164,0
NAC,20210614,1.15,1.15,1.15,1.15,0,0
NAC,20210615,1.185,1.185,1.185,1.185,5800,0
NAC,20210616,1.185,1.19,1.185,1.19,4000,0
NAC,20210617,1.19,1.19,1.19,1.19,0,0
NAC,20210618,1.19,1.21,1.19,1.21,4800,0
NAC,20210621,1.175,1.175,1.16,1.16,140435,0
NAC,20210622,1.16,1.18,1.16,1.18,11817,0
NAC,20210623,1.16,1.16,1.155,1.16,71791,0
NAC,20210624,1.16,1.165,1.16,1.165,12776,0
NAC,20210625,1.17,1.17,1.17,1.17,19505,0
NAC,20210628,1.17,1.17,1.15,1.15,50892,0
NAC,20210629,1.165,1.165,1.165,1.165,10000,0
NAC,20210630,1.165,1.2,1.165,1.18,52167,0
