NVA,20140718,0.026,0.026,0.026,0.026,5769.23076923076923,0
NVA,20140721,0.026,0.026,0.026,0.026,0,0
NVA,20140722,0.026,0.026,0.026,0.026,0,0
NVA,20140723,0.026,0.026,0.026,0.026,0,0
NVA,20140724,0.026,0.026,0.026,0.026,18461.5384615384615,0
NVA,20140725,0.026,0.026,0.026,0.026,0,0
NVA,20140728,0.026,0.026,0.026,0.026,0,0
NVA,20140729,0.026,0.026,0.026,0.026,0,0
NVA,20140730,0.026,0.026,0.026,0.026,0,0
NVA,20140731,0.026,0.026,0.026,0.026,34423.0769230769231,0
NVA,20140801,0.026,0.026,0.026,0.026,35.5384615384615385,0
NVA,20140804,0.026,0.026,0.026,0.026,0,0
NVA,20140805,0.026,0.026,0.026,0.026,0,0
NVA,20140806,0.026,0.026,0.026,0.026,0,0
NVA,20140807,0.026,0.026,0.026,0.026,0,0
NVA,20140808,0.026,0.026,0.026,0.026,0,0
NVA,20140811,0.026,0.026,0.026,0.026,0,0
NVA,20140812,0.026,0.026,0.026,0.026,0,0
NVA,20140813,0.026,0.026,0.026,0.026,0,0
NVA,20140814,0.026,0.026,0.026,0.026,0,0
NVA,20140815,0.026,0.026,0.026,0.026,12980.5384615384615,0
NVA,20140818,0.026,0.026,0.026,0.026,0,0
NVA,20140819,0.026,0.026,0.026,0.026,153846.153846153846,0
NVA,20140820,0.039,0.039,0.039,0.039,23076.9230769230769,0
NVA,20140821,0.039,0.039,0.039,0.039,38461.5384615384615,0
NVA,20140822,0.039,0.052,0.039,0.052,307692.307692307692,0
NVA,20140825,0.039,0.091,0.039,0.052,1233348.69230769231,0
NVA,20140826,0.039,0.039,0.026,0.026,163076.923076923077,0
NVA,20140827,0.026,0.039,0.026,0.039,892256.461538461538,0
NVA,20140828,0.039,0.039,0.039,0.039,25641,0
NVA,20140829,0.039,0.039,0.039,0.039,153846.153846153846,0
NVA,20140901,0.026,0.039,0.026,0.026,40784.6153846153846,0
NVA,20140902,0.039,0.039,0.039,0.039,42307.6923076923077,0
NVA,20140903,0.039,0.039,0.039,0.039,0,0
NVA,20140904,0.039,0.039,0.039,0.039,0,0
NVA,20140905,0.039,0.039,0.039,0.039,15384.6153846153846,0
NVA,20140908,0.039,0.039,0.039,0.039,0,0
NVA,20140909,0.039,0.039,0.039,0.039,0,0
NVA,20140910,0.026,0.026,0.026,0.026,80.8461538461538462,0
NVA,20140911,0.026,0.026,0.026,0.026,0,0
NVA,20140912,0.026,0.026,0.026,0.026,0,0
NVA,20140915,0.026,0.026,0.026,0.026,0,0
NVA,20140916,0.026,0.026,0.026,0.026,76923.0769230769231,0
NVA,20140917,0.026,0.026,0.026,0.026,150.769230769230769,0
NVA,20140918,0.026,0.026,0.026,0.026,0,0
NVA,20140919,0.026,0.026,0.026,0.026,0,0
NVA,20140922,0.026,0.026,0.026,0.026,0,0
NVA,20140923,0.026,0.026,0.026,0.026,0,0
NVA,20140924,0.026,0.026,0.026,0.026,0,0
NVA,20140925,0.026,0.026,0.026,0.026,0,0
NVA,20140926,0.026,0.026,0.026,0.026,0,0
NVA,20140929,0.026,0.026,0.026,0.026,0,0
NVA,20140930,0.026,0.026,0.026,0.026,0,0
NVA,20141001,0.026,0.026,0.026,0.026,0,0
NVA,20141002,0.026,0.026,0.026,0.026,0,0
NVA,20141003,0.026,0.026,0.026,0.026,0,0
NVA,20141006,0.026,0.026,0.026,0.026,0,0
NVA,20141007,0.026,0.026,0.026,0.026,82692.3076923076923,0
NVA,20141008,0.026,0.026,0.026,0.026,5000,0
NVA,20141009,0.026,0.026,0.026,0.026,0,0
NVA,20141010,0.026,0.026,0.026,0.026,0,0
NVA,20141013,0.026,0.026,0.026,0.026,0,0
NVA,20141014,0.026,0.026,0.026,0.026,0,0
NVA,20141015,0.026,0.039,0.026,0.039,523871.615384615385,0
NVA,20141016,0.039,0.039,0.039,0.039,131600,0
NVA,20141017,0.039,0.039,0.039,0.039,0,0
NVA,20141020,0.039,0.039,0.039,0.039,9913,0
NVA,20141021,0.039,0.039,0.039,0.039,51282,0
NVA,20141022,0.039,0.039,0.039,0.039,0,0
NVA,20141023,0.039,0.039,0.039,0.039,0,0
NVA,20141024,0.039,0.039,0.039,0.039,0,0
NVA,20141027,0.039,0.039,0.039,0.039,29053.7692307692308,0
NVA,20141028,0.039,0.039,0.039,0.039,0,0
NVA,20141029,0.039,0.039,0.039,0.039,76923.0769230769231,0
NVA,20141030,0.039,0.039,0.039,0.039,0,0
NVA,20141031,0.039,0.039,0.039,0.039,269.230769230769231,0
NVA,20141103,0.039,0.039,0.039,0.039,0,0
NVA,20141104,0.039,0.039,0.039,0.039,0,0
NVA,20141105,0.039,0.039,0.039,0.039,16143.3076923076923,0
NVA,20141106,0.039,0.039,0.039,0.039,0,0
NVA,20141107,0.039,0.039,0.039,0.039,26923.0769230769231,0
NVA,20141110,0.039,0.039,0.039,0.039,0,0
NVA,20141111,0.039,0.039,0.039,0.039,343065.692307692308,0
NVA,20141112,0.039,0.039,0.039,0.039,77266.5384615384615,0
NVA,20141113,0.039,0.039,0.039,0.039,20000,0
NVA,20141114,0.039,0.039,0.039,0.039,215.384615384615385,0
NVA,20141117,0.039,0.039,0.039,0.039,0,0
NVA,20141118,0.039,0.039,0.039,0.039,51282,0
NVA,20141119,0.039,0.039,0.039,0.039,0,0
NVA,20141120,0.052,0.052,0.052,0.052,12904.0769230769231,0
NVA,20141121,0.052,0.052,0.052,0.052,0,0
NVA,20141124,0.039,0.039,0.039,0.039,26923.0769230769231,0
NVA,20141125,0.039,0.039,0.039,0.039,0,0
NVA,20141126,0.039,0.039,0.039,0.039,0,0
NVA,20141127,0.039,0.039,0.039,0.039,0,0
NVA,20141128,0.052,0.052,0.052,0.052,150641.076923076923,0
NVA,20141201,0.052,0.052,0.039,0.052,74851.6153846153846,0
NVA,20141202,0.052,0.052,0.052,0.052,0,0
NVA,20141203,0.052,0.052,0.052,0.052,8033,0
NVA,20141204,0.052,0.052,0.052,0.052,0,0
NVA,20141205,0.052,0.052,0.052,0.052,0,0
NVA,20141208,0.039,0.039,0.039,0.039,15384.6153846153846,0
NVA,20141209,0.039,0.039,0.039,0.039,0,0
NVA,20141210,0.039,0.039,0.039,0.039,37.4615384615384615,0
NVA,20141211,0.052,0.052,0.052,0.052,76923.0769230769231,0
NVA,20141212,0.052,0.052,0.052,0.052,0,0
NVA,20141215,0.039,0.039,0.039,0.039,79771.4615384615385,0
NVA,20141216,0.039,0.039,0.039,0.039,107692.307692307692,0
NVA,20141217,0.039,0.039,0.039,0.039,0,0
NVA,20141218,0.039,0.039,0.039,0.039,115384.615384615385,0
NVA,20141219,0.039,0.039,0.039,0.039,0,0
NVA,20141222,0.026,0.026,0.026,0.026,215.384615384615385,0
NVA,20141223,0.026,0.026,0.026,0.026,0,0
NVA,20141224,0.026,0.026,0.026,0.026,0,0
NVA,20141225,0.026,0.026,0.026,0.026,0,0
NVA,20141226,0.026,0.026,0.026,0.026,0,0
NVA,20141229,0.026,0.026,0.026,0.026,0,0
NVA,20141230,0.026,0.026,0.026,0.026,0,0
NVA,20141231,0.026,0.026,0.026,0.026,0,0
NVA,20150101,0.026,0.026,0.026,0.026,0,0
NVA,20150102,0.026,0.026,0.026,0.026,0,0
NVA,20150105,0.026,0.026,0.026,0.026,39538.4615384615385,0
NVA,20150106,0.026,0.026,0.026,0.026,0,0
NVA,20150107,0.026,0.026,0.026,0.026,509230.769230769231,0
NVA,20150108,0.026,0.026,0.026,0.026,18846.1538461538462,0
NVA,20150109,0.026,0.026,0.026,0.026,0,0
NVA,20150112,0.026,0.026,0.026,0.026,31538.4615384615385,0
NVA,20150113,0.026,0.026,0.026,0.026,0,0
NVA,20150114,0.026,0.026,0.026,0.026,11834.3076923076923,0
NVA,20150115,0.026,0.026,0.026,0.026,0,0
NVA,20150116,0.026,0.026,0.026,0.026,0,0
NVA,20150119,0.026,0.026,0.026,0.026,0,0
NVA,20150120,0.026,0.026,0.026,0.026,12923.0769230769231,0
NVA,20150121,0.026,0.026,0.026,0.026,0,0
NVA,20150122,0.039,0.039,0.039,0.039,92307.6923076923077,0
NVA,20150123,0.039,0.039,0.039,0.039,0,0
NVA,20150126,0.039,0.039,0.039,0.039,0,0
NVA,20150127,0.039,0.039,0.039,0.039,0,0
NVA,20150128,0.039,0.039,0.039,0.039,0,0
NVA,20150129,0.039,0.039,0.039,0.039,0,0
NVA,20150130,0.039,0.039,0.039,0.039,0,0
NVA,20150202,0.039,0.039,0.039,0.039,0,0
NVA,20150203,0.039,0.039,0.039,0.039,0,0
NVA,20150204,0.039,0.039,0.039,0.039,0,0
NVA,20150205,0.039,0.039,0.039,0.039,0,0
NVA,20150206,0.039,0.039,0.039,0.039,0,0
NVA,20150209,0.039,0.039,0.039,0.039,0,0
NVA,20150210,0.039,0.039,0.039,0.039,0,0
NVA,20150211,0.039,0.039,0.039,0.039,0,0
NVA,20150212,0.039,0.039,0.039,0.039,0,0
NVA,20150213,0.026,0.026,0.026,0.026,76923.0769230769231,0
NVA,20150216,0.026,0.026,0.026,0.026,369230.769230769231,0
NVA,20150217,0.026,0.026,0.026,0.026,230769.230769230769,0
NVA,20150218,0.026,0.026,0.026,0.026,0,0
NVA,20150219,0.026,0.026,0.026,0.026,0,0
NVA,20150220,0.026,0.026,0.026,0.026,0,0
NVA,20150223,0.026,0.026,0.026,0.026,18269.2307692307692,0
NVA,20150224,0.026,0.026,0.026,0.026,0,0
NVA,20150225,0.026,0.026,0.026,0.026,0,0
NVA,20150226,0.026,0.026,0.026,0.026,0,0
NVA,20150227,0.026,0.026,0.026,0.026,0,0
NVA,20150302,0.026,0.026,0.026,0.026,0,0
NVA,20150303,0.026,0.026,0.026,0.026,0,0
NVA,20150304,0.026,0.026,0.026,0.026,0,0
NVA,20150305,0.026,0.026,0.026,0.026,0,0
NVA,20150306,0.026,0.026,0.026,0.026,0,0
NVA,20150309,0.013,0.013,0.013,0.013,40.3846153846153846,0
NVA,20150310,0.013,0.013,0.013,0.013,0,0
NVA,20150311,0.013,0.013,0.013,0.013,0,0
NVA,20150312,0.013,0.013,0.013,0.013,0,0
NVA,20150313,0.013,0.013,0.013,0.013,0,0
NVA,20150316,0.013,0.013,0.013,0.013,0,0
NVA,20150317,0.013,0.013,0.013,0.013,0,0
NVA,20150318,0.013,0.013,0.013,0.013,0,0
NVA,20150319,0.013,0.013,0.013,0.013,0,0
NVA,20150320,0.026,0.026,0.026,0.026,46155.7692307692308,0
NVA,20150323,0.026,0.026,0.026,0.026,0,0
NVA,20150324,0.026,0.026,0.026,0.026,0,0
NVA,20150325,0.026,0.026,0.026,0.026,0,0
NVA,20150326,0.026,0.026,0.026,0.026,0,0
NVA,20150327,0.026,0.026,0.026,0.026,0,0
NVA,20150330,0.026,0.026,0.026,0.026,0,0
NVA,20150331,0.013,0.026,0.013,0.026,55285.6923076923077,0
NVA,20150401,0.013,0.013,0.013,0.013,161.538461538461538,0
NVA,20150402,0.013,0.013,0.013,0.013,0,0
NVA,20150403,0.013,0.013,0.013,0.013,0,0
NVA,20150406,0.013,0.013,0.013,0.013,0,0
NVA,20150407,0.013,0.013,0.013,0.013,0,0
NVA,20150408,0.013,0.013,0.013,0.013,0,0
NVA,20150409,0.013,0.013,0.013,0.013,0,0
NVA,20150410,0.013,0.013,0.013,0.013,0,0
NVA,20150413,0.013,0.013,0.013,0.013,0,0
NVA,20150414,0.013,0.013,0.013,0.013,0,0
NVA,20150415,0.013,0.013,0.013,0.013,0,0
NVA,20150416,0.013,0.013,0.013,0.013,0,0
NVA,20150417,0.013,0.013,0.013,0.013,0,0
NVA,20150420,0.013,0.013,0.013,0.013,0,0
NVA,20150421,0.013,0.013,0.013,0.013,0,0
NVA,20150422,0.013,0.013,0.013,0.013,0,0
NVA,20150423,0.013,0.013,0.013,0.013,0,0
NVA,20150424,0.013,0.013,0.013,0.013,0,0
NVA,20150427,0.013,0.013,0.013,0.013,0,0
NVA,20150428,0.026,0.026,0.026,0.026,208392.769230769231,0
NVA,20150429,0.026,0.026,0.026,0.026,100000,0
NVA,20150430,0.039,0.039,0.039,0.039,48076.9230769230769,0
NVA,20150501,0.039,0.039,0.039,0.039,76923.0769230769231,0
NVA,20150504,0.039,0.039,0.039,0.039,0,0
NVA,20150505,0.039,0.039,0.039,0.039,0,0
NVA,20150506,0.039,0.039,0.039,0.039,0,0
NVA,20150507,0.039,0.039,0.039,0.039,0,0
NVA,20150508,0.039,0.039,0.039,0.039,0,0
NVA,20150511,0.039,0.039,0.039,0.039,0,0
NVA,20150512,0.039,0.039,0.039,0.039,0,0
NVA,20150513,0.026,0.026,0.026,0.026,5000,0
NVA,20150514,0.026,0.026,0.026,0.026,241153.846153846154,0
NVA,20150515,0.026,0.026,0.026,0.026,55769.2307692307692,0
NVA,20150518,0.026,0.026,0.026,0.026,0,0
NVA,20150519,0.026,0.026,0.026,0.026,0,0
NVA,20150520,0.026,0.026,0.026,0.026,46153.8461538461538,0
NVA,20150521,0.026,0.026,0.026,0.026,0,0
NVA,20150522,0.026,0.026,0.026,0.026,0,0
NVA,20150525,0.026,0.026,0.026,0.026,0,0
NVA,20150526,0.026,0.026,0.026,0.026,0,0
NVA,20150527,0.026,0.026,0.026,0.026,76923.0769230769231,0
NVA,20150528,0.026,0.026,0.026,0.026,0,0
NVA,20150529,0.026,0.026,0.026,0.026,0,0
NVA,20150601,0.026,0.026,0.026,0.026,0,0
NVA,20150602,0.026,0.026,0.026,0.026,0,0
NVA,20150603,0.026,0.026,0.026,0.026,27692.3076923076923,0
NVA,20150604,0.026,0.026,0.026,0.026,21538.4615384615385,0
NVA,20150605,0.039,0.039,0.026,0.039,1648590.30769230769,0
NVA,20150608,0.039,0.039,0.039,0.039,0,0
NVA,20150609,0.039,0.039,0.039,0.039,42307.6923076923077,0
NVA,20150610,0.039,0.039,0.039,0.039,0,0
NVA,20150611,0.039,0.039,0.039,0.039,0,0
NVA,20150612,0.039,0.039,0.039,0.039,0,0
NVA,20150615,0.039,0.039,0.039,0.039,0,0
NVA,20150616,0.026,0.026,0.026,0.026,16923.0769230769231,0
NVA,20150617,0.026,0.026,0.026,0.026,0,0
NVA,20150618,0.026,0.026,0.026,0.026,19230.7692307692308,0
NVA,20150619,0.026,0.026,0.026,0.026,7692.30769230769231,0
NVA,20150622,0.026,0.026,0.026,0.026,88461.5384615384615,0
NVA,20150623,0.026,0.026,0.026,0.026,20384.6153846153846,0
NVA,20150624,0.026,0.026,0.026,0.026,38461.5384615384615,0
NVA,20150625,0.026,0.026,0.026,0.026,76923.0769230769231,0
NVA,20150626,0.026,0.026,0.026,0.026,0,0
NVA,20150629,0.026,0.026,0.026,0.026,0,0
NVA,20150630,0.026,0.026,0.026,0.026,230769.230769230769,0
NVA,20150701,0.026,0.026,0.026,0.026,0,0
NVA,20150702,0.026,0.026,0.026,0.026,0,0
NVA,20150703,0.026,0.026,0.026,0.026,0,0
NVA,20150706,0.026,0.026,0.026,0.026,0,0
NVA,20150707,0.026,0.026,0.026,0.026,7692.30769230769231,0
NVA,20150708,0.026,0.026,0.026,0.026,275538.461538461538,0
NVA,20150709,0.026,0.026,0.026,0.026,0,0
NVA,20150710,0.026,0.026,0.026,0.026,180898.769230769231,0
NVA,20150713,0.026,0.026,0.026,0.026,0,0
NVA,20150714,0.026,0.026,0.026,0.026,0,0
NVA,20150715,0.026,0.026,0.026,0.026,0,0
NVA,20150716,0.026,0.026,0.026,0.026,57117.3076923076923,0
NVA,20150717,0.026,0.026,0.026,0.026,358.615384615384615,0
NVA,20150720,0.026,0.026,0.026,0.026,0,0
NVA,20150721,0.026,0.026,0.026,0.026,0,0
NVA,20150722,0.026,0.026,0.026,0.026,53.8461538461538462,0
NVA,20150723,0.026,0.026,0.026,0.026,0,0
NVA,20150724,0.026,0.026,0.026,0.026,0,0
NVA,20150727,0.026,0.026,0.026,0.026,0,0
NVA,20150728,0.026,0.026,0.026,0.026,0,0
NVA,20150729,0.026,0.026,0.026,0.026,23076.9230769230769,0
NVA,20150730,0.026,0.026,0.026,0.026,119230.769230769231,0
NVA,20150731,0.026,0.026,0.026,0.026,3462,0
NVA,20150803,0.026,0.026,0.026,0.026,0,0
NVA,20150804,0.026,0.026,0.026,0.026,0,0
NVA,20150805,0.026,0.026,0.026,0.026,0,0
NVA,20150806,0.026,0.026,0.026,0.026,107692.307692307692,0
NVA,20150807,0.026,0.026,0.026,0.026,0,0
NVA,20150810,0.026,0.026,0.026,0.026,0,0
NVA,20150811,0.026,0.026,0.026,0.026,0,0
NVA,20150812,0.026,0.026,0.026,0.026,515088.769230769231,0
NVA,20150813,0.026,0.026,0.026,0.026,0,0
NVA,20150814,0.026,0.026,0.026,0.026,0,0
NVA,20150817,0.026,0.026,0.026,0.026,153846.153846153846,0
NVA,20150818,0.026,0.026,0.026,0.026,69230.7692307692308,0
NVA,20150819,0.026,0.026,0.026,0.026,57692.3076923076923,0
NVA,20150820,0.026,0.026,0.026,0.026,69230.7692307692308,0
NVA,20150821,0.026,0.026,0.026,0.026,13846.1538461538462,0
NVA,20150824,0.013,0.013,0.013,0.013,92307.6923076923077,0
NVA,20150825,0.013,0.013,0.013,0.013,76923.0769230769231,0
NVA,20150826,0.013,0.013,0.013,0.013,0,0
NVA,20150827,0.013,0.013,0.013,0.013,0,0
NVA,20150828,0.013,0.013,0.013,0.013,0,0
NVA,20150831,0.013,0.013,0.013,0.013,0,0
NVA,20150901,0.013,0.013,0.013,0.013,0,0
NVA,20150902,0.013,0.013,0.013,0.013,106.615384615384615,0
NVA,20150903,0.013,0.013,0.013,0.013,37.6923076923076923,0
NVA,20150904,0.013,0.013,0.013,0.013,0,0
NVA,20150907,0.013,0.013,0.013,0.013,0,0
NVA,20150908,0.013,0.013,0.013,0.013,0,0
NVA,20150909,0.026,0.026,0.013,0.013,588461.538461538462,0
NVA,20150910,0.013,0.013,0.013,0.013,33.6153846153846154,0
NVA,20150911,0.013,0.013,0.013,0.013,933892.769230769231,0
NVA,20150914,0.013,0.013,0.013,0.013,0,0
NVA,20150915,0.013,0.013,0.013,0.013,0,0
NVA,20150916,0.013,0.013,0.013,0.013,37.6923076923076923,0
NVA,20150917,0.013,0.013,0.013,0.013,7692.30769230769231,0
NVA,20150918,0.013,0.013,0.013,0.013,193846.153846153846,0
NVA,20150921,0.013,0.013,0.013,0.013,76076.9230769230769,0
NVA,20150922,0.013,0.013,0.013,0.013,84615.7692307692308,0
NVA,20150923,0.014,0.014,0.014,0.014,172211,0
NVA,20150924,0.014,0.014,0.014,0.014,0,0
NVA,20150925,0.014,0.014,0.014,0.014,0,0
NVA,20150928,0.014,0.015,0.014,0.014,617484,0
NVA,20150929,0.014,0.014,0.014,0.014,0,0
NVA,20150930,0.014,0.014,0.014,0.014,0,0
NVA,20151001,0.014,0.014,0.014,0.014,0,0
NVA,20151002,0.014,0.016,0.013,0.016,13308,0
NVA,20151005,0.016,0.016,0.016,0.016,73526,0
NVA,20151006,0.015,0.015,0.015,0.015,108,0
NVA,20151007,0.019,0.02,0.019,0.02,315203,0
NVA,20151008,0.02,0.024,0.02,0.024,361269,0
NVA,20151009,0.025,0.025,0.021,0.021,850000,0
NVA,20151012,0.024,0.024,0.024,0.024,500000,0
NVA,20151013,0.024,0.024,0.024,0.024,269231,0
NVA,20151014,0.025,0.026,0.025,0.026,580769,0
NVA,20151015,0.027,0.029,0.027,0.029,430084,0
NVA,20151016,0.03,0.03,0.03,0.03,676923,0
NVA,20151019,0.03,0.03,0.03,0.03,0,0
NVA,20151020,0.03,0.03,0.028,0.028,501539,0
NVA,20151021,0.028,0.028,0.028,0.028,0,0
NVA,20151022,0.028,0.032,0.028,0.032,253847,0
NVA,20151023,0.032,0.032,0.032,0.032,0,0
NVA,20151026,0.03,0.03,0.028,0.028,68603,0
NVA,20151027,0.028,0.028,0.028,0.028,278662,0
NVA,20151028,0.03,0.03,0.03,0.03,100000,0
NVA,20151029,0.03,0.03,0.03,0.03,0,0
NVA,20151030,0.03,0.032,0.03,0.032,1375000,0
NVA,20151102,0.032,0.032,0.032,0.032,0,0
NVA,20151103,0.03,0.03,0.03,0.03,95000,0
NVA,20151104,0.028,0.028,0.028,0.028,307692,0
NVA,20151105,0.031,0.035,0.031,0.035,2058092,0
NVA,20151106,0.035,0.037,0.035,0.036,1483908,0
NVA,20151109,0.036,0.04,0.036,0.04,190863,0
NVA,20151110,0.04,0.04,0.04,0.04,0,0
NVA,20151111,0.04,0.04,0.04,0.04,0,0
NVA,20151112,0.065,0.074,0.058,0.062,19910609,0
NVA,20151113,0.065,0.083,0.062,0.075,21573265,0
NVA,20151116,0.076,0.084,0.076,0.079,13088894,0
NVA,20151117,0.082,0.083,0.07,0.07,8435761,0
NVA,20151118,0.07,0.074,0.069,0.073,3003261,0
NVA,20151119,0.075,0.078,0.072,0.072,2054584,0
NVA,20151120,0.074,0.079,0.073,0.078,5134883,0
NVA,20151123,0.082,0.088,0.081,0.086,6125960,0
NVA,20151124,0.087,0.092,0.077,0.083,7795442,0
NVA,20151125,0.084,0.088,0.08,0.083,3100384,0
NVA,20151126,0.082,0.082,0.078,0.081,1309042,0
NVA,20151127,0.078,0.08,0.076,0.076,1040375,0
NVA,20151130,0.077,0.083,0.077,0.08,1311059,0
NVA,20151201,0.084,0.085,0.073,0.075,4820572,0
NVA,20151202,0.074,0.074,0.069,0.069,4522924,0
NVA,20151203,0.069,0.071,0.069,0.069,1760000,0
NVA,20151204,0.072,0.072,0.069,0.069,948985,0
NVA,20151207,0.069,0.069,0.068,0.068,428358,0
NVA,20151208,0.068,0.07,0.068,0.068,850337,0
NVA,20151209,0.067,0.067,0.06,0.063,1203091,0
NVA,20151210,0.064,0.066,0.062,0.062,1081012,0
NVA,20151211,0.065,0.068,0.062,0.067,809440,0
NVA,20151214,0.067,0.067,0.063,0.063,480385,0
NVA,20151215,0.063,0.065,0.063,0.063,442867,0
NVA,20151216,0.063,0.063,0.063,0.063,190410,0
NVA,20151217,0.063,0.063,0.056,0.061,824736,0
NVA,20151218,0.06,0.063,0.059,0.063,593852,0
NVA,20151221,0.064,0.064,0.051,0.055,1686119,0
NVA,20151222,0.055,0.059,0.05,0.052,1451780,0
NVA,20151223,0.052,0.055,0.052,0.053,465986,0
NVA,20151224,0.053,0.053,0.052,0.052,96910,0
NVA,20151225,0.052,0.052,0.052,0.052,0,0
NVA,20151228,0.052,0.052,0.052,0.052,0,0
NVA,20151229,0.053,0.057,0.053,0.057,811913,0
NVA,20151230,0.057,0.059,0.057,0.059,752352,0
NVA,20151231,0.056,0.056,0.055,0.055,175000,0
NVA,20160101,0.055,0.055,0.055,0.055,0,0
NVA,20160104,0.055,0.055,0.054,0.054,227745,0
NVA,20160105,0.054,0.054,0.053,0.053,619359,0
NVA,20160106,0.053,0.053,0.05,0.05,346000,0
NVA,20160107,0.05,0.05,0.05,0.05,620000,0
NVA,20160108,0.047,0.05,0.045,0.046,779701,0
NVA,20160111,0.046,0.046,0.046,0.046,0,0
NVA,20160112,0.045,0.046,0.04,0.04,262000,0
NVA,20160113,0.04,0.04,0.04,0.04,177462,0
NVA,20160114,0.042,0.05,0.042,0.05,255114,0
NVA,20160115,0.049,0.05,0.048,0.05,321385,0
NVA,20160118,0.05,0.05,0.05,0.05,291385,0
NVA,20160119,0.05,0.05,0.05,0.05,500000,0
NVA,20160120,0.047,0.047,0.042,0.044,1372500,0
NVA,20160121,0.044,0.044,0.044,0.044,0,0
NVA,20160122,0.044,0.045,0.04,0.045,368827,0
NVA,20160125,0.045,0.045,0.043,0.043,130000,0
NVA,20160126,0.043,0.043,0.043,0.043,0,0
NVA,20160127,0.045,0.05,0.045,0.05,967847,0
NVA,20160128,0.055,0.061,0.055,0.06,864699,0
NVA,20160129,0.062,0.062,0.062,0.062,250000,0
NVA,20160201,0.06,0.06,0.056,0.056,1327573,0
NVA,20160202,0.057,0.058,0.057,0.058,530000,0
NVA,20160203,0.058,0.06,0.058,0.059,805877,0
NVA,20160204,0.057,0.057,0.056,0.056,500000,0
NVA,20160205,0.052,0.06,0.051,0.06,1953698,0
NVA,20160208,0.06,0.064,0.06,0.064,1751077,0
NVA,20160209,0.065,0.065,0.06,0.06,1221845,0
NVA,20160210,0.065,0.075,0.065,0.067,3226073,0
NVA,20160211,0.067,0.068,0.066,0.066,1055943,0
NVA,20160212,0.066,0.066,0.066,0.066,0,0
NVA,20160215,0.07,0.071,0.065,0.07,2819502,0
NVA,20160216,0.067,0.07,0.06,0.06,819000,0
NVA,20160217,0.063,0.063,0.062,0.062,531750,0
NVA,20160218,0.062,0.062,0.062,0.062,0,0
NVA,20160219,0.06,0.06,0.058,0.058,696108,0
NVA,20160222,0.06,0.06,0.058,0.058,122431,0
NVA,20160223,0.054,0.054,0.053,0.053,164000,0
NVA,20160224,0.053,0.057,0.052,0.052,163126,0
NVA,20160225,0.052,0.053,0.05,0.052,639796,0
NVA,20160226,0.052,0.052,0.052,0.052,100000,0
NVA,20160229,0.052,0.052,0.049,0.05,414231,0
NVA,20160301,0.049,0.05,0.049,0.049,90640,0
NVA,20160302,0.049,0.049,0.049,0.049,0,0
NVA,20160303,0.044,0.05,0.044,0.05,468339,0
NVA,20160304,0.052,0.055,0.049,0.055,275000,0
NVA,20160307,0.055,0.057,0.055,0.057,400000,0
NVA,20160308,0.057,0.068,0.057,0.06,384819,0
NVA,20160309,0.06,0.06,0.06,0.06,220000,0
NVA,20160310,0.062,0.062,0.06,0.06,260000,0
NVA,20160311,0.062,0.062,0.053,0.053,77915,0
NVA,20160314,0.053,0.053,0.053,0.053,0,0
NVA,20160315,0.059,0.059,0.052,0.054,1039010,0
NVA,20160316,0.055,0.056,0.055,0.056,105000,0
NVA,20160317,0.055,0.056,0.055,0.056,125000,0
NVA,20160318,0.055,0.056,0.055,0.056,10000,0
NVA,20160321,0.056,0.056,0.042,0.042,2399008,0
NVA,20160322,0.039,0.045,0.035,0.04,13301421,0
NVA,20160323,0.043,0.043,0.04,0.04,1223141,0
NVA,20160324,0.045,0.047,0.041,0.043,844211,0
NVA,20160325,0.043,0.043,0.043,0.043,0,0
NVA,20160328,0.043,0.043,0.043,0.043,0,0
NVA,20160329,0.043,0.043,0.037,0.037,2807749,0
NVA,20160330,0.038,0.039,0.037,0.037,950000,0
NVA,20160331,0.037,0.037,0.037,0.037,0,0
NVA,20160401,0.037,0.037,0.037,0.037,0,0
NVA,20160404,0.037,0.037,0.037,0.037,0,0
NVA,20160405,0.037,0.037,0.037,0.037,0,0
NVA,20160406,0.037,0.037,0.037,0.037,0,0
NVA,20160407,0.037,0.037,0.037,0.037,0,0
NVA,20160408,0.027,0.034,0.025,0.033,440000,0
NVA,20160411,0.03,0.03,0.022,0.027,946511,0
NVA,20160412,0.022,0.023,0.02,0.023,538000,0
NVA,20160413,0.02,0.022,0.02,0.022,2486037,0
NVA,20160414,0.022,0.022,0.021,0.022,726000,0
NVA,20160415,0.021,0.021,0.021,0.021,10923,0
NVA,20160418,0.019,0.019,0.015,0.015,1666112,0
NVA,20160419,0.016,0.018,0.015,0.018,694899,0
NVA,20160420,0.018,0.018,0.015,0.016,1174655,0
NVA,20160421,0.017,0.017,0.016,0.017,1100846,0
NVA,20160422,0.017,0.023,0.017,0.021,1238728,0
NVA,20160425,0.021,0.021,0.021,0.021,0,0
NVA,20160426,0.021,0.021,0.021,0.021,685750,0
NVA,20160427,0.02,0.02,0.019,0.019,1707150,0
NVA,20160428,0.019,0.019,0.019,0.019,0,0
NVA,20160429,0.02,0.023,0.02,0.023,438000,0
NVA,20160502,0.023,0.023,0.022,0.023,553689,0
NVA,20160503,0.024,0.025,0.023,0.023,2904147,0
NVA,20160504,0.023,0.024,0.023,0.023,1532803,0
NVA,20160505,0.023,0.024,0.023,0.024,2346885,0
NVA,20160506,0.025,0.025,0.024,0.024,482481,0
NVA,20160509,0.025,0.028,0.025,0.028,312587,0
NVA,20160510,0.028,0.028,0.028,0.028,0,0
NVA,20160511,0.028,0.028,0.028,0.028,0,0
NVA,20160512,0.049,0.054,0.035,0.038,20466913,0
NVA,20160513,0.038,0.04,0.034,0.037,1147775,0
NVA,20160516,0.037,0.037,0.037,0.037,277084,0
NVA,20160517,0.037,0.037,0.031,0.031,1625652,0
NVA,20160518,0.033,0.033,0.033,0.033,634792,0
NVA,20160519,0.033,0.033,0.033,0.033,82458,0
NVA,20160520,0.031,0.031,0.028,0.028,850000,0
NVA,20160523,0.03,0.03,0.027,0.029,540350,0
NVA,20160524,0.029,0.03,0.029,0.029,250000,0
NVA,20160525,0.029,0.029,0.028,0.028,325000,0
NVA,20160526,0.027,0.03,0.027,0.03,70700,0
NVA,20160527,0.03,0.03,0.03,0.03,0,0
NVA,20160530,0.028,0.029,0.028,0.029,536350,0
NVA,20160531,0.028,0.028,0.022,0.025,1066150,0
NVA,20160601,0.024,0.024,0.024,0.024,575000,0
NVA,20160602,0.024,0.027,0.023,0.027,615223,0
NVA,20160603,0.027,0.027,0.027,0.027,20000,0
NVA,20160606,0.026,0.027,0.026,0.027,55000,0
NVA,20160607,0.027,0.03,0.026,0.026,951750,0
NVA,20160608,0.026,0.026,0.026,0.026,0,0
NVA,20160609,0.025,0.026,0.024,0.026,800350,0
NVA,20160610,0.024,0.026,0.024,0.026,205000,0
NVA,20160613,0.026,0.026,0.026,0.026,0,0
NVA,20160614,0.028,0.028,0.025,0.025,114923,0
NVA,20160615,0.027,0.029,0.027,0.028,257342,0
NVA,20160616,0.025,0.025,0.024,0.025,143000,0
NVA,20160617,0.027,0.029,0.027,0.028,78000,0
NVA,20160620,0.026,0.028,0.025,0.025,243372,0
NVA,20160621,0.027,0.027,0.025,0.025,251000,0
NVA,20160622,0.025,0.025,0.025,0.025,0,0
NVA,20160623,0.025,0.025,0.023,0.023,637062,0
NVA,20160624,0.023,0.023,0.023,0.023,0,0
NVA,20160627,0.023,0.023,0.023,0.023,78571,0
NVA,20160628,0.022,0.022,0.022,0.022,100000,0
NVA,20160629,0.02,0.02,0.02,0.02,74712,0
NVA,20160630,0.022,0.03,0.022,0.026,1155050,0
NVA,20160701,0.026,0.026,0.025,0.026,182500,0
NVA,20160704,0.025,0.025,0.025,0.025,23314,0
NVA,20160705,0.025,0.025,0.025,0.025,112000,0
NVA,20160706,0.025,0.025,0.025,0.025,52186,0
NVA,20160707,0.022,0.024,0.022,0.022,348388,0
NVA,20160708,0.022,0.022,0.022,0.022,185000,0
NVA,20160711,0.024,0.024,0.024,0.024,97855,0
NVA,20160712,0.024,0.024,0.024,0.024,0,0
NVA,20160713,0.024,0.024,0.024,0.024,80000,0
NVA,20160714,0.024,0.024,0.024,0.024,0,0
NVA,20160715,0.024,0.024,0.024,0.024,0,0
NVA,20160718,0.024,0.024,0.024,0.024,0,0
NVA,20160719,0.024,0.027,0.024,0.027,256100,0
NVA,20160720,0.027,0.027,0.025,0.025,273000,0
NVA,20160721,0.025,0.025,0.023,0.023,474800,0
NVA,20160722,0.023,0.023,0.023,0.023,100000,0
NVA,20160725,0.022,0.022,0.022,0.022,21429,0
NVA,20160726,0.022,0.022,0.02,0.021,400000,0
NVA,20160727,0.019,0.021,0.018,0.021,467872,0
NVA,20160728,0.022,0.023,0.022,0.023,562280,0
NVA,20160729,0.023,0.023,0.022,0.023,233858,0
NVA,20160801,0.023,0.023,0.022,0.022,253509,0
NVA,20160802,0.022,0.022,0.022,0.022,12910,0
NVA,20160803,0.021,0.022,0.021,0.022,89509,0
NVA,20160804,0.02,0.02,0.02,0.02,180692,0
NVA,20160805,0.02,0.02,0.02,0.02,50000,0
NVA,20160808,0.02,0.02,0.02,0.02,0,0
NVA,20160809,0.02,0.02,0.02,0.02,0,0
NVA,20160810,0.02,0.02,0.02,0.02,0,0
NVA,20160811,0.02,0.02,0.02,0.02,268310,0
NVA,20160812,0.019,0.02,0.019,0.02,82390,0
NVA,20160815,0.023,0.023,0.023,0.023,23000,0
NVA,20160816,0.023,0.023,0.023,0.023,0,0
NVA,20160817,0.023,0.023,0.023,0.023,0,0
NVA,20160818,0.023,0.023,0.023,0.023,0,0
NVA,20160819,0.023,0.023,0.023,0.023,0,0
NVA,20160822,0.023,0.023,0.023,0.023,0,0
NVA,20160823,0.023,0.023,0.023,0.023,0,0
NVA,20160824,0.023,0.023,0.023,0.023,0,0
NVA,20160825,0.023,0.023,0.023,0.023,0,0
NVA,20160826,0.019,0.019,0.019,0.019,32634,0
NVA,20160829,0.019,0.019,0.019,0.019,0,0
NVA,20160830,0.02,0.02,0.02,0.02,261915,0
NVA,20160831,0.02,0.02,0.02,0.02,1308,0
NVA,20160901,0.02,0.02,0.02,0.02,0,0
NVA,20160902,0.021,0.021,0.021,0.021,53336,0
NVA,20160905,0.022,0.022,0.022,0.022,22800,0
NVA,20160906,0.021,0.021,0.021,0.021,167100,0
NVA,20160907,0.021,0.021,0.021,0.021,104564,0
NVA,20160908,0.02,0.02,0.02,0.02,109436,0
NVA,20160909,0.017,0.017,0.017,0.017,1346,0
NVA,20160912,0.017,0.017,0.017,0.017,434431,0
NVA,20160913,0.016,0.016,0.016,0.016,200000,0
NVA,20160914,0.016,0.017,0.016,0.017,1531569,0
NVA,20160915,0.018,0.018,0.017,0.017,203046,0
NVA,20160916,0.018,0.018,0.018,0.018,678769,0
NVA,20160919,0.018,0.018,0.018,0.018,0,0
NVA,20160920,0.018,0.018,0.018,0.018,230000,0
NVA,20160921,0.018,0.018,0.018,0.018,300000,0
NVA,20160922,0.017,0.018,0.017,0.018,945000,0
NVA,20160923,0.018,0.018,0.018,0.018,0,0
NVA,20160926,0.017,0.018,0.017,0.017,75700,0
NVA,20160927,0.017,0.017,0.017,0.017,15385,0
NVA,20160928,0.018,0.018,0.018,0.018,880000,0
NVA,20160929,0.018,0.018,0.018,0.018,100000,0
NVA,20160930,0.018,0.018,0.018,0.018,550000,0
NVA,20161003,0.018,0.018,0.018,0.018,230000,0
NVA,20161004,0.017,0.017,0.017,0.017,450000,0
NVA,20161005,0.016,0.016,0.016,0.016,861765,0
NVA,20161006,0.025,0.036,0.024,0.024,85544487,0
NVA,20161007,0.025,0.025,0.022,0.024,16134307,0
NVA,20161010,0.022,0.023,0.02,0.022,8540657,0
NVA,20161011,0.021,0.021,0.019,0.019,7951724,0
NVA,20161012,0.019,0.02,0.019,0.02,2650000,0
NVA,20161013,0.02,0.02,0.019,0.019,719850,0
NVA,20161014,0.019,0.02,0.019,0.02,635739,0
NVA,20161017,0.019,0.019,0.018,0.018,1754234,0
NVA,20161018,0.018,0.018,0.017,0.017,4144151,0
NVA,20161019,0.018,0.018,0.017,0.017,735055,0
NVA,20161020,0.017,0.017,0.017,0.017,562300,0
NVA,20161021,0.017,0.017,0.016,0.016,4285001,0
NVA,20161024,0.016,0.016,0.016,0.016,1269719,0
NVA,20161025,0.016,0.016,0.016,0.016,5000,0
NVA,20161026,0.016,0.017,0.016,0.017,766000,0
NVA,20161027,0.017,0.02,0.017,0.017,9199933,0
NVA,20161028,0.017,0.017,0.014,0.015,9121217,0
NVA,20161031,0.015,0.015,0.014,0.014,4460000,0
NVA,20161101,0.015,0.015,0.013,0.013,1478500,0
NVA,20161102,0.013,0.014,0.013,0.013,624000,0
NVA,20161103,0.013,0.013,0.013,0.013,985000,0
NVA,20161104,0.013,0.013,0.013,0.013,342100,0
NVA,20161107,0.014,0.014,0.013,0.013,1275000,0
NVA,20161108,0.012,0.013,0.012,0.013,1601154,0
NVA,20161109,0.013,0.013,0.013,0.013,328443,0
NVA,20161110,0.013,0.014,0.013,0.014,1224048,0
NVA,20161111,0.013,0.014,0.013,0.014,730040,0
NVA,20161114,0.014,0.015,0.013,0.014,1010466,0
NVA,20161115,0.014,0.014,0.014,0.014,200000,0
NVA,20161116,0.014,0.014,0.014,0.014,2160219,0
NVA,20161117,0.014,0.014,0.014,0.014,476923,0
NVA,20161118,0.014,0.016,0.014,0.015,2330000,0
NVA,20161121,0.015,0.015,0.015,0.015,40000,0
NVA,20161122,0.015,0.015,0.015,0.015,0,0
NVA,20161123,0.015,0.015,0.015,0.015,0,0
NVA,20161124,0.015,0.015,0.015,0.015,0,0
NVA,20161125,0.015,0.015,0.015,0.015,0,0
NVA,20161128,0.015,0.015,0.015,0.015,198469,0
NVA,20161129,0.015,0.015,0.015,0.015,333333,0
NVA,20161130,0.014,0.014,0.014,0.014,2153640,0
NVA,20161201,0.014,0.014,0.014,0.014,192063,0
NVA,20161202,0.013,0.015,0.013,0.015,683757,0
NVA,20161205,0.015,0.015,0.015,0.015,650000,0
NVA,20161206,0.014,0.015,0.014,0.014,821618,0
NVA,20161207,0.014,0.014,0.014,0.014,77001,0
NVA,20161208,0.014,0.014,0.014,0.014,0,0
NVA,20161209,0.016,0.016,0.015,0.015,455965,0
NVA,20161212,0.015,0.015,0.015,0.015,0,0
NVA,20161213,0.015,0.015,0.014,0.014,727619,0
NVA,20161214,0.014,0.014,0.014,0.014,0,0
NVA,20161215,0.014,0.015,0.014,0.015,124696,0
NVA,20161216,0.015,0.015,0.015,0.015,0,0
NVA,20161219,0.015,0.015,0.015,0.015,30769,0
NVA,20161220,0.015,0.015,0.015,0.015,0,0
NVA,20161221,0.016,0.016,0.014,0.014,1163541,0
NVA,20161222,0.014,0.014,0.013,0.013,1289010,0
NVA,20161223,0.013,0.013,0.013,0.013,420000,0
NVA,20161226,0.013,0.013,0.013,0.013,0,0
NVA,20161227,0.013,0.013,0.013,0.013,0,0
NVA,20161228,0.013,0.013,0.013,0.013,500000,0
NVA,20161229,0.013,0.014,0.013,0.014,413000,0
NVA,20161230,0.013,0.014,0.013,0.014,205000,0
NVA,20170102,0.014,0.014,0.014,0.014,0,0
NVA,20170103,0.014,0.014,0.014,0.014,0,0
NVA,20170104,0.014,0.014,0.014,0.014,317638,0
NVA,20170105,0.014,0.014,0.014,0.014,587484,0
NVA,20170106,0.014,0.014,0.014,0.014,0,0
NVA,20170109,0.014,0.014,0.014,0.014,0,0
NVA,20170110,0.014,0.014,0.014,0.014,0,0
NVA,20170111,0.014,0.014,0.014,0.014,52330,0
NVA,20170112,0.014,0.014,0.014,0.014,677670,0
NVA,20170113,0.015,0.016,0.015,0.016,2120059,0
NVA,20170116,0.016,0.016,0.016,0.016,0,0
NVA,20170117,0.015,0.015,0.014,0.014,2351208,0
NVA,20170118,0.014,0.014,0.014,0.014,200000,0
NVA,20170119,0.014,0.014,0.014,0.014,0,0
NVA,20170120,0.014,0.014,0.014,0.014,0,0
NVA,20170123,0.014,0.014,0.014,0.014,0,0
NVA,20170124,0.013,0.013,0.013,0.013,1005750,0
NVA,20170125,0.013,0.013,0.013,0.013,19231,0
NVA,20170126,0.013,0.013,0.013,0.013,0,0
NVA,20170127,0.013,0.013,0.012,0.013,824578,0
NVA,20170130,0.013,0.013,0.013,0.013,1209988,0
NVA,20170131,0.013,0.013,0.013,0.013,0,0
NVA,20170201,0.013,0.013,0.013,0.013,99924,0
NVA,20170202,0.014,0.014,0.014,0.014,837000,0
NVA,20170203,0.013,0.015,0.013,0.015,1252292,0
NVA,20170206,0.015,0.015,0.015,0.015,0,0
NVA,20170207,0.015,0.015,0.015,0.015,1190011,0
NVA,20170208,0.014,0.014,0.014,0.014,152932,0
NVA,20170209,0.014,0.014,0.014,0.014,0,0
NVA,20170210,0.014,0.014,0.014,0.014,0,0
NVA,20170213,0.014,0.014,0.014,0.014,36840,0
NVA,20170214,0.013,0.013,0.013,0.013,294950,0
NVA,20170215,0.013,0.013,0.013,0.013,1055050,0
NVA,20170216,0.013,0.013,0.013,0.013,327430,0
NVA,20170217,0.014,0.014,0.013,0.013,447080,0
NVA,20170220,0.013,0.013,0.011,0.011,1744787,0
NVA,20170221,0.012,0.014,0.012,0.014,1867862,0
NVA,20170222,0.014,0.014,0.014,0.014,740820,0
NVA,20170223,0.014,0.014,0.014,0.014,0,0
NVA,20170224,0.014,0.014,0.014,0.014,0,0
NVA,20170227,0.014,0.015,0.014,0.014,1786322,0
NVA,20170228,0.015,0.016,0.013,0.013,6090917,0
NVA,20170301,0.013,0.015,0.013,0.015,731125,0
NVA,20170302,0.015,0.015,0.014,0.014,2422186,0
NVA,20170303,0.014,0.014,0.013,0.013,1561496,0
NVA,20170306,0.013,0.013,0.013,0.013,5385,0
NVA,20170307,0.013,0.013,0.013,0.013,2319432,0
NVA,20170308,0.012,0.012,0.012,0.012,3505775,0
NVA,20170309,0.012,0.012,0.012,0.012,769385,0
NVA,20170310,0.012,0.012,0.012,0.012,911613,0
NVA,20170313,0.012,0.013,0.012,0.013,915034,0
NVA,20170314,0.013,0.013,0.013,0.013,0,0
NVA,20170315,0.013,0.013,0.012,0.012,1522461,0
NVA,20170316,0.012,0.013,0.012,0.013,1908468,0
NVA,20170317,0.014,0.015,0.014,0.014,2556401,0
NVA,20170320,0.015,0.016,0.015,0.016,4681630,0
NVA,20170321,0.017,0.02,0.016,0.018,31552247,0
NVA,20170322,0.018,0.018,0.017,0.017,3348877,0
NVA,20170323,0.017,0.019,0.017,0.017,6098275,0
NVA,20170324,0.017,0.017,0.015,0.015,2284423,0
NVA,20170327,0.016,0.016,0.015,0.015,2952851,0
NVA,20170328,0.015,0.015,0.015,0.015,135433,0
NVA,20170329,0.015,0.015,0.015,0.015,303427,0
NVA,20170330,0.015,0.015,0.014,0.014,1198911,0
NVA,20170331,0.014,0.014,0.014,0.014,1313092,0
NVA,20170403,0.014,0.014,0.014,0.014,0,0
NVA,20170404,0.015,0.015,0.013,0.014,4632723,0
NVA,20170405,0.013,0.013,0.013,0.013,1200482,0
NVA,20170406,0.014,0.014,0.013,0.013,2881131,0
NVA,20170407,0.014,0.014,0.014,0.014,200000,0
NVA,20170410,0.014,0.014,0.014,0.014,0,0
NVA,20170411,0.013,0.013,0.013,0.013,936460,0
NVA,20170412,0.013,0.013,0.012,0.012,6815630,0
NVA,20170413,0.013,0.013,0.013,0.013,936321,0
NVA,20170414,0.013,0.013,0.013,0.013,0,0
NVA,20170417,0.013,0.013,0.013,0.013,0,0
NVA,20170418,0.013,0.013,0.013,0.013,400000,0
NVA,20170419,0.013,0.014,0.013,0.014,1866748,0
NVA,20170420,0.013,0.013,0.013,0.013,10660,0
NVA,20170421,0.013,0.013,0.013,0.013,513263,0
NVA,20170424,0.013,0.013,0.013,0.013,0,0
NVA,20170425,0.013,0.013,0.013,0.013,0,0
NVA,20170426,0.013,0.013,0.013,0.013,0,0
NVA,20170427,0.013,0.013,0.013,0.013,152696,0
NVA,20170428,0.013,0.013,0.013,0.013,947304,0
NVA,20170501,0.013,0.013,0.013,0.013,0,0
NVA,20170502,0.012,0.012,0.012,0.012,2663660,0
NVA,20170503,0.012,0.012,0.012,0.012,303000,0
NVA,20170504,0.012,0.012,0.011,0.011,344365,0
NVA,20170505,0.011,0.011,0.011,0.011,31250,0
NVA,20170508,0.011,0.011,0.011,0.011,0,0
NVA,20170509,0.011,0.011,0.011,0.011,0,0
NVA,20170510,0.012,0.012,0.012,0.012,1255318,0
NVA,20170511,0.012,0.012,0.012,0.012,1429766,0
NVA,20170512,0.012,0.012,0.012,0.012,1000000,0
NVA,20170515,0.012,0.012,0.012,0.012,149910,0
NVA,20170516,0.012,0.012,0.012,0.012,400000,0
NVA,20170517,0.012,0.012,0.012,0.012,0,0
NVA,20170518,0.011,0.011,0.011,0.011,1244539,0
NVA,20170519,0.011,0.011,0.011,0.011,0,0
NVA,20170522,0.011,0.011,0.011,0.011,0,0
NVA,20170523,0.011,0.011,0.011,0.011,148610,0
NVA,20170524,0.011,0.011,0.011,0.011,201694,0
NVA,20170525,0.012,0.012,0.012,0.012,83333,0
NVA,20170526,0.012,0.012,0.012,0.012,0,0
NVA,20170529,0.011,0.011,0.011,0.011,567388,0
NVA,20170530,0.011,0.011,0.011,0.011,485837,0
NVA,20170531,0.011,0.011,0.011,0.011,100000,0
NVA,20170601,0.011,0.011,0.011,0.011,2326108,0
NVA,20170602,0.011,0.011,0.011,0.011,0,0
NVA,20170605,0.011,0.011,0.011,0.011,1107495,0
NVA,20170606,0.011,0.011,0.011,0.011,0,0
NVA,20170607,0.011,0.011,0.011,0.011,0,0
NVA,20170608,0.013,0.013,0.011,0.011,2900055,0
NVA,20170609,0.012,0.012,0.011,0.011,2062270,0
NVA,20170612,0.011,0.011,0.011,0.011,0,0
NVA,20170613,0.011,0.011,0.011,0.011,122329,0
NVA,20170614,0.011,0.011,0.01,0.01,869505,0
NVA,20170615,0.009,0.009,0.009,0.009,125252,0
NVA,20170616,0.01,0.01,0.01,0.01,642066,0
NVA,20170619,0.009,0.009,0.009,0.009,180000,0
NVA,20170620,0.009,0.009,0.009,0.009,0,0
NVA,20170621,0.009,0.01,0.009,0.01,1048754,0
NVA,20170622,0.009,0.009,0.009,0.009,1239995,0
NVA,20170623,0.009,0.01,0.009,0.01,3061331,0
NVA,20170626,0.009,0.009,0.009,0.009,1243439,0
NVA,20170627,0.009,0.009,0.009,0.009,0,0
NVA,20170628,0.008,0.009,0.008,0.008,2235692,0
NVA,20170629,0.008,0.008,0.008,0.008,4224852,0
NVA,20170630,0.008,0.009,0.008,0.009,1047544,0
NVA,20170703,0.009,0.009,0.009,0.009,0,0
NVA,20170704,0.008,0.008,0.008,0.008,1091720,0
NVA,20170705,0.008,0.008,0.008,0.008,0,0
NVA,20170706,0.008,0.008,0.008,0.008,0,0
NVA,20170707,0.008,0.008,0.007,0.007,800000,0
NVA,20170710,0.008,0.008,0.008,0.008,600000,0
NVA,20170711,0.008,0.008,0.008,0.008,311104,0
NVA,20170712,0.007,0.007,0.007,0.007,29096,0
NVA,20170713,0.007,0.007,0.007,0.007,0,0
NVA,20170714,0.007,0.008,0.006,0.008,7063917,0
NVA,20170717,0.008,0.008,0.008,0.008,650000,0
NVA,20170718,0.008,0.008,0.008,0.008,0,0
NVA,20170719,0.007,0.007,0.007,0.007,577928,0
NVA,20170720,0.007,0.007,0.007,0.007,124576,0
NVA,20170721,0.007,0.007,0.007,0.007,704300,0
NVA,20170724,0.007,0.007,0.007,0.007,2892614,0
NVA,20170725,0.007,0.007,0.007,0.007,0,0
NVA,20170726,0.007,0.007,0.007,0.007,0,0
NVA,20170727,0.007,0.007,0.007,0.007,1125676,0
NVA,20170728,0.007,0.007,0.007,0.007,0,0
NVA,20170731,0.007,0.007,0.007,0.007,600000,0
NVA,20170801,0.007,0.007,0.007,0.007,500000,0
NVA,20170802,0.007,0.007,0.007,0.007,0,0
NVA,20170803,0.007,0.007,0.007,0.007,0,0
NVA,20170804,0.006,0.007,0.006,0.007,4034614,0
NVA,20170807,0.007,0.007,0.007,0.007,0,0
NVA,20170808,0.006,0.006,0.005,0.006,10190525,0
NVA,20170809,0.006,0.006,0.006,0.006,2388522,0
NVA,20170810,0.006,0.006,0.006,0.006,432670,0
NVA,20170811,0.006,0.006,0.006,0.006,0,0
NVA,20170814,0.006,0.006,0.006,0.006,0,0
NVA,20170815,0.006,0.006,0.006,0.006,156000,0
NVA,20170816,0.006,0.007,0.006,0.007,1418938,0
NVA,20170817,0.007,0.007,0.007,0.007,0,0
NVA,20170818,0.006,0.006,0.006,0.006,5409447,0
NVA,20170821,0.006,0.006,0.006,0.006,233862,0
NVA,20170822,0.006,0.007,0.006,0.007,6761670,0
NVA,20170823,0.006,0.009,0.006,0.008,34278603,0
NVA,20170824,0.008,0.008,0.007,0.007,8928660,0
NVA,20170825,0.007,0.007,0.007,0.007,11897283,0
NVA,20170828,0.007,0.007,0.006,0.006,1190373,0
NVA,20170829,0.007,0.007,0.007,0.007,1674091,0
NVA,20170830,0.006,0.006,0.006,0.006,400000,0
NVA,20170831,0.006,0.006,0.006,0.006,680695,0
NVA,20170901,0.006,0.007,0.006,0.007,1398088,0
NVA,20170904,0.007,0.007,0.006,0.006,230000,0
NVA,20170905,0.006,0.006,0.006,0.006,10221191,0
NVA,20170906,0.006,0.006,0.005,0.006,2420571,0
NVA,20170907,0.005,0.005,0.005,0.005,1745148,0
NVA,20170908,0.006,0.007,0.006,0.007,5303195,0
NVA,20170911,0.007,0.008,0.007,0.007,16394909,0
NVA,20170912,0.007,0.007,0.007,0.007,6704575,0
NVA,20170913,0.007,0.007,0.006,0.006,4420618,0
NVA,20170914,0.006,0.006,0.006,0.006,0,0
NVA,20170915,0.006,0.006,0.006,0.006,0,0
NVA,20170918,0.007,0.007,0.006,0.006,2536434,0
NVA,20170919,0.006,0.006,0.006,0.006,716906,0
NVA,20170920,0.006,0.006,0.006,0.006,0,0
NVA,20170921,0.006,0.006,0.006,0.006,0,0
NVA,20170922,0.006,0.006,0.006,0.006,1590000,0
NVA,20170925,0.007,0.007,0.006,0.006,2125000,0
NVA,20170926,0.007,0.007,0.006,0.007,12589170,0
NVA,20170927,0.007,0.007,0.007,0.007,2713000,0
NVA,20170928,0.007,0.007,0.007,0.007,4295796,0
NVA,20170929,0.006,0.007,0.006,0.007,1100000,0
NVA,20171002,0.007,0.007,0.007,0.007,8840757,0
NVA,20171003,0.007,0.007,0.007,0.007,75000,0
NVA,20171004,0.006,0.006,0.006,0.006,1346028,0
NVA,20171005,0.006,0.006,0.006,0.006,6149000,0
NVA,20171006,0.007,0.007,0.006,0.006,1471500,0
NVA,20171009,0.006,0.006,0.006,0.006,0,0
NVA,20171010,0.006,0.006,0.006,0.006,0,0
NVA,20171011,0.006,0.007,0.006,0.007,5496000,0
NVA,20171012,0.007,0.007,0.007,0.007,5748966,0
NVA,20171013,0.007,0.007,0.007,0.007,200000,0
NVA,20171016,0.007,0.007,0.007,0.007,0,0
NVA,20171017,0.007,0.007,0.006,0.006,311010,0
NVA,20171018,0.007,0.007,0.006,0.006,2115041,0
NVA,20171019,0.006,0.008,0.006,0.008,18418576,0
NVA,20171020,0.009,0.009,0.008,0.008,14121911,0
NVA,20171023,0.008,0.008,0.008,0.008,365000,0
NVA,20171024,0.008,0.008,0.007,0.007,1750000,0
NVA,20171025,0.007,0.007,0.007,0.007,0,0
NVA,20171026,0.007,0.007,0.007,0.007,113462,0
NVA,20171027,0.007,0.007,0.007,0.007,2267450,0
NVA,20171030,0.007,0.007,0.007,0.007,10018629,0
NVA,20171031,0.007,0.008,0.007,0.007,1670758,0
NVA,20171101,0.008,0.011,0.008,0.01,32602396,0
NVA,20171102,0.011,0.015,0.011,0.013,67609055,0
NVA,20171103,0.015,0.016,0.013,0.013,35796363,0
NVA,20171106,0.014,0.014,0.012,0.013,16279008,0
NVA,20171107,0.013,0.013,0.011,0.012,6013203,0
NVA,20171108,0.012,0.012,0.011,0.012,9461518,0
NVA,20171109,0.012,0.016,0.011,0.016,25099271,0
NVA,20171110,0.017,0.018,0.015,0.015,32067778,0
NVA,20171113,0.015,0.015,0.014,0.015,3861974,0
NVA,20171114,0.015,0.015,0.015,0.015,0,0
NVA,20171115,0.015,0.015,0.015,0.015,0,0
NVA,20171116,0.015,0.015,0.015,0.015,0,0
NVA,20171117,0.015,0.015,0.015,0.015,0,0
NVA,20171120,0.019,0.019,0.013,0.013,20137483,0
NVA,20171121,0.014,0.015,0.013,0.013,7696459,0
NVA,20171122,0.013,0.014,0.012,0.012,9050850,0
NVA,20171123,0.013,0.017,0.013,0.015,25063322,0
NVA,20171124,0.015,0.016,0.014,0.014,9286997,0
NVA,20171127,0.016,0.029,0.016,0.028,151301667,0
NVA,20171128,0.025,0.029,0.024,0.028,49137104,0
NVA,20171129,0.027,0.039,0.027,0.035,66436976,0
NVA,20171130,0.035,0.035,0.035,0.035,0,0
NVA,20171201,0.035,0.035,0.035,0.035,0,0
NVA,20171204,0.035,0.047,0.03,0.044,69910584,0
NVA,20171205,0.047,0.051,0.038,0.038,48488467,0
NVA,20171206,0.037,0.038,0.031,0.032,23285472,0
NVA,20171207,0.033,0.033,0.029,0.03,22141958,0
NVA,20171208,0.03,0.041,0.029,0.038,36024987,0
NVA,20171211,0.036,0.054,0.036,0.051,64776516,0
NVA,20171212,0.052,0.053,0.042,0.046,31496876,0
NVA,20171213,0.044,0.049,0.043,0.044,14153250,0
NVA,20171214,0.043,0.049,0.041,0.044,14041097,0
NVA,20171215,0.045,0.05,0.045,0.046,5478304,0
NVA,20171218,0.049,0.05,0.044,0.044,25326059,0
NVA,20171219,0.043,0.045,0.04,0.041,10870710,0
NVA,20171220,0.041,0.042,0.037,0.04,18083375,0
NVA,20171221,0.04,0.041,0.037,0.037,7520354,0
NVA,20171222,0.039,0.043,0.039,0.042,8662098,0
NVA,20171225,0.042,0.042,0.042,0.042,0,0
NVA,20171226,0.042,0.042,0.042,0.042,0,0
NVA,20171227,0.042,0.044,0.04,0.043,5424321,0
NVA,20171228,0.041,0.044,0.04,0.042,5610542,0
NVA,20171229,0.041,0.048,0.041,0.046,9988791,0
NVA,20180101,0.046,0.046,0.046,0.046,0,0
NVA,20180102,0.048,0.051,0.045,0.046,26435839,0
NVA,20180103,0.047,0.047,0.042,0.042,10524942,0
NVA,20180104,0.044,0.045,0.042,0.042,4567937,0
NVA,20180105,0.042,0.042,0.04,0.042,5675785,0
NVA,20180108,0.044,0.045,0.042,0.042,7484781,0
NVA,20180109,0.043,0.045,0.042,0.045,3092933,0
NVA,20180110,0.045,0.054,0.045,0.054,16714393,0
NVA,20180111,0.056,0.059,0.05,0.055,15052524,0
NVA,20180112,0.054,0.059,0.053,0.057,6906097,0
NVA,20180115,0.059,0.064,0.056,0.059,15542381,0
NVA,20180116,0.062,0.063,0.056,0.057,10041395,0
NVA,20180117,0.06,0.06,0.052,0.054,7679628,0
NVA,20180118,0.055,0.059,0.053,0.057,8957482,0
NVA,20180119,0.059,0.059,0.052,0.055,10241091,0
NVA,20180122,0.055,0.055,0.041,0.043,26963054,0
NVA,20180123,0.041,0.047,0.04,0.045,8068632,0
NVA,20180124,0.044,0.045,0.042,0.043,3414266,0
NVA,20180125,0.043,0.044,0.041,0.041,3243588,0
NVA,20180126,0.041,0.041,0.041,0.041,0,0
NVA,20180129,0.042,0.042,0.041,0.041,2711307,0
NVA,20180130,0.041,0.044,0.039,0.039,13044219,0
NVA,20180131,0.04,0.04,0.035,0.037,10828396,0
NVA,20180201,0.037,0.041,0.037,0.04,4837917,0
NVA,20180202,0.041,0.043,0.041,0.041,4888301,0
NVA,20180205,0.04,0.04,0.037,0.039,5920473,0
NVA,20180206,0.037,0.037,0.032,0.033,18055198,0
NVA,20180207,0.036,0.036,0.033,0.036,7760217,0
NVA,20180208,0.038,0.039,0.036,0.038,2964365,0
NVA,20180209,0.035,0.04,0.033,0.04,6720933,0
NVA,20180212,0.04,0.04,0.035,0.035,1664710,0
NVA,20180213,0.037,0.039,0.036,0.036,3315698,0
NVA,20180214,0.037,0.037,0.036,0.037,3034173,0
NVA,20180215,0.037,0.038,0.036,0.037,1028778,0
NVA,20180216,0.039,0.042,0.037,0.037,6896807,0
NVA,20180219,0.038,0.038,0.035,0.036,4031746,0
NVA,20180220,0.035,0.035,0.034,0.034,1402196,0
NVA,20180221,0.035,0.035,0.03,0.03,5676008,0
NVA,20180222,0.03,0.03,0.027,0.029,9025395,0
NVA,20180223,0.03,0.031,0.027,0.027,6461046,0
NVA,20180226,0.028,0.031,0.027,0.028,9047172,0
NVA,20180227,0.029,0.036,0.028,0.029,15289412,0
NVA,20180228,0.03,0.03,0.027,0.027,10322066,0
NVA,20180301,0.027,0.034,0.027,0.031,12724421,0
NVA,20180302,0.031,0.031,0.028,0.028,4294364,0
NVA,20180305,0.029,0.033,0.029,0.032,3412189,0
NVA,20180306,0.032,0.032,0.03,0.03,3303556,0
NVA,20180307,0.03,0.032,0.029,0.029,2264812,0
NVA,20180308,0.03,0.035,0.03,0.031,3719673,0
NVA,20180309,0.032,0.032,0.029,0.03,5807823,0
NVA,20180312,0.031,0.036,0.031,0.032,17407363,0
NVA,20180313,0.034,0.045,0.033,0.041,50913559,0
NVA,20180314,0.04,0.042,0.037,0.037,17755603,0
NVA,20180315,0.038,0.039,0.037,0.038,5290736,0
NVA,20180316,0.04,0.04,0.038,0.04,4023103,0
NVA,20180319,0.04,0.041,0.038,0.038,3005950,0
NVA,20180320,0.038,0.038,0.037,0.037,1429826,0
NVA,20180321,0.038,0.04,0.034,0.034,10175531,0
NVA,20180322,0.035,0.037,0.034,0.034,3133537,0
NVA,20180323,0.033,0.035,0.032,0.033,3101642,0
NVA,20180326,0.035,0.038,0.033,0.038,3602732,0
NVA,20180327,0.038,0.038,0.037,0.037,617688,0
NVA,20180328,0.038,0.038,0.036,0.036,2701916,0
NVA,20180329,0.036,0.036,0.034,0.034,2303872,0
NVA,20180330,0.034,0.034,0.034,0.034,0,0
NVA,20180402,0.034,0.034,0.034,0.034,0,0
NVA,20180403,0.035,0.035,0.034,0.034,1327223,0
NVA,20180404,0.034,0.034,0.032,0.032,3121071,0
NVA,20180405,0.033,0.033,0.031,0.031,3081434,0
NVA,20180406,0.031,0.031,0.03,0.03,2531457,0
NVA,20180409,0.03,0.032,0.029,0.029,2055386,0
NVA,20180410,0.032,0.035,0.032,0.032,3569545,0
NVA,20180411,0.032,0.033,0.031,0.032,4463229,0
NVA,20180412,0.036,0.039,0.035,0.035,7609421,0
NVA,20180413,0.036,0.036,0.034,0.034,1615188,0
NVA,20180416,0.035,0.037,0.035,0.036,2319924,0
NVA,20180417,0.037,0.038,0.036,0.036,2619309,0
NVA,20180418,0.037,0.037,0.033,0.034,4893662,0
NVA,20180419,0.034,0.034,0.033,0.034,1392290,0
NVA,20180420,0.034,0.036,0.033,0.035,2344464,0
NVA,20180423,0.038,0.04,0.035,0.035,16832211,0
NVA,20180424,0.035,0.035,0.031,0.032,10041826,0
NVA,20180425,0.032,0.032,0.032,0.032,0,0
NVA,20180426,0.033,0.034,0.032,0.033,3102958,0
NVA,20180427,0.034,0.034,0.031,0.031,4964243,0
NVA,20180430,0.031,0.031,0.031,0.031,2506762,0
NVA,20180501,0.031,0.031,0.03,0.03,1681577,0
NVA,20180502,0.031,0.031,0.029,0.029,3730619,0
NVA,20180503,0.03,0.03,0.029,0.03,798423,0
NVA,20180504,0.03,0.03,0.03,0.03,740962,0
NVA,20180507,0.031,0.032,0.031,0.031,1437843,0
NVA,20180508,0.031,0.032,0.03,0.032,1843078,0
NVA,20180509,0.031,0.031,0.031,0.031,114443,0
NVA,20180510,0.032,0.032,0.029,0.03,2324695,0
NVA,20180511,0.029,0.029,0.028,0.029,6153988,0
NVA,20180514,0.03,0.03,0.028,0.028,1146024,0
NVA,20180515,0.029,0.03,0.029,0.03,848155,0
NVA,20180516,0.03,0.03,0.028,0.028,2180303,0
NVA,20180517,0.028,0.028,0.027,0.028,1940693,0
NVA,20180518,0.028,0.028,0.028,0.028,464069,0
NVA,20180521,0.029,0.03,0.028,0.03,1656202,0
NVA,20180522,0.029,0.033,0.029,0.029,6634537,0
NVA,20180523,0.031,0.037,0.031,0.037,10056881,0
NVA,20180524,0.039,0.039,0.034,0.034,9728580,0
NVA,20180525,0.036,0.036,0.034,0.035,1375736,0
NVA,20180528,0.036,0.037,0.034,0.034,3108780,0
NVA,20180529,0.035,0.035,0.035,0.035,835575,0
NVA,20180530,0.034,0.035,0.033,0.033,2425469,0
NVA,20180531,0.032,0.035,0.031,0.031,2032241,0
NVA,20180601,0.033,0.034,0.033,0.034,1289442,0
NVA,20180604,0.034,0.036,0.034,0.034,2199622,0
NVA,20180605,0.035,0.04,0.035,0.037,8989307,0
NVA,20180606,0.038,0.04,0.037,0.04,5206894,0
NVA,20180607,0.04,0.042,0.036,0.036,6460576,0
NVA,20180608,0.038,0.038,0.035,0.035,1766317,0
NVA,20180611,0.035,0.035,0.035,0.035,0,0
NVA,20180612,0.035,0.035,0.035,0.035,0,0
NVA,20180613,0.035,0.035,0.035,0.035,0,0
NVA,20180614,0.033,0.035,0.033,0.033,5938541,0
NVA,20180615,0.033,0.034,0.033,0.034,1664601,0
NVA,20180618,0.034,0.034,0.033,0.033,2883287,0
NVA,20180619,0.033,0.034,0.033,0.033,1900356,0
NVA,20180620,0.033,0.033,0.031,0.031,2456002,0
NVA,20180621,0.031,0.032,0.031,0.031,1398717,0
NVA,20180622,0.031,0.032,0.031,0.031,1120677,0
NVA,20180625,0.031,0.031,0.03,0.03,602229,0
NVA,20180626,0.032,0.032,0.03,0.03,2085985,0
NVA,20180627,0.03,0.031,0.029,0.03,2360194,0
NVA,20180628,0.031,0.031,0.029,0.029,1658072,0
NVA,20180629,0.029,0.029,0.028,0.028,2889879,0
NVA,20180702,0.028,0.03,0.028,0.029,1481286,0
NVA,20180703,0.03,0.032,0.03,0.03,1737575,0
NVA,20180704,0.03,0.03,0.028,0.028,2357126,0
NVA,20180705,0.029,0.03,0.027,0.029,5560872,0
NVA,20180706,0.028,0.028,0.027,0.027,3479083,0
NVA,20180709,0.028,0.028,0.027,0.027,825000,0
NVA,20180710,0.027,0.029,0.027,0.028,1056301,0
NVA,20180711,0.029,0.029,0.028,0.028,1274810,0
NVA,20180712,0.029,0.031,0.028,0.029,5422530,0
NVA,20180713,0.029,0.029,0.027,0.028,3780313,0
NVA,20180716,0.029,0.03,0.029,0.03,3547532,0
NVA,20180717,0.03,0.031,0.029,0.03,1158194,0
NVA,20180718,0.03,0.03,0.029,0.029,575760,0
NVA,20180719,0.03,0.032,0.03,0.031,681984,0
NVA,20180720,0.032,0.032,0.031,0.031,1058123,0
NVA,20180723,0.031,0.031,0.031,0.031,0,0
NVA,20180724,0.031,0.031,0.031,0.031,0,0
NVA,20180725,0.034,0.035,0.029,0.03,11783387,0
NVA,20180726,0.03,0.03,0.028,0.028,5297418,0
NVA,20180727,0.028,0.028,0.027,0.027,1305510,0
NVA,20180730,0.028,0.029,0.027,0.027,4125091,0
NVA,20180731,0.027,0.028,0.027,0.027,1858572,0
NVA,20180801,0.028,0.028,0.027,0.027,885785,0
NVA,20180802,0.027,0.028,0.027,0.027,2458776,0
NVA,20180803,0.028,0.028,0.026,0.026,4220025,0
NVA,20180806,0.026,0.026,0.023,0.023,7648833,0
NVA,20180807,0.024,0.024,0.023,0.024,1593244,0
NVA,20180808,0.024,0.027,0.024,0.026,4348744,0
NVA,20180809,0.027,0.027,0.025,0.025,1367654,0
NVA,20180810,0.026,0.026,0.025,0.025,661035,0
NVA,20180813,0.026,0.026,0.024,0.024,1612227,0
NVA,20180814,0.024,0.024,0.022,0.022,6282262,0
NVA,20180815,0.023,0.024,0.022,0.022,5323844,0
NVA,20180816,0.023,0.023,0.022,0.022,931525,0
NVA,20180817,0.024,0.024,0.022,0.022,1550536,0
NVA,20180820,0.022,0.023,0.022,0.023,1930527,0
NVA,20180821,0.023,0.023,0.022,0.022,440001,0
NVA,20180822,0.023,0.023,0.022,0.023,1272686,0
NVA,20180823,0.023,0.024,0.023,0.023,323163,0
NVA,20180824,0.024,0.024,0.023,0.024,2090049,0
NVA,20180827,0.025,0.03,0.024,0.029,3920334,0
NVA,20180828,0.03,0.03,0.026,0.026,2759382,0
NVA,20180829,0.028,0.028,0.024,0.026,1509999,0
NVA,20180830,0.026,0.029,0.026,0.028,1222849,0
NVA,20180831,0.028,0.03,0.028,0.028,998500,0
NVA,20180903,0.028,0.03,0.027,0.028,1838366,0
NVA,20180904,0.028,0.028,0.028,0.028,392575,0
NVA,20180905,0.029,0.029,0.027,0.027,542035,0
NVA,20180906,0.027,0.028,0.025,0.027,1478107,0
NVA,20180907,0.027,0.027,0.025,0.025,411849,0
NVA,20180910,0.025,0.025,0.024,0.024,380243,0
NVA,20180911,0.025,0.025,0.024,0.024,626003,0
NVA,20180912,0.025,0.026,0.025,0.025,1545665,0
NVA,20180913,0.025,0.025,0.024,0.025,512228,0
NVA,20180914,0.025,0.026,0.024,0.024,2896078,0
NVA,20180917,0.024,0.026,0.024,0.025,2156316,0
NVA,20180918,0.025,0.025,0.024,0.025,122127,0
NVA,20180919,0.025,0.025,0.024,0.024,945629,0
NVA,20180920,0.025,0.026,0.025,0.025,1183137,0
NVA,20180921,0.026,0.028,0.026,0.027,3329915,0
NVA,20180924,0.028,0.028,0.027,0.027,263280,0
NVA,20180925,0.027,0.027,0.027,0.027,784519,0
NVA,20180926,0.026,0.027,0.025,0.026,1701507,0
NVA,20180927,0.026,0.027,0.026,0.027,98347,0
NVA,20180928,0.028,0.028,0.027,0.027,740494,0
NVA,20181001,0.026,0.026,0.025,0.025,2350078,0
NVA,20181002,0.025,0.025,0.024,0.024,3261325,0
NVA,20181003,0.024,0.026,0.024,0.026,1230062,0
NVA,20181004,0.025,0.026,0.024,0.026,1130865,0
NVA,20181005,0.025,0.026,0.025,0.025,457918,0
NVA,20181008,0.025,0.025,0.021,0.022,7082772,0
NVA,20181009,0.022,0.024,0.021,0.022,2198849,0
NVA,20181010,0.022,0.023,0.022,0.023,1011311,0
NVA,20181011,0.021,0.022,0.021,0.021,1066537,0
NVA,20181012,0.022,0.024,0.021,0.023,1554806,0
NVA,20181015,0.023,0.023,0.021,0.022,1178950,0
NVA,20181016,0.022,0.023,0.021,0.023,924684,0
NVA,20181017,0.023,0.023,0.023,0.023,0,0
NVA,20181018,0.022,0.022,0.022,0.022,300000,0
NVA,20181019,0.023,0.023,0.022,0.022,211624,0
NVA,20181022,0.022,0.022,0.022,0.022,2112806,0
NVA,20181023,0.022,0.022,0.021,0.022,1024414,0
NVA,20181024,0.021,0.021,0.02,0.02,1788518,0
NVA,20181025,0.02,0.02,0.02,0.02,1236809,0
NVA,20181026,0.02,0.02,0.02,0.02,235883,0
NVA,20181029,0.02,0.021,0.02,0.021,169730,0
NVA,20181030,0.02,0.02,0.019,0.02,133660,0
NVA,20181031,0.02,0.02,0.019,0.019,889210,0
NVA,20181101,0.02,0.02,0.02,0.02,339775,0
NVA,20181102,0.02,0.02,0.02,0.02,1019752,0
NVA,20181105,0.021,0.022,0.02,0.021,652176,0
NVA,20181106,0.022,0.025,0.022,0.025,1609069,0
NVA,20181107,0.026,0.026,0.025,0.026,430991,0
NVA,20181108,0.025,0.025,0.024,0.024,232135,0
NVA,20181109,0.024,0.024,0.023,0.024,590116,0
NVA,20181112,0.024,0.025,0.024,0.025,1037350,0
NVA,20181113,0.024,0.024,0.024,0.024,995606,0
NVA,20181114,0.023,0.024,0.021,0.023,3356641,0
NVA,20181115,0.023,0.025,0.023,0.025,728104,0
NVA,20181116,0.025,0.025,0.025,0.025,66289,0
NVA,20181119,0.024,0.024,0.024,0.024,291482,0
NVA,20181120,0.023,0.023,0.023,0.023,228806,0
NVA,20181121,0.024,0.024,0.023,0.023,1433694,0
NVA,20181122,0.023,0.023,0.021,0.021,3476010,0
NVA,20181123,0.022,0.022,0.021,0.021,4560721,0
NVA,20181126,0.021,0.021,0.02,0.02,1490488,0
NVA,20181127,0.021,0.023,0.02,0.021,2849322,0
NVA,20181128,0.02,0.021,0.02,0.021,967018,0
NVA,20181129,0.02,0.021,0.02,0.02,998515,0
NVA,20181130,0.021,0.021,0.021,0.021,632500,0
NVA,20181203,0.022,0.024,0.022,0.022,1377412,0
NVA,20181204,0.023,0.024,0.022,0.024,773790,0
NVA,20181205,0.024,0.024,0.024,0.024,339339,0
NVA,20181206,0.023,0.023,0.023,0.023,100000,0
NVA,20181207,0.024,0.024,0.022,0.022,271591,0
NVA,20181210,0.022,0.022,0.022,0.022,748857,0
NVA,20181211,0.021,0.021,0.02,0.02,409693,0
NVA,20181212,0.021,0.021,0.02,0.021,702911,0
NVA,20181213,0.021,0.021,0.021,0.021,0,0
NVA,20181214,0.021,0.021,0.02,0.02,1482759,0
NVA,20181217,0.02,0.02,0.02,0.02,341526,0
NVA,20181218,0.02,0.021,0.02,0.021,851482,0
NVA,20181219,0.02,0.021,0.02,0.02,1067432,0
NVA,20181220,0.021,0.021,0.02,0.02,469532,0
NVA,20181221,0.02,0.02,0.02,0.02,1146612,0
NVA,20181224,0.019,0.02,0.019,0.02,991720,0
NVA,20181225,0.02,0.02,0.02,0.02,0,0
NVA,20181226,0.02,0.02,0.02,0.02,0,0
NVA,20181227,0.02,0.02,0.02,0.02,268280,0
NVA,20181228,0.02,0.02,0.02,0.02,150000,0
NVA,20181231,0.02,0.021,0.02,0.021,274300,0
NVA,20190101,0.021,0.021,0.021,0.021,0,0
NVA,20190102,0.021,0.021,0.02,0.02,290000,0
NVA,20190103,0.02,0.021,0.02,0.021,310501,0
NVA,20190104,0.021,0.021,0.021,0.021,0,0
NVA,20190107,0.021,0.021,0.02,0.02,343099,0
NVA,20190108,0.02,0.02,0.02,0.02,358720,0
NVA,20190109,0.021,0.021,0.02,0.02,80544,0
NVA,20190110,0.019,0.021,0.019,0.021,429935,0
NVA,20190111,0.022,0.024,0.022,0.024,1050833,0
NVA,20190114,0.024,0.024,0.023,0.024,602000,0
NVA,20190115,0.024,0.024,0.024,0.024,0,0
NVA,20190116,0.023,0.024,0.023,0.024,230000,0
NVA,20190117,0.021,0.023,0.021,0.023,294668,0
NVA,20190118,0.024,0.024,0.024,0.024,198357,0
NVA,20190121,0.022,0.023,0.022,0.022,375547,0
NVA,20190122,0.021,0.021,0.021,0.021,600000,0
NVA,20190123,0.021,0.021,0.02,0.021,497907,0
NVA,20190124,0.022,0.022,0.022,0.022,105258,0
NVA,20190125,0.021,0.021,0.021,0.021,200000,0
NVA,20190128,0.021,0.021,0.021,0.021,0,0
NVA,20190129,0.02,0.02,0.02,0.02,382558,0
NVA,20190130,0.02,0.021,0.019,0.019,3724698,0
NVA,20190131,0.018,0.02,0.018,0.018,1078396,0
NVA,20190201,0.018,0.019,0.018,0.019,459160,0
NVA,20190204,0.019,0.019,0.018,0.018,370007,0
NVA,20190205,0.018,0.02,0.016,0.018,1052477,0
NVA,20190206,0.018,0.018,0.018,0.018,1076091,0
NVA,20190207,0.018,0.02,0.018,0.019,2725190,0
NVA,20190208,0.019,0.019,0.018,0.018,1542726,0
NVA,20190211,0.018,0.019,0.018,0.018,264985,0
NVA,20190212,0.018,0.019,0.018,0.019,250000,0
NVA,20190213,0.019,0.019,0.018,0.018,81500,0
NVA,20190214,0.019,0.021,0.019,0.02,1377223,0
NVA,20190215,0.019,0.019,0.018,0.018,3252951,0
NVA,20190218,0.019,0.019,0.018,0.018,300000,0
NVA,20190219,0.018,0.019,0.018,0.018,2291847,0
NVA,20190220,0.017,0.018,0.017,0.018,523140,0
NVA,20190221,0.018,0.018,0.018,0.018,278884,0
NVA,20190222,0.018,0.018,0.018,0.018,0,0
NVA,20190225,0.017,0.017,0.017,0.017,502087,0
NVA,20190226,0.017,0.017,0.017,0.017,0,0
NVA,20190227,0.017,0.017,0.013,0.017,5345635,0
NVA,20190228,0.017,0.017,0.016,0.016,18636,0
NVA,20190301,0.016,0.016,0.016,0.016,212500,0
NVA,20190304,0.016,0.016,0.016,0.016,160000,0
NVA,20190305,0.016,0.017,0.016,0.017,1643305,0
NVA,20190306,0.016,0.017,0.016,0.017,550652,0
NVA,20190307,0.016,0.017,0.016,0.016,430977,0
NVA,20190308,0.017,0.017,0.016,0.016,79800,0
NVA,20190311,0.016,0.016,0.015,0.015,572199,0
NVA,20190312,0.017,0.017,0.017,0.017,60000,0
NVA,20190313,0.017,0.017,0.017,0.017,42308,0
NVA,20190314,0.017,0.017,0.017,0.017,0,0
NVA,20190315,0.017,0.017,0.017,0.017,0,0
NVA,20190318,0.015,0.016,0.015,0.016,396940,0
NVA,20190319,0.016,0.016,0.016,0.016,137000,0
NVA,20190320,0.016,0.016,0.016,0.016,0,0
NVA,20190321,0.015,0.015,0.015,0.015,2781860,0
NVA,20190322,0.015,0.015,0.015,0.015,168813,0
NVA,20190325,0.015,0.015,0.015,0.015,0,0
NVA,20190326,0.015,0.015,0.015,0.015,200000,0
NVA,20190327,0.014,0.014,0.014,0.014,2201131,0
NVA,20190328,0.014,0.015,0.014,0.014,814196,0
NVA,20190329,0.014,0.014,0.014,0.014,765712,0
NVA,20190401,0.014,0.015,0.013,0.013,330430,0
NVA,20190402,0.013,0.015,0.013,0.015,565700,0
NVA,20190403,0.015,0.015,0.015,0.015,0,0
NVA,20190404,0.014,0.014,0.014,0.014,114955,0
NVA,20190405,0.014,0.014,0.014,0.014,0,0
NVA,20190408,0.015,0.015,0.014,0.014,320000,0
NVA,20190409,0.014,0.014,0.014,0.014,27848,0
NVA,20190410,0.015,0.015,0.014,0.014,471669,0
NVA,20190411,0.014,0.014,0.014,0.014,0,0
NVA,20190412,0.013,0.013,0.013,0.013,100206,0
NVA,20190415,0.014,0.014,0.014,0.014,600211,0
NVA,20190416,0.014,0.015,0.014,0.015,616000,0
NVA,20190417,0.014,0.014,0.014,0.014,423077,0
NVA,20190418,0.014,0.015,0.014,0.015,842071,0
NVA,20190419,0.015,0.015,0.015,0.015,0,0
NVA,20190422,0.015,0.015,0.015,0.015,0,0
NVA,20190423,0.015,0.015,0.014,0.014,323518,0
NVA,20190424,0.014,0.014,0.014,0.014,81428,0
NVA,20190425,0.014,0.014,0.014,0.014,0,0
NVA,20190426,0.014,0.014,0.014,0.014,501000,0
NVA,20190429,0.014,0.014,0.014,0.014,0,0
NVA,20190430,0.014,0.014,0.014,0.014,290000,0
NVA,20190501,0.014,0.014,0.014,0.014,459646,0
NVA,20190502,0.013,0.015,0.013,0.015,857046,0
NVA,20190503,0.015,0.015,0.014,0.014,910037,0
NVA,20190506,0.015,0.015,0.014,0.014,1177517,0
NVA,20190507,0.014,0.014,0.014,0.014,134986,0
NVA,20190508,0.014,0.015,0.013,0.014,1253114,0
NVA,20190509,0.013,0.014,0.013,0.014,711714,0
NVA,20190510,0.014,0.014,0.013,0.014,1879583,0
NVA,20190513,0.014,0.014,0.014,0.014,0,0
NVA,20190514,0.015,0.015,0.015,0.015,1851307,0
NVA,20190515,0.014,0.017,0.014,0.017,584474,0
NVA,20190516,0.017,0.018,0.017,0.018,1243409,0
NVA,20190517,0.017,0.017,0.017,0.017,30000,0
NVA,20190520,0.016,0.017,0.015,0.016,2080547,0
NVA,20190521,0.016,0.016,0.016,0.016,561387,0
NVA,20190522,0.016,0.016,0.016,0.016,816124,0
NVA,20190523,0.016,0.016,0.016,0.016,730182,0
NVA,20190524,0.015,0.015,0.015,0.015,432704,0
NVA,20190527,0.015,0.016,0.015,0.016,755923,0
NVA,20190528,0.015,0.015,0.015,0.015,306862,0
NVA,20190529,0.016,0.016,0.016,0.016,4003,0
NVA,20190530,0.016,0.016,0.016,0.016,31252,0
NVA,20190531,0.015,0.015,0.014,0.015,732307,0
NVA,20190603,0.016,0.02,0.016,0.018,6294853,0
NVA,20190604,0.019,0.019,0.018,0.018,894836,0
NVA,20190605,0.018,0.02,0.018,0.019,1528499,0
NVA,20190606,0.019,0.019,0.019,0.019,52600,0
NVA,20190607,0.019,0.019,0.018,0.018,820726,0
NVA,20190610,0.018,0.018,0.018,0.018,0,0
NVA,20190611,0.018,0.019,0.018,0.018,318682,0
NVA,20190612,0.019,0.024,0.019,0.02,8215260,0
NVA,20190613,0.021,0.022,0.02,0.021,1707960,0
NVA,20190614,0.021,0.022,0.021,0.021,2791610,0
NVA,20190617,0.021,0.021,0.02,0.021,1631726,0
NVA,20190618,0.02,0.02,0.019,0.019,1865420,0
NVA,20190619,0.02,0.024,0.02,0.022,4865188,0
NVA,20190620,0.022,0.022,0.022,0.022,120960,0
NVA,20190621,0.022,0.023,0.022,0.022,2888222,0
NVA,20190624,0.022,0.022,0.022,0.022,0,0
NVA,20190625,0.022,0.022,0.02,0.02,1219298,0
NVA,20190626,0.02,0.023,0.02,0.023,1747757,0
NVA,20190627,0.023,0.023,0.02,0.02,2570734,0
NVA,20190628,0.021,0.021,0.02,0.021,539705,0
NVA,20190701,0.021,0.021,0.021,0.021,0,0
NVA,20190702,0.021,0.021,0.021,0.021,0,0
NVA,20190703,0.02,0.02,0.019,0.019,1971894,0
NVA,20190704,0.02,0.02,0.019,0.019,1169820,0
NVA,20190705,0.021,0.022,0.021,0.021,2483281,0
NVA,20190708,0.022,0.023,0.022,0.023,3322571,0
NVA,20190709,0.023,0.023,0.023,0.023,485706,0
NVA,20190710,0.022,0.022,0.021,0.021,2252212,0
NVA,20190711,0.022,0.023,0.02,0.02,2106809,0
NVA,20190712,0.022,0.022,0.02,0.02,448352,0
NVA,20190715,0.02,0.02,0.019,0.02,566845,0
NVA,20190716,0.02,0.022,0.02,0.022,283321,0
NVA,20190717,0.022,0.022,0.022,0.022,1188919,0
NVA,20190718,0.022,0.022,0.022,0.022,593402,0
NVA,20190719,0.023,0.023,0.021,0.022,1915659,0
NVA,20190722,0.021,0.022,0.021,0.022,2722912,0
NVA,20190723,0.022,0.027,0.022,0.025,8788616,0
NVA,20190724,0.027,0.027,0.024,0.024,4372722,0
NVA,20190725,0.027,0.03,0.027,0.028,7718179,0
NVA,20190726,0.029,0.029,0.028,0.028,7299704,0
NVA,20190729,0.028,0.029,0.027,0.029,3195574,0
NVA,20190730,0.029,0.032,0.029,0.03,3638002,0
NVA,20190731,0.031,0.033,0.03,0.031,4465529,0
NVA,20190801,0.033,0.033,0.027,0.027,3519112,0
NVA,20190802,0.028,0.033,0.028,0.029,6657914,0
NVA,20190805,0.032,0.033,0.025,0.031,14831139,0
NVA,20190806,0.027,0.029,0.026,0.028,5069864,0
NVA,20190807,0.027,0.028,0.027,0.027,1939587,0
NVA,20190808,0.028,0.031,0.027,0.031,4828426,0
NVA,20190809,0.031,0.031,0.028,0.03,4565247,0
NVA,20190812,0.03,0.035,0.029,0.033,8076941,0
NVA,20190813,0.034,0.038,0.032,0.035,7285116,0
NVA,20190814,0.035,0.036,0.035,0.036,4495057,0
NVA,20190815,0.036,0.036,0.033,0.034,3278235,0
NVA,20190816,0.035,0.041,0.034,0.041,6926656,0
NVA,20190819,0.041,0.053,0.04,0.053,11701240,0
NVA,20190820,0.055,0.056,0.045,0.049,13988900,0
NVA,20190821,0.049,0.049,0.046,0.046,3891893,0
NVA,20190822,0.046,0.053,0.046,0.053,5824386,0
NVA,20190823,0.053,0.055,0.051,0.055,7652453,0
NVA,20190826,0.054,0.062,0.054,0.06,11128763,0
NVA,20190827,0.061,0.061,0.056,0.056,6007025,0
NVA,20190828,0.055,0.056,0.05,0.055,11906716,0
NVA,20190829,0.054,0.055,0.051,0.055,5940073,0
NVA,20190830,0.052,0.056,0.052,0.054,5402839,0
NVA,20190902,0.058,0.06,0.056,0.056,7861945,0
NVA,20190903,0.057,0.06,0.053,0.06,4915765,0
NVA,20190904,0.058,0.064,0.057,0.06,9361003,0
NVA,20190905,0.06,0.06,0.06,0.06,0,0
NVA,20190906,0.06,0.06,0.06,0.06,0,0
NVA,20190909,0.06,0.06,0.06,0.06,0,0
NVA,20190910,0.06,0.06,0.06,0.06,0,0
NVA,20190911,0.07,0.071,0.062,0.066,13201548,0
NVA,20190912,0.068,0.068,0.055,0.059,8983384,0
NVA,20190913,0.056,0.056,0.043,0.05,22023302,0
NVA,20190916,0.052,0.052,0.044,0.046,8641777,0
NVA,20190917,0.046,0.056,0.046,0.05,13793149,0
NVA,20190918,0.05,0.053,0.048,0.052,4347755,0
NVA,20190919,0.05,0.051,0.048,0.048,3036093,0
NVA,20190920,0.049,0.051,0.047,0.047,4012825,0
NVA,20190923,0.048,0.049,0.047,0.047,1577040,0
NVA,20190924,0.048,0.048,0.042,0.044,4995324,0
NVA,20190925,0.044,0.044,0.038,0.038,7668772,0
NVA,20190926,0.039,0.043,0.039,0.039,6767703,0
NVA,20190927,0.04,0.045,0.039,0.045,5138920,0
NVA,20190930,0.044,0.044,0.038,0.038,5238190,0
NVA,20191001,0.039,0.039,0.036,0.038,3651578,0
NVA,20191002,0.037,0.042,0.036,0.042,2413167,0
NVA,20191003,0.04,0.041,0.038,0.038,3058759,0
NVA,20191004,0.04,0.04,0.038,0.038,238395,0
NVA,20191007,0.037,0.037,0.037,0.037,1570407,0
NVA,20191008,0.039,0.04,0.037,0.037,1976100,0
NVA,20191009,0.036,0.038,0.036,0.037,1432859,0
NVA,20191010,0.037,0.037,0.037,0.037,1141842,0
NVA,20191011,0.038,0.041,0.038,0.039,1450172,0
NVA,20191014,0.042,0.042,0.039,0.041,931533,0
NVA,20191015,0.044,0.045,0.043,0.045,2763503,0
NVA,20191016,0.045,0.045,0.043,0.043,341149,0
NVA,20191017,0.043,0.043,0.041,0.041,1337120,0
NVA,20191018,0.042,0.042,0.041,0.041,537243,0
NVA,20191021,0.041,0.041,0.04,0.04,497303,0
NVA,20191022,0.041,0.041,0.039,0.039,803280,0
NVA,20191023,0.039,0.039,0.038,0.038,728541,0
NVA,20191024,0.04,0.04,0.039,0.039,300750,0
NVA,20191025,0.039,0.039,0.039,0.039,119942,0
NVA,20191028,0.039,0.04,0.038,0.038,1106809,0
NVA,20191029,0.039,0.039,0.038,0.038,509873,0
NVA,20191030,0.037,0.037,0.037,0.037,329243,0
NVA,20191031,0.037,0.04,0.037,0.038,181679,0
NVA,20191101,0.038,0.039,0.037,0.037,683071,0
NVA,20191104,0.037,0.037,0.037,0.037,100268,0
NVA,20191105,0.035,0.037,0.035,0.037,1071230,0
NVA,20191106,0.037,0.038,0.036,0.036,453896,0
NVA,20191107,0.037,0.04,0.036,0.038,1328566,0
NVA,20191108,0.038,0.039,0.038,0.039,472539,0
NVA,20191111,0.039,0.039,0.037,0.037,802229,0
NVA,20191112,0.037,0.037,0.037,0.037,215530,0
NVA,20191113,0.037,0.037,0.036,0.037,518620,0
NVA,20191114,0.037,0.039,0.037,0.037,491422,0
NVA,20191115,0.037,0.04,0.037,0.04,605191,0
NVA,20191118,0.037,0.038,0.037,0.037,282658,0
NVA,20191119,0.037,0.037,0.036,0.037,940800,0
NVA,20191120,0.038,0.038,0.037,0.037,482820,0
NVA,20191121,0.036,0.037,0.036,0.037,218498,0
NVA,20191122,0.038,0.038,0.036,0.036,392156,0
NVA,20191125,0.036,0.037,0.035,0.036,429570,0
NVA,20191126,0.036,0.036,0.036,0.036,468160,0
NVA,20191127,0.035,0.036,0.034,0.034,737992,0
NVA,20191128,0.036,0.036,0.034,0.034,281708,0
NVA,20191129,0.034,0.034,0.031,0.033,790217,0
NVA,20191202,0.034,0.034,0.031,0.031,1296575,0
NVA,20191203,0.031,0.032,0.03,0.032,1065016,0
NVA,20191204,0.032,0.033,0.029,0.031,1457374,0
NVA,20191205,0.032,0.034,0.032,0.034,918297,0
NVA,20191206,0.034,0.035,0.034,0.034,688609,0
NVA,20191209,0.033,0.037,0.033,0.033,2453506,0
NVA,20191210,0.032,0.035,0.032,0.034,444321,0
NVA,20191211,0.035,0.036,0.034,0.036,384639,0
NVA,20191212,0.036,0.037,0.036,0.037,242946,0
NVA,20191213,0.034,0.037,0.034,0.037,386855,0
NVA,20191216,0.035,0.037,0.035,0.037,664855,0
NVA,20191217,0.037,0.037,0.036,0.037,998381,0
NVA,20191218,0.037,0.038,0.036,0.038,1505581,0
NVA,20191219,0.037,0.038,0.037,0.038,108911,0
NVA,20191220,0.038,0.039,0.037,0.039,756776,0
NVA,20191223,0.039,0.039,0.037,0.037,463814,0
NVA,20191224,0.038,0.04,0.038,0.04,231752,0
NVA,20191225,0.04,0.04,0.04,0.04,0,0
NVA,20191226,0.04,0.04,0.04,0.04,0,0
NVA,20191227,0.039,0.04,0.038,0.038,350897,0
NVA,20191230,0.038,0.044,0.038,0.044,3219995,0
NVA,20191231,0.044,0.046,0.042,0.044,2181360,0
NVA,20200101,0.044,0.044,0.044,0.044,0,0
NVA,20200102,0.044,0.046,0.044,0.046,540633,0
NVA,20200103,0.045,0.051,0.045,0.048,5082339,0
NVA,20200106,0.048,0.048,0.048,0.048,0,0
NVA,20200107,0.056,0.06,0.053,0.057,8716565,0
NVA,20200108,0.058,0.06,0.057,0.058,3833196,0
NVA,20200109,0.055,0.056,0.052,0.052,4060377,0
NVA,20200110,0.052,0.053,0.046,0.047,2698587,0
NVA,20200113,0.047,0.047,0.047,0.047,0,0
NVA,20200114,0.047,0.047,0.047,0.047,0,0
NVA,20200115,0.046,0.05,0.045,0.046,4678065,0
NVA,20200116,0.047,0.054,0.047,0.053,3186784,0
NVA,20200117,0.054,0.054,0.051,0.051,1799965,0
NVA,20200120,0.047,0.047,0.042,0.043,9762015,0
NVA,20200121,0.043,0.044,0.043,0.043,6463787,0
NVA,20200122,0.044,0.044,0.039,0.042,7359862,0
NVA,20200123,0.042,0.044,0.04,0.041,4367007,0
NVA,20200124,0.041,0.042,0.04,0.042,1185539,0
NVA,20200127,0.042,0.042,0.042,0.042,0,0
NVA,20200128,0.041,0.042,0.04,0.041,5201154,0
NVA,20200129,0.041,0.041,0.04,0.04,957309,0
NVA,20200130,0.041,0.041,0.04,0.041,1423916,0
NVA,20200131,0.04,0.04,0.039,0.039,1419079,0
NVA,20200203,0.04,0.04,0.039,0.039,1638950,0
NVA,20200204,0.04,0.041,0.037,0.038,2316037,0
NVA,20200205,0.038,0.038,0.036,0.036,3441114,0
NVA,20200206,0.037,0.037,0.036,0.036,4072203,0
NVA,20200207,0.037,0.038,0.037,0.038,1747153,0
NVA,20200210,0.039,0.04,0.038,0.039,2086770,0
NVA,20200211,0.04,0.041,0.038,0.038,1329295,0
NVA,20200212,0.038,0.042,0.038,0.041,3071042,0
NVA,20200213,0.041,0.047,0.041,0.044,7569844,0
NVA,20200214,0.044,0.048,0.042,0.047,4733680,0
NVA,20200217,0.049,0.052,0.048,0.05,8003033,0
NVA,20200218,0.051,0.055,0.05,0.054,5825020,0
NVA,20200219,0.057,0.057,0.052,0.055,8021735,0
NVA,20200220,0.055,0.055,0.051,0.051,3674679,0
NVA,20200221,0.054,0.054,0.052,0.054,3087729,0
NVA,20200224,0.055,0.061,0.055,0.058,10955619,0
NVA,20200225,0.06,0.06,0.053,0.054,7315920,0
NVA,20200226,0.052,0.052,0.048,0.052,5537750,0
NVA,20200227,0.052,0.054,0.05,0.054,4167516,0
NVA,20200228,0.05,0.051,0.047,0.05,3657506,0
NVA,20200302,0.048,0.048,0.043,0.046,4639822,0
NVA,20200303,0.047,0.05,0.047,0.049,3060887,0
NVA,20200304,0.05,0.052,0.048,0.051,978875,0
NVA,20200305,0.051,0.052,0.049,0.051,1599461,0
NVA,20200306,0.05,0.051,0.049,0.049,1228769,0
NVA,20200309,0.048,0.048,0.041,0.042,6189802,0
NVA,20200310,0.041,0.044,0.039,0.043,3350669,0
NVA,20200311,0.044,0.045,0.041,0.041,3077969,0
NVA,20200312,0.04,0.04,0.031,0.032,14123530,0
NVA,20200313,0.03,0.03,0.021,0.03,16257697,0
NVA,20200316,0.03,0.03,0.026,0.027,4589667,0
NVA,20200317,0.028,0.031,0.025,0.03,6324454,0
NVA,20200318,0.031,0.032,0.029,0.029,4467272,0
NVA,20200319,0.029,0.029,0.024,0.025,6425385,0
NVA,20200320,0.028,0.028,0.027,0.027,1922521,0
NVA,20200323,0.027,0.027,0.023,0.023,3507619,0
NVA,20200324,0.025,0.028,0.025,0.026,3386281,0
NVA,20200325,0.03,0.031,0.028,0.029,5297027,0
NVA,20200326,0.03,0.03,0.024,0.025,10899952,0
NVA,20200327,0.027,0.027,0.024,0.024,4454911,0
NVA,20200330,0.025,0.025,0.023,0.024,3910457,0
NVA,20200331,0.026,0.028,0.025,0.027,2331964,0
NVA,20200401,0.027,0.027,0.026,0.026,1477636,0
NVA,20200402,0.026,0.027,0.026,0.026,1100085,0
NVA,20200403,0.026,0.027,0.025,0.027,1577770,0
NVA,20200406,0.027,0.027,0.026,0.026,382226,0
NVA,20200407,0.028,0.031,0.028,0.029,6947739,0
NVA,20200408,0.03,0.031,0.029,0.029,2312658,0
NVA,20200409,0.03,0.031,0.03,0.03,1756258,0
NVA,20200410,0.03,0.03,0.03,0.03,0,0
NVA,20200413,0.03,0.03,0.03,0.03,0,0
NVA,20200414,0.033,0.039,0.033,0.036,7780541,0
NVA,20200415,0.038,0.04,0.035,0.04,5163993,0
NVA,20200416,0.041,0.047,0.041,0.047,5397049,0
NVA,20200417,0.048,0.051,0.046,0.047,4810881,0
NVA,20200420,0.047,0.047,0.043,0.044,4161590,0
NVA,20200421,0.042,0.043,0.041,0.042,2585995,0
NVA,20200422,0.041,0.043,0.039,0.043,3532128,0
NVA,20200423,0.044,0.046,0.043,0.043,1866989,0
NVA,20200424,0.044,0.049,0.044,0.049,2691383,0
NVA,20200427,0.049,0.05,0.046,0.049,4523122,0
NVA,20200428,0.049,0.05,0.047,0.047,1883422,0
NVA,20200429,0.047,0.048,0.047,0.048,1045933,0
NVA,20200430,0.049,0.049,0.046,0.046,1703984,0
NVA,20200501,0.046,0.048,0.046,0.047,1845558,0
NVA,20200504,0.047,0.049,0.047,0.048,1241846,0
NVA,20200505,0.049,0.055,0.049,0.053,8162927,0
NVA,20200506,0.054,0.054,0.053,0.053,3350253,0
NVA,20200507,0.053,0.053,0.05,0.05,3016647,0
NVA,20200508,0.051,0.052,0.049,0.049,3319540,0
NVA,20200511,0.051,0.053,0.046,0.046,5059725,0
NVA,20200512,0.047,0.049,0.047,0.049,3259071,0
NVA,20200513,0.05,0.05,0.048,0.048,1625156,0
NVA,20200514,0.05,0.05,0.048,0.048,1066480,0
NVA,20200515,0.049,0.049,0.048,0.048,1775240,0
NVA,20200518,0.049,0.049,0.047,0.047,1932765,0
NVA,20200519,0.048,0.049,0.047,0.048,1385423,0
NVA,20200520,0.049,0.049,0.046,0.047,4253874,0
NVA,20200521,0.047,0.049,0.047,0.049,2162300,0
NVA,20200522,0.048,0.049,0.048,0.049,2023522,0
NVA,20200525,0.053,0.053,0.048,0.049,10530119,0
NVA,20200526,0.05,0.053,0.049,0.052,9547068,0
NVA,20200527,0.053,0.053,0.05,0.05,3575283,0
NVA,20200528,0.051,0.059,0.051,0.057,16338410,0
NVA,20200529,0.057,0.058,0.055,0.057,8118104,0
NVA,20200601,0.058,0.066,0.058,0.066,16414159,0
NVA,20200602,0.066,0.067,0.061,0.063,10043158,0
NVA,20200603,0.064,0.066,0.062,0.062,6183281,0
NVA,20200604,0.063,0.064,0.062,0.062,3358450,0
NVA,20200605,0.064,0.064,0.062,0.064,2148784,0
NVA,20200608,0.064,0.064,0.064,0.064,0,0
NVA,20200609,0.065,0.065,0.056,0.059,8814943,0
NVA,20200610,0.059,0.062,0.057,0.06,3799867,0
NVA,20200611,0.06,0.063,0.053,0.054,10312030,0
NVA,20200612,0.051,0.053,0.047,0.053,4858897,0
NVA,20200615,0.053,0.053,0.053,0.053,0,0
NVA,20200616,0.053,0.056,0.053,0.056,2115556,0
NVA,20200617,0.056,0.058,0.054,0.057,3394799,0
NVA,20200618,0.057,0.061,0.056,0.058,5159144,0
NVA,20200619,0.06,0.061,0.058,0.06,3141187,0
NVA,20200622,0.06,0.062,0.057,0.061,4006294,0
NVA,20200623,0.061,0.063,0.056,0.058,6309587,0
NVA,20200624,0.056,0.057,0.051,0.054,10339704,0
NVA,20200625,0.056,0.056,0.052,0.052,3619650,0
NVA,20200626,0.053,0.056,0.051,0.051,3861666,0
NVA,20200629,0.051,0.052,0.05,0.05,2874344,0
NVA,20200630,0.052,0.054,0.05,0.054,4229024,0
NVA,20200701,0.055,0.059,0.054,0.058,4124274,0
NVA,20200702,0.059,0.06,0.056,0.057,2937936,0
NVA,20200703,0.054,0.056,0.053,0.053,2535723,0
NVA,20200706,0.054,0.057,0.054,0.057,3125972,0
NVA,20200707,0.057,0.057,0.054,0.055,2403884,0
NVA,20200708,0.055,0.055,0.054,0.054,2209970,0
NVA,20200709,0.056,0.057,0.056,0.057,1737212,0
NVA,20200710,0.057,0.06,0.056,0.06,5880569,0
NVA,20200713,0.062,0.062,0.058,0.06,4081293,0
NVA,20200714,0.059,0.059,0.056,0.057,2933426,0
NVA,20200715,0.056,0.062,0.056,0.06,9909432,0
NVA,20200716,0.06,0.06,0.058,0.058,2805529,0
NVA,20200717,0.06,0.06,0.055,0.058,38318217,0
NVA,20200720,0.058,0.058,0.054,0.057,7983359,0
NVA,20200721,0.056,0.057,0.055,0.055,2359066,0
NVA,20200722,0.055,0.056,0.052,0.054,6158327,0
NVA,20200723,0.054,0.054,0.052,0.052,4619128,0
NVA,20200724,0.053,0.054,0.053,0.054,3620139,0
NVA,20200727,0.054,0.057,0.054,0.057,6186148,0
NVA,20200728,0.058,0.06,0.055,0.055,7452614,0
NVA,20200729,0.055,0.056,0.051,0.051,7984438,0
NVA,20200730,0.054,0.054,0.051,0.051,7858766,0
NVA,20200731,0.052,0.052,0.047,0.049,11133505,0
NVA,20200803,0.05,0.051,0.049,0.049,7171181,0
NVA,20200804,0.051,0.051,0.047,0.05,6908393,0
NVA,20200805,0.05,0.05,0.048,0.05,4389241,0
NVA,20200806,0.05,0.051,0.048,0.05,7054319,0
NVA,20200807,0.051,0.053,0.049,0.052,8759618,0
NVA,20200810,0.055,0.056,0.054,0.054,7786876,0
NVA,20200811,0.056,0.056,0.053,0.053,4902893,0
NVA,20200812,0.051,0.051,0.048,0.05,11340355,0
NVA,20200813,0.051,0.051,0.049,0.05,3140819,0
NVA,20200814,0.05,0.051,0.048,0.05,7397040,0
NVA,20200817,0.051,0.051,0.05,0.05,4253301,0
NVA,20200818,0.051,0.051,0.049,0.05,6926934,0
NVA,20200819,0.05,0.056,0.049,0.056,20179181,0
NVA,20200820,0.056,0.056,0.053,0.053,7287298,0
NVA,20200821,0.053,0.053,0.049,0.049,13070853,0
NVA,20200824,0.049,0.05,0.047,0.048,7046204,0
NVA,20200825,0.049,0.049,0.044,0.046,11351666,0
NVA,20200826,0.047,0.05,0.047,0.048,8775260,0
NVA,20200827,0.049,0.052,0.049,0.051,7065647,0
NVA,20200828,0.051,0.052,0.05,0.051,3334194,0
NVA,20200831,0.052,0.056,0.052,0.055,9749246,0
NVA,20200901,0.055,0.06,0.055,0.06,16857287,0
NVA,20200902,0.061,0.064,0.061,0.063,9477669,0
NVA,20200903,0.063,0.069,0.063,0.069,12405472,0
NVA,20200904,0.067,0.085,0.065,0.084,21435449,0
NVA,20200907,0.087,0.099,0.083,0.094,31090970,0
NVA,20200908,0.098,0.099,0.09,0.094,22879633,0
NVA,20200909,0.092,0.092,0.088,0.089,7011063,0
NVA,20200910,0.093,0.096,0.09,0.09,7829607,0
NVA,20200911,0.09,0.09,0.079,0.085,13827060,0
NVA,20200914,0.087,0.089,0.083,0.087,8963758,0
NVA,20200915,0.088,0.091,0.086,0.089,9489060,0
NVA,20200916,0.092,0.092,0.085,0.088,7142761,0
NVA,20200917,0.089,0.089,0.084,0.085,6514093,0
NVA,20200918,0.086,0.09,0.086,0.09,5636121,0
NVA,20200921,0.091,0.11,0.091,0.1,19588410,0
NVA,20200922,0.1,0.115,0.099,0.11,10775303,0
NVA,20200923,0.115,0.12,0.11,0.11,8499175,0
NVA,20200924,0.105,0.115,0.105,0.105,5863924,0
NVA,20200925,0.105,0.12,0.105,0.12,11341918,0
NVA,20200928,0.125,0.125,0.11,0.11,15211452,0
NVA,20200929,0.11,0.115,0.105,0.105,7104137,0
NVA,20200930,0.105,0.11,0.095,0.1,11156786,0
NVA,20201001,0.1,0.1,0.1,0.1,0,0
NVA,20201002,0.1,0.1,0.1,0.1,0,0
NVA,20201005,0.098,0.11,0.097,0.1,15822221,0
NVA,20201006,0.105,0.105,0.1,0.1,7900510,0
NVA,20201007,0.1,0.105,0.097,0.098,7439149,0
NVA,20201008,0.099,0.099,0.096,0.096,4278246,0
NVA,20201009,0.105,0.11,0.098,0.098,14263056,0
NVA,20201012,0.105,0.105,0.1,0.1,5330137,0
NVA,20201013,0.105,0.105,0.098,0.099,7426445,0
NVA,20201014,0.099,0.099,0.095,0.095,9643017,0
NVA,20201015,0.096,0.105,0.096,0.1,6241617,0
NVA,20201016,0.105,0.12,0.1,0.11,15182807,0
NVA,20201019,0.12,0.16,0.115,0.155,36907160,0
NVA,20201020,0.155,0.175,0.145,0.165,22183701,0
NVA,20201021,0.175,0.185,0.165,0.17,14925596,0
NVA,20201022,0.18,0.21,0.18,0.19,29496862,0
NVA,20201023,0.2,0.2,0.185,0.185,8567221,0
NVA,20201026,0.19,0.195,0.18,0.185,6381469,0
NVA,20201027,0.185,0.185,0.162,0.165,10202773,0
NVA,20201028,0.17,0.19,0.17,0.18,6222941,0
NVA,20201029,0.17,0.18,0.165,0.18,5364907,0
NVA,20201030,0.18,0.18,0.165,0.165,4927645,0
NVA,20201102,0.17,0.17,0.152,0.16,7450787,0
NVA,20201103,0.165,0.17,0.155,0.155,4163820,0
NVA,20201104,0.16,0.162,0.15,0.16,4435759,0
NVA,20201105,0.165,0.165,0.16,0.165,3094478,0
NVA,20201106,0.175,0.18,0.17,0.17,3956877,0
NVA,20201109,0.175,0.19,0.175,0.18,7016333,0
NVA,20201110,0.175,0.18,0.172,0.175,3025189,0
NVA,20201111,0.18,0.185,0.175,0.185,1003378,0
NVA,20201112,0.185,0.185,0.17,0.18,4652079,0
NVA,20201113,0.175,0.182,0.175,0.175,2225399,0
NVA,20201116,0.18,0.185,0.18,0.185,668164,0
NVA,20201117,0.18,0.185,0.175,0.18,5500756,0
NVA,20201118,0.185,0.225,0.18,0.22,17442171,0
NVA,20201119,0.22,0.235,0.215,0.215,9981755,0
NVA,20201120,0.215,0.225,0.205,0.225,5177895,0
NVA,20201123,0.225,0.225,0.225,0.225,0,0
NVA,20201124,0.225,0.225,0.225,0.225,0,0
NVA,20201125,0.2,0.215,0.185,0.205,9726147,0
NVA,20201126,0.21,0.21,0.19,0.19,16322969,0
NVA,20201127,0.185,0.19,0.175,0.18,11168498,0
NVA,20201130,0.18,0.18,0.17,0.17,5714782,0
NVA,20201201,0.17,0.2,0.165,0.195,19197710,0
NVA,20201202,0.19,0.19,0.175,0.18,14726524,0
NVA,20201203,0.18,0.18,0.17,0.175,13036391,0
NVA,20201204,0.18,0.18,0.1725,0.175,4950440,0
NVA,20201207,0.175,0.18,0.17,0.17,4755854,0
NVA,20201208,0.18,0.185,0.175,0.175,6584970,0
NVA,20201209,0.18,0.18,0.175,0.175,4443476,0
NVA,20201210,0.175,0.175,0.165,0.165,7520820,0
NVA,20201211,0.17,0.175,0.16,0.16,7321198,0
NVA,20201214,0.165,0.17,0.15,0.165,8070506,0
NVA,20201215,0.16,0.165,0.1525,0.16,3851817,0
NVA,20201216,0.16,0.16,0.145,0.15,10774959,0
NVA,20201217,0.155,0.16,0.15,0.155,4518604,0
NVA,20201218,0.165,0.175,0.155,0.17,5953300,0
NVA,20201221,0.175,0.175,0.165,0.165,4048296,0
NVA,20201222,0.165,0.165,0.155,0.16,2746800,0
NVA,20201223,0.165,0.165,0.16,0.165,1872757,0
NVA,20201224,0.165,0.17,0.16,0.165,2000031,0
NVA,20201225,0.165,0.165,0.165,0.165,0,0
NVA,20201228,0.165,0.165,0.165,0.165,0,0
NVA,20201229,0.17,0.17,0.165,0.165,3005050,0
NVA,20201230,0.17,0.17,0.155,0.17,3330516,0
NVA,20201231,0.17,0.17,0.16,0.16,1015077,0
NVA,20210101,0.16,0.16,0.16,0.16,0,0
NVA,20210104,0.165,0.175,0.16,0.175,4956158,0
NVA,20210105,0.175,0.175,0.17,0.17,4424944,0
NVA,20210106,0.17,0.18,0.17,0.17,5615637,0
NVA,20210107,0.175,0.175,0.165,0.17,3618936,0
NVA,20210108,0.175,0.175,0.17,0.17,4475313,0
NVA,20210111,0.17,0.17,0.16,0.165,7565022,0
NVA,20210112,0.165,0.17,0.16,0.165,4347833,0
NVA,20210113,0.165,0.1675,0.16,0.16,2467650,0
NVA,20210114,0.165,0.165,0.16,0.16,2786197,0
NVA,20210115,0.16,0.165,0.16,0.16,1632407,0
NVA,20210118,0.16,0.185,0.16,0.175,12955251,0
NVA,20210119,0.18,0.18,0.17,0.175,5040526,0
NVA,20210120,0.18,0.18,0.17,0.175,3236958,0
NVA,20210121,0.18,0.1825,0.175,0.18,6160161,0
NVA,20210122,0.185,0.2,0.1825,0.19,15486368,0
NVA,20210125,0.2,0.205,0.19,0.195,12177127,0
NVA,20210126,0.195,0.195,0.195,0.195,0,0
NVA,20210127,0.2,0.2,0.185,0.185,8748499,0
NVA,20210128,0.185,0.185,0.17,0.17,12827752,0
NVA,20210129,0.175,0.18,0.165,0.165,9844544,0
NVA,20210201,0.17,0.17,0.15,0.155,13304049,0
NVA,20210202,0.16,0.165,0.155,0.16,4830643,0
NVA,20210203,0.165,0.165,0.155,0.16,4341505,0
NVA,20210204,0.16,0.165,0.155,0.155,3170400,0
NVA,20210205,0.155,0.16,0.155,0.155,3583356,0
NVA,20210208,0.165,0.165,0.1575,0.16,3838194,0
NVA,20210209,0.16,0.16,0.155,0.155,2586508,0
NVA,20210210,0.155,0.16,0.15,0.155,4940876,0
NVA,20210211,0.155,0.16,0.15,0.155,2961303,0
NVA,20210212,0.155,0.155,0.145,0.145,7325430,0
NVA,20210215,0.15,0.16,0.145,0.15,7534262,0
NVA,20210216,0.155,0.165,0.155,0.155,5547581,0
NVA,20210217,0.16,0.16,0.155,0.16,5033605,0
NVA,20210218,0.16,0.16,0.145,0.15,4590181,0
NVA,20210219,0.15,0.15,0.14,0.145,6081432,0
NVA,20210222,0.145,0.155,0.14,0.155,5784421,0
NVA,20210223,0.16,0.17,0.155,0.16,6814775,0
NVA,20210224,0.165,0.165,0.15,0.15,7034989,0
NVA,20210225,0.155,0.155,0.15,0.15,1384288,0
NVA,20210226,0.15,0.15,0.145,0.145,2686803,0
NVA,20210301,0.145,0.15,0.145,0.145,4179448,0
NVA,20210302,0.15,0.155,0.145,0.145,4830578,0
NVA,20210303,0.15,0.15,0.145,0.15,1456769,0
NVA,20210304,0.145,0.15,0.145,0.145,4325396,0
NVA,20210305,0.145,0.145,0.135,0.135,6502895,0
NVA,20210308,0.14,0.145,0.135,0.145,3933353,0
NVA,20210309,0.145,0.145,0.14,0.14,1232922,0
NVA,20210310,0.145,0.16,0.145,0.155,5360828,0
NVA,20210311,0.155,0.16,0.15,0.15,2360448,0
NVA,20210312,0.155,0.16,0.1525,0.16,2148709,0
NVA,20210315,0.16,0.17,0.16,0.165,6672163,0
NVA,20210316,0.17,0.17,0.16,0.165,3783552,0
NVA,20210317,0.165,0.17,0.16,0.165,2683090,0
NVA,20210318,0.165,0.1675,0.165,0.165,1292847,0
NVA,20210319,0.17,0.17,0.165,0.165,2438257,0
NVA,20210322,0.165,0.17,0.16,0.165,2151560,0
NVA,20210323,0.17,0.17,0.16,0.16,2924228,0
NVA,20210324,0.165,0.165,0.155,0.155,827176,0
NVA,20210325,0.16,0.16,0.155,0.16,726040,0
NVA,20210326,0.16,0.16,0.155,0.155,333377,0
NVA,20210329,0.16,0.165,0.16,0.165,1065590,0
NVA,20210330,0.165,0.165,0.16,0.165,1337852,0
NVA,20210331,0.165,0.165,0.165,0.165,0,0
NVA,20210401,0.165,0.165,0.165,0.165,0,0
NVA,20210402,0.165,0.165,0.165,0.165,0,0
NVA,20210405,0.165,0.165,0.165,0.165,0,0
NVA,20210406,0.165,0.165,0.165,0.165,0,0
NVA,20210407,0.145,0.165,0.14,0.155,11159738,0
NVA,20210408,0.16,0.165,0.15,0.165,6711595,0
NVA,20210409,0.165,0.17,0.155,0.17,2649171,0
NVA,20210412,0.17,0.17,0.16,0.16,2575618,0
NVA,20210413,0.165,0.165,0.155,0.16,1299041,0
NVA,20210414,0.16,0.16,0.155,0.155,1390235,0
NVA,20210415,0.155,0.155,0.15,0.15,1891133,0
NVA,20210416,0.15,0.155,0.15,0.15,1608380,0
NVA,20210419,0.15,0.155,0.15,0.15,1267054,0
NVA,20210420,0.15,0.16,0.15,0.16,1996524,0
NVA,20210421,0.155,0.16,0.15,0.15,1282823,0
NVA,20210422,0.155,0.16,0.15,0.15,4124753,0
NVA,20210423,0.155,0.155,0.15,0.15,1881367,0
NVA,20210426,0.15,0.155,0.15,0.155,1538920,0
NVA,20210427,0.155,0.155,0.15,0.15,2564941,0
NVA,20210428,0.15,0.15,0.145,0.145,554828,0
NVA,20210429,0.145,0.155,0.145,0.145,2992175,0
NVA,20210430,0.15,0.155,0.145,0.155,3446176,0
NVA,20210503,0.15,0.155,0.145,0.145,1555263,0
NVA,20210504,0.15,0.155,0.145,0.15,2034359,0
NVA,20210505,0.15,0.15,0.145,0.145,2951782,0
NVA,20210506,0.145,0.155,0.14,0.145,5729497,0
NVA,20210507,0.15,0.155,0.145,0.145,3356426,0
NVA,20210510,0.15,0.15,0.145,0.145,3294760,0
NVA,20210511,0.145,0.1475,0.1425,0.145,2176036,0
NVA,20210512,0.145,0.145,0.14,0.14,1421167,0
NVA,20210513,0.14,0.145,0.14,0.14,2265840,0
NVA,20210514,0.14,0.145,0.14,0.14,1606421,0
NVA,20210517,0.14,0.14,0.13,0.135,2282728,0
NVA,20210518,0.14,0.14,0.135,0.135,1988159,0
NVA,20210519,0.135,0.145,0.135,0.135,5410408,0
NVA,20210520,0.135,0.14,0.135,0.14,6169596,0
NVA,20210521,0.14,0.145,0.14,0.14,2741849,0
NVA,20210524,0.14,0.14,0.135,0.135,1203388,0
NVA,20210525,0.14,0.14,0.135,0.135,541377,0
NVA,20210526,0.135,0.145,0.1325,0.145,4401295,0
NVA,20210527,0.14,0.145,0.135,0.14,2445291,0
NVA,20210528,0.14,0.14,0.135,0.14,817085,0
NVA,20210531,0.135,0.145,0.135,0.145,1826449,0
NVA,20210601,0.14,0.14,0.135,0.14,541077,0
NVA,20210602,0.14,0.14,0.1375,0.14,1390994,0
NVA,20210603,0.145,0.15,0.14,0.145,5090625,0
NVA,20210604,0.145,0.15,0.145,0.145,741866,0
NVA,20210607,0.145,0.155,0.145,0.15,3258884,0
NVA,20210608,0.155,0.1625,0.15,0.16,4429254,0
NVA,20210609,0.16,0.165,0.15,0.15,4303326,0
NVA,20210610,0.15,0.155,0.1475,0.155,1349349,0
NVA,20210611,0.15,0.155,0.1425,0.155,4491749,0
NVA,20210614,0.155,0.155,0.155,0.155,0,0
NVA,20210615,0.15,0.1525,0.145,0.15,2956633,0
NVA,20210616,0.145,0.15,0.145,0.15,2088781,0
NVA,20210617,0.145,0.1475,0.145,0.145,952804,0
NVA,20210618,0.14,0.14,0.1375,0.14,3190198,0
NVA,20210621,0.14,0.145,0.135,0.145,3599797,0
NVA,20210622,0.14,0.145,0.14,0.14,1499272,0
NVA,20210623,0.14,0.14,0.135,0.135,7317452,0
NVA,20210624,0.135,0.135,0.125,0.125,6786814,0
NVA,20210625,0.13,0.13,0.125,0.13,5705177,0
NVA,20210628,0.125,0.13,0.125,0.125,1906676,0
NVA,20210629,0.125,0.1275,0.1225,0.125,4913125,0
NVA,20210630,0.125,0.13,0.12,0.125,3877518,0
NVA,20210701,0.12,0.13,0.12,0.125,158175,0
