QEM,20181019,0.21,0.21,0.185,0.185,893289,0
QEM,20181022,0.18,0.18,0.155,0.155,403605,0
QEM,20181023,0.17,0.17,0.17,0.17,4500,0
QEM,20181024,0.17,0.17,0.16,0.16,155017,0
QEM,20181025,0.16,0.165,0.155,0.165,65000,0
QEM,20181026,0.165,0.165,0.155,0.165,76130,0
QEM,20181029,0.165,0.165,0.165,0.165,16349,0
QEM,20181030,0.17,0.185,0.17,0.185,377283,0
QEM,20181031,0.185,0.205,0.185,0.195,451834,0
QEM,20181101,0.195,0.195,0.185,0.185,62450,0
QEM,20181102,0.19,0.2,0.19,0.2,537452,0
QEM,20181105,0.195,0.195,0.185,0.185,61836,0
QEM,20181106,0.185,0.185,0.185,0.185,13343,0
QEM,20181107,0.185,0.185,0.175,0.175,177951,0
QEM,20181108,0.175,0.175,0.155,0.155,1157500,0
QEM,20181109,0.16,0.17,0.16,0.17,17626,0
QEM,20181112,0.165,0.165,0.165,0.165,38500,0
QEM,20181113,0.16,0.16,0.155,0.155,56824,0
QEM,20181114,0.16,0.16,0.16,0.16,5000,0
QEM,20181115,0.16,0.16,0.155,0.16,75676,0
QEM,20181116,0.155,0.16,0.155,0.16,19000,0
QEM,20181119,0.16,0.16,0.155,0.16,88657,0
QEM,20181120,0.15,0.15,0.145,0.15,60000,0
QEM,20181121,0.145,0.15,0.14,0.145,173171,0
QEM,20181122,0.145,0.16,0.14,0.16,88300,0
QEM,20181123,0.15,0.15,0.15,0.15,50000,0
QEM,20181126,0.145,0.145,0.145,0.145,50000,0
QEM,20181127,0.145,0.16,0.145,0.16,159998,0
QEM,20181128,0.155,0.155,0.14,0.14,103125,0
QEM,20181129,0.14,0.14,0.135,0.14,300000,0
QEM,20181130,0.14,0.14,0.14,0.14,0,0
QEM,20181203,0.14,0.14,0.14,0.14,0,0
QEM,20181204,0.14,0.14,0.135,0.14,191881,0
QEM,20181205,0.14,0.14,0.14,0.14,0,0
QEM,20181206,0.14,0.14,0.135,0.135,73157,0
QEM,20181207,0.145,0.145,0.145,0.145,25000,0
QEM,20181210,0.15,0.15,0.15,0.15,2500,0
QEM,20181211,0.15,0.15,0.15,0.15,0,0
QEM,20181212,0.14,0.14,0.14,0.14,10000,0
QEM,20181213,0.14,0.14,0.14,0.14,0,0
QEM,20181214,0.14,0.14,0.14,0.14,106177,0
QEM,20181217,0.135,0.14,0.12,0.14,497662,0
QEM,20181218,0.125,0.14,0.125,0.14,28661,0
QEM,20181219,0.14,0.14,0.14,0.14,0,0
QEM,20181220,0.13,0.14,0.125,0.13,162500,0
QEM,20181221,0.13,0.13,0.13,0.13,1076,0
QEM,20181224,0.115,0.115,0.115,0.115,101339,0
QEM,20181225,0.115,0.115,0.115,0.115,0,0
QEM,20181226,0.115,0.115,0.115,0.115,0,0
QEM,20181227,0.115,0.115,0.115,0.115,0,0
QEM,20181228,0.115,0.115,0.115,0.115,0,0
QEM,20181231,0.115,0.115,0.115,0.115,0,0
QEM,20190101,0.115,0.115,0.115,0.115,0,0
QEM,20190102,0.115,0.115,0.115,0.115,0,0
QEM,20190103,0.12,0.12,0.12,0.12,500,0
QEM,20190104,0.12,0.12,0.12,0.12,9500,0
QEM,20190107,0.11,0.11,0.1,0.1,250000,0
QEM,20190108,0.11,0.11,0.11,0.11,7272,0
QEM,20190109,0.11,0.11,0.11,0.11,0,0
QEM,20190110,0.09,0.11,0.09,0.11,34300,0
QEM,20190111,0.091,0.105,0.091,0.105,7650,0
QEM,20190114,0.105,0.105,0.105,0.105,0,0
QEM,20190115,0.11,0.11,0.11,0.11,225000,0
QEM,20190116,0.105,0.105,0.105,0.105,65000,0
QEM,20190117,0.11,0.11,0.11,0.11,23924,0
QEM,20190118,0.11,0.11,0.11,0.11,0,0
QEM,20190121,0.11,0.11,0.11,0.11,0,0
QEM,20190122,0.11,0.11,0.11,0.11,0,0
QEM,20190123,0.125,0.125,0.125,0.125,50000,0
QEM,20190124,0.135,0.135,0.135,0.135,100000,0
QEM,20190125,0.135,0.15,0.135,0.15,198999,0
QEM,20190128,0.15,0.15,0.15,0.15,0,0
QEM,20190129,0.135,0.135,0.135,0.135,46100,0
QEM,20190130,0.12,0.12,0.12,0.12,76580,0
QEM,20190131,0.12,0.12,0.12,0.12,12996,0
QEM,20190201,0.12,0.12,0.12,0.12,12004,0
QEM,20190204,0.13,0.13,0.13,0.13,45000,0
QEM,20190205,0.13,0.13,0.13,0.13,24000,0
QEM,20190206,0.13,0.135,0.13,0.135,50000,0
QEM,20190207,0.135,0.135,0.135,0.135,0,0
QEM,20190208,0.135,0.135,0.135,0.135,73900,0
QEM,20190211,0.13,0.13,0.125,0.125,3500,0
QEM,20190212,0.13,0.13,0.13,0.13,49500,0
QEM,20190213,0.13,0.13,0.13,0.13,52874,0
QEM,20190214,0.13,0.13,0.13,0.13,10000,0
QEM,20190215,0.135,0.135,0.135,0.135,30000,0
QEM,20190218,0.135,0.135,0.135,0.135,0,0
QEM,20190219,0.135,0.135,0.135,0.135,54097,0
QEM,20190220,0.135,0.135,0.135,0.135,0,0
QEM,20190221,0.13,0.13,0.13,0.13,28500,0
QEM,20190222,0.13,0.13,0.13,0.13,0,0
QEM,20190225,0.13,0.13,0.13,0.13,0,0
QEM,20190226,0.13,0.13,0.13,0.13,0,0
QEM,20190227,0.125,0.125,0.125,0.125,22000,0
QEM,20190228,0.125,0.125,0.125,0.125,0,0
QEM,20190301,0.12,0.12,0.12,0.12,31897,0
QEM,20190304,0.12,0.12,0.12,0.12,967,0
QEM,20190305,0.12,0.12,0.12,0.12,3000,0
QEM,20190306,0.12,0.12,0.12,0.12,44819,0
QEM,20190307,0.12,0.12,0.12,0.12,0,0
QEM,20190308,0.12,0.12,0.11,0.11,55322,0
QEM,20190311,0.11,0.11,0.11,0.11,13636,0
QEM,20190312,0.11,0.11,0.11,0.11,0,0
QEM,20190313,0.11,0.11,0.11,0.11,136362,0
QEM,20190314,0.091,0.091,0.091,0.091,29356,0
QEM,20190315,0.093,0.093,0.09,0.09,50000,0
QEM,20190318,0.09,0.09,0.09,0.09,0,0
QEM,20190319,0.105,0.105,0.1,0.1,25000,0
QEM,20190320,0.11,0.11,0.11,0.11,31000,0
QEM,20190321,0.12,0.12,0.115,0.115,13167,0
QEM,20190322,0.115,0.12,0.115,0.12,22357,0
QEM,20190325,0.12,0.12,0.12,0.12,0,0
QEM,20190326,0.12,0.13,0.12,0.13,20600,0
QEM,20190327,0.13,0.13,0.13,0.13,16038,0
QEM,20190328,0.125,0.125,0.12,0.12,62655,0
QEM,20190329,0.12,0.12,0.12,0.12,0,0
QEM,20190401,0.12,0.12,0.12,0.12,0,0
QEM,20190402,0.115,0.115,0.096,0.096,130483,0
QEM,20190403,0.1,0.1,0.1,0.1,16036,0
QEM,20190404,0.099,0.1,0.099,0.1,59250,0
QEM,20190405,0.1,0.1,0.1,0.1,0,0
QEM,20190408,0.099,0.1,0.099,0.1,67554,0
QEM,20190409,0.1,0.1,0.1,0.1,4710,0
QEM,20190410,0.11,0.11,0.11,0.11,53786,0
QEM,20190411,0.11,0.11,0.11,0.11,0,0
QEM,20190412,0.12,0.12,0.12,0.12,10708,0
QEM,20190415,0.12,0.12,0.12,0.12,0,0
QEM,20190416,0.1,0.1,0.1,0.1,9563,0
QEM,20190417,0.11,0.11,0.11,0.11,95758,0
QEM,20190418,0.1,0.1,0.1,0.1,13173,0
QEM,20190419,0.1,0.1,0.1,0.1,0,0
QEM,20190422,0.1,0.1,0.1,0.1,0,0
QEM,20190423,0.1,0.1,0.1,0.1,0,0
QEM,20190424,0.1,0.1,0.1,0.1,60000,0
QEM,20190425,0.1,0.1,0.1,0.1,0,0
QEM,20190426,0.1,0.1,0.092,0.092,67858,0
QEM,20190429,0.092,0.092,0.091,0.091,126735,0
QEM,20190430,0.092,0.092,0.092,0.092,71982,0
QEM,20190501,0.1,0.11,0.1,0.11,888712,0
QEM,20190502,0.11,0.12,0.11,0.12,623871,0
QEM,20190503,0.13,0.14,0.13,0.14,345885,0
QEM,20190506,0.14,0.14,0.14,0.14,0,0
QEM,20190507,0.14,0.14,0.14,0.14,0,0
QEM,20190508,0.125,0.125,0.12,0.12,100000,0
QEM,20190509,0.12,0.12,0.12,0.12,0,0
QEM,20190510,0.12,0.12,0.12,0.12,0,0
QEM,20190513,0.12,0.12,0.12,0.12,0,0
QEM,20190514,0.125,0.125,0.125,0.125,40000,0
QEM,20190515,0.115,0.115,0.11,0.11,53712,0
QEM,20190516,0.11,0.11,0.11,0.11,0,0
QEM,20190517,0.13,0.135,0.13,0.135,9912,0
QEM,20190520,0.125,0.125,0.125,0.125,8300,0
QEM,20190521,0.125,0.125,0.125,0.125,0,0
QEM,20190522,0.13,0.13,0.11,0.11,95000,0
QEM,20190523,0.12,0.12,0.12,0.12,16937,0
QEM,20190524,0.125,0.125,0.125,0.125,5000,0
QEM,20190527,0.125,0.125,0.125,0.125,7000,0
QEM,20190528,0.125,0.125,0.125,0.125,14400,0
QEM,20190529,0.125,0.125,0.125,0.125,0,0
QEM,20190530,0.125,0.125,0.125,0.125,0,0
QEM,20190531,0.125,0.125,0.12,0.12,32943,0
QEM,20190603,0.12,0.12,0.12,0.12,0,0
QEM,20190604,0.125,0.125,0.09,0.09,71625,0
QEM,20190605,0.105,0.105,0.105,0.105,10000,0
QEM,20190606,0.11,0.12,0.11,0.11,51013,0
QEM,20190607,0.11,0.11,0.11,0.11,0,0
QEM,20190610,0.11,0.11,0.11,0.11,0,0
QEM,20190611,0.11,0.11,0.11,0.11,0,0
QEM,20190612,0.096,0.115,0.096,0.115,20000,0
QEM,20190613,0.115,0.12,0.115,0.12,12375,0
QEM,20190614,0.12,0.12,0.12,0.12,0,0
QEM,20190617,0.1,0.1,0.1,0.1,15000,0
QEM,20190618,0.105,0.105,0.1,0.1,96647,0
QEM,20190619,0.094,0.094,0.094,0.094,7108,0
QEM,20190620,0.099,0.099,0.099,0.099,2200,0
QEM,20190621,0.1,0.12,0.1,0.12,352608,0
QEM,20190624,0.12,0.12,0.12,0.12,0,0
QEM,20190625,0.12,0.12,0.12,0.12,0,0
QEM,20190626,0.12,0.12,0.12,0.12,0,0
QEM,20190627,0.12,0.12,0.12,0.12,0,0
QEM,20190628,0.12,0.12,0.12,0.12,0,0
QEM,20190701,0.14,0.14,0.14,0.14,23000,0
QEM,20190702,0.14,0.14,0.14,0.14,0,0
QEM,20190703,0.14,0.14,0.14,0.14,0,0
QEM,20190704,0.14,0.14,0.14,0.14,0,0
QEM,20190705,0.135,0.135,0.135,0.135,15000,0
QEM,20190708,0.12,0.12,0.12,0.12,2140,0
QEM,20190709,0.105,0.12,0.105,0.12,67860,0
QEM,20190710,0.1,0.1,0.1,0.1,189304,0
QEM,20190711,0.105,0.105,0.105,0.105,18286,0
QEM,20190712,0.105,0.105,0.095,0.096,218593,0
QEM,20190715,0.1,0.1,0.095,0.095,98421,0
QEM,20190716,0.1,0.105,0.1,0.105,70168,0
QEM,20190717,0.11,0.11,0.11,0.11,17000,0
QEM,20190718,0.11,0.11,0.11,0.11,49760,0
QEM,20190719,0.115,0.115,0.115,0.115,1200,0
QEM,20190722,0.105,0.105,0.105,0.105,50240,0
QEM,20190723,0.1,0.1,0.1,0.1,57103,0
QEM,20190724,0.11,0.11,0.11,0.11,90727,0
QEM,20190725,0.11,0.11,0.11,0.11,0,0
QEM,20190726,0.1,0.1,0.1,0.1,25000,0
QEM,20190729,0.1,0.1,0.1,0.1,0,0
QEM,20190730,0.1,0.1,0.1,0.1,0,0
QEM,20190731,0.1,0.1,0.1,0.1,0,0
QEM,20190801,0.1,0.1,0.1,0.1,50000,0
QEM,20190802,0.1,0.1,0.1,0.1,0,0
QEM,20190805,0.1,0.1,0.095,0.099,136500,0
QEM,20190806,0.099,0.1,0.099,0.1,19905,0
QEM,20190807,0.095,0.1,0.095,0.1,110419,0
QEM,20190808,0.1,0.105,0.1,0.105,105000,0
QEM,20190809,0.11,0.12,0.095,0.1,57569,0
QEM,20190812,0.1,0.1,0.1,0.1,4900,0
QEM,20190813,0.1,0.1,0.1,0.1,0,0
QEM,20190814,0.1,0.11,0.1,0.11,80000,0
QEM,20190815,0.11,0.11,0.11,0.11,0,0
QEM,20190816,0.11,0.11,0.11,0.11,0,0
QEM,20190819,0.12,0.12,0.11,0.11,116937,0
QEM,20190820,0.1,0.1,0.1,0.1,37826,0
QEM,20190821,0.1,0.1,0.1,0.1,18883,0
QEM,20190822,0.097,0.097,0.097,0.097,15064,0
QEM,20190823,0.1,0.1,0.1,0.1,42350,0
QEM,20190826,0.096,0.096,0.094,0.094,47508,0
QEM,20190827,0.094,0.094,0.09,0.09,145000,0
QEM,20190828,0.09,0.095,0.09,0.095,24961,0
QEM,20190829,0.09,0.09,0.09,0.09,22419,0
QEM,20190830,0.105,0.11,0.105,0.105,153673,0
QEM,20190902,0.105,0.105,0.105,0.105,0,0
QEM,20190903,0.105,0.14,0.105,0.14,401300,0
QEM,20190904,0.12,0.12,0.12,0.12,36541,0
QEM,20190905,0.12,0.12,0.12,0.12,0,0
QEM,20190906,0.12,0.12,0.12,0.12,0,0
QEM,20190909,0.12,0.12,0.12,0.12,0,0
QEM,20190910,0.12,0.12,0.12,0.12,0,0
QEM,20190911,0.12,0.12,0.12,0.12,0,0
QEM,20190912,0.09,0.1,0.09,0.096,163478,0
QEM,20190913,0.1,0.105,0.099,0.1,92980,0
QEM,20190916,0.1,0.1,0.1,0.1,0,0
QEM,20190917,0.1,0.105,0.1,0.105,166554,0
QEM,20190918,0.099,0.099,0.099,0.099,10000,0
QEM,20190919,0.099,0.099,0.099,0.099,0,0
QEM,20190920,0.105,0.105,0.105,0.105,67759,0
QEM,20190923,0.105,0.105,0.1,0.1,167385,0
QEM,20190924,0.1,0.1,0.1,0.1,0,0
QEM,20190925,0.1,0.1,0.1,0.1,0,0
QEM,20190926,0.1,0.1,0.1,0.1,0,0
QEM,20190927,0.1,0.1,0.1,0.1,0,0
QEM,20190930,0.1,0.1,0.1,0.1,0,0
QEM,20191001,0.1,0.1,0.1,0.1,0,0
QEM,20191002,0.1,0.1,0.1,0.1,0,0
QEM,20191003,0.1,0.1,0.1,0.1,0,0
QEM,20191004,0.1,0.1,0.1,0.1,0,0
QEM,20191007,0.1,0.1,0.1,0.1,0,0
QEM,20191008,0.097,0.097,0.097,0.097,10000,0
QEM,20191009,0.097,0.097,0.097,0.097,0,0
QEM,20191010,0.097,0.097,0.097,0.097,0,0
QEM,20191011,0.1,0.1,0.097,0.097,108350,0
QEM,20191014,0.097,0.105,0.097,0.1,128903,0
QEM,20191015,0.105,0.11,0.105,0.11,286000,0
QEM,20191016,0.11,0.11,0.1,0.1,171312,0
QEM,20191017,0.1,0.105,0.1,0.105,51880,0
QEM,20191018,0.105,0.105,0.105,0.105,0,0
QEM,20191021,0.1,0.105,0.095,0.105,50035,0
QEM,20191022,0.105,0.105,0.1,0.1,270798,0
QEM,20191023,0.105,0.105,0.1,0.1,120893,0
QEM,20191024,0.1,0.1,0.1,0.1,0,0
QEM,20191025,0.093,0.093,0.091,0.091,75000,0
QEM,20191028,0.1,0.1,0.1,0.1,97450,0
QEM,20191029,0.1,0.1,0.1,0.1,0,0
QEM,20191030,0.1,0.1,0.1,0.1,0,0
QEM,20191031,0.1,0.1,0.1,0.1,0,0
QEM,20191101,0.1,0.1,0.1,0.1,0,0
QEM,20191104,0.095,0.095,0.093,0.093,47752,0
QEM,20191105,0.093,0.093,0.093,0.093,0,0
QEM,20191106,0.093,0.093,0.093,0.093,0,0
QEM,20191107,0.093,0.093,0.093,0.093,0,0
QEM,20191108,0.093,0.093,0.093,0.093,0,0
QEM,20191111,0.094,0.094,0.094,0.094,6000,0
QEM,20191112,0.1,0.1,0.1,0.1,10000,0
QEM,20191113,0.094,0.094,0.094,0.094,37500,0
QEM,20191114,0.094,0.094,0.094,0.094,0,0
QEM,20191115,0.096,0.096,0.096,0.096,51752,0
QEM,20191118,0.095,0.095,0.092,0.092,50000,0
QEM,20191119,0.092,0.092,0.092,0.092,0,0
QEM,20191120,0.091,0.094,0.088,0.088,80799,0
QEM,20191121,0.091,0.091,0.091,0.091,10989,0
QEM,20191122,0.091,0.091,0.091,0.091,0,0
QEM,20191125,0.087,0.087,0.087,0.087,4141,0
QEM,20191126,0.087,0.087,0.087,0.087,0,0
QEM,20191127,0.087,0.087,0.087,0.087,20000,0
QEM,20191128,0.087,0.087,0.087,0.087,10000,0
QEM,20191129,0.086,0.086,0.086,0.086,10000,0
QEM,20191202,0.091,0.1,0.091,0.1,101516,0
QEM,20191203,0.1,0.1,0.1,0.1,0,0
QEM,20191204,0.1,0.1,0.1,0.1,0,0
QEM,20191205,0.1,0.1,0.1,0.1,0,0
QEM,20191206,0.1,0.1,0.1,0.1,0,0
QEM,20191209,0.1,0.1,0.1,0.1,0,0
QEM,20191210,0.099,0.099,0.099,0.099,6000,0
QEM,20191211,0.099,0.099,0.099,0.099,20539,0
QEM,20191212,0.099,0.099,0.099,0.099,9950,0
QEM,20191213,0.099,0.099,0.099,0.099,0,0
QEM,20191216,0.086,0.086,0.086,0.086,20859,0
QEM,20191217,0.086,0.086,0.086,0.086,29141,0
QEM,20191218,0.086,0.086,0.086,0.086,0,0
QEM,20191219,0.09,0.09,0.09,0.09,20000,0
QEM,20191220,0.09,0.09,0.09,0.09,0,0
QEM,20191223,0.09,0.09,0.09,0.09,0,0
QEM,20191224,0.09,0.09,0.09,0.09,0,0
QEM,20191225,0.09,0.09,0.09,0.09,0,0
QEM,20191226,0.09,0.09,0.09,0.09,0,0
QEM,20191227,0.09,0.09,0.09,0.09,0,0
QEM,20191230,0.09,0.09,0.09,0.09,66000,0
QEM,20191231,0.09,0.09,0.086,0.086,9845,0
QEM,20200101,0.086,0.086,0.086,0.086,0,0
QEM,20200102,0.086,0.086,0.086,0.086,86297,0
QEM,20200103,0.086,0.086,0.086,0.086,0,0
QEM,20200106,0.086,0.086,0.086,0.086,0,0
QEM,20200107,0.085,0.085,0.085,0.085,5647,0
QEM,20200108,0.085,0.085,0.085,0.085,0,0
QEM,20200109,0.085,0.085,0.085,0.085,0,0
QEM,20200110,0.085,0.085,0.085,0.085,0,0
QEM,20200113,0.091,0.091,0.09,0.09,84802,0
QEM,20200114,0.09,0.09,0.09,0.09,0,0
QEM,20200115,0.09,0.09,0.09,0.09,0,0
QEM,20200116,0.09,0.09,0.09,0.09,0,0
QEM,20200117,0.086,0.09,0.085,0.089,109134,0
QEM,20200120,0.089,0.089,0.089,0.089,0,0
QEM,20200121,0.089,0.089,0.089,0.089,0,0
QEM,20200122,0.089,0.089,0.089,0.089,0,0
QEM,20200123,0.089,0.089,0.089,0.089,0,0
QEM,20200124,0.089,0.089,0.089,0.089,0,0
QEM,20200127,0.089,0.089,0.089,0.089,0,0
QEM,20200128,0.089,0.089,0.089,0.089,0,0
QEM,20200129,0.096,0.099,0.096,0.099,175557,0
QEM,20200130,0.099,0.099,0.099,0.099,5500,0
QEM,20200131,0.099,0.099,0.099,0.099,7814,0
QEM,20200203,0.099,0.099,0.099,0.099,1686,0
QEM,20200204,0.098,0.098,0.098,0.098,12347,0
QEM,20200205,0.098,0.098,0.098,0.098,0,0
QEM,20200206,0.098,0.098,0.098,0.098,0,0
QEM,20200207,0.098,0.098,0.098,0.098,0,0
QEM,20200210,0.098,0.098,0.098,0.098,0,0
QEM,20200211,0.098,0.098,0.098,0.098,0,0
QEM,20200212,0.09,0.09,0.09,0.09,2653,0
QEM,20200213,0.089,0.089,0.089,0.089,2347,0
QEM,20200214,0.09,0.09,0.089,0.089,124775,0
QEM,20200217,0.085,0.085,0.085,0.085,462,0
QEM,20200218,0.085,0.085,0.085,0.085,0,0
QEM,20200219,0.085,0.085,0.085,0.085,0,0
QEM,20200220,0.08,0.08,0.075,0.075,145000,0
QEM,20200221,0.075,0.075,0.075,0.075,0,0
QEM,20200224,0.07,0.088,0.07,0.088,510562,0
QEM,20200225,0.088,0.088,0.088,0.088,0,0
QEM,20200226,0.088,0.088,0.088,0.088,0,0
QEM,20200227,0.088,0.088,0.088,0.088,0,0
QEM,20200228,0.088,0.088,0.088,0.088,0,0
QEM,20200302,0.087,0.087,0.08,0.08,59833,0
QEM,20200303,0.082,0.082,0.082,0.082,121707,0
QEM,20200304,0.078,0.078,0.07,0.07,62000,0
QEM,20200305,0.07,0.071,0.065,0.07,247619,0
QEM,20200306,0.07,0.07,0.07,0.07,0,0
QEM,20200309,0.07,0.07,0.07,0.07,0,0
QEM,20200310,0.065,0.065,0.065,0.065,56148,0
QEM,20200311,0.06,0.06,0.06,0.06,83852,0
QEM,20200312,0.06,0.06,0.05,0.05,150000,0
QEM,20200313,0.05,0.05,0.05,0.05,0,0
QEM,20200316,0.061,0.061,0.061,0.061,160631,0
QEM,20200317,0.07,0.07,0.07,0.07,71691,0
QEM,20200318,0.07,0.07,0.07,0.07,0,0
QEM,20200319,0.07,0.07,0.07,0.07,0,0
QEM,20200320,0.07,0.07,0.07,0.07,0,0
QEM,20200323,0.07,0.07,0.07,0.07,8000,0
QEM,20200324,0.07,0.07,0.07,0.07,0,0
QEM,20200325,0.07,0.07,0.07,0.07,0,0
QEM,20200326,0.055,0.065,0.055,0.065,40100,0
QEM,20200327,0.07,0.075,0.05,0.07,474161,0
QEM,20200330,0.07,0.07,0.07,0.07,0,0
QEM,20200331,0.07,0.075,0.07,0.07,154999,0
QEM,20200401,0.07,0.07,0.07,0.07,1049,0
QEM,20200402,0.07,0.07,0.07,0.07,0,0
QEM,20200403,0.07,0.07,0.07,0.07,0,0
QEM,20200406,0.07,0.07,0.07,0.07,0,0
QEM,20200407,0.07,0.07,0.07,0.07,0,0
QEM,20200408,0.07,0.07,0.07,0.07,0,0
QEM,20200409,0.07,0.07,0.07,0.07,0,0
QEM,20200410,0.07,0.07,0.07,0.07,0,0
QEM,20200413,0.07,0.07,0.07,0.07,0,0
QEM,20200414,0.075,0.075,0.061,0.061,29540,0
QEM,20200415,0.061,0.061,0.061,0.061,0,0
QEM,20200416,0.07,0.07,0.061,0.061,23831,0
QEM,20200417,0.061,0.061,0.061,0.061,0,0
QEM,20200420,0.065,0.065,0.065,0.065,8000,0
QEM,20200421,0.065,0.065,0.065,0.065,0,0
QEM,20200422,0.065,0.065,0.065,0.065,0,0
QEM,20200423,0.065,0.065,0.065,0.065,0,0
QEM,20200424,0.065,0.07,0.065,0.07,202000,0
QEM,20200427,0.07,0.07,0.07,0.07,0,0
QEM,20200428,0.07,0.07,0.07,0.07,0,0
QEM,20200429,0.075,0.075,0.075,0.075,58749,0
QEM,20200430,0.075,0.078,0.075,0.078,29320,0
QEM,20200501,0.078,0.078,0.078,0.078,0,0
QEM,20200504,0.07,0.075,0.07,0.075,82730,0
QEM,20200505,0.07,0.079,0.07,0.079,236641,0
QEM,20200506,0.079,0.079,0.079,0.079,0,0
QEM,20200507,0.078,0.078,0.078,0.078,75000,0
QEM,20200508,0.078,0.078,0.078,0.078,5515,0
QEM,20200511,0.078,0.078,0.078,0.078,0,0
QEM,20200512,0.083,0.083,0.083,0.083,68972,0
QEM,20200513,0.078,0.078,0.078,0.078,150000,0
QEM,20200514,0.078,0.078,0.078,0.078,0,0
QEM,20200515,0.08,0.08,0.08,0.08,25000,0
QEM,20200518,0.084,0.085,0.084,0.085,143949,0
QEM,20200519,0.085,0.089,0.085,0.089,126365,0
QEM,20200520,0.089,0.089,0.089,0.089,0,0
QEM,20200521,0.09,0.09,0.09,0.09,30000,0
QEM,20200522,0.093,0.094,0.087,0.087,367512,0
QEM,20200525,0.087,0.087,0.087,0.087,0,0
QEM,20200526,0.087,0.087,0.087,0.087,0,0
QEM,20200527,0.087,0.087,0.087,0.087,0,0
QEM,20200528,0.089,0.095,0.088,0.093,80000,0
QEM,20200529,0.092,0.092,0.091,0.091,25000,0
QEM,20200601,0.091,0.091,0.091,0.091,0,0
QEM,20200602,0.092,0.092,0.092,0.092,5000,0
QEM,20200603,0.095,0.1,0.095,0.1,145000,0
QEM,20200604,0.1,0.1,0.1,0.1,0,0
QEM,20200605,0.11,0.11,0.11,0.11,30000,0
QEM,20200608,0.11,0.11,0.11,0.11,0,0
QEM,20200609,0.115,0.115,0.11,0.11,66088,0
QEM,20200610,0.115,0.115,0.115,0.115,60055,0
QEM,20200611,0.115,0.115,0.115,0.115,13000,0
QEM,20200612,0.11,0.115,0.095,0.115,141493,0
QEM,20200615,0.115,0.115,0.115,0.115,0,0
QEM,20200616,0.115,0.115,0.115,0.115,0,0
QEM,20200617,0.105,0.11,0.105,0.11,178901,0
QEM,20200618,0.095,0.11,0.095,0.11,48700,0
QEM,20200619,0.11,0.11,0.11,0.11,0,0
QEM,20200622,0.11,0.11,0.11,0.11,0,0
QEM,20200623,0.11,0.11,0.11,0.11,18200,0
QEM,20200624,0.11,0.11,0.11,0.11,0,0
QEM,20200625,0.11,0.11,0.11,0.11,0,0
QEM,20200626,0.11,0.11,0.11,0.11,0,0
QEM,20200629,0.099,0.1,0.099,0.1,15000,0
QEM,20200630,0.1,0.11,0.1,0.1,523276,0
QEM,20200701,0.1,0.11,0.1,0.11,112500,0
QEM,20200702,0.11,0.11,0.11,0.11,0,0
QEM,20200703,0.11,0.11,0.11,0.11,0,0
QEM,20200706,0.11,0.11,0.11,0.11,0,0
QEM,20200707,0.11,0.11,0.11,0.11,0,0
QEM,20200708,0.11,0.11,0.11,0.11,0,0
QEM,20200709,0.11,0.11,0.11,0.11,0,0
QEM,20200710,0.11,0.11,0.11,0.11,0,0
QEM,20200713,0.11,0.11,0.11,0.11,0,0
QEM,20200714,0.11,0.11,0.11,0.11,0,0
QEM,20200715,0.1,0.1,0.1,0.1,10000,0
QEM,20200716,0.099,0.099,0.099,0.099,58000,0
QEM,20200717,0.099,0.099,0.099,0.099,0,0
QEM,20200720,0.099,0.099,0.099,0.099,0,0
QEM,20200721,0.105,0.11,0.105,0.11,187500,0
QEM,20200722,0.1,0.105,0.1,0.105,100000,0
QEM,20200723,0.105,0.105,0.089,0.089,19350,0
QEM,20200724,0.09,0.1,0.085,0.1,104276,0
QEM,20200727,0.086,0.086,0.085,0.085,7759,0
QEM,20200728,0.085,0.085,0.085,0.085,0,0
QEM,20200729,0.089,0.089,0.088,0.088,22400,0
QEM,20200730,0.088,0.088,0.088,0.088,0,0
QEM,20200731,0.088,0.088,0.088,0.088,0,0
QEM,20200803,0.088,0.088,0.088,0.088,0,0
QEM,20200804,0.088,0.088,0.088,0.088,0,0
QEM,20200805,0.091,0.091,0.088,0.088,44395,0
QEM,20200806,0.088,0.088,0.088,0.088,0,0
QEM,20200807,0.088,0.088,0.088,0.088,0,0
QEM,20200810,0.09,0.095,0.09,0.095,32000,0
QEM,20200811,0.095,0.095,0.095,0.095,40000,0
QEM,20200812,0.099,0.11,0.099,0.11,311516,0
QEM,20200813,0.105,0.11,0.105,0.11,111601,0
QEM,20200814,0.105,0.12,0.105,0.12,340000,0
QEM,20200817,0.12,0.12,0.12,0.12,0,0
QEM,20200818,0.115,0.115,0.11,0.11,219018,0
QEM,20200819,0.11,0.11,0.11,0.11,0,0
QEM,20200820,0.11,0.12,0.1,0.1,127111,0
QEM,20200821,0.1,0.1,0.095,0.097,65500,0
QEM,20200824,0.105,0.11,0.1,0.11,118422,0
QEM,20200825,0.1,0.1,0.1,0.1,7190,0
QEM,20200826,0.1,0.1,0.1,0.1,0,0
QEM,20200827,0.1,0.1,0.1,0.1,55988,0
QEM,20200828,0.1,0.1,0.1,0.1,14012,0
QEM,20200831,0.1,0.1,0.1,0.1,0,0
QEM,20200901,0.1,0.1,0.1,0.1,0,0
QEM,20200902,0.1,0.1,0.1,0.1,52983,0
QEM,20200903,0.092,0.092,0.091,0.091,15000,0
QEM,20200904,0.091,0.091,0.091,0.091,0,0
QEM,20200907,0.093,0.093,0.093,0.093,5000,0
QEM,20200908,0.093,0.093,0.093,0.093,0,0
QEM,20200909,0.093,0.093,0.093,0.093,0,0
QEM,20200910,0.093,0.093,0.093,0.093,0,0
QEM,20200911,0.098,0.098,0.098,0.098,1593,0
QEM,20200914,0.089,0.089,0.089,0.089,25000,0
QEM,20200915,0.089,0.089,0.089,0.089,0,0
QEM,20200916,0.092,0.095,0.091,0.091,70000,0
QEM,20200917,0.091,0.091,0.091,0.091,0,0
QEM,20200918,0.091,0.091,0.091,0.091,0,0
QEM,20200921,0.097,0.097,0.097,0.097,2173,0
QEM,20200922,0.097,0.097,0.097,0.097,0,0
QEM,20200923,0.096,0.096,0.096,0.096,5102,0
QEM,20200924,0.096,0.096,0.096,0.096,0,0
QEM,20200925,0.096,0.096,0.096,0.096,0,0
QEM,20200928,0.096,0.096,0.096,0.096,0,0
QEM,20200929,0.096,0.096,0.096,0.096,0,0
QEM,20200930,0.096,0.096,0.096,0.096,0,0
QEM,20201001,0.096,0.096,0.096,0.096,0,0
QEM,20201002,0.096,0.096,0.096,0.096,0,0
QEM,20201005,0.096,0.096,0.096,0.096,0,0
QEM,20201006,0.096,0.096,0.096,0.096,0,0
QEM,20201007,0.097,0.11,0.097,0.11,26506,0
QEM,20201008,0.11,0.11,0.11,0.11,954,0
QEM,20201009,0.11,0.11,0.11,0.11,5371,0
QEM,20201012,0.11,0.11,0.11,0.11,0,0
QEM,20201013,0.11,0.11,0.11,0.11,0,0
QEM,20201014,0.11,0.11,0.11,0.11,0,0
QEM,20201015,0.11,0.11,0.11,0.11,0,0
QEM,20201016,0.11,0.11,0.11,0.11,0,0
QEM,20201019,0.11,0.11,0.11,0.11,0,0
QEM,20201020,0.11,0.11,0.11,0.11,0,0
QEM,20201021,0.11,0.11,0.11,0.11,0,0
QEM,20201022,0.11,0.11,0.11,0.11,0,0
QEM,20201023,0.11,0.11,0.11,0.11,0,0
QEM,20201026,0.099,0.099,0.099,0.099,2000,0
QEM,20201027,0.099,0.099,0.099,0.099,0,0
QEM,20201028,0.099,0.099,0.099,0.099,0,0
QEM,20201029,0.1,0.11,0.1,0.11,35000,0
QEM,20201030,0.11,0.11,0.11,0.11,0,0
QEM,20201102,0.105,0.11,0.105,0.11,71130,0
QEM,20201103,0.105,0.105,0.105,0.105,4600,0
QEM,20201104,0.105,0.105,0.105,0.105,0,0
QEM,20201105,0.099,0.099,0.099,0.099,20,0
QEM,20201106,0.099,0.099,0.099,0.099,0,0
QEM,20201109,0.099,0.099,0.099,0.099,0,0
QEM,20201110,0.099,0.099,0.099,0.099,0,0
QEM,20201111,0.099,0.099,0.099,0.099,0,0
QEM,20201112,0.099,0.099,0.099,0.099,0,0
QEM,20201113,0.099,0.099,0.099,0.099,0,0
QEM,20201116,0.099,0.099,0.099,0.099,0,0
QEM,20201117,0.075,0.078,0.075,0.078,110000,0
QEM,20201118,0.078,0.078,0.076,0.078,82440,0
QEM,20201119,0.081,0.081,0.081,0.081,20000,0
QEM,20201120,0.08,0.08,0.08,0.08,12500,0
QEM,20201123,0.095,0.095,0.095,0.095,10000,0
QEM,20201124,0.095,0.095,0.095,0.095,0,0
QEM,20201125,0.095,0.095,0.095,0.095,0,0
QEM,20201126,0.095,0.095,0.095,0.095,0,0
QEM,20201127,0.079,0.091,0.079,0.083,180500,0
QEM,20201130,0.084,0.085,0.084,0.084,40000,0
QEM,20201201,0.084,0.084,0.084,0.084,0,0
QEM,20201202,0.08,0.08,0.08,0.08,15000,0
QEM,20201203,0.08,0.08,0.08,0.08,0,0
QEM,20201204,0.08,0.08,0.079,0.079,11688,0
QEM,20201207,0.08,0.08,0.08,0.08,6250,0
QEM,20201208,0.078,0.078,0.076,0.076,131000,0
QEM,20201209,0.076,0.076,0.076,0.076,6474,0
QEM,20201210,0.076,0.076,0.076,0.076,0,0
QEM,20201211,0.076,0.076,0.076,0.076,0,0
QEM,20201214,0.076,0.076,0.076,0.076,0,0
QEM,20201215,0.075,0.075,0.075,0.075,42472,0
QEM,20201216,0.07,0.07,0.07,0.07,25,0
QEM,20201217,0.07,0.07,0.07,0.07,0,0
QEM,20201218,0.07,0.07,0.07,0.07,0,0
QEM,20201221,0.07,0.07,0.07,0.07,0,0
QEM,20201222,0.07,0.07,0.07,0.07,10000,0
QEM,20201223,0.07,0.07,0.07,0.07,0,0
QEM,20201224,0.07,0.07,0.07,0.07,0,0
QEM,20201225,0.07,0.07,0.07,0.07,0,0
QEM,20201228,0.07,0.07,0.07,0.07,0,0
QEM,20201229,0.075,0.075,0.075,0.075,10000,0
QEM,20201230,0.075,0.075,0.075,0.075,0,0
QEM,20201231,0.075,0.075,0.075,0.075,0,0
QEM,20210101,0.075,0.075,0.075,0.075,0,0
QEM,20210104,0.075,0.075,0.075,0.075,0,0
QEM,20210105,0.084,0.09,0.084,0.09,124766,0
QEM,20210106,0.09,0.096,0.09,0.096,42614,0
QEM,20210107,0.095,0.1,0.095,0.1,141728,0
QEM,20210108,0.09,0.09,0.09,0.09,13000,0
QEM,20210111,0.085,0.085,0.08,0.08,55069,0
QEM,20210112,0.089,0.089,0.088,0.088,51704,0
QEM,20210113,0.088,0.088,0.088,0.088,0,0
QEM,20210114,0.09,0.09,0.09,0.09,66444,0
QEM,20210115,0.09,0.09,0.09,0.09,0,0
QEM,20210118,0.082,0.082,0.081,0.081,36921,0
QEM,20210119,0.084,0.085,0.084,0.085,80000,0
QEM,20210120,0.085,0.085,0.085,0.085,40000,0
QEM,20210121,0.085,0.085,0.085,0.085,0,0
QEM,20210122,0.086,0.086,0.086,0.086,140421,0
QEM,20210125,0.09,0.14,0.09,0.125,1196363,0
QEM,20210126,0.125,0.125,0.125,0.125,0,0
QEM,20210127,0.14,0.16,0.125,0.125,1211079,0
QEM,20210128,0.11,0.115,0.1,0.105,530044,0
QEM,20210129,0.105,0.105,0.092,0.099,279903,0
QEM,20210201,0.094,0.1,0.091,0.1,198652,0
QEM,20210202,0.1,0.11,0.1,0.11,172498,0
QEM,20210203,0.11,0.11,0.11,0.11,0,0
QEM,20210204,0.097,0.097,0.097,0.097,28500,0
QEM,20210205,0.105,0.105,0.098,0.098,85852,0
QEM,20210208,0.1,0.11,0.096,0.096,334494,0
QEM,20210209,0.097,0.097,0.097,0.097,35000,0
QEM,20210210,0.098,0.098,0.098,0.098,90000,0
QEM,20210211,0.097,0.097,0.096,0.096,94000,0
QEM,20210212,0.096,0.096,0.096,0.096,4444,0
QEM,20210215,0.097,0.11,0.097,0.1,176133,0
QEM,20210216,0.097,0.1,0.097,0.1,143085,0
QEM,20210217,0.099,0.099,0.099,0.099,25304,0
QEM,20210218,0.099,0.099,0.099,0.099,0,0
QEM,20210219,0.097,0.099,0.094,0.099,315162,0
QEM,20210222,0.093,0.1,0.089,0.091,336750,0
QEM,20210223,0.094,0.095,0.094,0.095,101061,0
QEM,20210224,0.096,0.096,0.091,0.096,82466,0
QEM,20210225,0.09,0.09,0.084,0.088,352900,0
QEM,20210226,0.088,0.088,0.088,0.088,0,0
QEM,20210301,0.085,0.085,0.081,0.085,73000,0
QEM,20210302,0.085,0.09,0.085,0.085,96315,0
QEM,20210303,0.085,0.085,0.084,0.084,54055,0
QEM,20210304,0.083,0.085,0.083,0.085,295400,0
QEM,20210305,0.083,0.083,0.082,0.082,79846,0
QEM,20210308,0.085,0.085,0.083,0.083,91000,0
QEM,20210309,0.085,0.085,0.082,0.082,151050,0
QEM,20210310,0.083,0.083,0.083,0.083,35226,0
QEM,20210311,0.083,0.083,0.083,0.083,0,0
QEM,20210312,0.083,0.083,0.082,0.082,3057,0
QEM,20210315,0.155,0.225,0.11,0.165,58547408,0
QEM,20210316,0.175,0.195,0.145,0.155,10400837,0
QEM,20210317,0.16,0.19,0.155,0.165,6427005,0
QEM,20210318,0.16,0.165,0.15,0.155,1367259,0
QEM,20210319,0.155,0.165,0.145,0.15,1332516,0
QEM,20210322,0.165,0.28,0.16,0.23,17756940,0
QEM,20210323,0.23,0.34,0.22,0.245,32390099,0
QEM,20210324,0.24,0.28,0.235,0.235,6914292,0
QEM,20210325,0.235,0.255,0.22,0.22,2964727,0
QEM,20210326,0.225,0.225,0.205,0.21,2180140,0
QEM,20210329,0.21,0.24,0.21,0.225,3329823,0
QEM,20210330,0.22,0.22,0.205,0.205,942063,0
QEM,20210331,0.205,0.21,0.18,0.18,1421310,0
QEM,20210401,0.17,0.215,0.17,0.185,2979472,0
QEM,20210402,0.185,0.185,0.185,0.185,0,0
QEM,20210405,0.185,0.185,0.185,0.185,0,0
QEM,20210406,0.2,0.205,0.19,0.195,659843,0
QEM,20210407,0.195,0.195,0.175,0.19,1032525,0
QEM,20210408,0.2,0.2,0.185,0.19,1023573,0
QEM,20210409,0.19,0.19,0.175,0.18,1478518,0
QEM,20210412,0.18,0.18,0.17,0.175,680568,0
QEM,20210413,0.175,0.175,0.165,0.165,333922,0
QEM,20210414,0.17,0.175,0.165,0.165,230141,0
QEM,20210415,0.17,0.175,0.17,0.17,145042,0
QEM,20210416,0.175,0.175,0.17,0.17,467647,0
QEM,20210419,0.175,0.19,0.17,0.175,1310008,0
QEM,20210420,0.19,0.25,0.185,0.225,7981884,0
QEM,20210421,0.22,0.3,0.215,0.295,14989530,0
QEM,20210422,0.28,0.3,0.235,0.235,8381671,0
QEM,20210423,0.23,0.26,0.225,0.235,2003818,0
QEM,20210426,0.23,0.255,0.22,0.245,2739740,0
QEM,20210427,0.26,0.265,0.245,0.255,2449796,0
QEM,20210428,0.255,0.28,0.245,0.245,1727353,0
QEM,20210429,0.26,0.26,0.245,0.25,995238,0
QEM,20210430,0.25,0.255,0.235,0.245,918380,0
QEM,20210503,0.245,0.245,0.215,0.225,956831,0
QEM,20210504,0.225,0.225,0.205,0.205,843804,0
QEM,20210505,0.21,0.215,0.2,0.205,361807,0
QEM,20210506,0.21,0.21,0.19,0.195,513078,0
QEM,20210507,0.19,0.23,0.19,0.21,753458,0
QEM,20210510,0.2,0.215,0.2,0.205,486881,0
QEM,20210511,0.205,0.205,0.19,0.195,588261,0
QEM,20210512,0.2,0.2,0.195,0.195,93505,0
QEM,20210513,0.19,0.2,0.185,0.19,380982,0
QEM,20210514,0.195,0.2,0.195,0.2,26454,0
QEM,20210517,0.2,0.205,0.185,0.19,319891,0
QEM,20210518,0.19,0.19,0.17,0.18,906044,0
QEM,20210519,0.175,0.18,0.175,0.175,322088,0
QEM,20210520,0.18,0.19,0.18,0.185,165619,0
QEM,20210521,0.195,0.195,0.185,0.19,65611,0
QEM,20210524,0.19,0.195,0.175,0.18,643626,0
QEM,20210525,0.19,0.19,0.175,0.175,216094,0
QEM,20210526,0.175,0.175,0.165,0.17,451646,0
QEM,20210527,0.165,0.18,0.165,0.175,179885,0
QEM,20210528,0.18,0.18,0.17,0.17,114567,0
QEM,20210531,0.17,0.17,0.17,0.17,211625,0
QEM,20210601,0.165,0.17,0.165,0.17,19143,0
QEM,20210602,0.17,0.18,0.17,0.18,174110,0
QEM,20210603,0.18,0.18,0.175,0.18,64885,0
QEM,20210604,0.18,0.18,0.18,0.18,86413,0
QEM,20210607,0.18,0.18,0.175,0.175,95149,0
QEM,20210608,0.18,0.18,0.17,0.17,48659,0
QEM,20210609,0.175,0.19,0.175,0.185,343452,0
QEM,20210610,0.19,0.19,0.185,0.185,72644,0
QEM,20210611,0.19,0.19,0.175,0.175,291454,0
QEM,20210614,0.175,0.175,0.175,0.175,0,0
QEM,20210615,0.18,0.185,0.17,0.17,153958,0
QEM,20210616,0.185,0.185,0.175,0.175,229253,0
QEM,20210617,0.175,0.175,0.175,0.175,35906,0
QEM,20210618,0.175,0.1775,0.17,0.175,99606,0
QEM,20210621,0.175,0.175,0.165,0.165,69559,0
QEM,20210622,0.165,0.17,0.165,0.165,125148,0
QEM,20210623,0.165,0.165,0.165,0.165,5000,0
QEM,20210624,0.165,0.1675,0.16,0.165,211075,0
QEM,20210625,0.165,0.165,0.165,0.165,13607,0
QEM,20210628,0.17,0.17,0.16,0.16,32206,0
QEM,20210629,0.16,0.16,0.155,0.155,126339,0
QEM,20210630,0.155,0.155,0.14,0.145,738395,0
QEM,20210701,0.14,0.14,0.14,0.14,58344,0
