ST1,20140704,0.115,0.115,0.115,0.115,4130.42608695652174,0
ST1,20140707,0.115,0.115,0.115,0.115,0,0
ST1,20140708,0.115,0.115,0.115,0.115,0,0
ST1,20140709,0.115,0.115,0.115,0.115,0,0
ST1,20140710,0.115,0.115,0.115,0.115,0,0
ST1,20140711,0.115,0.115,0.115,0.115,0,0
ST1,20140714,0.115,0.115,0.115,0.115,0,0
ST1,20140715,0.115,0.115,0.115,0.115,0,0
ST1,20140716,0.115,0.115,0.115,0.115,0,0
ST1,20140717,0.115,0.115,0.115,0.115,0,0
ST1,20140718,0.115,0.115,0.115,0.115,0,0
ST1,20140721,0.115,0.115,0.115,0.115,0,0
ST1,20140722,0.115,0.115,0.115,0.115,9.21739130434782608,0
ST1,20140723,0.115,0.115,0.115,0.115,0,0
ST1,20140724,0.115,0.115,0.115,0.115,0,0
ST1,20140725,0.115,0.115,0.115,0.115,0,0
ST1,20140728,0.115,0.115,0.115,0.115,0,0
ST1,20140729,0.115,0.115,0.115,0.115,0,0
ST1,20140730,0.115,0.115,0.115,0.115,5643.47826086956522,0
ST1,20140731,0.115,0.115,0.115,0.115,26086.9565217391304,0
ST1,20140801,0.115,0.115,0.115,0.115,0,0
ST1,20140804,0.115,0.115,0.115,0.115,0,0
ST1,20140805,0.115,0.115,0.115,0.115,0,0
ST1,20140806,0.115,0.115,0.115,0.115,0,0
ST1,20140807,0.115,0.115,0.115,0.115,0,0
ST1,20140808,0.115,0.115,0.115,0.115,217.391304347826086,0
ST1,20140811,0.115,0.115,0.115,0.115,0,0
ST1,20140812,0.115,0.115,0.115,0.115,0,0
ST1,20140813,0.115,0.115,0.115,0.115,17391.304347826087,0
ST1,20140814,0.115,0.115,0.115,0.115,0,0
ST1,20140815,0.115,0.115,0.115,0.115,0,0
ST1,20140818,0.23,0.23,0.23,0.23,8695.65217391304348,0
ST1,20140819,0.23,0.23,0.23,0.23,0,0
ST1,20140820,0.23,0.23,0.23,0.23,7617.39130434782608,0
ST1,20140821,0.23,0.23,0.23,0.23,0,0
ST1,20140822,0.23,0.23,0.23,0.23,0,0
ST1,20140825,0.23,0.23,0.23,0.23,0,0
ST1,20140826,0.23,0.23,0.23,0.23,0,0
ST1,20140827,0.23,0.23,0.23,0.23,2173.91304347826088,0
ST1,20140828,0.23,0.23,0.23,0.23,0,0
ST1,20140829,0.23,0.23,0.23,0.23,0,0
ST1,20140901,0.23,0.23,0.23,0.23,0,0
ST1,20140902,0.23,0.23,0.23,0.23,8695.65217391304348,0
ST1,20140903,0.23,0.23,0.23,0.23,0,0
ST1,20140904,0.23,0.23,0.23,0.23,0,0
ST1,20140905,0.23,0.23,0.23,0.23,0,0
ST1,20140908,0.23,0.23,0.23,0.23,0,0
ST1,20140909,0.23,0.23,0.23,0.23,0,0
ST1,20140910,0.23,0.23,0.23,0.23,0,0
ST1,20140911,0.23,0.23,0.23,0.23,0,0
ST1,20140912,0.23,0.23,0.23,0.23,0,0
ST1,20140915,0.23,0.23,0.23,0.23,0,0
ST1,20140916,0.23,0.23,0.23,0.23,0,0
ST1,20140917,0.23,0.23,0.23,0.23,0,0
ST1,20140918,0.115,0.115,0.115,0.115,217.391304347826086,0
ST1,20140919,0.115,0.115,0.115,0.115,0,0
ST1,20140922,0.115,0.115,0.115,0.115,0,0
ST1,20140923,0.23,0.23,0.23,0.23,18427.8260869565217,0
ST1,20140924,0.23,0.23,0.23,0.23,8695.65217391304348,0
ST1,20140925,0.23,0.23,0.23,0.23,48260.8695652173914,0
ST1,20140926,0.23,0.23,0.23,0.23,8695.65217391304348,0
ST1,20140929,0.23,0.345,0.23,0.345,158609.765217391304,0
ST1,20140930,0.345,0.345,0.345,0.345,17069.7652173913043,0
ST1,20141001,0.345,0.345,0.23,0.23,38034.7826086956522,0
ST1,20141002,0.23,0.23,0.23,0.23,68018.0260869565218,0
ST1,20141003,0.23,0.23,0.23,0.23,150909.652173913043,0
ST1,20141006,0.23,0.23,0.23,0.23,3416.75652173913044,0
ST1,20141007,0.23,0.23,0.23,0.23,6956.52173913043478,0
ST1,20141008,0.23,0.23,0.23,0.23,8608.90434782608696,0
ST1,20141009,0.23,0.23,0.23,0.23,106365.64347826087,0
ST1,20141010,0.23,0.345,0.23,0.23,13042.1391304347826,0
ST1,20141013,0.23,0.23,0.23,0.23,21782.608695652174,0
ST1,20141014,0.23,0.23,0.23,0.23,43478.2608695652174,0
ST1,20141015,0.23,0.23,0.23,0.23,0,0
ST1,20141016,0.345,0.345,0.345,0.345,6521.7391304347826,0
ST1,20141017,0.345,0.345,0.23,0.23,6452.17391304347826,0
ST1,20141020,0.23,0.23,0.23,0.23,0,0
ST1,20141021,0.23,0.23,0.23,0.23,0,0
ST1,20141022,0.23,0.23,0.23,0.23,0,0
ST1,20141023,0.23,0.23,0.23,0.23,0,0
ST1,20141024,0.23,0.23,0.23,0.23,0,0
ST1,20141027,0.345,0.345,0.345,0.345,8695.65217391304348,0
ST1,20141028,0.23,0.23,0.23,0.23,43478.2608695652174,0
ST1,20141029,0.23,0.23,0.23,0.23,32608.695652173913,0
ST1,20141030,0.23,0.23,0.23,0.23,26695.6521739130434,0
ST1,20141031,0.23,0.23,0.23,0.23,223472.495652173914,0
ST1,20141103,0.115,0.115,0.115,0.115,3478.2608695652174,0
ST1,20141104,0.115,0.23,0.115,0.23,17034.7826086956522,0
ST1,20141105,0.115,0.115,0.115,0.115,26.3478260869565218,0
ST1,20141106,0.115,0.115,0.115,0.115,0,0
ST1,20141107,0.115,0.115,0.115,0.115,0,0
ST1,20141110,0.115,0.115,0.115,0.115,3478.2608695652174,0
ST1,20141111,0.23,0.23,0.23,0.23,130434.782608695652,0
ST1,20141112,0.23,0.23,0.23,0.23,0,0
ST1,20141113,0.23,0.23,0.23,0.23,0,0
ST1,20141114,0.23,0.23,0.23,0.23,8695.65217391304348,0
ST1,20141117,0.23,0.23,0.23,0.23,0,0
ST1,20141118,0.23,0.23,0.23,0.23,0,0
ST1,20141119,0.23,0.23,0.23,0.23,0,0
ST1,20141120,0.23,0.23,0.23,0.23,0,0
ST1,20141121,0.23,0.23,0.23,0.23,17391.304347826087,0
ST1,20141124,0.115,0.23,0.115,0.23,2173.92173913043478,0
ST1,20141125,0.23,0.23,0.23,0.23,0,0
ST1,20141126,0.23,0.23,0.23,0.23,0,0
ST1,20141127,0.115,0.23,0.115,0.23,2222.22608695652174,0
ST1,20141128,0.23,0.23,0.23,0.23,0,0
ST1,20141201,0.23,0.23,0.23,0.23,0,0
ST1,20141202,0.23,0.23,0.23,0.23,8630.65217391304348,0
ST1,20141203,0.23,0.23,0.23,0.23,8695.65217391304348,0
ST1,20141204,0.23,0.23,0.23,0.23,0,0
ST1,20141205,0.23,0.23,0.23,0.23,17391.304347826087,0
ST1,20141208,0.23,0.23,0.23,0.23,3260.8695652173913,0
ST1,20141209,0.23,0.23,0.23,0.23,0,0
ST1,20141210,0.23,0.23,0.23,0.23,0,0
ST1,20141211,0.115,0.115,0.115,0.115,9670.27826086956522,0
ST1,20141212,0.115,0.115,0.115,0.115,0,0
ST1,20141215,0.115,0.115,0.115,0.115,0,0
ST1,20141216,0.115,0.115,0.115,0.115,0,0
ST1,20141217,0.115,0.115,0.115,0.115,0,0
ST1,20141218,0.115,0.115,0.115,0.115,0,0
ST1,20141219,0.115,0.115,0.115,0.115,0,0
ST1,20141222,0.115,0.115,0.115,0.115,0,0
ST1,20141223,0.115,0.115,0.115,0.115,1936.95652173913043,0
ST1,20141224,0.115,0.115,0.115,0.115,0,0
ST1,20141225,0.115,0.115,0.115,0.115,0,0
ST1,20141226,0.115,0.115,0.115,0.115,0,0
ST1,20141229,0.115,0.115,0.115,0.115,0,0
ST1,20141230,0.115,0.115,0.115,0.115,0,0
ST1,20141231,0.115,0.115,0.115,0.115,3052.17391304347826,0
ST1,20150101,0.115,0.115,0.115,0.115,0,0
ST1,20150102,0.115,0.115,0.115,0.115,0,0
ST1,20150105,0.115,0.115,0.115,0.115,0,0
ST1,20150106,0.115,0.115,0.115,0.115,307.82608695652174,0
ST1,20150107,0.115,0.115,0.115,0.115,0,0
ST1,20150108,0.23,0.23,0.115,0.115,11930.4347826086957,0
ST1,20150109,0.115,0.115,0.115,0.115,0,0
ST1,20150112,0.115,0.115,0.115,0.115,0,0
ST1,20150113,0.115,0.23,0.115,0.23,280869.565217391304,0
ST1,20150114,0.23,0.23,0.23,0.23,178260.869565217391,0
ST1,20150115,0.23,0.23,0.23,0.23,0,0
ST1,20150116,0.23,0.23,0.23,0.23,0,0
ST1,20150119,0.23,0.23,0.23,0.23,143848.04347826087,0
ST1,20150120,0.23,0.23,0.23,0.23,0,0
ST1,20150121,0.23,0.23,0.23,0.23,0,0
ST1,20150122,0.23,0.23,0.23,0.23,0,0
ST1,20150123,0.23,0.23,0.23,0.23,54782.608695652174,0
ST1,20150126,0.23,0.23,0.23,0.23,0,0
ST1,20150127,0.23,0.23,0.23,0.23,0,0
ST1,20150128,0.23,0.23,0.23,0.23,0,0
ST1,20150129,0.23,0.23,0.23,0.23,26086.9565217391304,0
ST1,20150130,0.23,0.23,0.23,0.23,0,0
ST1,20150202,0.23,0.23,0.23,0.23,0,0
ST1,20150203,0.23,0.23,0.23,0.23,0,0
ST1,20150204,0.115,0.23,0.115,0.23,4610.8695652173913,0
ST1,20150205,0.23,0.23,0.23,0.23,0,0
ST1,20150206,0.23,0.23,0.23,0.23,0,0
ST1,20150209,0.23,0.23,0.23,0.23,0,0
ST1,20150210,0.23,0.23,0.23,0.23,0,0
ST1,20150211,0.23,0.23,0.23,0.23,0,0
ST1,20150212,0.23,0.23,0.23,0.23,0,0
ST1,20150213,0.115,0.23,0.115,0.23,8695.65217391304348,0
ST1,20150216,0.23,0.23,0.23,0.23,0,0
ST1,20150217,0.23,0.23,0.23,0.23,0,0
ST1,20150218,0.23,0.23,0.23,0.23,0,0
ST1,20150219,0.23,0.23,0.23,0.23,0,0
ST1,20150220,0.23,0.23,0.23,0.23,0,0
ST1,20150223,0.115,0.23,0.115,0.23,3484,0
ST1,20150224,0.23,0.23,0.23,0.23,52173.9130434782608,0
ST1,20150225,0.23,0.23,0.115,0.115,26956.5217391304348,0
ST1,20150226,0.23,0.23,0.23,0.23,45217.9217391304348,0
ST1,20150227,0.23,0.23,0.23,0.23,0,0
ST1,20150302,0.23,0.23,0.23,0.23,0,0
ST1,20150303,0.23,0.23,0.23,0.23,0,0
ST1,20150304,0.23,0.23,0.23,0.23,0,0
ST1,20150305,0.23,0.23,0.23,0.23,0,0
ST1,20150306,0.23,0.23,0.23,0.23,0,0
ST1,20150309,0.23,0.23,0.23,0.23,0,0
ST1,20150310,0.23,0.23,0.23,0.23,0,0
ST1,20150311,0.23,0.23,0.23,0.23,4347.82608695652174,0
ST1,20150312,0.23,0.23,0.23,0.23,0,0
ST1,20150313,0.23,0.23,0.23,0.23,21739.1304347826088,0
ST1,20150316,0.23,0.23,0.23,0.23,0,0
ST1,20150317,0.23,0.23,0.23,0.23,0,0
ST1,20150318,0.23,0.23,0.23,0.23,0,0
ST1,20150319,0.23,0.23,0.23,0.23,0,0
ST1,20150320,0.23,0.23,0.23,0.23,0,0
ST1,20150323,0.115,0.115,0.115,0.115,43478.2608695652174,0
ST1,20150324,0.23,0.23,0.23,0.23,8393.36521739130434,0
ST1,20150325,0.23,0.23,0.23,0.23,0,0
ST1,20150326,0.23,0.23,0.23,0.23,0,0
ST1,20150327,0.115,0.23,0.115,0.23,37086.9565217391304,0
ST1,20150330,0.23,0.23,0.23,0.23,0,0
ST1,20150331,0.23,0.23,0.23,0.23,0,0
ST1,20150401,0.23,0.23,0.23,0.23,0,0
ST1,20150402,0.23,0.23,0.23,0.23,0,0
ST1,20150403,0.23,0.23,0.23,0.23,0,0
ST1,20150406,0.23,0.23,0.23,0.23,0,0
ST1,20150407,0.23,0.23,0.23,0.23,0,0
ST1,20150408,0.23,0.23,0.23,0.23,0,0
ST1,20150409,0.23,0.23,0.23,0.23,0,0
ST1,20150410,0.115,0.115,0.115,0.115,10869.5652173913043,0
ST1,20150413,0.115,0.115,0.115,0.115,173.91304347826087,0
ST1,20150414,0.115,0.115,0.115,0.115,30434.7826086956522,0
ST1,20150415,0.23,0.23,0.115,0.115,25992.1478260869566,0
ST1,20150416,0.115,0.115,0.115,0.115,5227.72173913043478,0
ST1,20150417,0.115,0.115,0.115,0.115,0,0
ST1,20150420,0.115,0.115,0.115,0.115,1652.17391304347826,0
ST1,20150421,0.115,0.115,0.115,0.115,0,0
ST1,20150422,0.115,0.23,0.115,0.23,30866.104347826087,0
ST1,20150423,0.23,0.23,0.23,0.23,2173.91304347826088,0
ST1,20150424,0.23,0.23,0.23,0.23,0,0
ST1,20150427,0.23,0.23,0.23,0.23,0,0
ST1,20150428,0.23,0.23,0.23,0.23,0,0
ST1,20150429,0.23,0.23,0.23,0.23,0,0
ST1,20150430,0.23,0.23,0.23,0.23,0,0
ST1,20150501,0.23,0.23,0.23,0.23,0,0
ST1,20150504,0.23,0.23,0.23,0.23,0,0
ST1,20150505,0.23,0.23,0.23,0.23,0,0
ST1,20150506,0.23,0.23,0.23,0.23,0,0
ST1,20150507,0.23,0.23,0.23,0.23,0,0
ST1,20150508,0.23,0.23,0.23,0.23,0,0
ST1,20150511,0.23,0.23,0.23,0.23,0,0
ST1,20150512,0.115,0.115,0.115,0.115,434.782608695652174,0
ST1,20150513,0.115,0.115,0.115,0.115,197826.086956521739,0
ST1,20150514,0.115,0.115,0.115,0.115,8695.65217391304348,0
ST1,20150515,0.115,0.115,0.115,0.115,2697.07826086956522,0
ST1,20150518,0.115,0.115,0.115,0.115,0,0
ST1,20150519,0.115,0.115,0.115,0.115,0,0
ST1,20150520,0.115,0.115,0.115,0.115,0,0
ST1,20150521,0.115,0.115,0.115,0.115,0,0
ST1,20150522,0.115,0.115,0.115,0.115,0,0
ST1,20150525,0.115,0.115,0.115,0.115,8.69565217391304348,0
ST1,20150526,0.115,0.115,0.115,0.115,0,0
ST1,20150527,0.115,0.115,0.115,0.115,0,0
ST1,20150528,0.115,0.115,0.115,0.115,0,0
ST1,20150529,0.115,0.115,0.115,0.115,0,0
ST1,20150601,0.115,0.115,0.115,0.115,869.565217391304348,0
ST1,20150602,0.115,0.115,0.115,0.115,307817.391304347826,0
ST1,20150603,0.115,0.115,0.115,0.115,0,0
ST1,20150604,0.115,0.115,0.115,0.115,17587.1304347826087,0
ST1,20150605,0.115,0.115,0.115,0.115,0,0
ST1,20150608,0.115,0.115,0.115,0.115,0,0
ST1,20150609,0.115,0.115,0.115,0.115,0,0
ST1,20150610,0.115,0.115,0.115,0.115,0,0
ST1,20150611,0.115,0.115,0.115,0.115,0,0
ST1,20150612,0.115,0.115,0.115,0.115,0,0
ST1,20150615,0.115,0.115,0.115,0.115,0,0
ST1,20150616,0.115,0.115,0.115,0.115,0,0
ST1,20150617,0.115,0.115,0.115,0.115,87826.0869565217392,0
ST1,20150618,0.115,0.115,0.115,0.115,14.7391304347826087,0
ST1,20150619,0.115,0.115,0.115,0.115,1500.44347826086957,0
ST1,20150622,0.115,0.115,0.115,0.115,0,0
ST1,20150623,0.115,0.115,0.115,0.115,0,0
ST1,20150624,0.23,0.23,0.23,0.23,208863.121739130434,0
ST1,20150625,0.23,0.23,0.115,0.115,182608.695652173913,0
ST1,20150626,0.115,0.23,0.115,0.23,2260.8695652173913,0
ST1,20150629,0.23,0.23,0.115,0.115,24782.608695652174,0
ST1,20150630,0.115,0.23,0.115,0.115,67304.2260869565218,0
ST1,20150701,0.115,0.115,0.115,0.115,0,0
ST1,20150702,0.115,0.115,0.115,0.115,0,0
ST1,20150703,0.115,0.115,0.115,0.115,0,0
ST1,20150706,0.23,0.23,0.115,0.115,24963.8608695652174,0
ST1,20150707,0.115,0.115,0.115,0.115,0,0
ST1,20150708,0.115,0.115,0.115,0.115,0,0
ST1,20150709,0.115,0.115,0.115,0.115,0,0
ST1,20150710,0.115,0.115,0.115,0.115,0,0
ST1,20150713,0.115,0.115,0.115,0.115,0,0
ST1,20150714,0.115,0.115,0.115,0.115,0,0
ST1,20150715,0.115,0.115,0.115,0.115,0,0
ST1,20150716,0.115,0.115,0.115,0.115,0,0
ST1,20150717,0.115,0.115,0.115,0.115,0,0
ST1,20150720,0.115,0.115,0.115,0.115,0,0
ST1,20150721,0.23,0.23,0.115,0.115,29431.4608695652174,0
ST1,20150722,0.23,0.23,0.23,0.23,1456.73913043478261,0
ST1,20150723,0.23,0.23,0.23,0.23,0,0
ST1,20150724,0.115,0.115,0.115,0.115,23.4782608695652174,0
ST1,20150727,0.115,0.115,0.115,0.115,0,0
ST1,20150728,0.23,0.23,0.23,0.23,23.4782608695652174,0
ST1,20150729,0.23,0.23,0.23,0.23,0,0
ST1,20150730,0.23,0.23,0.23,0.23,0,0
ST1,20150731,0.23,0.23,0.23,0.23,0,0
ST1,20150803,0.23,0.23,0.23,0.23,0,0
ST1,20150804,0.23,0.23,0.23,0.23,0,0
ST1,20150805,0.23,0.23,0.23,0.23,0,0
ST1,20150806,0.23,0.23,0.23,0.23,0,0
ST1,20150807,0.23,0.23,0.23,0.23,0,0
ST1,20150810,0.23,0.23,0.23,0.23,0,0
ST1,20150811,0.23,0.23,0.23,0.23,0,0
ST1,20150812,0.23,0.23,0.23,0.23,0,0
ST1,20150813,0.23,0.23,0.23,0.23,0,0
ST1,20150814,0.23,0.23,0.23,0.23,0,0
ST1,20150817,0.23,0.23,0.23,0.23,0,0
ST1,20150818,0.23,0.23,0.23,0.23,0,0
ST1,20150819,0.23,0.23,0.23,0.23,0,0
ST1,20150820,0.23,0.23,0.23,0.23,0,0
ST1,20150821,0.23,0.23,0.23,0.23,8695.65217391304348,0
ST1,20150824,0.23,0.23,0.23,0.23,0,0
ST1,20150825,0.23,0.23,0.23,0.23,0,0
ST1,20150826,0.23,0.23,0.23,0.23,0,0
ST1,20150827,0.23,0.23,0.23,0.23,0,0
ST1,20150828,0.23,0.23,0.23,0.23,0,0
ST1,20150831,0.23,0.23,0.23,0.23,6000.21739130434782,0
ST1,20150901,0.115,0.115,0.115,0.115,136.626086956521739,0
ST1,20150902,0.115,0.115,0.115,0.115,0,0
ST1,20150903,0.115,0.115,0.115,0.115,0,0
ST1,20150904,0.115,0.115,0.115,0.115,8347.82608695652174,0
ST1,20150907,0.115,0.115,0.115,0.115,0,0
ST1,20150908,0.115,0.23,0.115,0.23,50859.7130434782608,0
ST1,20150909,0.23,0.23,0.23,0.23,0,0
ST1,20150910,0.23,0.23,0.23,0.23,0,0
ST1,20150911,0.115,0.115,0.115,0.115,522596.95652173913,0
ST1,20150914,0.115,0.115,0.115,0.115,87093.1391304347826,0
ST1,20150915,0.115,0.115,0.115,0.115,66666.6695652173914,0
ST1,20150916,0.115,0.115,0.115,0.115,0,0
ST1,20150917,0.115,0.115,0.115,0.115,0,0
ST1,20150918,0.115,0.115,0.115,0.115,0,0
ST1,20150921,0.115,0.115,0.115,0.115,0,0
ST1,20150922,0.115,0.115,0.115,0.115,0,0
ST1,20150923,0.115,0.115,0.115,0.115,0,0
ST1,20150924,0.115,0.115,0.115,0.115,0,0
ST1,20150925,0.115,0.115,0.115,0.115,0,0
ST1,20150928,0.115,0.115,0.115,0.115,0,0
ST1,20150929,0.115,0.115,0.115,0.115,0,0
ST1,20150930,0.115,0.115,0.115,0.115,0,0
ST1,20151001,0.115,0.115,0.115,0.115,0,0
ST1,20151002,0.115,0.115,0.115,0.115,0,0
ST1,20151005,0.115,0.115,0.115,0.115,0,0
ST1,20151006,0.115,0.115,0.115,0.115,0,0
ST1,20151007,0.115,0.115,0.115,0.115,0,0
ST1,20151008,0.115,0.115,0.115,0.115,33503.104347826087,0
ST1,20151009,0.115,0.115,0.115,0.115,0,0
ST1,20151012,0.115,0.115,0.115,0.115,45652.1739130434782,0
ST1,20151013,0.115,0.115,0.115,0.115,0,0
ST1,20151014,0.115,0.115,0.115,0.115,0,0
ST1,20151015,0.115,0.115,0.115,0.115,4282.82608695652174,0
ST1,20151016,0.23,0.23,0.115,0.115,5282.82608695652174,0
ST1,20151019,0.115,0.115,0.115,0.115,0,0
ST1,20151020,0.115,0.115,0.115,0.115,0,0
ST1,20151021,0.115,0.23,0.115,0.23,50434.7826086956522,0
ST1,20151022,0.23,0.23,0.23,0.23,0,0
ST1,20151023,0.23,0.23,0.23,0.23,0,0
ST1,20151026,0.115,0.115,0.115,0.115,4347.82608695652174,0
ST1,20151027,0.23,0.23,0.115,0.115,13573.904347826087,0
ST1,20151028,0.115,0.115,0.115,0.115,0,0
ST1,20151029,0.115,0.115,0.115,0.115,0,0
ST1,20151030,0.23,0.23,0.115,0.115,5652.17391304347826,0
ST1,20151102,0.115,0.115,0.115,0.115,0,0
ST1,20151103,0.115,0.115,0.115,0.115,24347.8260869565218,0
ST1,20151104,0.115,0.115,0.115,0.115,0,0
ST1,20151105,0.115,0.115,0.115,0.115,0,0
ST1,20151106,0.115,0.115,0.115,0.115,0,0
ST1,20151109,0.115,0.115,0.115,0.115,0,0
ST1,20151110,0.115,0.115,0.115,0.115,0,0
ST1,20151111,0.115,0.115,0.115,0.115,43043.4782608695652,0
ST1,20151112,0.115,0.115,0.115,0.115,0,0
ST1,20151113,0.115,0.115,0.115,0.115,304435.208695652174,0
ST1,20151116,0.115,0.115,0.115,0.115,8686.95652173913044,0
ST1,20151117,0.115,0.115,0.115,0.115,0,0
ST1,20151118,0.115,0.115,0.115,0.115,0,0
ST1,20151119,0.115,0.115,0.115,0.115,21737.504347826087,0
ST1,20151120,0.115,0.115,0.115,0.115,0,0
ST1,20151123,0.115,0.115,0.115,0.115,1043.47826086956522,0
ST1,20151124,0.115,0.115,0.115,0.115,0,0
ST1,20151125,0.115,0.115,0.115,0.115,43478.2608695652174,0
ST1,20151126,0.115,0.115,0.115,0.115,64175.5478260869566,0
ST1,20151127,0.115,0.115,0.115,0.115,123478.260869565217,0
ST1,20151130,0.115,0.115,0.115,0.115,104347.826086956522,0
ST1,20151201,0.115,0.115,0.115,0.115,17391.304347826087,0
ST1,20151202,0.115,0.23,0.115,0.23,20108.695652173913,0
ST1,20151203,0.23,0.23,0.115,0.115,21739.1304347826088,0
ST1,20151204,0.115,0.115,0.115,0.115,869.565217391304348,0
ST1,20151207,0.115,0.115,0.115,0.115,0,0
ST1,20151208,0.115,0.115,0.115,0.115,0,0
ST1,20151209,0.115,0.115,0.115,0.115,0,0
ST1,20151210,0.115,0.115,0.115,0.115,0,0
ST1,20151211,0.115,0.115,0.115,0.115,0,0
ST1,20151214,0.115,0.115,0.115,0.115,0,0
ST1,20151215,0.115,0.115,0.115,0.115,0,0
ST1,20151216,0.115,0.115,0.115,0.115,0,0
ST1,20151217,0.115,0.115,0.115,0.115,0,0
ST1,20151218,0.115,0.115,0.115,0.115,0,0
ST1,20151221,0.115,0.115,0.115,0.115,134782.608695652174,0
ST1,20151222,0.115,0.115,0.115,0.115,0,0
ST1,20151223,0.115,0.115,0.115,0.115,0,0
ST1,20151224,0.115,0.115,0.115,0.115,0,0
ST1,20151225,0.115,0.115,0.115,0.115,0,0
ST1,20151228,0.115,0.115,0.115,0.115,0,0
ST1,20151229,0.115,0.115,0.115,0.115,0,0
ST1,20151230,0.115,0.115,0.115,0.115,65000,0
ST1,20151231,0.115,0.115,0.115,0.115,0,0
ST1,20160101,0.115,0.115,0.115,0.115,0,0
ST1,20160104,0.115,0.115,0.115,0.115,0,0
ST1,20160105,0.115,0.115,0.115,0.115,0,0
ST1,20160106,0.115,0.115,0.115,0.115,7173.91304347826086,0
ST1,20160107,0.115,0.115,0.115,0.115,97011.0347826086956,0
ST1,20160108,0.115,0.115,0.115,0.115,0,0
ST1,20160111,0.115,0.115,0.115,0.115,0,0
ST1,20160112,0.115,0.115,0.115,0.115,0,0
ST1,20160113,0.115,0.115,0.115,0.115,135632.44347826087,0
ST1,20160114,0.115,0.115,0.115,0.115,98335.1130434782608,0
ST1,20160115,0.115,0.115,0.115,0.115,17391.304347826087,0
ST1,20160118,0.115,0.115,0.115,0.115,8695.65217391304348,0
ST1,20160119,0.115,0.115,0.115,0.115,13773.9130434782609,0
ST1,20160120,0.115,0.115,0.115,0.115,3304.34782608695652,0
ST1,20160121,0.115,0.115,0.115,0.115,0,0
ST1,20160122,0.115,0.115,0.115,0.115,2652.17391304347826,0
ST1,20160125,0.115,0.115,0.115,0.115,19565.2173913043478,0
ST1,20160126,0.115,0.115,0.115,0.115,0,0
ST1,20160127,0.115,0.115,0.115,0.115,0,0
ST1,20160128,0.115,0.115,0.115,0.115,20030.695652173913,0
ST1,20160129,0.115,0.115,0.115,0.115,8695.65217391304348,0
ST1,20160201,0.115,0.115,0.115,0.115,21739.1304347826088,0
ST1,20160202,0.115,0.115,0.115,0.115,10860.8695652173913,0
ST1,20160203,0.115,0.115,0.115,0.115,0,0
ST1,20160204,0.115,0.115,0.115,0.115,4347.82608695652174,0
ST1,20160205,0.115,0.115,0.115,0.115,0,0
ST1,20160208,0.115,0.115,0.115,0.115,26956.5217391304348,0
ST1,20160209,0.115,0.115,0.115,0.115,0,0
ST1,20160210,0.115,0.115,0.115,0.115,0,0
ST1,20160211,0.115,0.115,0.115,0.115,0,0
ST1,20160212,0.115,0.115,0.115,0.115,34782.608695652174,0
ST1,20160215,0.115,0.115,0.115,0.115,7370.59130434782608,0
ST1,20160216,0.115,0.115,0.115,0.115,70695.6521739130434,0
ST1,20160217,0.115,0.115,0.115,0.115,0,0
ST1,20160218,0.23,0.23,0.115,0.115,69565.2173913043478,0
ST1,20160219,0.115,0.115,0.115,0.115,4347.82608695652174,0
ST1,20160222,0.115,0.115,0.115,0.115,0,0
ST1,20160223,0.115,0.115,0.115,0.115,0,0
ST1,20160224,0.115,0.115,0.115,0.115,40008.695652173913,0
ST1,20160225,0.115,0.115,0.115,0.115,0,0
ST1,20160226,0.115,0.115,0.115,0.115,0,0
ST1,20160229,0.115,0.115,0.115,0.115,0,0
ST1,20160301,0.115,0.115,0.115,0.115,0,0
ST1,20160302,0.115,0.115,0.115,0.115,0,0
ST1,20160303,0.115,0.115,0.115,0.115,0,0
ST1,20160304,0.115,0.115,0.115,0.115,0,0
ST1,20160307,0.115,0.115,0.115,0.115,4347.82608695652174,0
ST1,20160308,0.115,0.115,0.115,0.115,0,0
ST1,20160309,0.115,0.115,0.115,0.115,1199.4695652173913,0
ST1,20160310,0.115,0.115,0.115,0.115,0,0
ST1,20160311,0.115,0.115,0.115,0.115,0,0
ST1,20160314,0.115,0.115,0.115,0.115,0,0
ST1,20160315,0.115,0.115,0.115,0.115,0,0
ST1,20160316,0.115,0.115,0.115,0.115,0,0
ST1,20160317,0.115,0.115,0.115,0.115,0,0
ST1,20160318,0.115,0.115,0.115,0.115,0,0
ST1,20160321,0.115,0.115,0.115,0.115,0,0
ST1,20160322,0.115,0.115,0.115,0.115,103530.826086956522,0
ST1,20160323,0.115,0.115,0.115,0.115,51739.1304347826086,0
ST1,20160324,0.115,0.115,0.115,0.115,0,0
ST1,20160325,0.115,0.115,0.115,0.115,0,0
ST1,20160328,0.115,0.115,0.115,0.115,0,0
ST1,20160329,0.115,0.115,0.115,0.115,5217.39130434782608,0
ST1,20160330,0.115,0.115,0.115,0.115,0,0
ST1,20160331,0.115,0.115,0.115,0.115,0,0
ST1,20160401,0.115,0.115,0.115,0.115,0,0
ST1,20160404,0.115,0.115,0.115,0.115,2173.91304347826088,0
ST1,20160405,0.115,0.115,0.115,0.115,0,0
ST1,20160406,0.115,0.115,0.115,0.115,0,0
ST1,20160407,0.115,0.115,0.115,0.115,0,0
ST1,20160408,0.115,0.115,0.115,0.115,0,0
ST1,20160411,0.115,0.115,0.115,0.115,0,0
ST1,20160412,0.115,0.115,0.115,0.115,0,0
ST1,20160413,0.115,0.115,0.115,0.115,0,0
ST1,20160414,0.115,0.115,0.115,0.115,32608.695652173913,0
ST1,20160415,0.115,0.115,0.115,0.115,26086.9565217391304,0
ST1,20160418,0.115,0.115,0.115,0.115,0,0
ST1,20160419,0.115,0.115,0.115,0.115,0,0
ST1,20160420,0.115,0.115,0.115,0.115,0,0
ST1,20160421,0.115,0.115,0.115,0.115,0,0
ST1,20160422,0.115,0.115,0.115,0.115,0,0
ST1,20160425,0.115,0.115,0.115,0.115,0,0
ST1,20160426,0.115,0.115,0.115,0.115,0,0
ST1,20160427,0.115,0.115,0.115,0.115,0,0
ST1,20160428,0.115,0.115,0.115,0.115,0,0
ST1,20160429,0.115,0.115,0.115,0.115,0,0
ST1,20160502,0.115,0.115,0.115,0.115,0,0
ST1,20160503,0.115,0.115,0.115,0.115,0,0
ST1,20160504,0.115,0.115,0.115,0.115,0,0
ST1,20160505,0.115,0.115,0.115,0.115,0,0
ST1,20160506,0.115,0.115,0.115,0.115,0,0
ST1,20160509,0.115,0.115,0.115,0.115,0,0
ST1,20160510,0.115,0.115,0.115,0.115,0,0
ST1,20160511,0.115,0.115,0.115,0.115,0,0
ST1,20160512,0.115,0.115,0.115,0.115,0,0
ST1,20160513,0.115,0.115,0.115,0.115,0,0
ST1,20160516,0.115,0.115,0.115,0.115,0,0
ST1,20160517,0.115,0.115,0.115,0.115,0,0
ST1,20160518,0.115,0.115,0.115,0.115,0,0
ST1,20160519,0.115,0.115,0.115,0.115,0,0
ST1,20160520,0.115,0.115,0.115,0.115,0,0
ST1,20160523,0.115,0.115,0.115,0.115,0,0
ST1,20160524,0.115,0.115,0.115,0.115,0,0
ST1,20160525,0.115,0.115,0.115,0.115,0,0
ST1,20160526,0.115,0.115,0.115,0.115,0,0
ST1,20160527,0.115,0.115,0.115,0.115,0,0
ST1,20160530,0.115,0.115,0.115,0.115,0,0
ST1,20160531,0.115,0.115,0.115,0.115,0,0
ST1,20160601,0.115,0.115,0.115,0.115,0,0
ST1,20160602,0.115,0.115,0.115,0.115,0,0
ST1,20160603,0.115,0.115,0.115,0.115,0,0
ST1,20160606,0.115,0.115,0.115,0.115,0,0
ST1,20160607,0.115,0.115,0.115,0.115,0,0
ST1,20160608,0.115,0.115,0.115,0.115,0,0
ST1,20160609,0.115,0.115,0.115,0.115,0,0
ST1,20160610,0.115,0.115,0.115,0.115,0,0
ST1,20160613,0.115,0.115,0.115,0.115,0,0
ST1,20160614,0.115,0.115,0.115,0.115,0,0
ST1,20160615,0.115,0.115,0.115,0.115,0,0
ST1,20160616,0.115,0.115,0.115,0.115,0,0
ST1,20160617,0.115,0.115,0.115,0.115,0,0
ST1,20160620,0.115,0.115,0.115,0.115,0,0
ST1,20160621,0.115,0.115,0.115,0.115,0,0
ST1,20160622,0.115,0.115,0.115,0.115,0,0
ST1,20160623,0.115,0.115,0.115,0.115,0,0
ST1,20160624,0.115,0.115,0.115,0.115,0,0
ST1,20160627,0.11,0.125,0.1,0.115,1833497.6,0
ST1,20160628,0.115,0.115,0.095,0.115,605417.6,0
ST1,20160629,0.11,0.115,0.1,0.11,599514,0
ST1,20160630,0.115,0.125,0.115,0.125,411211.6,0
ST1,20160701,0.13,0.14,0.12,0.12,1482996,0
ST1,20160704,0.125,0.14,0.125,0.125,520052.2,0
ST1,20160705,0.13,0.135,0.125,0.125,225019.8,0
ST1,20160706,0.125,0.125,0.115,0.115,193580.2,0
ST1,20160707,0.12,0.12,0.12,0.12,4600,0
ST1,20160708,0.12,0.12,0.12,0.12,247130.4,0
ST1,20160711,0.115,0.115,0.115,0.115,216913.6,0
ST1,20160712,0.12,0.12,0.12,0.12,7375.4,0
ST1,20160713,0.115,0.115,0.115,0.115,132043,0
ST1,20160714,0.11,0.11,0.11,0.11,200000,0
ST1,20160715,0.11,0.11,0.11,0.11,96000,0
ST1,20160718,0.11,0.11,0.1,0.1,222143.2,0
ST1,20160719,0.095,0.1,0.095,0.1,143210.4,0
ST1,20160720,0.1,0.105,0.1,0.105,2021603.4,0
ST1,20160721,0.11,0.125,0.11,0.125,923024.4,0
ST1,20160722,0.125,0.125,0.11,0.11,131584.6,0
ST1,20160725,0.115,0.125,0.115,0.125,125957,0
ST1,20160726,0.115,0.12,0.115,0.12,24087,0
ST1,20160727,0.12,0.125,0.12,0.12,26145.2,0
ST1,20160728,0.125,0.125,0.12,0.12,78829.8,0
ST1,20160729,0.12,0.125,0.12,0.12,156522,0
ST1,20160801,0.12,0.125,0.11,0.11,221952.2,0
ST1,20160802,0.11,0.11,0.11,0.11,0,0
ST1,20160803,0.11,0.11,0.11,0.11,0,0
ST1,20160804,0.115,0.115,0.105,0.105,653140.6,0
ST1,20160805,0.105,0.105,0.105,0.105,86228.4,0
ST1,20160808,0.11,0.115,0.105,0.105,234292.8,0
ST1,20160809,0.105,0.105,0.105,0.105,20348,0
ST1,20160810,0.105,0.105,0.105,0.105,0,0
ST1,20160811,0.11,0.11,0.11,0.11,210000,0
ST1,20160812,0.11,0.115,0.11,0.115,167095.8,0
ST1,20160815,0.11,0.11,0.105,0.105,220000,0
ST1,20160816,0.115,0.115,0.105,0.105,562293.2,0
ST1,20160817,0.105,0.11,0.1,0.105,304662,0
ST1,20160818,0.105,0.105,0.105,0.105,205071,0
ST1,20160819,0.105,0.105,0.105,0.105,36635,0
ST1,20160822,0.11,0.11,0.105,0.105,93365,0
ST1,20160823,0.105,0.105,0.1,0.1,65000,0
ST1,20160824,0.1,0.105,0.1,0.105,258490.4,0
ST1,20160825,0.105,0.11,0.105,0.105,80000,0
ST1,20160826,0.105,0.105,0.105,0.105,0,0
ST1,20160829,0.105,0.105,0.105,0.105,19900,0
ST1,20160830,0.105,0.105,0.095,0.1,267480,0
ST1,20160831,0.095,0.095,0.09,0.09,120258.2,0
ST1,20160901,0.1,0.105,0.1,0.105,136620,0
ST1,20160902,0.105,0.11,0.1,0.11,379429,0
ST1,20160905,0.11,0.11,0.11,0.11,0,0
ST1,20160906,0.11,0.12,0.11,0.11,130000,0
ST1,20160907,0.11,0.11,0.11,0.11,0,0
ST1,20160908,0.1,0.1,0.1,0.1,53508.6,0
ST1,20160909,0.105,0.11,0.105,0.11,100000,0
ST1,20160912,0.1,0.1,0.1,0.1,361376,0
ST1,20160913,0.1,0.1,0.095,0.1,163866.6,0
ST1,20160914,0.11,0.115,0.11,0.115,54722.6,0
ST1,20160915,0.115,0.115,0.115,0.115,0,0
ST1,20160916,0.1,0.1,0.1,0.1,136653.4,0
ST1,20160919,0.1,0.1,0.1,0.1,0,0
ST1,20160920,0.1,0.1,0.1,0.1,213120,0
ST1,20160921,0.1,0.105,0.1,0.105,225437.4,0
ST1,20160922,0.105,0.11,0.1,0.1,220000,0
ST1,20160923,0.1,0.105,0.1,0.1,1105549.4,0
ST1,20160926,0.1,0.1,0.1,0.1,147886.2,0
ST1,20160927,0.095,0.1,0.095,0.1,130240.8,0
ST1,20160928,0.1,0.1,0.1,0.1,84683.2,0
ST1,20160929,0.1,0.105,0.095,0.095,1262495.4,0
ST1,20160930,0.095,0.095,0.095,0.095,0,0
ST1,20161003,0.1,0.105,0.095,0.095,66423.8,0
ST1,20161004,0.105,0.15,0.105,0.15,2074855.6,0
ST1,20161005,0.145,0.145,0.135,0.14,641311,0
ST1,20161006,0.14,0.14,0.14,0.14,50297.4,0
ST1,20161007,0.14,0.14,0.135,0.14,312189,0
ST1,20161010,0.14,0.145,0.14,0.145,120000,0
ST1,20161011,0.145,0.15,0.14,0.15,245629.8,0
ST1,20161012,0.145,0.145,0.135,0.135,250000,0
ST1,20161013,0.135,0.135,0.135,0.135,34782.8,0
ST1,20161014,0.145,0.145,0.13,0.13,266287,0
ST1,20161017,0.145,0.15,0.145,0.15,86048.8,0
ST1,20161018,0.14,0.14,0.13,0.13,110869.6,0
ST1,20161019,0.13,0.13,0.13,0.13,14000,0
ST1,20161020,0.13,0.13,0.125,0.125,798873.4,0
ST1,20161021,0.12,0.12,0.115,0.115,27000,0
ST1,20161024,0.125,0.135,0.125,0.135,37155.6,0
ST1,20161025,0.135,0.135,0.13,0.13,54000,0
ST1,20161026,0.13,0.135,0.125,0.125,25422.4,0
ST1,20161027,0.125,0.125,0.125,0.125,0,0
ST1,20161028,0.13,0.14,0.13,0.14,211827,0
ST1,20161031,0.135,0.14,0.135,0.135,39571.6,0
ST1,20161101,0.135,0.135,0.135,0.135,44428.4,0
ST1,20161102,0.13,0.13,0.125,0.125,264000,0
ST1,20161103,0.125,0.125,0.125,0.125,0,0
ST1,20161104,0.135,0.135,0.125,0.125,192196,0
ST1,20161107,0.125,0.125,0.125,0.125,117903.8,0
ST1,20161108,0.125,0.13,0.125,0.13,607212.4,0
ST1,20161109,0.13,0.13,0.125,0.125,274269.4,0
ST1,20161110,0.125,0.145,0.125,0.145,173258.6,0
ST1,20161111,0.14,0.14,0.14,0.14,27769.8,0
ST1,20161114,0.135,0.135,0.135,0.135,11731.6,0
ST1,20161115,0.135,0.145,0.135,0.145,206879,0
ST1,20161116,0.135,0.135,0.135,0.135,188549.2,0
ST1,20161117,0.135,0.14,0.135,0.14,153995.4,0
ST1,20161118,0.145,0.15,0.145,0.15,654926.8,0
ST1,20161121,0.15,0.15,0.145,0.15,203474.8,0
ST1,20161122,0.15,0.16,0.15,0.16,1057691.4,0
ST1,20161123,0.16,0.175,0.155,0.165,949291.2,0
ST1,20161124,0.165,0.175,0.165,0.175,158302.8,0
ST1,20161125,0.17,0.17,0.145,0.145,1683671.4,0
ST1,20161128,0.15,0.155,0.14,0.14,500752,0
ST1,20161129,0.145,0.145,0.145,0.145,64091.6,0
ST1,20161130,0.145,0.145,0.145,0.145,0,0
ST1,20161201,0.145,0.15,0.145,0.15,21176.8,0
ST1,20161202,0.145,0.15,0.145,0.15,40289,0
ST1,20161205,0.15,0.15,0.145,0.145,27305.4,0
ST1,20161206,0.145,0.145,0.145,0.145,0,0
ST1,20161207,0.145,0.145,0.145,0.145,0,0
ST1,20161208,0.15,0.17,0.15,0.16,295713.6,0
ST1,20161209,0.165,0.18,0.16,0.18,780366.2,0
ST1,20161212,0.195,0.195,0.18,0.185,533906.4,0
ST1,20161213,0.185,0.185,0.175,0.175,79088.4,0
ST1,20161214,0.175,0.175,0.165,0.17,169415,0
ST1,20161215,0.175,0.175,0.165,0.175,402509.6,0
ST1,20161216,0.17,0.17,0.16,0.17,592960,0
ST1,20161219,0.17,0.17,0.165,0.17,81253.4,0
ST1,20161220,0.165,0.165,0.155,0.155,163723.6,0
ST1,20161221,0.155,0.16,0.155,0.16,236640,0
ST1,20161222,0.155,0.155,0.15,0.15,467202.4,0
ST1,20161223,0.15,0.15,0.15,0.15,0,0
ST1,20161226,0.15,0.15,0.15,0.15,0,0
ST1,20161227,0.15,0.15,0.15,0.15,0,0
ST1,20161228,0.155,0.16,0.155,0.16,70000,0
ST1,20161229,0.155,0.16,0.155,0.16,34740,0
ST1,20161230,0.16,0.17,0.16,0.17,4240,0
ST1,20170102,0.17,0.17,0.17,0.17,0,0
ST1,20170103,0.17,0.17,0.17,0.17,135198.2,0
ST1,20170104,0.17,0.17,0.17,0.17,67000.2,0
ST1,20170105,0.165,0.165,0.165,0.165,4000,0
ST1,20170106,0.16,0.165,0.16,0.165,49486.6,0
ST1,20170109,0.165,0.165,0.165,0.165,6000,0
ST1,20170110,0.165,0.17,0.165,0.17,130680,0
ST1,20170111,0.17,0.17,0.17,0.17,68540.6,0
ST1,20170112,0.165,0.17,0.165,0.17,76958.2,0
ST1,20170113,0.175,0.175,0.175,0.175,52000,0
ST1,20170116,0.165,0.165,0.16,0.16,52000,0
ST1,20170117,0.17,0.17,0.17,0.17,5995.6,0
ST1,20170118,0.17,0.17,0.16,0.16,127771.8,0
ST1,20170119,0.16,0.16,0.16,0.16,48960,0
ST1,20170120,0.16,0.16,0.155,0.155,82415,0
ST1,20170123,0.16,0.175,0.16,0.17,475732.4,0
ST1,20170124,0.17,0.17,0.17,0.17,70815.6,0
ST1,20170125,0.17,0.17,0.165,0.165,102132,0
ST1,20170126,0.165,0.165,0.165,0.165,0,0
ST1,20170127,0.17,0.175,0.17,0.175,166187.2,0
ST1,20170130,0.18,0.185,0.18,0.18,452817,0
ST1,20170131,0.175,0.18,0.155,0.155,572686,0
ST1,20170201,0.16,0.185,0.16,0.175,1277980,0
ST1,20170202,0.18,0.18,0.165,0.165,238850,0
ST1,20170203,0.165,0.17,0.165,0.17,104576.6,0
ST1,20170206,0.165,0.165,0.16,0.165,337876.2,0
ST1,20170207,0.16,0.16,0.15,0.15,1013157,0
ST1,20170208,0.155,0.155,0.15,0.15,127705,0
ST1,20170209,0.155,0.16,0.155,0.16,62345.2,0
ST1,20170210,0.155,0.155,0.15,0.15,150166.2,0
ST1,20170213,0.15,0.155,0.15,0.15,108000,0
ST1,20170214,0.15,0.15,0.135,0.15,268834,0
ST1,20170215,0.15,0.155,0.15,0.155,40206.6,0
ST1,20170216,0.155,0.155,0.155,0.155,48000,0
ST1,20170217,0.145,0.16,0.145,0.16,57975.8,0
ST1,20170220,0.16,0.16,0.16,0.16,0,0
ST1,20170221,0.15,0.15,0.14,0.14,826751.6,0
ST1,20170222,0.145,0.145,0.145,0.145,115476.6,0
ST1,20170223,0.145,0.145,0.145,0.145,150523.4,0
ST1,20170224,0.145,0.145,0.145,0.145,41379.2,0
ST1,20170227,0.145,0.15,0.14,0.145,77034.4,0
ST1,20170228,0.14,0.14,0.13,0.13,683309.2,0
ST1,20170301,0.125,0.135,0.125,0.135,2107859.4,0
ST1,20170302,0.14,0.14,0.14,0.14,165940,0
ST1,20170303,0.14,0.155,0.14,0.15,1055502,0
ST1,20170306,0.155,0.155,0.145,0.15,372409.8,0
ST1,20170307,0.15,0.155,0.15,0.155,275990.6,0
ST1,20170308,0.155,0.155,0.155,0.155,0,0
ST1,20170309,0.155,0.155,0.155,0.155,2220,0
ST1,20170310,0.155,0.155,0.15,0.15,74828,0
ST1,20170313,0.15,0.15,0.15,0.15,0,0
ST1,20170314,0.155,0.155,0.155,0.155,55000,0
ST1,20170315,0.155,0.155,0.15,0.15,27088,0
ST1,20170316,0.15,0.15,0.15,0.15,11220,0
ST1,20170317,0.15,0.15,0.15,0.15,0,0
ST1,20170320,0.15,0.16,0.15,0.155,450917,0
ST1,20170321,0.155,0.175,0.155,0.17,1945668,0
ST1,20170322,0.16,0.16,0.155,0.155,296051,0
ST1,20170323,0.155,0.16,0.155,0.16,152399,0
ST1,20170324,0.16,0.16,0.16,0.16,35000,0
ST1,20170327,0.155,0.16,0.155,0.16,300000,0
ST1,20170328,0.16,0.16,0.155,0.155,152585,0
ST1,20170329,0.155,0.155,0.155,0.155,10500,0
ST1,20170330,0.16,0.165,0.16,0.16,206065,0
ST1,20170331,0.155,0.16,0.155,0.155,325457,0
ST1,20170403,0.155,0.155,0.155,0.155,0,0
ST1,20170404,0.155,0.155,0.155,0.155,113200,0
ST1,20170405,0.16,0.16,0.16,0.16,130000,0
ST1,20170406,0.16,0.16,0.16,0.16,130000,0
ST1,20170407,0.16,0.165,0.16,0.165,110000,0
ST1,20170410,0.155,0.16,0.155,0.16,625246,0
ST1,20170411,0.16,0.16,0.155,0.155,44946,0
ST1,20170412,0.155,0.155,0.14,0.14,496740,0
ST1,20170413,0.14,0.14,0.13,0.13,64926,0
ST1,20170414,0.13,0.13,0.13,0.13,0,0
ST1,20170417,0.13,0.13,0.13,0.13,0,0
ST1,20170418,0.13,0.13,0.13,0.13,0,0
ST1,20170419,0.125,0.13,0.125,0.125,122900,0
ST1,20170420,0.13,0.14,0.13,0.14,76939,0
ST1,20170421,0.14,0.14,0.14,0.14,0,0
ST1,20170424,0.14,0.14,0.14,0.14,0,0
ST1,20170425,0.14,0.14,0.14,0.14,0,0
ST1,20170426,0.16,0.16,0.16,0.16,5000,0
ST1,20170427,0.155,0.155,0.155,0.155,31906,0
ST1,20170428,0.14,0.155,0.14,0.155,19347,0
ST1,20170501,0.155,0.155,0.155,0.155,0,0
ST1,20170502,0.155,0.155,0.155,0.155,13000,0
ST1,20170503,0.155,0.155,0.155,0.155,95346,0
ST1,20170504,0.155,0.155,0.155,0.155,4654,0
ST1,20170505,0.155,0.155,0.155,0.155,0,0
ST1,20170508,0.155,0.155,0.155,0.155,0,0
ST1,20170509,0.15,0.15,0.15,0.15,172336,0
ST1,20170510,0.15,0.15,0.15,0.15,0,0
ST1,20170511,0.145,0.15,0.145,0.15,41016,0
ST1,20170512,0.15,0.15,0.145,0.145,56567,0
ST1,20170515,0.145,0.145,0.145,0.145,0,0
ST1,20170516,0.135,0.14,0.135,0.14,155479,0
ST1,20170517,0.14,0.14,0.14,0.14,36521,0
ST1,20170518,0.14,0.14,0.135,0.14,105162,0
ST1,20170519,0.14,0.14,0.14,0.14,126310,0
ST1,20170522,0.14,0.14,0.135,0.135,44093,0
ST1,20170523,0.135,0.135,0.135,0.135,2035,0
ST1,20170524,0.135,0.135,0.135,0.135,35773,0
ST1,20170525,0.14,0.145,0.14,0.145,47953,0
ST1,20170526,0.14,0.14,0.14,0.14,10000,0
ST1,20170529,0.14,0.14,0.14,0.14,0,0
ST1,20170530,0.135,0.135,0.135,0.135,90010,0
ST1,20170531,0.135,0.145,0.135,0.145,52500,0
ST1,20170601,0.145,0.145,0.145,0.145,0,0
ST1,20170602,0.13,0.13,0.13,0.13,4348,0
ST1,20170605,0.13,0.13,0.13,0.13,0,0
ST1,20170606,0.14,0.14,0.14,0.14,70000,0
ST1,20170607,0.14,0.14,0.135,0.135,284660,0
ST1,20170608,0.135,0.135,0.135,0.135,38385,0
ST1,20170609,0.135,0.135,0.125,0.125,1101029,0
ST1,20170612,0.125,0.125,0.125,0.125,0,0
ST1,20170613,0.125,0.125,0.125,0.125,26696,0
ST1,20170614,0.125,0.125,0.125,0.125,107118,0
ST1,20170615,0.125,0.13,0.125,0.13,275288,0
ST1,20170616,0.135,0.14,0.135,0.14,500000,0
ST1,20170619,0.14,0.14,0.14,0.14,322203,0
ST1,20170620,0.135,0.135,0.135,0.135,273750,0
ST1,20170621,0.135,0.135,0.13,0.13,57521,0
ST1,20170622,0.13,0.13,0.13,0.13,187129,0
ST1,20170623,0.13,0.13,0.13,0.13,0,0
ST1,20170626,0.13,0.13,0.125,0.125,219865,0
ST1,20170627,0.125,0.125,0.125,0.125,0,0
ST1,20170628,0.125,0.13,0.125,0.13,14309,0
ST1,20170629,0.13,0.13,0.13,0.13,0,0
ST1,20170630,0.135,0.135,0.12,0.12,123126,0
ST1,20170703,0.13,0.13,0.13,0.13,283396,0
ST1,20170704,0.13,0.13,0.13,0.13,31604,0
ST1,20170705,0.135,0.135,0.135,0.135,20000,0
ST1,20170706,0.12,0.12,0.12,0.12,11077,0
ST1,20170707,0.125,0.125,0.12,0.12,56466,0
ST1,20170710,0.125,0.125,0.125,0.125,69448,0
ST1,20170711,0.125,0.125,0.125,0.125,0,0
ST1,20170712,0.125,0.125,0.12,0.12,171894,0
ST1,20170713,0.12,0.12,0.12,0.12,0,0
ST1,20170714,0.12,0.12,0.12,0.12,0,0
ST1,20170717,0.13,0.13,0.13,0.13,106900,0
ST1,20170718,0.13,0.13,0.13,0.13,0,0
ST1,20170719,0.135,0.135,0.135,0.135,74074,0
ST1,20170720,0.135,0.135,0.135,0.135,4000,0
ST1,20170721,0.135,0.135,0.135,0.135,0,0
ST1,20170724,0.135,0.135,0.135,0.135,50000,0
ST1,20170725,0.135,0.135,0.135,0.135,0,0
ST1,20170726,0.13,0.13,0.13,0.13,173622,0
ST1,20170727,0.13,0.13,0.13,0.13,232594,0
ST1,20170728,0.125,0.13,0.12,0.13,2462921,0
ST1,20170731,0.125,0.135,0.125,0.135,27745,0
ST1,20170801,0.135,0.135,0.135,0.135,17397,0
ST1,20170802,0.13,0.13,0.13,0.13,80000,0
ST1,20170803,0.12,0.12,0.12,0.12,2525755,0
ST1,20170804,0.12,0.12,0.12,0.12,103996,0
ST1,20170807,0.12,0.12,0.12,0.12,0,0
ST1,20170808,0.12,0.12,0.12,0.12,0,0
ST1,20170809,0.115,0.115,0.1,0.105,44632,0
ST1,20170810,0.105,0.105,0.105,0.105,0,0
ST1,20170811,0.105,0.105,0.105,0.105,0,0
ST1,20170814,0.115,0.115,0.099,0.099,594299,0
ST1,20170815,0.1,0.1,0.1,0.1,7050,0
ST1,20170816,0.1,0.1,0.1,0.1,0,0
ST1,20170817,0.1,0.1,0.1,0.1,0,0
ST1,20170818,0.105,0.105,0.105,0.105,25000,0
ST1,20170821,0.115,0.115,0.099,0.1,606372,0
ST1,20170822,0.1,0.1,0.1,0.1,38000,0
ST1,20170823,0.1,0.1,0.1,0.1,0,0
ST1,20170824,0.1,0.1,0.1,0.1,0,0
ST1,20170825,0.13,0.135,0.12,0.12,3727278,0
ST1,20170828,0.12,0.12,0.115,0.115,762375,0
ST1,20170829,0.12,0.12,0.11,0.11,809268,0
ST1,20170830,0.115,0.12,0.115,0.12,255609,0
ST1,20170831,0.12,0.125,0.115,0.125,836036,0
ST1,20170901,0.13,0.13,0.125,0.13,250573,0
ST1,20170904,0.13,0.13,0.12,0.12,237692,0
ST1,20170905,0.125,0.125,0.125,0.125,560000,0
ST1,20170906,0.125,0.125,0.12,0.125,239068,0
ST1,20170907,0.12,0.125,0.12,0.12,233428,0
ST1,20170908,0.12,0.12,0.12,0.12,22600,0
ST1,20170911,0.12,0.12,0.115,0.12,71317,0
ST1,20170912,0.12,0.13,0.12,0.13,1032373,0
ST1,20170913,0.13,0.13,0.13,0.13,0,0
ST1,20170914,0.125,0.125,0.12,0.12,261933,0
ST1,20170915,0.12,0.12,0.12,0.12,0,0
ST1,20170918,0.12,0.125,0.12,0.125,97536,0
ST1,20170919,0.125,0.125,0.125,0.125,17392,0
ST1,20170920,0.125,0.125,0.125,0.125,68436,0
ST1,20170921,0.125,0.13,0.125,0.13,280572,0
ST1,20170922,0.125,0.125,0.125,0.125,153563,0
ST1,20170925,0.125,0.125,0.125,0.125,0,0
ST1,20170926,0.12,0.12,0.12,0.12,74776,0
ST1,20170927,0.12,0.12,0.12,0.12,134661,0
ST1,20170928,0.125,0.125,0.125,0.125,450000,0
ST1,20170929,0.125,0.125,0.125,0.125,0,0
ST1,20171002,0.12,0.12,0.12,0.12,103089,0
ST1,20171003,0.125,0.125,0.12,0.12,225200,0
ST1,20171004,0.12,0.12,0.12,0.12,294608,0
ST1,20171005,0.12,0.12,0.12,0.12,0,0
ST1,20171006,0.12,0.12,0.12,0.12,26642,0
ST1,20171009,0.12,0.12,0.12,0.12,0,0
ST1,20171010,0.12,0.12,0.12,0.12,0,0
ST1,20171011,0.12,0.12,0.12,0.12,741886,0
ST1,20171012,0.12,0.12,0.12,0.12,252202,0
ST1,20171013,0.12,0.12,0.12,0.12,52912,0
ST1,20171016,0.12,0.12,0.12,0.12,0,0
ST1,20171017,0.125,0.13,0.125,0.13,999151,0
ST1,20171018,0.125,0.125,0.125,0.125,31250,0
ST1,20171019,0.13,0.15,0.13,0.13,275197,0
ST1,20171020,0.13,0.13,0.13,0.13,429069,0
ST1,20171023,0.135,0.135,0.135,0.135,25937,0
ST1,20171024,0.13,0.13,0.13,0.13,50635,0
ST1,20171025,0.135,0.135,0.135,0.135,243672,0
ST1,20171026,0.13,0.13,0.13,0.13,173823,0
ST1,20171027,0.135,0.135,0.135,0.135,232066,0
ST1,20171030,0.135,0.135,0.13,0.135,529473,0
ST1,20171031,0.135,0.135,0.13,0.135,473398,0
ST1,20171101,0.135,0.135,0.135,0.135,404000,0
ST1,20171102,0.135,0.135,0.135,0.135,60000,0
ST1,20171103,0.135,0.135,0.135,0.135,88358,0
ST1,20171106,0.135,0.135,0.135,0.135,13534,0
ST1,20171107,0.135,0.135,0.135,0.135,23571,0
ST1,20171108,0.135,0.14,0.135,0.14,330743,0
ST1,20171109,0.135,0.135,0.135,0.135,2947,0
ST1,20171110,0.135,0.135,0.135,0.135,0,0
ST1,20171113,0.135,0.135,0.135,0.135,9534,0
ST1,20171114,0.14,0.14,0.135,0.135,330879,0
ST1,20171115,0.14,0.15,0.14,0.15,180780,0
ST1,20171116,0.15,0.15,0.15,0.15,60870,0
ST1,20171117,0.155,0.16,0.155,0.155,275695,0
ST1,20171120,0.155,0.155,0.155,0.155,8500,0
ST1,20171121,0.15,0.15,0.15,0.15,59130,0
ST1,20171122,0.15,0.15,0.15,0.15,133567,0
ST1,20171123,0.155,0.16,0.155,0.16,252916,0
ST1,20171124,0.16,0.19,0.16,0.175,993773,0
ST1,20171127,0.175,0.175,0.175,0.175,100000,0
ST1,20171128,0.17,0.175,0.165,0.165,284290,0
ST1,20171129,0.16,0.16,0.16,0.16,80422,0
ST1,20171130,0.16,0.18,0.15,0.175,656799,0
ST1,20171201,0.175,0.175,0.175,0.175,0,0
ST1,20171204,0.175,0.175,0.175,0.175,0,0
ST1,20171205,0.175,0.175,0.155,0.155,275112,0
ST1,20171206,0.165,0.175,0.165,0.17,923988,0
ST1,20171207,0.165,0.17,0.16,0.165,225782,0
ST1,20171208,0.16,0.165,0.155,0.155,336361,0
ST1,20171211,0.155,0.165,0.155,0.155,70760,0
ST1,20171212,0.165,0.165,0.165,0.165,92982,0
ST1,20171213,0.165,0.165,0.165,0.165,15018,0
ST1,20171214,0.16,0.16,0.155,0.155,6344768,0
ST1,20171215,0.155,0.16,0.155,0.155,343975,0
ST1,20171218,0.16,0.16,0.15,0.155,266218,0
ST1,20171219,0.155,0.155,0.15,0.15,93595,0
ST1,20171220,0.152,0.152,0.15,0.15,50000,0
ST1,20171221,0.155,0.155,0.155,0.155,114571,0
ST1,20171222,0.155,0.155,0.15,0.15,24595,0
ST1,20171225,0.15,0.15,0.15,0.15,0,0
ST1,20171226,0.15,0.15,0.15,0.15,0,0
ST1,20171227,0.15,0.15,0.15,0.15,325000,0
ST1,20171228,0.15,0.15,0.145,0.145,222174,0
ST1,20171229,0.15,0.15,0.15,0.15,30000,0
ST1,20180101,0.15,0.15,0.15,0.15,0,0
ST1,20180102,0.15,0.152,0.145,0.145,84554,0
ST1,20180103,0.15,0.15,0.15,0.15,9455,0
ST1,20180104,0.155,0.155,0.155,0.155,675555,0
ST1,20180105,0.155,0.16,0.155,0.16,451846,0
ST1,20180108,0.155,0.155,0.15,0.15,327641,0
ST1,20180109,0.15,0.15,0.15,0.15,186647,0
ST1,20180110,0.15,0.15,0.15,0.15,68400,0
ST1,20180111,0.15,0.15,0.15,0.15,308212,0
ST1,20180112,0.15,0.15,0.15,0.15,1130866,0
ST1,20180115,0.15,0.15,0.15,0.15,54771,0
ST1,20180116,0.155,0.16,0.155,0.16,335161,0
ST1,20180117,0.16,0.175,0.16,0.17,2095760,0
ST1,20180118,0.17,0.175,0.17,0.175,600153,0
ST1,20180119,0.18,0.18,0.175,0.175,1390577,0
ST1,20180122,0.18,0.18,0.18,0.18,920000,0
ST1,20180123,0.185,0.19,0.185,0.19,1126661,0
ST1,20180124,0.185,0.19,0.185,0.19,187319,0
ST1,20180125,0.185,0.185,0.185,0.185,23093,0
ST1,20180126,0.185,0.185,0.185,0.185,0,0
ST1,20180129,0.185,0.185,0.185,0.185,380676,0
ST1,20180130,0.185,0.185,0.18,0.185,273974,0
ST1,20180131,0.19,0.2,0.19,0.2,1565464,0
ST1,20180201,0.19,0.2,0.19,0.2,138964,0
ST1,20180202,0.2,0.215,0.2,0.2,657433,0
ST1,20180205,0.195,0.195,0.185,0.195,313734,0
ST1,20180206,0.185,0.195,0.185,0.195,2225605,0
ST1,20180207,0.205,0.215,0.2,0.215,2031641,0
ST1,20180208,0.22,0.225,0.22,0.22,608907,0
ST1,20180209,0.21,0.215,0.2,0.205,917720,0
ST1,20180212,0.215,0.215,0.205,0.205,354747,0
ST1,20180213,0.205,0.21,0.205,0.21,892527,0
ST1,20180214,0.21,0.22,0.21,0.215,670863,0
ST1,20180215,0.215,0.22,0.205,0.215,2383355,0
ST1,20180216,0.215,0.22,0.21,0.215,2291087,0
ST1,20180219,0.22,0.23,0.22,0.23,747496,0
ST1,20180220,0.23,0.235,0.23,0.23,461388,0
ST1,20180221,0.225,0.24,0.21,0.235,4068254,0
ST1,20180222,0.24,0.265,0.24,0.25,3084855,0
ST1,20180223,0.25,0.25,0.245,0.245,117251,0
ST1,20180226,0.245,0.25,0.235,0.24,883421,0
ST1,20180227,0.24,0.245,0.235,0.235,396895,0
ST1,20180228,0.24,0.255,0.24,0.255,356658,0
ST1,20180301,0.255,0.27,0.25,0.25,745713,0
ST1,20180302,0.25,0.26,0.245,0.25,481520,0
ST1,20180305,0.265,0.28,0.265,0.275,645923,0
ST1,20180306,0.27,0.27,0.26,0.26,486105,0
ST1,20180307,0.26,0.26,0.25,0.25,286026,0
ST1,20180308,0.25,0.25,0.24,0.25,639065,0
ST1,20180309,0.255,0.255,0.25,0.25,398001,0
ST1,20180312,0.255,0.26,0.25,0.25,303540,0
ST1,20180313,0.25,0.25,0.25,0.25,1030137,0
ST1,20180314,0.25,0.26,0.25,0.255,222518,0
ST1,20180315,0.26,0.26,0.255,0.255,275095,0
ST1,20180316,0.26,0.26,0.255,0.255,180311,0
ST1,20180319,0.255,0.255,0.25,0.255,269045,0
ST1,20180320,0.255,0.255,0.25,0.255,232700,0
ST1,20180321,0.255,0.255,0.25,0.25,1249287,0
ST1,20180322,0.255,0.255,0.25,0.255,133584,0
ST1,20180323,0.25,0.25,0.245,0.25,356122,0
ST1,20180326,0.24,0.24,0.24,0.24,35000,0
ST1,20180327,0.25,0.25,0.25,0.25,19990,0
ST1,20180328,0.255,0.255,0.25,0.255,270000,0
ST1,20180329,0.255,0.255,0.255,0.255,161427,0
ST1,20180330,0.255,0.255,0.255,0.255,0,0
ST1,20180402,0.255,0.255,0.255,0.255,0,0
ST1,20180403,0.255,0.255,0.25,0.25,168151,0
ST1,20180404,0.25,0.25,0.25,0.25,87794,0
ST1,20180405,0.252,0.255,0.25,0.255,214604,0
ST1,20180406,0.25,0.26,0.25,0.255,4901778,0
ST1,20180409,0.255,0.26,0.25,0.25,487509,0
ST1,20180410,0.255,0.255,0.255,0.255,232464,0
ST1,20180411,0.255,0.26,0.245,0.26,565962,0
ST1,20180412,0.26,0.26,0.25,0.255,476665,0
ST1,20180413,0.255,0.255,0.255,0.255,357377,0
ST1,20180416,0.255,0.255,0.255,0.255,27233,0
ST1,20180417,0.255,0.255,0.25,0.255,115722,0
ST1,20180418,0.255,0.255,0.25,0.255,86550,0
ST1,20180419,0.25,0.27,0.25,0.26,464148,0
ST1,20180420,0.26,0.265,0.255,0.26,266535,0
ST1,20180423,0.26,0.26,0.255,0.255,545630,0
ST1,20180424,0.255,0.255,0.25,0.25,493585,0
ST1,20180425,0.25,0.25,0.25,0.25,0,0
ST1,20180426,0.25,0.25,0.245,0.25,955587,0
ST1,20180427,0.25,0.25,0.25,0.25,782323,0
ST1,20180430,0.25,0.26,0.25,0.255,192094,0
ST1,20180501,0.255,0.255,0.255,0.255,50000,0
ST1,20180502,0.25,0.255,0.25,0.252,708061,0
ST1,20180503,0.255,0.257,0.255,0.257,89723,0
ST1,20180504,0.26,0.265,0.255,0.255,399931,0
ST1,20180507,0.26,0.26,0.255,0.255,116147,0
ST1,20180508,0.255,0.255,0.255,0.255,145718,0
ST1,20180509,0.255,0.255,0.255,0.255,240886,0
ST1,20180510,0.255,0.255,0.255,0.255,77838,0
ST1,20180511,0.255,0.26,0.255,0.255,625831,0
ST1,20180514,0.26,0.26,0.255,0.255,278844,0
ST1,20180515,0.255,0.26,0.255,0.255,498312,0
ST1,20180516,0.26,0.26,0.255,0.255,197160,0
ST1,20180517,0.255,0.255,0.255,0.255,2162916,0
ST1,20180518,0.255,0.255,0.255,0.255,207236,0
ST1,20180521,0.255,0.255,0.245,0.245,524404,0
ST1,20180522,0.235,0.24,0.23,0.235,342957,0
ST1,20180523,0.235,0.235,0.215,0.23,770440,0
ST1,20180524,0.23,0.255,0.23,0.25,364945,0
ST1,20180525,0.25,0.255,0.25,0.255,360912,0
ST1,20180528,0.25,0.25,0.25,0.25,223638,0
ST1,20180529,0.25,0.25,0.25,0.25,385059,0
ST1,20180530,0.23,0.245,0.23,0.245,103900,0
ST1,20180531,0.245,0.25,0.245,0.25,373324,0
ST1,20180601,0.245,0.245,0.245,0.245,127257,0
ST1,20180604,0.245,0.245,0.245,0.245,72250,0
ST1,20180605,0.245,0.245,0.24,0.245,444704,0
ST1,20180606,0.25,0.25,0.25,0.25,39744,0
ST1,20180607,0.25,0.25,0.245,0.245,110278,0
ST1,20180608,0.245,0.245,0.245,0.245,110909,0
ST1,20180611,0.245,0.245,0.245,0.245,0,0
ST1,20180612,0.245,0.25,0.245,0.25,278520,0
ST1,20180613,0.245,0.255,0.245,0.245,306878,0
ST1,20180614,0.25,0.255,0.245,0.25,444696,0
ST1,20180615,0.25,0.25,0.245,0.25,235276,0
ST1,20180618,0.255,0.255,0.255,0.255,10000,0
ST1,20180619,0.25,0.25,0.25,0.25,288960,0
ST1,20180620,0.25,0.25,0.25,0.25,83178,0
ST1,20180621,0.255,0.255,0.25,0.25,99732,0
ST1,20180622,0.25,0.25,0.245,0.245,199180,0
ST1,20180625,0.25,0.255,0.25,0.255,67279,0
ST1,20180626,0.255,0.255,0.255,0.255,0,0
ST1,20180627,0.255,0.255,0.245,0.245,210022,0
ST1,20180628,0.245,0.245,0.245,0.245,0,0
ST1,20180629,0.245,0.245,0.245,0.245,179258,0
ST1,20180702,0.245,0.245,0.245,0.245,64998,0
ST1,20180703,0.245,0.245,0.24,0.24,101189,0
ST1,20180704,0.24,0.24,0.24,0.24,0,0
ST1,20180705,0.25,0.25,0.245,0.245,80405,0
ST1,20180706,0.245,0.245,0.245,0.245,0,0
ST1,20180709,0.245,0.245,0.24,0.245,181527,0
ST1,20180710,0.245,0.245,0.245,0.245,0,0
ST1,20180711,0.25,0.25,0.245,0.245,102650,0
ST1,20180712,0.24,0.245,0.24,0.245,379966,0
ST1,20180713,0.245,0.245,0.245,0.245,57253,0
ST1,20180716,0.245,0.245,0.245,0.245,19117,0
ST1,20180717,0.24,0.245,0.21,0.23,505331,0
ST1,20180718,0.23,0.23,0.23,0.23,49005,0
ST1,20180719,0.235,0.235,0.23,0.23,247889,0
ST1,20180720,0.23,0.23,0.215,0.215,171548,0
ST1,20180723,0.215,0.215,0.215,0.215,122182,0
ST1,20180724,0.215,0.22,0.21,0.22,244957,0
ST1,20180725,0.22,0.22,0.22,0.22,0,0
ST1,20180726,0.23,0.235,0.2,0.2,726066,0
ST1,20180727,0.21,0.21,0.205,0.21,1307711,0
ST1,20180730,0.2,0.2,0.2,0.2,110000,0
ST1,20180731,0.195,0.205,0.195,0.2,169178,0
ST1,20180801,0.2,0.2,0.2,0.2,6193,0
ST1,20180802,0.2,0.2,0.195,0.195,354337,0
ST1,20180803,0.195,0.2,0.195,0.2,25247,0
ST1,20180806,0.2,0.2,0.195,0.195,266109,0
ST1,20180807,0.195,0.2,0.19,0.2,240012,0
ST1,20180808,0.2,0.205,0.195,0.195,377861,0
ST1,20180809,0.2,0.22,0.2,0.205,189689,0
ST1,20180810,0.21,0.21,0.21,0.21,10068,0
ST1,20180813,0.21,0.21,0.2,0.2,70899,0
ST1,20180814,0.2,0.2,0.2,0.2,53530,0
ST1,20180815,0.2,0.2,0.195,0.195,49482,0
ST1,20180816,0.21,0.22,0.19,0.19,275579,0
ST1,20180817,0.195,0.2,0.195,0.2,82374,0
ST1,20180820,0.2,0.2,0.19,0.195,158536,0
ST1,20180821,0.195,0.195,0.195,0.195,51,0
ST1,20180822,0.19,0.192,0.19,0.19,63873,0
ST1,20180823,0.195,0.197,0.195,0.195,35545,0
ST1,20180824,0.2,0.2,0.195,0.195,136123,0
ST1,20180827,0.2,0.205,0.195,0.2,183394,0
ST1,20180828,0.2,0.2,0.19,0.19,142873,0
ST1,20180829,0.195,0.195,0.19,0.19,78996,0
ST1,20180830,0.19,0.195,0.19,0.195,36808,0
ST1,20180831,0.197,0.197,0.19,0.19,64558,0
ST1,20180903,0.195,0.195,0.19,0.19,43559,0
ST1,20180904,0.195,0.2,0.19,0.19,9123,0
ST1,20180905,0.2,0.2,0.185,0.19,445280,0
ST1,20180906,0.19,0.19,0.175,0.18,242290,0
ST1,20180907,0.18,0.205,0.18,0.2,439386,0
ST1,20180910,0.2,0.21,0.2,0.205,222418,0
ST1,20180911,0.205,0.225,0.205,0.21,364427,0
ST1,20180912,0.21,0.21,0.2,0.2,67508,0
ST1,20180913,0.2,0.2,0.195,0.195,83586,0
ST1,20180914,0.2,0.2,0.19,0.19,27543,0
ST1,20180917,0.2,0.2,0.19,0.19,152706,0
ST1,20180918,0.19,0.19,0.175,0.18,121585,0
ST1,20180919,0.2,0.2,0.185,0.185,166002,0
ST1,20180920,0.195,0.195,0.185,0.185,25108,0
ST1,20180921,0.19,0.19,0.185,0.19,205322,0
ST1,20180924,0.19,0.19,0.18,0.18,69980,0
ST1,20180925,0.18,0.185,0.17,0.17,314807,0
ST1,20180926,0.18,0.19,0.18,0.19,81903,0
ST1,20180927,0.19,0.19,0.185,0.185,13663,0
ST1,20180928,0.19,0.19,0.185,0.19,138225,0
ST1,20181001,0.19,0.19,0.185,0.185,61476,0
ST1,20181002,0.19,0.19,0.18,0.18,59767,0
ST1,20181003,0.185,0.2,0.18,0.19,113080,0
ST1,20181004,0.195,0.195,0.19,0.19,101547,0
ST1,20181005,0.19,0.19,0.18,0.18,1303958,0
ST1,20181008,0.19,0.19,0.18,0.18,109080,0
ST1,20181009,0.18,0.18,0.17,0.17,26773,0
ST1,20181010,0.17,0.17,0.17,0.17,0,0
ST1,20181011,0.175,0.175,0.17,0.17,290664,0
ST1,20181012,0.17,0.17,0.165,0.17,64388,0
ST1,20181015,0.17,0.17,0.17,0.17,239680,0
ST1,20181016,0.175,0.175,0.165,0.17,22406,0
ST1,20181017,0.18,0.19,0.175,0.185,183435,0
ST1,20181018,0.185,0.185,0.185,0.185,0,0
ST1,20181019,0.185,0.185,0.18,0.185,17965,0
ST1,20181022,0.185,0.185,0.18,0.18,24360,0
ST1,20181023,0.18,0.18,0.175,0.175,142802,0
ST1,20181024,0.175,0.175,0.175,0.175,0,0
ST1,20181025,0.175,0.175,0.17,0.17,62375,0
ST1,20181026,0.17,0.17,0.16,0.16,264755,0
ST1,20181029,0.165,0.165,0.155,0.16,136246,0
ST1,20181030,0.16,0.16,0.15,0.15,236993,0
ST1,20181031,0.145,0.16,0.145,0.16,127481,0
ST1,20181101,0.17,0.17,0.17,0.17,31582,0
ST1,20181102,0.17,0.17,0.17,0.17,119819,0
ST1,20181105,0.175,0.175,0.175,0.175,401112,0
ST1,20181106,0.175,0.175,0.175,0.175,0,0
ST1,20181107,0.175,0.175,0.165,0.165,3320758,0
ST1,20181108,0.175,0.175,0.165,0.165,138213,0
ST1,20181109,0.165,0.165,0.16,0.16,34315,0
ST1,20181112,0.16,0.16,0.15,0.15,521146,0
ST1,20181113,0.14,0.152,0.14,0.15,1413835,0
ST1,20181114,0.15,0.15,0.15,0.15,380000,0
ST1,20181115,0.15,0.15,0.145,0.15,324605,0
ST1,20181116,0.15,0.155,0.15,0.155,4425693,0
ST1,20181119,0.155,0.16,0.155,0.16,11838,0
ST1,20181120,0.16,0.165,0.155,0.165,211253,0
ST1,20181121,0.165,0.165,0.16,0.16,201738,0
ST1,20181122,0.165,0.17,0.165,0.17,67018,0
ST1,20181123,0.17,0.175,0.17,0.175,95249,0
ST1,20181126,0.175,0.175,0.175,0.175,0,0
ST1,20181127,0.17,0.17,0.17,0.17,3740,0
ST1,20181128,0.17,0.17,0.17,0.17,0,0
ST1,20181129,0.165,0.165,0.16,0.16,64016,0
ST1,20181130,0.165,0.17,0.165,0.165,21639,0
ST1,20181203,0.17,0.17,0.16,0.16,37123,0
ST1,20181204,0.16,0.16,0.16,0.16,14887,0
ST1,20181205,0.16,0.16,0.16,0.16,0,0
ST1,20181206,0.17,0.18,0.17,0.17,417534,0
ST1,20181207,0.165,0.165,0.165,0.165,60000,0
ST1,20181210,0.16,0.16,0.16,0.16,47348,0
ST1,20181211,0.16,0.16,0.16,0.16,44902,0
ST1,20181212,0.155,0.155,0.155,0.155,55098,0
ST1,20181213,0.16,0.17,0.16,0.17,1008131,0
ST1,20181214,0.17,0.17,0.165,0.165,54902,0
ST1,20181217,0.16,0.165,0.16,0.165,151181,0
ST1,20181218,0.16,0.16,0.16,0.16,400014,0
ST1,20181219,0.165,0.165,0.165,0.165,136748,0
ST1,20181220,0.165,0.17,0.165,0.17,31625,0
ST1,20181221,0.165,0.165,0.165,0.165,10479,0
ST1,20181224,0.165,0.165,0.155,0.155,56522,0
ST1,20181225,0.155,0.155,0.155,0.155,0,0
ST1,20181226,0.155,0.155,0.155,0.155,0,0
ST1,20181227,0.16,0.16,0.16,0.16,28394,0
ST1,20181228,0.17,0.17,0.17,0.17,26416,0
ST1,20181231,0.175,0.175,0.175,0.175,8479,0
ST1,20190101,0.175,0.175,0.175,0.175,0,0
ST1,20190102,0.17,0.17,0.17,0.17,3000,0
ST1,20190103,0.17,0.17,0.16,0.16,43545,0
ST1,20190104,0.175,0.175,0.175,0.175,1745,0
ST1,20190107,0.165,0.165,0.165,0.165,93,0
ST1,20190108,0.16,0.16,0.16,0.16,147,0
ST1,20190109,0.16,0.16,0.16,0.16,22149,0
ST1,20190110,0.17,0.17,0.16,0.16,10531,0
ST1,20190111,0.17,0.17,0.16,0.16,21060,0
ST1,20190114,0.16,0.16,0.16,0.16,3219,0
ST1,20190115,0.16,0.16,0.16,0.16,0,0
ST1,20190116,0.17,0.17,0.17,0.17,16511,0
ST1,20190117,0.17,0.17,0.17,0.17,29301,0
ST1,20190118,0.17,0.17,0.17,0.17,0,0
ST1,20190121,0.165,0.165,0.165,0.165,20116,0
ST1,20190122,0.165,0.165,0.165,0.165,0,0
ST1,20190123,0.165,0.165,0.16,0.16,551004,0
ST1,20190124,0.165,0.165,0.16,0.16,104224,0
ST1,20190125,0.165,0.165,0.16,0.165,147569,0
ST1,20190128,0.165,0.165,0.165,0.165,0,0
ST1,20190129,0.165,0.165,0.165,0.165,0,0
ST1,20190130,0.167,0.167,0.16,0.16,96748,0
ST1,20190131,0.165,0.165,0.165,0.165,20895,0
ST1,20190201,0.16,0.165,0.16,0.16,247086,0
ST1,20190204,0.145,0.145,0.145,0.145,39341,0
ST1,20190205,0.142,0.15,0.14,0.15,154824,0
ST1,20190206,0.15,0.15,0.145,0.145,68449,0
ST1,20190207,0.145,0.15,0.145,0.15,58473,0
ST1,20190208,0.15,0.15,0.15,0.15,53078,0
ST1,20190211,0.15,0.15,0.15,0.15,0,0
ST1,20190212,0.14,0.14,0.14,0.14,18063,0
ST1,20190213,0.14,0.14,0.14,0.14,0,0
ST1,20190214,0.14,0.14,0.14,0.14,30000,0
ST1,20190215,0.14,0.14,0.14,0.14,589,0
ST1,20190218,0.14,0.15,0.14,0.145,64793,0
ST1,20190219,0.145,0.145,0.145,0.145,24975,0
ST1,20190220,0.14,0.15,0.14,0.15,22213,0
ST1,20190221,0.15,0.15,0.15,0.15,6666,0
ST1,20190222,0.15,0.15,0.15,0.15,0,0
ST1,20190225,0.15,0.15,0.15,0.15,0,0
ST1,20190226,0.145,0.145,0.145,0.145,29971,0
ST1,20190227,0.145,0.145,0.145,0.145,0,0
ST1,20190228,0.145,0.145,0.08,0.105,342734,0
ST1,20190301,0.105,0.11,0.1,0.1,271978,0
ST1,20190304,0.1,0.1,0.1,0.1,258094,0
ST1,20190305,0.105,0.105,0.1,0.1,69090,0
ST1,20190306,0.1,0.1,0.095,0.095,264343,0
ST1,20190307,0.095,0.096,0.095,0.095,1942479,0
ST1,20190308,0.096,0.1,0.095,0.1,971455,0
ST1,20190311,0.1,0.1,0.1,0.1,0,0
ST1,20190312,0.1,0.11,0.1,0.11,251099,0
ST1,20190313,0.13,0.13,0.13,0.13,131108,0
ST1,20190314,0.125,0.13,0.12,0.12,156838,0
ST1,20190315,0.12,0.12,0.12,0.12,54950,0
ST1,20190318,0.115,0.115,0.115,0.115,11305,0
ST1,20190319,0.12,0.12,0.12,0.12,33264,0
ST1,20190320,0.125,0.125,0.115,0.12,284952,0
ST1,20190321,0.12,0.12,0.12,0.12,5000,0
ST1,20190322,0.12,0.12,0.12,0.12,63642,0
ST1,20190325,0.12,0.12,0.115,0.12,240299,0
ST1,20190326,0.12,0.12,0.12,0.12,24748,0
ST1,20190327,0.12,0.12,0.12,0.12,0,0
ST1,20190328,0.12,0.12,0.12,0.12,144796,0
ST1,20190329,0.12,0.2,0.12,0.185,1712207,0
ST1,20190401,0.165,0.18,0.145,0.16,945763,0
ST1,20190402,0.16,0.16,0.16,0.16,0,0
ST1,20190403,0.14,0.145,0.12,0.125,2585202,0
ST1,20190404,0.135,0.15,0.135,0.15,951604,0
ST1,20190405,0.15,0.15,0.145,0.15,265696,0
ST1,20190408,0.15,0.15,0.15,0.15,291565,0
ST1,20190409,0.15,0.15,0.15,0.15,106828,0
ST1,20190410,0.15,0.15,0.15,0.15,181995,0
ST1,20190411,0.155,0.165,0.15,0.16,823971,0
ST1,20190412,0.155,0.16,0.155,0.16,133241,0
ST1,20190415,0.16,0.16,0.15,0.155,272304,0
ST1,20190416,0.155,0.155,0.15,0.155,247194,0
ST1,20190417,0.15,0.155,0.15,0.15,186843,0
ST1,20190418,0.155,0.155,0.15,0.155,323471,0
ST1,20190419,0.155,0.155,0.155,0.155,0,0
ST1,20190422,0.155,0.155,0.155,0.155,0,0
ST1,20190423,0.155,0.155,0.155,0.155,122504,0
ST1,20190424,0.155,0.155,0.15,0.155,223493,0
ST1,20190425,0.155,0.155,0.155,0.155,0,0
ST1,20190426,0.16,0.16,0.155,0.155,40681,0
ST1,20190429,0.155,0.155,0.15,0.155,509267,0
ST1,20190430,0.155,0.17,0.15,0.16,622966,0
ST1,20190501,0.16,0.165,0.15,0.16,422400,0
ST1,20190502,0.16,0.165,0.16,0.165,329777,0
ST1,20190503,0.17,0.18,0.17,0.18,2482924,0
ST1,20190506,0.19,0.19,0.18,0.18,122067,0
ST1,20190507,0.18,0.18,0.17,0.18,648738,0
ST1,20190508,0.175,0.175,0.17,0.17,166302,0
ST1,20190509,0.18,0.18,0.17,0.175,2355974,0
ST1,20190510,0.17,0.175,0.165,0.175,371269,0
ST1,20190513,0.175,0.175,0.175,0.175,0,0
ST1,20190514,0.165,0.17,0.165,0.165,92004,0
ST1,20190515,0.165,0.165,0.165,0.165,137559,0
ST1,20190516,0.165,0.17,0.165,0.17,5481323,0
ST1,20190517,0.17,0.18,0.17,0.18,651588,0
ST1,20190520,0.185,0.19,0.18,0.18,659454,0
ST1,20190521,0.185,0.185,0.18,0.185,74372,0
ST1,20190522,0.18,0.185,0.18,0.185,111410,0
ST1,20190523,0.185,0.195,0.175,0.19,738032,0
ST1,20190524,0.195,0.2,0.18,0.18,1524799,0
ST1,20190527,0.19,0.2,0.19,0.2,660193,0
ST1,20190528,0.2,0.2,0.19,0.2,1498188,0
ST1,20190529,0.2,0.217,0.2,0.21,3079046,0
ST1,20190530,0.215,0.215,0.19,0.2,1065503,0
ST1,20190531,0.2,0.2,0.19,0.2,787592,0
ST1,20190603,0.2,0.205,0.192,0.195,433842,0
ST1,20190604,0.195,0.195,0.18,0.185,1419607,0
ST1,20190605,0.185,0.205,0.185,0.205,422573,0
ST1,20190606,0.21,0.21,0.2,0.2,168697,0
ST1,20190607,0.205,0.205,0.2,0.2,62064,0
ST1,20190610,0.2,0.2,0.2,0.2,0,0
ST1,20190611,0.2,0.205,0.2,0.2,1069343,0
ST1,20190612,0.2,0.2,0.2,0.2,1432000,0
ST1,20190613,0.2,0.205,0.2,0.205,14382,0
ST1,20190614,0.2,0.2,0.2,0.2,116435,0
ST1,20190617,0.2,0.205,0.2,0.205,262964,0
ST1,20190618,0.205,0.21,0.2,0.205,1588423,0
ST1,20190619,0.215,0.23,0.215,0.23,1124789,0
ST1,20190620,0.225,0.24,0.225,0.235,1336377,0
ST1,20190621,0.235,0.245,0.225,0.225,764260,0
ST1,20190624,0.225,0.225,0.225,0.225,0,0
ST1,20190625,0.24,0.24,0.225,0.225,1324745,0
ST1,20190626,0.23,0.26,0.23,0.25,2672052,0
ST1,20190627,0.25,0.25,0.235,0.235,1226353,0
ST1,20190628,0.235,0.24,0.235,0.235,790710,0
ST1,20190701,0.24,0.24,0.23,0.24,762478,0
ST1,20190702,0.235,0.25,0.235,0.25,2089280,0
ST1,20190703,0.25,0.265,0.245,0.26,2612569,0
ST1,20190704,0.265,0.28,0.25,0.26,2038565,0
ST1,20190705,0.26,0.26,0.252,0.26,1160121,0
ST1,20190708,0.26,0.26,0.245,0.26,1178455,0
ST1,20190709,0.255,0.27,0.255,0.26,939236,0
ST1,20190710,0.26,0.275,0.255,0.255,1148216,0
ST1,20190711,0.255,0.255,0.252,0.255,376125,0
ST1,20190712,0.255,0.26,0.25,0.26,1084215,0
ST1,20190715,0.26,0.265,0.25,0.25,931899,0
ST1,20190716,0.245,0.245,0.225,0.245,1606392,0
ST1,20190717,0.245,0.252,0.242,0.25,1327424,0
ST1,20190718,0.25,0.25,0.24,0.245,1206598,0
ST1,20190719,0.245,0.245,0.24,0.245,832849,0
ST1,20190722,0.25,0.25,0.235,0.235,171804,0
ST1,20190723,0.235,0.235,0.22,0.23,1160141,0
ST1,20190724,0.24,0.24,0.235,0.24,674338,0
ST1,20190725,0.24,0.24,0.23,0.24,532515,0
ST1,20190726,0.24,0.24,0.225,0.24,553842,0
ST1,20190729,0.235,0.245,0.225,0.24,495898,0
ST1,20190730,0.24,0.24,0.24,0.24,382464,0
ST1,20190731,0.245,0.245,0.24,0.245,135829,0
ST1,20190801,0.245,0.245,0.235,0.235,411738,0
ST1,20190802,0.235,0.235,0.23,0.235,158645,0
ST1,20190805,0.23,0.23,0.215,0.22,685278,0
ST1,20190806,0.205,0.21,0.19,0.21,389235,0
ST1,20190807,0.21,0.215,0.205,0.215,358721,0
ST1,20190808,0.215,0.22,0.19,0.205,519995,0
ST1,20190809,0.205,0.205,0.2,0.205,158103,0
ST1,20190812,0.205,0.215,0.205,0.21,212867,0
ST1,20190813,0.21,0.215,0.205,0.215,295328,0
ST1,20190814,0.215,0.22,0.215,0.215,529276,0
ST1,20190815,0.2,0.215,0.2,0.215,699921,0
ST1,20190816,0.215,0.225,0.215,0.225,242257,0
ST1,20190819,0.215,0.225,0.21,0.215,243863,0
ST1,20190820,0.215,0.22,0.215,0.22,168020,0
ST1,20190821,0.22,0.225,0.215,0.22,312280,0
ST1,20190822,0.22,0.23,0.22,0.22,211486,0
ST1,20190823,0.215,0.215,0.21,0.21,3968920,0
ST1,20190826,0.2,0.205,0.195,0.205,60949,0
ST1,20190827,0.2,0.205,0.185,0.205,518299,0
ST1,20190828,0.2,0.2,0.195,0.2,208375,0
ST1,20190829,0.19,0.19,0.19,0.19,168339,0
ST1,20190830,0.185,0.2,0.185,0.2,1000653,0
ST1,20190902,0.2,0.2,0.19,0.19,50332,0
ST1,20190903,0.2,0.21,0.2,0.21,2055546,0
ST1,20190904,0.21,0.215,0.205,0.215,562538,0
ST1,20190905,0.22,0.23,0.22,0.23,278804,0
ST1,20190906,0.23,0.235,0.225,0.235,167198,0
ST1,20190909,0.23,0.23,0.22,0.225,428954,0
ST1,20190910,0.225,0.225,0.225,0.225,161329,0
ST1,20190911,0.225,0.23,0.225,0.23,168586,0
ST1,20190912,0.23,0.23,0.225,0.23,111409,0
ST1,20190913,0.23,0.23,0.23,0.23,69956,0
ST1,20190916,0.235,0.24,0.23,0.24,709058,0
ST1,20190917,0.24,0.245,0.24,0.24,278995,0
ST1,20190918,0.24,0.24,0.235,0.24,338722,0
ST1,20190919,0.245,0.245,0.24,0.24,79381,0
ST1,20190920,0.24,0.24,0.23,0.235,101627,0
ST1,20190923,0.235,0.235,0.225,0.225,226353,0
ST1,20190924,0.225,0.24,0.225,0.24,73685,0
ST1,20190925,0.24,0.24,0.225,0.225,164977,0
ST1,20190926,0.225,0.225,0.225,0.225,21619,0
ST1,20190927,0.225,0.225,0.215,0.225,156539,0
ST1,20190930,0.225,0.225,0.215,0.215,56734,0
ST1,20191001,0.22,0.22,0.22,0.22,20000,0
ST1,20191002,0.22,0.22,0.21,0.215,234369,0
ST1,20191003,0.22,0.22,0.21,0.215,289001,0
ST1,20191004,0.22,0.22,0.215,0.215,45000,0
ST1,20191007,0.22,0.22,0.22,0.22,77924,0
ST1,20191008,0.22,0.22,0.22,0.22,183590,0
ST1,20191009,0.215,0.225,0.21,0.225,340965,0
ST1,20191010,0.225,0.225,0.225,0.225,0,0
ST1,20191011,0.23,0.23,0.225,0.225,329421,0
ST1,20191014,0.22,0.23,0.22,0.23,191160,0
ST1,20191015,0.225,0.23,0.225,0.23,461750,0
ST1,20191016,0.23,0.23,0.22,0.23,131698,0
ST1,20191017,0.22,0.22,0.22,0.22,466320,0
ST1,20191018,0.22,0.22,0.21,0.21,250000,0
ST1,20191021,0.21,0.21,0.21,0.21,21108,0
ST1,20191022,0.21,0.21,0.2,0.2,45608,0
ST1,20191023,0.22,0.225,0.22,0.225,349141,0
ST1,20191024,0.225,0.225,0.215,0.215,63397,0
ST1,20191025,0.215,0.22,0.215,0.22,48212,0
ST1,20191028,0.22,0.22,0.22,0.22,0,0
ST1,20191029,0.22,0.22,0.22,0.22,62000,0
ST1,20191030,0.22,0.23,0.22,0.23,814342,0
ST1,20191031,0.23,0.23,0.22,0.22,183384,0
ST1,20191101,0.225,0.225,0.225,0.225,595651,0
ST1,20191104,0.225,0.225,0.225,0.225,16500,0
ST1,20191105,0.225,0.225,0.225,0.225,26899,0
ST1,20191106,0.225,0.225,0.225,0.225,42709,0
ST1,20191107,0.225,0.225,0.225,0.225,18753,0
ST1,20191108,0.225,0.225,0.225,0.225,15661,0
ST1,20191111,0.225,0.23,0.225,0.23,157405,0
ST1,20191112,0.225,0.225,0.225,0.225,92602,0
ST1,20191113,0.225,0.225,0.225,0.225,174513,0
ST1,20191114,0.225,0.225,0.225,0.225,142724,0
ST1,20191115,0.225,0.225,0.22,0.22,118091,0
ST1,20191118,0.22,0.22,0.22,0.22,0,0
ST1,20191119,0.225,0.225,0.225,0.225,71579,0
ST1,20191120,0.225,0.23,0.22,0.23,194305,0
ST1,20191121,0.23,0.23,0.225,0.225,93267,0
ST1,20191122,0.225,0.225,0.22,0.22,292521,0
ST1,20191125,0.225,0.225,0.205,0.205,358621,0
ST1,20191126,0.2,0.21,0.2,0.2,177559,0
ST1,20191127,0.21,0.22,0.21,0.21,261983,0
ST1,20191128,0.21,0.21,0.205,0.21,90143,0
ST1,20191129,0.21,0.21,0.205,0.205,99923,0
ST1,20191202,0.205,0.21,0.192,0.195,1076067,0
ST1,20191203,0.195,0.21,0.19,0.21,377412,0
ST1,20191204,0.21,0.21,0.21,0.21,50000,0
ST1,20191205,0.205,0.205,0.2,0.2,264447,0
ST1,20191206,0.21,0.21,0.195,0.195,346657,0
ST1,20191209,0.195,0.195,0.195,0.195,0,0
ST1,20191210,0.2,0.205,0.195,0.2,423174,0
ST1,20191211,0.205,0.205,0.2,0.2,52546,0
ST1,20191212,0.2,0.2,0.19,0.2,174783,0
ST1,20191213,0.2,0.2,0.195,0.2,127365,0
ST1,20191216,0.2,0.2,0.195,0.2,135323,0
ST1,20191217,0.2,0.205,0.19,0.2,115563,0
ST1,20191218,0.2,0.2,0.2,0.2,36270,0
ST1,20191219,0.205,0.205,0.185,0.2,305280,0
ST1,20191220,0.205,0.21,0.2,0.21,76895,0
ST1,20191223,0.21,0.21,0.205,0.21,33062,0
ST1,20191224,0.21,0.21,0.21,0.21,5000,0
ST1,20191225,0.21,0.21,0.21,0.21,0,0
ST1,20191226,0.21,0.21,0.21,0.21,0,0
ST1,20191227,0.21,0.21,0.21,0.21,0,0
ST1,20191230,0.21,0.21,0.21,0.21,10000,0
ST1,20191231,0.205,0.21,0.205,0.21,31542,0
ST1,20200101,0.21,0.21,0.21,0.21,0,0
ST1,20200102,0.21,0.22,0.205,0.21,41542,0
ST1,20200103,0.22,0.22,0.205,0.21,49061,0
ST1,20200106,0.21,0.21,0.21,0.21,0,0
ST1,20200107,0.205,0.205,0.2,0.2,10276,0
ST1,20200108,0.2,0.2,0.2,0.2,0,0
ST1,20200109,0.2,0.2,0.2,0.2,25821,0
ST1,20200110,0.2,0.205,0.2,0.2,29658,0
ST1,20200113,0.215,0.215,0.2,0.2,17570,0
ST1,20200114,0.2,0.2,0.19,0.195,453446,0
ST1,20200115,0.2,0.2,0.195,0.2,118661,0
ST1,20200116,0.21,0.21,0.205,0.205,32779,0
ST1,20200117,0.205,0.21,0.205,0.205,79736,0
ST1,20200120,0.205,0.205,0.2,0.205,61185,0
ST1,20200121,0.205,0.205,0.195,0.2,184208,0
ST1,20200122,0.2,0.2,0.195,0.2,148831,0
ST1,20200123,0.2,0.2,0.2,0.2,37810,0
ST1,20200124,0.205,0.205,0.2,0.2,63238,0
ST1,20200127,0.2,0.2,0.2,0.2,0,0
ST1,20200128,0.205,0.205,0.19,0.19,352287,0
ST1,20200129,0.19,0.19,0.185,0.185,53901,0
ST1,20200130,0.185,0.185,0.18,0.18,175983,0
ST1,20200131,0.19,0.19,0.185,0.185,162695,0
ST1,20200203,0.185,0.185,0.185,0.185,0,0
ST1,20200204,0.185,0.185,0.185,0.185,17853,0
ST1,20200205,0.18,0.18,0.18,0.18,52269,0
ST1,20200206,0.18,0.18,0.18,0.18,16898,0
ST1,20200207,0.18,0.185,0.18,0.185,90955,0
ST1,20200210,0.185,0.19,0.17,0.17,30044,0
ST1,20200211,0.17,0.17,0.17,0.17,19019,0
ST1,20200212,0.18,0.19,0.18,0.185,29939,0
ST1,20200213,0.185,0.185,0.18,0.18,302783,0
ST1,20200214,0.19,0.21,0.19,0.21,2565133,0
ST1,20200217,0.21,0.21,0.19,0.2,944993,0
ST1,20200218,0.19,0.192,0.19,0.192,3008751,0
ST1,20200219,0.2,0.21,0.2,0.21,490413,0
ST1,20200220,0.21,0.21,0.205,0.21,114283,0
ST1,20200221,0.21,0.21,0.205,0.21,151466,0
ST1,20200224,0.21,0.21,0.195,0.195,33248,0
ST1,20200225,0.195,0.2,0.195,0.2,144671,0
ST1,20200226,0.2,0.2,0.19,0.195,366844,0
ST1,20200227,0.2,0.2,0.195,0.195,239870,0
ST1,20200228,0.19,0.19,0.17,0.18,117611,0
ST1,20200302,0.185,0.185,0.165,0.17,255974,0
ST1,20200303,0.18,0.18,0.17,0.17,57677,0
ST1,20200304,0.17,0.17,0.17,0.17,0,0
ST1,20200305,0.17,0.17,0.165,0.17,185557,0
ST1,20200306,0.17,0.17,0.17,0.17,376799,0
ST1,20200309,0.165,0.165,0.15,0.15,347579,0
ST1,20200310,0.14,0.14,0.14,0.14,167168,0
ST1,20200311,0.15,0.15,0.14,0.14,138056,0
ST1,20200312,0.135,0.15,0.12,0.13,89042,0
ST1,20200313,0.13,0.135,0.13,0.135,25147,0
ST1,20200316,0.14,0.145,0.14,0.14,15448,0
ST1,20200317,0.14,0.145,0.14,0.145,27876,0
ST1,20200318,0.145,0.145,0.125,0.13,89572,0
ST1,20200319,0.13,0.14,0.12,0.135,283371,0
ST1,20200320,0.135,0.15,0.12,0.145,465097,0
ST1,20200323,0.14,0.14,0.12,0.13,121406,0
ST1,20200324,0.12,0.13,0.12,0.13,169659,0
ST1,20200325,0.14,0.14,0.14,0.14,21600,0
ST1,20200326,0.14,0.145,0.125,0.14,123766,0
ST1,20200327,0.14,0.14,0.13,0.135,115000,0
ST1,20200330,0.14,0.145,0.13,0.13,143458,0
ST1,20200331,0.14,0.14,0.13,0.14,151977,0
ST1,20200401,0.13,0.14,0.13,0.14,110000,0
ST1,20200402,0.13,0.14,0.13,0.14,76457,0
ST1,20200403,0.135,0.14,0.13,0.14,20307,0
ST1,20200406,0.14,0.14,0.14,0.14,30000,0
ST1,20200407,0.14,0.14,0.14,0.14,102200,0
ST1,20200408,0.14,0.14,0.14,0.14,20000,0
ST1,20200409,0.14,0.14,0.14,0.14,0,0
ST1,20200410,0.14,0.14,0.14,0.14,0,0
ST1,20200413,0.14,0.14,0.14,0.14,0,0
ST1,20200414,0.14,0.14,0.14,0.14,0,0
ST1,20200415,0.15,0.162,0.15,0.155,624987,0
ST1,20200416,0.15,0.155,0.15,0.152,836336,0
ST1,20200417,0.15,0.15,0.15,0.15,89308,0
ST1,20200420,0.15,0.15,0.13,0.135,961425,0
ST1,20200421,0.135,0.135,0.125,0.125,1132919,0
ST1,20200422,0.125,0.13,0.125,0.125,42415,0
ST1,20200423,0.13,0.135,0.13,0.135,365370,0
ST1,20200424,0.13,0.135,0.125,0.13,301740,0
ST1,20200427,0.135,0.14,0.135,0.14,429892,0
ST1,20200428,0.14,0.14,0.135,0.135,651453,0
ST1,20200429,0.135,0.135,0.13,0.13,160561,0
ST1,20200430,0.135,0.135,0.13,0.135,823725,0
ST1,20200501,0.135,0.135,0.125,0.13,307931,0
ST1,20200504,0.13,0.13,0.13,0.13,204789,0
ST1,20200505,0.13,0.13,0.13,0.13,0,0
ST1,20200506,0.13,0.13,0.12,0.13,1157490,0
ST1,20200507,0.14,0.15,0.137,0.145,1274522,0
ST1,20200508,0.145,0.15,0.14,0.145,794218,0
ST1,20200511,0.145,0.15,0.145,0.15,459679,0
ST1,20200512,0.15,0.15,0.14,0.145,603267,0
ST1,20200513,0.145,0.16,0.145,0.16,588238,0
ST1,20200514,0.19,0.195,0.155,0.175,3642181,0
ST1,20200515,0.17,0.175,0.16,0.165,1326165,0
ST1,20200518,0.165,0.165,0.16,0.165,326892,0
ST1,20200519,0.165,0.18,0.165,0.18,1642416,0
ST1,20200520,0.175,0.2,0.175,0.195,1894022,0
ST1,20200521,0.2,0.2,0.19,0.195,555317,0
ST1,20200522,0.195,0.2,0.185,0.2,662523,0
ST1,20200525,0.2,0.205,0.19,0.2,1111389,0
ST1,20200526,0.195,0.2,0.185,0.2,539881,0
ST1,20200527,0.205,0.22,0.205,0.215,2319828,0
ST1,20200528,0.22,0.225,0.22,0.22,1356922,0
ST1,20200529,0.22,0.22,0.205,0.21,805595,0
ST1,20200601,0.215,0.215,0.205,0.215,210756,0
ST1,20200602,0.22,0.225,0.205,0.22,1113503,0
ST1,20200603,0.23,0.23,0.205,0.205,593693,0
ST1,20200604,0.21,0.215,0.205,0.21,556180,0
ST1,20200605,0.21,0.21,0.195,0.205,699942,0
ST1,20200608,0.205,0.205,0.205,0.205,0,0
ST1,20200609,0.21,0.21,0.195,0.205,522015,0
ST1,20200610,0.205,0.22,0.205,0.22,435552,0
ST1,20200611,0.22,0.225,0.215,0.22,456154,0
ST1,20200612,0.195,0.21,0.185,0.195,677977,0
ST1,20200615,0.195,0.195,0.195,0.195,0,0
ST1,20200616,0.2,0.2,0.195,0.2,4623516,0
ST1,20200617,0.2,0.21,0.2,0.2,506856,0
ST1,20200618,0.21,0.21,0.205,0.205,77070,0
ST1,20200619,0.205,0.205,0.195,0.205,308342,0
ST1,20200622,0.205,0.205,0.2,0.2,590466,0
ST1,20200623,0.205,0.21,0.2,0.205,188552,0
ST1,20200624,0.2,0.22,0.2,0.21,588050,0
ST1,20200625,0.21,0.21,0.205,0.205,589294,0
ST1,20200626,0.23,0.25,0.225,0.235,4817273,0
ST1,20200629,0.235,0.24,0.225,0.235,858382,0
ST1,20200630,0.24,0.25,0.235,0.24,1225086,0
ST1,20200701,0.24,0.255,0.24,0.25,957207,0
ST1,20200702,0.25,0.255,0.24,0.25,1067856,0
ST1,20200703,0.25,0.25,0.235,0.24,508920,0
ST1,20200706,0.24,0.26,0.24,0.26,978263,0
ST1,20200707,0.265,0.265,0.245,0.25,441434,0
ST1,20200708,0.25,0.26,0.25,0.25,528195,0
ST1,20200709,0.26,0.262,0.255,0.255,480694,0
ST1,20200710,0.26,0.26,0.245,0.25,354417,0
ST1,20200713,0.26,0.285,0.257,0.265,2675568,0
ST1,20200714,0.26,0.275,0.255,0.265,2544393,0
ST1,20200715,0.272,0.28,0.27,0.275,1031378,0
ST1,20200716,0.275,0.285,0.275,0.275,610766,0
ST1,20200717,0.27,0.277,0.27,0.275,699455,0
ST1,20200720,0.28,0.28,0.27,0.27,773067,0
ST1,20200721,0.275,0.28,0.267,0.275,1059944,0
ST1,20200722,0.27,0.285,0.27,0.28,1825322,0
ST1,20200723,0.28,0.305,0.28,0.3,2351275,0
ST1,20200724,0.295,0.32,0.295,0.305,2294118,0
ST1,20200727,0.31,0.315,0.28,0.285,2681416,0
ST1,20200728,0.295,0.31,0.27,0.285,4649510,0
ST1,20200729,0.295,0.305,0.295,0.3,1521376,0
ST1,20200730,0.3,0.31,0.28,0.29,1886554,0
ST1,20200731,0.295,0.3,0.285,0.285,1561751,0
ST1,20200803,0.285,0.29,0.285,0.29,514688,0
ST1,20200804,0.31,0.315,0.3,0.3,2635578,0
ST1,20200805,0.31,0.32,0.305,0.31,2877608,0
ST1,20200806,0.32,0.32,0.315,0.32,984740,0
ST1,20200807,0.325,0.36,0.325,0.34,1904497,0
ST1,20200810,0.345,0.36,0.34,0.355,6563087,0
ST1,20200811,0.375,0.375,0.365,0.37,2077366,0
ST1,20200812,0.375,0.375,0.355,0.355,1511519,0
ST1,20200813,0.355,0.37,0.345,0.36,632765,0
ST1,20200814,0.365,0.385,0.355,0.375,2818499,0
ST1,20200817,0.385,0.395,0.365,0.37,2087520,0
ST1,20200818,0.37,0.37,0.37,0.37,0,0
ST1,20200819,0.37,0.37,0.37,0.37,0,0
ST1,20200820,0.405,0.435,0.385,0.41,4882989,0
ST1,20200821,0.41,0.41,0.39,0.39,1355342,0
ST1,20200824,0.395,0.4,0.36,0.39,1489051,0
ST1,20200825,0.39,0.395,0.38,0.38,1854860,0
ST1,20200826,0.38,0.38,0.365,0.365,886835,0
ST1,20200827,0.375,0.375,0.355,0.365,1367192,0
ST1,20200828,0.36,0.365,0.35,0.355,1549300,0
ST1,20200831,0.355,0.375,0.355,0.36,3218282,0
ST1,20200901,0.365,0.415,0.36,0.405,4943893,0
ST1,20200902,0.41,0.44,0.4,0.44,4418208,0
ST1,20200903,0.45,0.45,0.39,0.4,1763209,0
ST1,20200904,0.375,0.39,0.37,0.38,1313614,0
ST1,20200907,0.375,0.39,0.365,0.39,1351400,0
ST1,20200908,0.39,0.39,0.36,0.37,988885,0
ST1,20200909,0.36,0.37,0.347,0.355,1407710,0
ST1,20200910,0.36,0.37,0.36,0.37,502702,0
ST1,20200911,0.36,0.37,0.355,0.37,570198,0
ST1,20200914,0.355,0.37,0.355,0.365,1548142,0
ST1,20200915,0.37,0.405,0.37,0.39,826773,0
ST1,20200916,0.39,0.395,0.38,0.385,293214,0
ST1,20200917,0.395,0.395,0.38,0.385,307035,0
ST1,20200918,0.37,0.385,0.36,0.385,1264530,0
ST1,20200921,0.375,0.385,0.37,0.375,875213,0
ST1,20200922,0.37,0.37,0.36,0.36,700609,0
ST1,20200923,0.37,0.37,0.355,0.355,1183473,0
ST1,20200924,0.355,0.365,0.355,0.365,473397,0
ST1,20200925,0.365,0.37,0.36,0.36,574317,0
ST1,20200928,0.36,0.365,0.35,0.355,1434570,0
ST1,20200929,0.36,0.365,0.355,0.36,1542493,0
ST1,20200930,0.36,0.36,0.345,0.35,723746,0
ST1,20201001,0.35,0.355,0.335,0.345,533095,0
ST1,20201002,0.34,0.35,0.335,0.345,1192566,0
ST1,20201005,0.345,0.355,0.345,0.35,306047,0
ST1,20201006,0.35,0.355,0.345,0.345,581528,0
ST1,20201007,0.35,0.355,0.345,0.35,753401,0
ST1,20201008,0.35,0.35,0.345,0.345,954926,0
ST1,20201009,0.345,0.365,0.345,0.36,3501814,0
ST1,20201012,0.36,0.375,0.36,0.37,1108861,0
ST1,20201013,0.395,0.41,0.385,0.39,2395037,0
ST1,20201014,0.395,0.4,0.387,0.395,826778,0
ST1,20201015,0.405,0.405,0.39,0.395,827444,0
ST1,20201016,0.4,0.4,0.37,0.38,1078840,0
ST1,20201019,0.38,0.41,0.38,0.38,580185,0
ST1,20201020,0.385,0.385,0.365,0.37,521388,0
ST1,20201021,0.37,0.38,0.365,0.37,504590,0
ST1,20201022,0.37,0.375,0.36,0.375,270365,0
ST1,20201023,0.375,0.38,0.365,0.365,548114,0
ST1,20201026,0.365,0.375,0.365,0.365,528978,0
ST1,20201027,0.36,0.362,0.34,0.34,531354,0
ST1,20201028,0.335,0.35,0.335,0.345,349149,0
ST1,20201029,0.34,0.35,0.335,0.34,375203,0
ST1,20201030,0.35,0.35,0.335,0.34,443761,0
ST1,20201102,0.335,0.34,0.325,0.33,535778,0
ST1,20201103,0.33,0.345,0.33,0.345,2271108,0
ST1,20201104,0.35,0.355,0.34,0.34,261958,0
ST1,20201105,0.345,0.37,0.345,0.37,274316,0
ST1,20201106,0.375,0.375,0.365,0.37,163242,0
ST1,20201109,0.37,0.37,0.35,0.36,470560,0
ST1,20201110,0.375,0.375,0.36,0.375,2326979,0
ST1,20201111,0.375,0.39,0.37,0.375,14841034,0
ST1,20201112,0.38,0.38,0.37,0.375,1298762,0
ST1,20201113,0.375,0.385,0.37,0.385,396914,0
ST1,20201116,0.385,0.39,0.385,0.39,90781,0
ST1,20201117,0.385,0.385,0.37,0.37,321208,0
ST1,20201118,0.37,0.38,0.365,0.375,602892,0
ST1,20201119,0.38,0.38,0.365,0.375,361180,0
ST1,20201120,0.37,0.37,0.365,0.37,279511,0
ST1,20201123,0.375,0.38,0.37,0.37,229765,0
ST1,20201124,0.37,0.37,0.36,0.36,353260,0
ST1,20201125,0.365,0.375,0.365,0.375,478481,0
ST1,20201126,0.375,0.375,0.37,0.375,423135,0
ST1,20201127,0.39,0.41,0.385,0.385,2182914,0
ST1,20201130,0.4,0.4025,0.395,0.395,2025216,0
ST1,20201201,0.4,0.4175,0.4,0.41,968454,0
ST1,20201202,0.435,0.45,0.42,0.425,3089478,0
ST1,20201203,0.44,0.44,0.405,0.415,2489437,0
ST1,20201204,0.43,0.44,0.415,0.42,938828,0
ST1,20201207,0.43,0.44,0.42,0.42,1068263,0
ST1,20201208,0.42,0.43,0.415,0.425,155871,0
ST1,20201209,0.425,0.43,0.42,0.42,873365,0
ST1,20201210,0.42,0.43,0.4,0.4,1733283,0
ST1,20201211,0.4,0.41,0.385,0.4,674027,0
ST1,20201214,0.395,0.4,0.385,0.4,519306,0
ST1,20201215,0.4,0.4,0.39,0.4,261347,0
ST1,20201216,0.4,0.4,0.39,0.4,597619,0
ST1,20201217,0.4,0.4,0.39,0.39,327147,0
ST1,20201218,0.395,0.4,0.39,0.4,3301542,0
ST1,20201221,0.4,0.4,0.39,0.4,1292221,0
ST1,20201222,0.4,0.4,0.38,0.39,452657,0
ST1,20201223,0.39,0.395,0.385,0.39,392417,0
ST1,20201224,0.39,0.395,0.385,0.395,296282,0
ST1,20201225,0.395,0.395,0.395,0.395,0,0
ST1,20201228,0.395,0.395,0.395,0.395,0,0
ST1,20201229,0.395,0.4,0.39,0.395,354663,0
ST1,20201230,0.395,0.395,0.39,0.395,204185,0
ST1,20201231,0.4,0.4,0.395,0.4,82103,0
ST1,20210101,0.4,0.4,0.4,0.4,0,0
ST1,20210104,0.4,0.4,0.385,0.395,442538,0
ST1,20210105,0.39,0.39,0.385,0.39,207350,0
ST1,20210106,0.39,0.39,0.38,0.38,190640,0
ST1,20210107,0.385,0.385,0.375,0.38,347398,0
ST1,20210108,0.385,0.39,0.37,0.375,441715,0
ST1,20210111,0.375,0.375,0.34,0.355,960840,0
ST1,20210112,0.36,0.375,0.355,0.37,996014,0
ST1,20210113,0.375,0.38,0.37,0.375,736550,0
ST1,20210114,0.385,0.39,0.375,0.38,514648,0
ST1,20210115,0.38,0.39,0.38,0.39,341587,0
ST1,20210118,0.4,0.4,0.39,0.395,556708,0
ST1,20210119,0.395,0.395,0.38,0.38,759635,0
ST1,20210120,0.38,0.385,0.3775,0.385,574490,0
ST1,20210121,0.385,0.4,0.385,0.4,725982,0
ST1,20210122,0.45,0.45,0.405,0.425,3078382,0
ST1,20210125,0.425,0.43,0.41,0.415,897297,0
ST1,20210126,0.415,0.415,0.415,0.415,0,0
ST1,20210127,0.435,0.4425,0.42,0.425,1664416,0
ST1,20210128,0.415,0.415,0.39,0.39,849772,0
ST1,20210129,0.4,0.415,0.39,0.39,607125,0
ST1,20210201,0.385,0.395,0.375,0.39,467733,0
ST1,20210202,0.395,0.405,0.395,0.395,582669,0
ST1,20210203,0.395,0.405,0.395,0.4,1058517,0
ST1,20210204,0.395,0.4,0.39,0.395,506348,0
ST1,20210205,0.39,0.39,0.38,0.38,315699,0
ST1,20210208,0.375,0.39,0.375,0.39,366036,0
ST1,20210209,0.39,0.4,0.38,0.39,852534,0
ST1,20210210,0.4,0.41,0.395,0.4,400380,0
ST1,20210211,0.395,0.405,0.395,0.395,282403,0
ST1,20210212,0.4,0.4,0.39,0.395,99636,0
ST1,20210215,0.4,0.4,0.375,0.39,12511263,0
ST1,20210216,0.38,0.39,0.38,0.38,208435,0
ST1,20210217,0.39,0.39,0.38,0.385,2483914,0
ST1,20210218,0.385,0.4,0.38,0.39,475871,0
ST1,20210219,0.39,0.3925,0.38,0.385,346693,0
ST1,20210222,0.395,0.4,0.385,0.385,151536,0
ST1,20210223,0.4,0.415,0.39,0.39,927136,0
ST1,20210224,0.41,0.41,0.4,0.405,515638,0
ST1,20210225,0.4,0.415,0.4,0.4,239727,0
ST1,20210226,0.4,0.4,0.39,0.4,347329,0
ST1,20210301,0.4,0.4,0.38,0.385,225683,0
ST1,20210302,0.385,0.39,0.385,0.39,183462,0
ST1,20210303,0.4,0.4,0.385,0.385,90836,0
ST1,20210304,0.38,0.3825,0.375,0.38,778657,0
ST1,20210305,0.375,0.38,0.365,0.37,427539,0
ST1,20210308,0.37,0.38,0.37,0.375,1047190,0
ST1,20210309,0.375,0.375,0.355,0.37,641023,0
ST1,20210310,0.37,0.37,0.365,0.37,686990,0
ST1,20210311,0.37,0.37,0.36,0.36,289088,0
ST1,20210312,0.36,0.3625,0.355,0.36,487915,0
ST1,20210315,0.36,0.365,0.36,0.36,680074,0
ST1,20210316,0.365,0.365,0.355,0.36,172318,0
ST1,20210317,0.36,0.38,0.36,0.38,768982,0
ST1,20210318,0.38,0.385,0.36,0.36,431143,0
ST1,20210319,0.365,0.37,0.365,0.37,30927,0
ST1,20210322,0.37,0.37,0.36,0.36,410539,0
ST1,20210323,0.36,0.37,0.36,0.36,94768,0
ST1,20210324,0.36,0.36,0.35,0.355,271686,0
ST1,20210325,0.355,0.36,0.345,0.36,302661,0
ST1,20210326,0.35,0.35,0.345,0.35,270895,0
ST1,20210329,0.35,0.35,0.35,0.35,0,0
ST1,20210330,0.35,0.35,0.35,0.35,0,0
ST1,20210331,0.355,0.395,0.35,0.37,1540011,0
ST1,20210401,0.36,0.375,0.355,0.375,1577857,0
ST1,20210402,0.375,0.375,0.375,0.375,0,0
ST1,20210405,0.375,0.375,0.375,0.375,0,0
ST1,20210406,0.38,0.39,0.38,0.38,674138,0
ST1,20210407,0.38,0.38,0.37,0.37,53773,0
ST1,20210408,0.38,0.38,0.36,0.37,963231,0
ST1,20210409,0.37,0.37,0.35,0.355,384273,0
ST1,20210412,0.355,0.365,0.355,0.36,345170,0
ST1,20210413,0.365,0.3725,0.3625,0.37,386612,0
ST1,20210414,0.375,0.38,0.37,0.375,150382,0
ST1,20210415,0.375,0.38,0.37,0.37,287391,0
ST1,20210416,0.38,0.38,0.37,0.37,959684,0
ST1,20210419,0.37,0.375,0.365,0.365,524168,0
ST1,20210420,0.365,0.365,0.355,0.355,2379521,0
ST1,20210421,0.355,0.36,0.345,0.36,571123,0
ST1,20210422,0.36,0.36,0.355,0.355,281555,0
ST1,20210423,0.36,0.36,0.355,0.36,121953,0
ST1,20210426,0.36,0.38,0.355,0.38,666654,0
ST1,20210427,0.365,0.38,0.365,0.38,571255,0
ST1,20210428,0.38,0.38,0.375,0.375,493087,0
ST1,20210429,0.375,0.375,0.36,0.375,623759,0
ST1,20210430,0.37,0.38,0.37,0.38,87705,0
ST1,20210503,0.38,0.385,0.37,0.38,383397,0
ST1,20210504,0.365,0.38,0.365,0.37,167642,0
ST1,20210505,0.37,0.385,0.37,0.37,73638,0
ST1,20210506,0.365,0.38,0.365,0.38,553474,0
ST1,20210507,0.375,0.38,0.37,0.38,520919,0
ST1,20210510,0.37,0.375,0.365,0.3675,91950,0
ST1,20210511,0.365,0.3675,0.355,0.355,577160,0
ST1,20210512,0.35,0.355,0.345,0.345,555390,0
ST1,20210513,0.36,0.36,0.35,0.35,211419,0
ST1,20210514,0.35,0.35,0.345,0.345,226904,0
ST1,20210517,0.35,0.355,0.345,0.345,171888,0
ST1,20210518,0.35,0.355,0.34,0.34,370843,0
ST1,20210519,0.34,0.34,0.3,0.305,7314531,0
ST1,20210520,0.31,0.31,0.3,0.305,540006,0
ST1,20210521,0.31,0.315,0.305,0.305,117352,0
ST1,20210524,0.3075,0.315,0.3075,0.31,341257,0
ST1,20210525,0.31,0.33,0.31,0.32,1156933,0
ST1,20210526,0.32,0.32,0.315,0.32,439321,0
ST1,20210527,0.32,0.32,0.3,0.3,1273695,0
ST1,20210528,0.3,0.305,0.3,0.3,300388,0
ST1,20210531,0.3,0.3025,0.29,0.29,765546,0
ST1,20210601,0.29,0.29,0.28,0.28,370516,0
ST1,20210602,0.28,0.29,0.275,0.29,254965,0
ST1,20210603,0.29,0.3,0.27,0.3,293209,0
ST1,20210604,0.3,0.31,0.295,0.31,590075,0
ST1,20210607,0.3,0.325,0.3,0.3,329989,0
ST1,20210608,0.3,0.3,0.29,0.3,829182,0
ST1,20210609,0.3,0.3,0.29,0.29,164525,0
ST1,20210610,0.29,0.305,0.29,0.305,279387,0
ST1,20210611,0.3,0.3,0.295,0.3,171890,0
ST1,20210614,0.3,0.3,0.3,0.3,0,0
ST1,20210615,0.3,0.3,0.29,0.29,183538,0
ST1,20210616,0.295,0.305,0.29,0.29,103582,0
ST1,20210617,0.29,0.29,0.285,0.285,95618,0
ST1,20210618,0.285,0.29,0.285,0.285,270971,0
ST1,20210621,0.29,0.29,0.28,0.28,412764,0
ST1,20210622,0.29,0.29,0.275,0.275,642789,0
ST1,20210623,0.28,0.28,0.27,0.27,523985,0
ST1,20210624,0.27,0.28,0.27,0.275,184663,0
ST1,20210625,0.28,0.28,0.275,0.28,9037499,0
ST1,20210628,0.28,0.28,0.27,0.27,384775,0
ST1,20210629,0.265,0.275,0.25,0.27,1524045,0
ST1,20210630,0.265,0.27,0.26,0.26,2059387,0
ST1,20210701,0.26,0.265,0.26,0.265,10434,0
