WDMF,20161020,24.74,24.74,24.74,24.74,200,0
WDMF,20161021,24.74,24.74,24.74,24.74,0,0
WDMF,20161024,24.86,24.86,24.86,24.86,1036,0
WDMF,20161025,24.86,24.86,24.86,24.86,0,0
WDMF,20161026,24.69,24.69,24.54,24.54,303,0
WDMF,20161027,24.54,24.54,24.54,24.54,0,0
WDMF,20161028,24.54,24.54,24.54,24.54,0,0
WDMF,20161031,24.54,24.54,24.54,24.54,0,0
WDMF,20161101,24.69,24.69,24.69,24.69,103,0
WDMF,20161102,24.69,24.69,24.69,24.69,0,0
WDMF,20161103,24.38,24.38,24.38,24.38,122,0
WDMF,20161104,24.38,24.38,24.38,24.38,0,0
WDMF,20161107,24.44,24.44,24.44,24.44,1500,0
WDMF,20161108,24.31,24.31,24.31,24.31,122,0
WDMF,20161109,24.31,24.31,24.31,24.31,0,0
WDMF,20161110,24.87,24.87,24.87,24.87,900,0
WDMF,20161111,24.87,24.87,24.87,24.87,0,0
WDMF,20161114,24.87,24.87,24.87,24.87,0,0
WDMF,20161115,24.87,24.87,24.87,24.87,0,0
WDMF,20161116,24.87,24.87,24.87,24.87,0,0
WDMF,20161117,24.87,24.87,24.87,24.87,0,0
WDMF,20161118,24.87,24.87,24.87,24.87,0,0
WDMF,20161121,24.87,24.87,24.87,24.87,0,0
WDMF,20161122,24.87,24.87,24.87,24.87,0,0
WDMF,20161123,24.87,24.87,24.87,24.87,0,0
WDMF,20161124,24.87,24.87,24.87,24.87,0,0
WDMF,20161125,24.87,24.87,24.87,24.87,0,0
WDMF,20161128,25.87,25.87,25.87,25.87,192,0
WDMF,20161129,25.87,25.87,25.87,25.87,0,0
WDMF,20161130,25.87,25.87,25.87,25.87,0,0
WDMF,20161201,26.2,26.2,26.2,26.2,955,0
WDMF,20161202,26.2,26.2,26.2,26.2,0,0
WDMF,20161205,26.2,26.2,26.2,26.2,0,0
WDMF,20161206,25.9,25.9,25.9,25.9,350,0
WDMF,20161207,25.9,25.9,25.9,25.9,0,0
WDMF,20161208,25.9,25.9,25.9,25.9,0,0
WDMF,20161209,25.9,25.9,25.9,25.9,0,0
WDMF,20161212,25.9,25.9,25.9,25.9,0,0
WDMF,20161213,26.4,26.4,26.4,26.4,188,0
WDMF,20161214,26.4,26.4,26.4,26.4,0,0
WDMF,20161215,26.4,26.4,26.4,26.4,0,0
WDMF,20161216,26.4,26.4,26.4,26.4,0,0
WDMF,20161219,26.4,26.4,26.4,26.4,0,0
WDMF,20161220,26.4,26.4,26.4,26.4,0,0
WDMF,20161221,26.4,26.4,26.4,26.4,0,0
WDMF,20161222,26.4,26.4,26.4,26.4,0,0
WDMF,20161223,26.4,26.4,26.4,26.4,0,0
WDMF,20161226,26.4,26.4,26.4,26.4,0,0
WDMF,20161227,26.4,26.4,26.4,26.4,0,0
WDMF,20161228,26.4,26.4,26.4,26.4,0,0
WDMF,20161229,26.4,26.4,26.4,26.4,0,0
WDMF,20161230,26.4,26.4,26.4,26.4,0,0
WDMF,20170102,26.4,26.4,26.4,26.4,0,0
WDMF,20170103,26.4,26.4,26.4,26.4,0,0
WDMF,20170104,26.4,26.4,26.4,26.4,0,0
WDMF,20170105,26.4,26.4,26.4,26.4,0,0
WDMF,20170106,26.4,26.4,26.4,26.4,0,0
WDMF,20170109,27.2,27.2,27.2,27.2,170,0
WDMF,20170110,27.15,27.15,26.9,26.9,3000,0
WDMF,20170111,26.9,26.9,26.9,26.9,0,0
WDMF,20170112,26.9,26.9,26.9,26.9,0,0
WDMF,20170113,26.9,26.9,26.9,26.9,0,0
WDMF,20170116,26.9,26.9,26.9,26.9,0,0
WDMF,20170117,26.9,26.9,26.9,26.9,0,0
WDMF,20170118,26.9,26.9,26.9,26.9,0,0
WDMF,20170119,26.9,26.9,26.9,26.9,0,0
WDMF,20170120,26.9,26.9,26.9,26.9,0,0
WDMF,20170123,26.9,26.9,26.9,26.9,0,0
WDMF,20170124,26.9,26.9,26.9,26.9,0,0
WDMF,20170125,26.9,26.9,26.9,26.9,0,0
WDMF,20170126,26.9,26.9,26.9,26.9,0,0
WDMF,20170127,26.9,26.9,26.9,26.9,0,0
WDMF,20170130,26.9,26.9,26.9,26.9,0,0
WDMF,20170131,26.9,26.9,26.9,26.9,0,0
WDMF,20170201,26.9,26.9,26.9,26.9,0,0
WDMF,20170202,26.9,26.9,26.9,26.9,0,0
WDMF,20170203,26.9,26.9,26.9,26.9,0,0
WDMF,20170206,26.9,26.9,26.9,26.9,0,0
WDMF,20170207,26.9,26.9,26.9,26.9,0,0
WDMF,20170208,26.5,26.54,26.5,26.54,7500,0
WDMF,20170209,26.54,26.54,26.54,26.54,0,0
WDMF,20170210,26.54,26.54,26.54,26.54,0,0
WDMF,20170213,26.54,26.54,26.54,26.54,0,0
WDMF,20170214,26.54,26.54,26.54,26.54,0,0
WDMF,20170215,26.68,26.68,26.68,26.68,374,0
WDMF,20170216,26.68,26.68,26.68,26.68,0,0
WDMF,20170217,26.68,26.68,26.68,26.68,0,0
WDMF,20170220,26.68,26.68,26.68,26.68,0,0
WDMF,20170221,26.68,26.68,26.68,26.68,0,0
WDMF,20170222,26.68,26.68,26.68,26.68,0,0
WDMF,20170223,26.68,26.68,26.68,26.68,0,0
WDMF,20170224,26.68,26.68,26.68,26.68,0,0
WDMF,20170227,26.68,26.68,26.68,26.68,0,0
WDMF,20170228,26.68,26.68,26.68,26.68,0,0
WDMF,20170301,26.68,26.68,26.68,26.68,0,0
WDMF,20170302,26.68,26.68,26.68,26.68,0,0
WDMF,20170303,26.68,26.68,26.68,26.68,0,0
WDMF,20170306,26.68,26.68,26.68,26.68,0,0
WDMF,20170307,26.68,26.68,26.68,26.68,0,0
WDMF,20170308,26.68,26.68,26.68,26.68,0,0
WDMF,20170309,27.4,27.4,27.4,27.4,912,0
WDMF,20170310,27.52,27.52,27.5,27.5,350,0
WDMF,20170313,27.45,27.45,27.45,27.45,159,0
WDMF,20170314,27.45,27.45,27.45,27.45,0,0
WDMF,20170315,27.46,27.46,27.46,27.46,300,0
WDMF,20170316,27.46,27.46,27.46,27.46,0,0
WDMF,20170317,27.46,27.46,27.46,27.46,0,0
WDMF,20170320,27.12,27.12,27.12,27.12,1000,0
WDMF,20170321,27.12,27.12,27.12,27.12,0,0
WDMF,20170322,27.06,27.1,27.06,27.1,3585,0
WDMF,20170323,27.1,27.1,27.1,27.1,0,0
WDMF,20170324,27.1,27.1,27.1,27.1,0,0
WDMF,20170327,27.1,27.1,27.1,27.1,0,0
WDMF,20170328,27.1,27.1,27.1,27.1,0,0
WDMF,20170329,27.1,27.1,27.1,27.1,0,0
WDMF,20170330,27.1,27.1,27.1,27.1,0,0
WDMF,20170331,27.1,27.1,27.1,27.1,0,0
WDMF,20170403,27.1,27.1,27.1,27.1,0,0
WDMF,20170404,27.1,27.1,27.1,27.1,0,0
WDMF,20170405,27.1,27.1,27.1,27.1,0,0
WDMF,20170406,27.1,27.1,27.1,27.1,0,0
WDMF,20170407,27.1,27.1,27.1,27.1,0,0
WDMF,20170410,27.1,27.1,27.1,27.1,0,0
WDMF,20170411,27.1,27.1,27.1,27.1,0,0
WDMF,20170412,27.1,27.1,27.1,27.1,0,0
WDMF,20170413,27.1,27.1,27.1,27.1,0,0
WDMF,20170414,27.1,27.1,27.1,27.1,0,0
WDMF,20170417,27.1,27.1,27.1,27.1,0,0
WDMF,20170418,27.1,27.1,27.1,27.1,0,0
WDMF,20170419,27.1,27.1,27.1,27.1,0,0
WDMF,20170420,27.1,27.1,27.1,27.1,0,0
WDMF,20170421,27.1,27.1,27.1,27.1,0,0
WDMF,20170424,27.1,27.1,27.1,27.1,0,0
WDMF,20170425,27.1,27.1,27.1,27.1,0,0
WDMF,20170426,27.1,27.1,27.1,27.1,0,0
WDMF,20170427,27.1,27.1,27.1,27.1,0,0
WDMF,20170428,28.55,28.55,28.55,28.55,56,0
WDMF,20170501,28.55,28.55,28.55,28.55,0,0
WDMF,20170502,28.33,28.33,28.33,28.33,176,0
WDMF,20170503,28.33,28.33,28.33,28.33,0,0
WDMF,20170504,28.33,28.33,28.33,28.33,0,0
WDMF,20170505,28.33,28.33,28.33,28.33,0,0
WDMF,20170508,28.33,28.33,28.33,28.33,0,0
WDMF,20170509,28.33,28.33,28.33,28.33,0,0
WDMF,20170510,28.33,28.33,28.33,28.33,0,0
WDMF,20170511,28.33,28.33,28.33,28.33,0,0
WDMF,20170512,28.33,28.33,28.33,28.33,0,0
WDMF,20170515,28.33,28.33,28.33,28.33,0,0
WDMF,20170516,29.22,29.22,29.1,29.1,800,0
WDMF,20170517,29.13,29.13,29.13,29.13,274,0
WDMF,20170518,29.13,29.13,29.13,29.13,0,0
WDMF,20170519,28.8,28.8,28.77,28.77,3000,0
WDMF,20170522,28.77,28.77,28.77,28.77,0,0
WDMF,20170523,29.02,29.02,28.9,28.9,2654,0
WDMF,20170524,28.9,28.9,28.9,28.9,0,0
WDMF,20170525,28.9,28.9,28.9,28.9,0,0
WDMF,20170526,28.9,28.9,28.9,28.9,0,0
WDMF,20170529,28.9,28.9,28.9,28.9,0,0
WDMF,20170530,29.3,29.3,29.3,29.3,6576,0
WDMF,20170531,29.24,29.25,29.24,29.25,2025,0
WDMF,20170601,29.25,29.25,29.25,29.25,0,0
WDMF,20170602,29.25,29.25,29.25,29.25,0,0
WDMF,20170605,29.65,29.65,29.65,29.65,1000,0
WDMF,20170606,29.51,29.54,29.51,29.54,142,0
WDMF,20170607,29.54,29.54,29.54,29.54,0,0
WDMF,20170608,29.54,29.54,29.54,29.54,0,0
WDMF,20170609,29.25,29.25,29.25,29.25,259,0
WDMF,20170612,29.25,29.25,29.25,29.25,0,0
WDMF,20170613,29,29.14,29,29.14,385,0
WDMF,20170614,29.14,29.14,29.14,29.14,0,0
WDMF,20170615,29.1,29.1,29,29,163,0
WDMF,20170616,29,29,29,29,0,0
WDMF,20170619,29,29,29,29,0,0
WDMF,20170620,29,29,29,29,0,0
WDMF,20170621,29,29,29,29,0,0
WDMF,20170622,29,29,29,29,0,0
WDMF,20170623,29.1,29.1,29.1,29.1,500,0
WDMF,20170626,28.92,28.92,28.92,28.92,341,0
WDMF,20170627,29.06,29.06,29,29,862,0
WDMF,20170628,28.8,28.88,28.8,28.88,517,0
WDMF,20170629,28.93,28.93,28.93,28.93,11576,0
WDMF,20170630,28.71,28.71,28.47,28.55,16434,0
WDMF,20170703,27.56,27.56,27.37,27.37,2203,0
WDMF,20170704,27.48,27.77,27.48,27.77,2346,0
WDMF,20170705,27.7,27.7,27.7,27.7,1038,0
WDMF,20170706,27.75,27.86,27.75,27.86,8539,0
WDMF,20170707,27.85,27.85,27.85,27.85,118,0
WDMF,20170710,27.86,27.89,27.75,27.89,3405,0
WDMF,20170711,27.89,27.89,27.89,27.89,0,0
WDMF,20170712,27.89,27.89,27.89,27.89,0,0
WDMF,20170713,27.89,27.89,27.89,27.89,0,0
WDMF,20170714,27.73,27.73,27.73,27.73,448,0
WDMF,20170717,27.64,27.64,27.64,27.64,19,0
WDMF,20170718,27.64,27.64,27.5,27.5,4701,0
WDMF,20170719,27.3,27.3,27.27,27.27,1615,0
WDMF,20170720,27.34,27.34,27.23,27.23,861,0
WDMF,20170721,27.23,27.23,27.23,27.23,0,0
WDMF,20170724,27.39,27.42,27.39,27.39,2077,0
WDMF,20170725,27.3,27.36,27.3,27.36,1391,0
WDMF,20170726,27.36,27.36,27.36,27.36,0,0
WDMF,20170727,27.16,27.16,27.1,27.1,1480,0
WDMF,20170728,27.1,27.1,27.1,27.1,0,0
WDMF,20170731,27.11,27.11,27.11,27.11,4209,0
WDMF,20170801,27.11,27.11,27.11,27.11,0,0
WDMF,20170802,27.4,27.4,27.4,27.4,2000,0
WDMF,20170803,27.5,27.5,27.5,27.5,700,0
WDMF,20170804,27.48,27.48,27.48,27.48,182,0
WDMF,20170807,27.55,27.55,27.55,27.55,1270,0
WDMF,20170808,27.68,27.68,27.6,27.6,1764,0
WDMF,20170809,27.6,27.6,27.6,27.6,0,0
WDMF,20170810,27.6,27.6,27.6,27.6,0,0
WDMF,20170811,27.54,27.54,27.54,27.54,2165,0
WDMF,20170814,27.32,27.32,27.32,27.32,187,0
WDMF,20170815,27.65,27.65,27.65,27.65,361,0
WDMF,20170816,27.65,27.65,27.65,27.65,0,0
WDMF,20170817,27.65,27.65,27.65,27.65,0,0
WDMF,20170818,27.65,27.65,27.65,27.65,0,0
WDMF,20170821,27.19,27.19,27.16,27.19,132294,0
WDMF,20170822,27.14,27.22,27.14,27.18,1226,0
WDMF,20170823,27.43,27.43,27.43,27.43,322,0
WDMF,20170824,27.43,27.46,27.37,27.45,305,0
WDMF,20170825,27.54,27.54,27.54,27.54,1988,0
WDMF,20170828,27.38,27.4,27.27,27.4,8590,0
WDMF,20170829,27.32,27.33,27.19,27.19,5763,0
WDMF,20170830,27.22,27.22,27.21,27.22,5053,0
WDMF,20170831,27.54,27.54,27.39,27.39,1450,0
WDMF,20170901,27.61,27.61,27.61,27.61,791,0
WDMF,20170904,27.51,27.53,27.39,27.53,634,0
WDMF,20170905,27.48,27.48,27.35,27.35,982,0
WDMF,20170906,27.27,27.33,27.2,27.33,14598,0
WDMF,20170907,27.28,27.28,27.16,27.28,418,0
WDMF,20170908,27.1,27.1,27.09,27.09,2439,0
WDMF,20170911,27.26,27.26,27.26,27.26,12,0
WDMF,20170912,27.49,27.69,27.49,27.63,95859,0
WDMF,20170913,27.66,27.67,27.62,27.65,22152,0
WDMF,20170914,27.67,27.67,27.58,27.62,20964,0
WDMF,20170915,27.64,27.72,27.64,27.69,1410,0
WDMF,20170918,27.75,27.75,27.75,27.75,117,0
WDMF,20170919,28,28,28,28,595,0
WDMF,20170920,27.98,27.98,27.98,27.98,13,0
WDMF,20170921,28,28.14,27.87,28.14,1445,0
WDMF,20170922,28.18,28.18,28.18,28.18,884,0
WDMF,20170925,28.08,28.2,28.08,28.2,211,0
WDMF,20170926,28.1,28.1,28.1,28.1,8,0
WDMF,20170927,28.38,28.47,28.38,28.47,810,0
WDMF,20170928,28.67,28.67,28.67,28.67,162,0
WDMF,20170929,28.64,28.66,28.6,28.66,2791,0
WDMF,20171002,28.82,28.87,28.8,28.8,764,0
WDMF,20171003,29.02,29.1,29.02,29.07,1203,0
WDMF,20171004,29.01,29.01,28.94,28.94,1615,0
WDMF,20171005,29.1,29.1,29.1,29.1,207,0
WDMF,20171006,29.31,29.31,29.31,29.31,349,0
WDMF,20171009,29.31,29.31,29.31,29.31,0,0
WDMF,20171010,29.31,29.31,29.31,29.31,0,0
WDMF,20171011,29.4,29.46,29.32,29.46,927,0
WDMF,20171012,29.4,29.4,29.3,29.39,1207,0
WDMF,20171013,29.36,29.36,29.35,29.35,1964,0
WDMF,20171016,29.35,29.35,29.35,29.35,0,0
WDMF,20171017,29.42,29.42,29.39,29.39,822,0
WDMF,20171018,29.29,29.29,29.29,29.29,2496,0
WDMF,20171019,29.3,29.3,29.3,29.3,1705,0
WDMF,20171020,29.29,29.3,29.29,29.3,151,0
WDMF,20171023,29.49,29.66,29.49,29.52,1744,0
WDMF,20171024,29.64,29.64,29.52,29.52,1587,0
WDMF,20171025,29.7,29.96,29.7,29.96,128,0
WDMF,20171026,29.96,29.96,29.89,29.89,256,0
WDMF,20171027,30.32,30.42,30.32,30.35,295,0
WDMF,20171030,30.25,30.34,30.17,30.28,2124,0
WDMF,20171031,30.18,30.18,30.18,30.18,131,0
WDMF,20171101,30.45,30.45,30.35,30.35,2771,0
WDMF,20171102,30.32,30.32,30.13,30.15,832,0
WDMF,20171103,30.43,30.47,30.41,30.41,6545,0
WDMF,20171106,30.63,30.63,30.42,30.42,243,0
WDMF,20171107,30.48,30.58,30.41,30.58,2268,0
WDMF,20171108,30.52,30.65,30.52,30.65,351,0
WDMF,20171109,30.65,30.65,30.65,30.65,44,0
WDMF,20171110,30.58,30.58,30.41,30.45,6884,0
WDMF,20171113,30.61,30.61,30.61,30.61,66,0
WDMF,20171114,30.61,30.61,30.56,30.56,594,0
WDMF,20171115,30.56,30.74,30.56,30.74,394,0
WDMF,20171116,30.6,30.6,30.51,30.51,1244,0
WDMF,20171117,30.8,30.84,30.75,30.75,787,0
WDMF,20171120,30.95,30.95,30.85,30.85,781,0
WDMF,20171121,30.96,31.15,30.96,31.15,284,0
WDMF,20171122,30.91,31.1,30.91,31.1,1455,0
WDMF,20171123,30.92,30.94,30.81,30.94,4832,0
WDMF,20171124,31,31,30.82,30.94,2537,0
WDMF,20171127,31.12,31.12,31.08,31.12,1925,0
WDMF,20171128,31,31.04,31,31.04,860,0
WDMF,20171129,31.32,31.35,31.2,31.35,2893,0
WDMF,20171130,31.28,31.32,31.28,31.32,1527,0
WDMF,20171201,31.49,31.52,31.36,31.52,1912,0
WDMF,20171204,31.32,31.35,31.27,31.3,1557,0
WDMF,20171205,31.13,31.13,30.81,30.9,8984,0
WDMF,20171206,31,31.13,31,31.03,13317,0
WDMF,20171207,31.16,31.25,31.16,31.22,6239,0
WDMF,20171208,31.41,31.53,31.41,31.53,421,0
WDMF,20171211,31.74,31.74,31.63,31.66,4044,0
WDMF,20171212,31.67,31.67,31.54,31.66,275,0
WDMF,20171213,31.5,31.5,31.25,31.25,1013,0
WDMF,20171214,31.2,31.2,30.95,31.06,9026,0
WDMF,20171215,31.2,31.2,30.81,30.86,1757,0
WDMF,20171218,31,31.15,31,31.14,2500,0
WDMF,20171219,31.1,31.39,31.1,31.38,3691,0
WDMF,20171220,31.31,31.38,31.31,31.38,1416,0
WDMF,20171221,31.28,31.34,31.28,31.34,1082,0
WDMF,20171222,31.23,31.23,31.1,31.11,1260,0
WDMF,20171225,31.11,31.11,31.11,31.11,0,0
WDMF,20171226,31.11,31.11,31.11,31.11,0,0
WDMF,20171227,31.1,31.1,31.07,31.07,713,0
WDMF,20171228,30.99,30.99,30.85,30.98,558,0
WDMF,20171229,30.92,30.92,30.92,30.92,109,0
WDMF,20180101,30.92,30.92,30.92,30.92,0,0
WDMF,20180102,30.95,30.95,30.76,30.76,5031,0
WDMF,20180103,30.95,30.99,30.95,30.99,995,0
WDMF,20180104,30.8,30.88,30.8,30.8,846,0
WDMF,20180105,31,31,30.91,30.93,1249,0
WDMF,20180108,31.22,31.29,31.11,31.29,1039,0
WDMF,20180109,31.3,31.4,31.27,31.27,2780,0
WDMF,20180110,31.49,31.5,31.41,31.41,2679,0
WDMF,20180111,31.39,31.39,31.25,31.31,4501,0
WDMF,20180112,31.31,31.46,31.31,31.36,505,0
WDMF,20180115,31.44,31.51,31.44,31.44,650,0
WDMF,20180116,31.39,31.58,31.39,31.58,707,0
WDMF,20180117,31.58,31.58,31.27,31.3,709,0
WDMF,20180118,31.66,31.66,31.51,31.51,143,0
WDMF,20180119,31.42,31.42,31.16,31.25,6385,0
WDMF,20180122,31.41,31.58,31.41,31.58,1090,0
WDMF,20180123,31.78,31.78,31.78,31.78,105,0
WDMF,20180124,31.63,31.73,31.59,31.73,3540,0
WDMF,20180125,31.59,31.59,31.49,31.49,1801,0
WDMF,20180126,31.49,31.49,31.49,31.49,0,0
WDMF,20180129,31.49,31.68,31.49,31.6,863,0
WDMF,20180130,31.44,31.48,31.3,31.3,6126,0
WDMF,20180131,31.18,31.21,31.18,31.21,243,0
WDMF,20180201,31.25,31.25,31.1,31.25,662,0
WDMF,20180202,31.28,31.34,31.28,31.34,1092,0
WDMF,20180205,31.16,31.16,30.78,30.98,3970,0
WDMF,20180206,29.99,30.03,29.5,29.5,2699,0
WDMF,20180207,30.15,30.18,30.1,30.18,4326,0
WDMF,20180208,30.37,30.37,30.37,30.37,900,0
WDMF,20180209,30,30.02,29.87,30.02,1274,0
WDMF,20180212,29.95,30.02,29.92,30.02,2569,0
WDMF,20180213,29.93,30.04,29.9,29.9,4545,0
WDMF,20180214,30.15,30.18,30.06,30.06,7939,0
WDMF,20180215,30.24,30.38,30.24,30.38,2512,0
WDMF,20180216,30.65,30.65,30.65,30.65,192,0
WDMF,20180219,30.83,30.83,30.8,30.83,2772,0
WDMF,20180220,30.77,30.82,30.71,30.82,1692,0
WDMF,20180221,30.81,30.98,30.81,30.93,3688,0
WDMF,20180222,31.02,31.02,30.94,30.97,927,0
WDMF,20180223,30.97,30.97,30.97,30.97,65,0
WDMF,20180226,31.27,31.27,31.16,31.16,965,0
WDMF,20180227,31.4,31.41,31.4,31.41,1418,0
WDMF,20180228,31.39,31.46,31.34,31.39,1006,0
WDMF,20180301,31.25,31.33,31.25,31.33,612,0
WDMF,20180302,30.89,30.93,30.8,30.8,333,0
WDMF,20180305,30.86,30.86,30.86,30.86,437,0
WDMF,20180306,31.04,31.08,30.88,31.04,12471,0
WDMF,20180307,31.02,31.02,30.95,30.95,1285,0
WDMF,20180308,31.09,31.13,31.09,31.1,267,0
WDMF,20180309,31.35,31.35,31.32,31.32,420,0
WDMF,20180312,31.41,31.42,31.3,31.3,2224,0
WDMF,20180313,31.38,31.42,31.38,31.42,1693,0
WDMF,20180314,31.23,31.38,31.19,31.37,1066,0
WDMF,20180315,31.2,31.23,31.1,31.1,2587,0
WDMF,20180316,31.64,31.64,31.6,31.6,888,0
WDMF,20180319,31.9,31.9,31.71,31.9,779,0
WDMF,20180320,31.77,31.77,31.73,31.76,425,0
WDMF,20180321,31.92,31.92,31.73,31.76,1285,0
WDMF,20180322,31.68,31.78,31.67,31.78,1252,0
WDMF,20180323,31.25,31.25,30.98,31.11,10154,0
WDMF,20180326,30.69,30.77,30.69,30.77,2462,0
WDMF,20180327,31.11,31.11,31.11,31.11,72,0
WDMF,20180328,31.1,31.1,31,31,6904,0
WDMF,20180329,31.05,31.05,31.01,31.01,823,0
WDMF,20180330,31.01,31.01,31.01,31.01,0,0
WDMF,20180402,31.01,31.01,31.01,31.01,0,0
WDMF,20180403,31.01,31.01,30.68,30.68,2787,0
WDMF,20180404,30.97,30.97,30.8,30.84,18158,0
WDMF,20180405,30.94,31.16,30.94,31.16,1314,0
WDMF,20180406,31.03,31.09,31,31.09,4691,0
WDMF,20180409,31.02,31.02,30.87,30.88,874,0
WDMF,20180410,30.9,31.07,30.88,31.07,2060,0
WDMF,20180411,31.02,31.06,30.88,31.05,4834,0
WDMF,20180412,31.09,31.13,31.09,31.1,2528,0
WDMF,20180413,30.98,31.12,30.98,31.12,550,0
WDMF,20180416,31.15,31.26,31.15,31.22,5266,0
WDMF,20180417,31.23,31.48,31.23,31.46,13309,0
WDMF,20180418,31.45,31.67,31.45,31.67,11706,0
WDMF,20180419,31.64,31.72,31.45,31.64,2862,0
WDMF,20180420,31.7,31.73,31.7,31.73,2404,0
WDMF,20180423,31.83,31.83,31.8,31.8,7611,0
WDMF,20180424,32,32.07,31.91,32.02,9279,0
WDMF,20180425,32.02,32.02,32.02,32.02,0,0
WDMF,20180426,31.89,31.89,31.7,31.7,1754,0
WDMF,20180427,32.05,32.08,32.05,32.08,377,0
WDMF,20180430,31.91,31.99,31.86,31.99,1017,0
WDMF,20180501,31.88,31.91,31.73,31.87,382,0
WDMF,20180502,32,32.04,31.9,31.9,5680,0
WDMF,20180503,31.89,31.89,31.61,31.61,18935,0
WDMF,20180504,31.81,31.83,31.75,31.75,21320,0
WDMF,20180507,32.1,32.1,32.03,32.1,6820,0
WDMF,20180508,32.13,32.15,32.13,32.15,39600,0
WDMF,20180509,32.52,32.52,32.43,32.47,1620,0
WDMF,20180510,32.44,32.59,32.44,32.59,43388,0
WDMF,20180511,32.41,32.59,32.41,32.59,582,0
WDMF,20180514,32.6,32.69,32.6,32.69,22198,0
WDMF,20180515,32.68,32.73,32.61,32.73,5656,0
WDMF,20180516,32.76,32.86,32.76,32.76,6146,0
WDMF,20180517,32.68,32.68,32.61,32.61,12244,0
WDMF,20180518,32.77,32.85,32.77,32.85,784,0
WDMF,20180521,32.81,32.89,32.81,32.81,30688,0
WDMF,20180522,32.64,32.69,32.64,32.69,4580,0
WDMF,20180523,32.61,32.69,32.61,32.65,8465,0
WDMF,20180524,32.48,32.5,32.38,32.44,1838,0
WDMF,20180525,32.52,32.58,32.47,32.58,4708,0
WDMF,20180528,32.5,32.52,32.41,32.41,24377,0
WDMF,20180529,32.43,32.47,32.43,32.47,381,0
WDMF,20180530,32.27,32.28,32.22,32.26,26404,0
WDMF,20180531,32.24,32.35,32.24,32.26,81335,0
WDMF,20180601,32.2,32.2,32.11,32.11,13905,0
WDMF,20180604,32.31,32.32,32.2,32.2,14381,0
WDMF,20180605,32.22,32.22,32.15,32.19,23773,0
WDMF,20180606,32.33,32.33,32.29,32.29,35047,0
WDMF,20180607,32.48,32.48,32.47,32.47,851,0
WDMF,20180608,32.52,32.64,32.52,32.64,26439,0
WDMF,20180611,32.64,32.64,32.64,32.64,0,0
WDMF,20180612,32.74,32.74,32.55,32.55,11001,0
WDMF,20180613,32.75,32.86,32.71,32.83,33334,0
WDMF,20180614,32.61,32.79,32.61,32.64,37571,0
WDMF,20180615,33.09,33.12,33,33.09,21942,0
WDMF,20180618,33.07,33.16,32.88,32.99,11488,0
WDMF,20180619,32.99,33.03,32.88,32.98,2734,0
WDMF,20180620,32.9,32.95,32.79,32.79,8817,0
WDMF,20180621,33.15,33.22,32.98,33.22,9520,0
WDMF,20180622,32.7,32.84,32.67,32.8,11162,0
WDMF,20180625,32.58,32.58,32.42,32.44,17477,0
WDMF,20180626,32.19,32.26,32.15,32.26,6374,0
WDMF,20180627,32.36,32.41,32.36,32.41,6993,0
WDMF,20180628,32.35,32.35,32.17,32.2,24569,0
WDMF,20180629,32.29,32.29,32.24,32.24,637,0
WDMF,20180702,31.58,31.58,31.35,31.4,45567,0
WDMF,20180703,31.41,31.51,31.41,31.41,13466,0
WDMF,20180704,31.29,31.49,31.2,31.25,19330,0
WDMF,20180705,31.25,31.37,31.21,31.23,5317,0
WDMF,20180706,31.45,31.47,31.39,31.47,51796,0
WDMF,20180709,31.5,31.5,31.41,31.48,73469,0
WDMF,20180710,31.6,31.66,31.6,31.66,26202,0
WDMF,20180711,31.6,31.78,31.6,31.78,40570,0
WDMF,20180712,31.79,31.83,31.78,31.78,48624,0
WDMF,20180713,31.6,31.83,31.6,31.82,43098,0
WDMF,20180716,31.79,31.93,31.7,31.73,19238,0
WDMF,20180717,31.69,31.69,31.63,31.63,166454,0
WDMF,20180718,32,32.02,31.93,31.97,70928,0
WDMF,20180719,32,32,31.92,31.96,92422,0
WDMF,20180720,32,32.19,32,32.05,38571,0
WDMF,20180723,31.81,31.81,31.75,31.78,47242,0
WDMF,20180724,31.95,32.04,31.94,32.03,53409,0
WDMF,20180725,31.8,31.86,31.74,31.86,65053,0
WDMF,20180726,31.8,32.03,31.8,31.98,108465,0
WDMF,20180727,32.42,32.42,32.27,32.27,24863,0
WDMF,20180730,32.04,32.12,32.02,32.03,47682,0
WDMF,20180731,31.98,32,31.95,31.95,30401,0
WDMF,20180801,32.13,32.16,32.09,32.16,35325,0
WDMF,20180802,32,32.03,31.91,31.99,86483,0
WDMF,20180803,32.24,32.24,32.17,32.17,48655,0
WDMF,20180806,32.14,32.2,32.14,32.2,14497,0
WDMF,20180807,32.15,32.2,32.14,32.15,7190,0
WDMF,20180808,32.2,32.23,32.18,32.18,20202,0
WDMF,20180809,32.2,32.2,32.11,32.12,10311,0
WDMF,20180810,32.27,32.27,32.25,32.26,64759,0
WDMF,20180813,32.26,32.27,32.23,32.25,38102,0
WDMF,20180814,32.3,32.4,32.3,32.37,120022,0
WDMF,20180815,32.62,32.64,32.6,32.61,41638,0
WDMF,20180816,32.21,32.21,32.13,32.14,55368,0
WDMF,20180817,32.29,32.3,32.21,32.29,68511,0
WDMF,20180820,32.27,32.27,32.22,32.22,37890,0
WDMF,20180821,32.14,32.21,32.14,32.18,43058,0
WDMF,20180822,32.11,32.26,32.11,32.26,26602,0
WDMF,20180823,32.4,32.56,32.4,32.49,33630,0
WDMF,20180824,32.67,32.68,32.58,32.58,15762,0
WDMF,20180827,32.56,32.68,32.56,32.68,49797,0
WDMF,20180828,32.82,32.86,32.76,32.86,24280,0
WDMF,20180829,32.84,32.89,32.84,32.89,2977,0
WDMF,20180830,33.03,33.2,33.03,33.09,27934,0
WDMF,20180831,33,33.08,33,33.08,10294,0
WDMF,20180903,33.23,33.38,33.23,33.24,4567,0
WDMF,20180904,33.29,33.29,33.07,33.1,18908,0
WDMF,20180905,33.18,33.3,33.1,33.3,19428,0
WDMF,20180906,32.94,33.16,32.94,33.03,26071,0
WDMF,20180907,32.79,32.95,32.75,32.95,34178,0
WDMF,20180910,33.08,33.11,33.08,33.1,12125,0
WDMF,20180911,33.15,33.18,33.06,33.06,49547,0
WDMF,20180912,33.25,33.25,33.14,33.16,28347,0
WDMF,20180913,33.17,33.17,32.77,32.77,31832,0
WDMF,20180914,33.01,33.09,32.97,33.01,43587,0
WDMF,20180917,33.24,33.3,33.23,33.3,19784,0
WDMF,20180918,33.08,33.15,33.08,33.13,38738,0
WDMF,20180919,33.22,33.23,33.14,33.19,11601,0
WDMF,20180920,33.08,33.08,33.07,33.07,411,0
WDMF,20180921,33.2,33.2,33.15,33.2,23730,0
WDMF,20180924,33.1,33.22,33.1,33.16,4726,0
WDMF,20180925,33.29,33.32,33.29,33.32,74921,0
WDMF,20180926,33.33,33.33,33.2,33.33,5933,0
WDMF,20180927,33.26,33.26,33.14,33.18,1839,0
WDMF,20180928,33.3,33.3,33.2,33.2,23333,0
WDMF,20181001,33.36,33.36,33.33,33.34,17193,0
WDMF,20181002,33.28,33.28,33.15,33.15,59222,0
WDMF,20181003,33.39,33.4,33.35,33.35,1813,0
WDMF,20181004,33.64,33.69,33.63,33.69,14740,0
WDMF,20181005,33.54,33.75,33.54,33.72,44681,0
WDMF,20181008,33.52,33.62,33.43,33.49,21787,0
WDMF,20181009,33.32,33.34,33.1,33.16,7761,0
WDMF,20181010,33.08,33.08,32.8,32.87,36662,0
WDMF,20181011,32.36,32.36,31.8,31.8,9483,0
WDMF,20181012,31.8,31.89,31.55,31.7,34109,0
WDMF,20181015,31.55,31.68,31.55,31.59,6643,0
WDMF,20181016,31.42,31.54,31.42,31.5,26318,0
WDMF,20181017,32.05,32.05,31.97,31.98,45271,0
WDMF,20181018,31.92,31.92,31.76,31.77,13732,0
WDMF,20181019,31.65,31.67,31.65,31.66,18439,0
WDMF,20181022,31.36,31.44,31.25,31.44,43372,0
WDMF,20181023,31.46,31.46,31.2,31.2,5358,0
WDMF,20181024,31.2,31.2,31.01,31.03,3644,0
WDMF,20181025,30.37,30.39,30.21,30.21,54145,0
WDMF,20181026,30.58,30.58,30.25,30.44,36746,0
WDMF,20181029,30.3,30.44,30.3,30.32,3334,0
WDMF,20181030,30.44,30.53,30.4,30.53,19238,0
WDMF,20181031,30.66,30.75,30.55,30.75,3346,0
WDMF,20181101,30.97,31.04,30.7,30.84,26962,0
WDMF,20181102,30.87,30.91,30.83,30.85,30211,0
WDMF,20181105,30.76,30.87,30.76,30.85,11741,0
WDMF,20181106,30.96,31,30.9,30.9,25424,0
WDMF,20181107,31.04,31.1,30.99,31,27384,0
WDMF,20181108,31.39,31.39,31.26,31.26,29337,0
WDMF,20181109,31.26,31.26,31.1,31.22,18380,0
WDMF,20181112,31.04,31.1,31.01,31.09,41976,0
WDMF,20181113,30.81,30.81,30.61,30.63,11508,0
WDMF,20181114,30.7,30.7,30.5,30.59,70702,0
WDMF,20181115,30.35,30.35,30.14,30.19,15360,0
WDMF,20181116,30.35,30.35,30.27,30.33,11839,0
WDMF,20181119,30.24,30.27,30.21,30.21,709,0
WDMF,20181120,30.05,30.05,29.85,30.04,1083,0
WDMF,20181121,29.56,29.71,29.56,29.71,6462,0
WDMF,20181122,29.77,29.8,29.69,29.79,1996,0
WDMF,20181123,29.73,29.8,29.72,29.76,1895,0
WDMF,20181126,29.88,29.88,29.73,29.79,3552,0
WDMF,20181127,30,30.1,29.97,30.05,69766,0
WDMF,20181128,30,30.14,29.99,30.01,23231,0
WDMF,20181129,30.24,30.24,30.12,30.12,62543,0
WDMF,20181130,30.06,30.07,30.02,30.07,4224,0
WDMF,20181203,30.29,30.46,30.25,30.33,23377,0
WDMF,20181204,30.27,30.27,30.08,30.08,70032,0
WDMF,20181205,29.72,30.21,29.72,30.2,95692,0
WDMF,20181206,29.8,29.83,29.8,29.81,2106,0
WDMF,20181207,29.8,29.86,29.8,29.83,66222,0
WDMF,20181210,29.43,29.43,29.09,29.21,11501,0
WDMF,20181211,29.28,29.3,29.03,29.14,47133,0
WDMF,20181212,29.17,29.34,29.17,29.25,18203,0
WDMF,20181213,29.51,29.53,29.4,29.53,23390,0
WDMF,20181214,29.26,29.32,29.26,29.28,1558,0
WDMF,20181217,29.13,29.24,29.08,29.17,85626,0
WDMF,20181218,28.82,28.87,28.64,28.64,7903,0
WDMF,20181219,28.55,28.58,28.46,28.58,4410,0
WDMF,20181220,28.36,28.62,28.27,28.27,14523,0
WDMF,20181221,28.24,28.3,28.13,28.2,54289,0
WDMF,20181224,27.88,28.04,27.79,28.04,3585,0
WDMF,20181225,28.04,28.04,28.04,28.04,0,0
WDMF,20181226,28.04,28.04,28.04,28.04,0,0
WDMF,20181227,28.41,28.42,28.41,28.42,179,0
WDMF,20181228,28.73,28.73,28.49,28.6,1136,0
WDMF,20181231,28.8,28.8,28.8,28.8,592,0
WDMF,20190101,28.8,28.8,28.8,28.8,0,0
WDMF,20190102,28.9,29.05,28.7,28.82,13031,0
WDMF,20190103,28.99,28.99,28.75,28.8,14998,0
WDMF,20190104,28.12,28.28,28.12,28.28,16910,0
WDMF,20190107,28.68,28.76,28.54,28.54,6100,0
WDMF,20190108,28.82,28.96,28.82,28.96,1548,0
WDMF,20190109,29.02,29.14,28.97,29.14,10639,0
WDMF,20190110,29.05,29.28,29.05,29.05,17324,0
WDMF,20190111,29.16,29.27,29.15,29.15,2557,0
WDMF,20190114,29.21,29.21,29.08,29.08,3489,0
WDMF,20190115,29.34,29.34,29.29,29.33,36192,0
WDMF,20190116,29.47,29.47,29.31,29.4,5968,0
WDMF,20190117,29.47,29.66,29.47,29.52,20294,0
WDMF,20190118,29.6,29.87,29.6,29.8,14071,0
WDMF,20190121,30.22,30.22,30.1,30.1,2653,0
WDMF,20190122,30.1,30.18,30.09,30.12,6324,0
WDMF,20190123,29.9,30.03,29.9,30,15662,0
WDMF,20190124,29.98,30.05,29.89,30.04,70384,0
WDMF,20190125,30.26,30.4,30.23,30.4,2792,0
WDMF,20190128,30.4,30.4,30.4,30.4,0,0
WDMF,20190129,30.22,30.22,30.02,30.02,24672,0
WDMF,20190130,30.15,30.39,30.15,30.15,26752,0
WDMF,20190131,30.38,30.38,30.25,30.32,3106,0
WDMF,20190201,30.28,30.45,30.28,30.45,41890,0
WDMF,20190204,30.43,30.55,30.43,30.55,873,0
WDMF,20190205,30.66,30.74,30.66,30.66,10947,0
WDMF,20190206,30.72,30.97,30.72,30.97,822,0
WDMF,20190207,31.18,31.26,31.16,31.25,8922,0
WDMF,20190208,31.09,31.09,30.97,31,36517,0
WDMF,20190211,30.98,31.01,30.74,30.74,9196,0
WDMF,20190212,31.05,31.12,30.95,31.03,22288,0
WDMF,20190213,31.28,31.29,31.16,31.2,7308,0
WDMF,20190214,31.27,31.4,31.25,31.36,17828,0
WDMF,20190215,31.33,31.36,31.21,31.26,2022,0
WDMF,20190218,31.6,31.6,31.44,31.57,1091,0
WDMF,20190219,31.75,31.75,31.51,31.74,3271,0
WDMF,20190220,31.68,31.68,31.51,31.51,24033,0
WDMF,20190221,31.56,31.81,31.5,31.68,3499,0
WDMF,20190222,31.68,31.79,31.68,31.79,16848,0
WDMF,20190225,31.93,31.93,31.8,31.81,1885,0
WDMF,20190226,31.79,31.79,31.58,31.66,68135,0
WDMF,20190227,31.58,31.67,31.4,31.56,70130,0
WDMF,20190228,31.75,31.78,31.71,31.73,28393,0
WDMF,20190301,31.82,31.88,31.78,31.88,1263,0
WDMF,20190304,31.95,32.13,31.95,32.11,32666,0
WDMF,20190305,31.83,31.86,31.78,31.86,25322,0
WDMF,20190306,31.79,31.93,31.72,31.92,9027,0
WDMF,20190307,31.76,31.76,31.69,31.72,1667,0
WDMF,20190308,31.6,31.6,31.5,31.5,20440,0
WDMF,20190311,31.32,31.32,31.26,31.28,54852,0
WDMF,20190312,31.53,31.64,31.53,31.57,1584,0
WDMF,20190313,31.56,31.61,31.55,31.55,2578,0
WDMF,20190314,31.69,31.78,31.68,31.78,2661,0
WDMF,20190315,31.65,31.75,31.65,31.75,1349,0
WDMF,20190318,31.85,31.85,31.72,31.75,2508,0
WDMF,20190319,31.85,31.93,31.85,31.92,1447,0
WDMF,20190320,31.94,31.99,31.86,31.96,1958,0
WDMF,20190321,31.69,31.69,31.43,31.43,30247,0
WDMF,20190322,31.81,31.86,31.8,31.8,16290,0
WDMF,20190325,31.5,31.5,31.17,31.23,37780,0
WDMF,20190326,31.2,31.23,31.18,31.21,2478,0
WDMF,20190327,31.25,31.4,31.21,31.4,815,0
WDMF,20190328,31.41,31.41,31.25,31.29,28030,0
WDMF,20190329,31.51,31.55,31.5,31.55,26485,0
WDMF,20190401,31.72,31.76,31.72,31.75,17666,0
WDMF,20190402,32,32.06,31.92,32.06,1955,0
WDMF,20190403,32.11,32.12,32.04,32.09,12466,0
WDMF,20190404,32.07,32.1,32.02,32.02,11289,0
WDMF,20190405,32.15,32.17,32.11,32.17,3546,0
WDMF,20190408,32.42,32.42,32.32,32.4,16748,0
WDMF,20190409,32.22,32.28,32.22,32.25,4706,0
WDMF,20190410,32.01,32.18,32.01,32.09,2569,0
WDMF,20190411,32.12,32.12,32.07,32.1,1706,0
WDMF,20190412,32.17,32.27,32.17,32.21,8200,0
WDMF,20190415,32.12,32.16,32.03,32.14,4670,0
WDMF,20190416,32.05,32.26,32.05,32.26,955,0
WDMF,20190417,32.05,32.05,31.84,31.86,1906,0
WDMF,20190418,31.93,31.93,31.7,31.7,13643,0
WDMF,20190419,31.7,31.7,31.7,31.7,0,0
WDMF,20190422,31.7,31.7,31.7,31.7,0,0
WDMF,20190423,32,32.26,31.9,32.26,1851,0
WDMF,20190424,32.27,32.79,32.27,32.7,3372,0
WDMF,20190425,32.7,32.7,32.7,32.7,0,0
WDMF,20190426,32.56,32.57,32.37,32.47,9554,0
WDMF,20190429,32.44,32.54,32.44,32.52,9372,0
WDMF,20190430,32.5,32.56,32.49,32.56,11809,0
WDMF,20190501,32.6,32.68,32.6,32.68,14829,0
WDMF,20190502,32.49,32.49,32.41,32.46,13436,0
WDMF,20190503,32.5,32.54,32.48,32.54,12121,0
WDMF,20190506,32.37,32.37,32.25,32.25,21013,0
WDMF,20190507,32.4,32.43,32.21,32.21,3585,0
WDMF,20190508,32.11,32.11,32,32,4200,0
WDMF,20190509,32,32,31.93,31.99,8214,0
WDMF,20190510,31.95,31.96,31.75,31.79,27334,0
WDMF,20190513,31.79,31.79,31.79,31.79,0,0
WDMF,20190514,31.39,31.62,31.39,31.6,2897,0
WDMF,20190515,31.84,31.96,31.84,31.94,1471,0
WDMF,20190516,31.93,32.05,31.93,31.97,5146,0
WDMF,20190517,32.39,32.39,32.26,32.26,3527,0
WDMF,20190520,32.2,32.21,32.14,32.2,13126,0
WDMF,20190521,31.98,32.27,31.98,32.27,2861,0
WDMF,20190522,32.33,32.39,32.31,32.37,2824,0
WDMF,20190523,32.16,32.28,32.09,32.09,14008,0
WDMF,20190524,31.85,31.85,31.75,31.84,31984,0
WDMF,20190527,31.78,31.81,31.74,31.75,6460,0
WDMF,20190528,31.85,31.88,31.84,31.88,8623,0
WDMF,20190529,31.5,31.5,31.38,31.49,3071,0
WDMF,20190530,31.22,31.31,31.18,31.19,17346,0
WDMF,20190531,31.2,31.22,31.2,31.22,2395,0
WDMF,20190603,30.88,30.88,30.73,30.86,10356,0
WDMF,20190604,30.94,30.96,30.92,30.92,6216,0
WDMF,20190605,31.47,31.48,31.45,31.46,10440,0
WDMF,20190606,31.6,31.68,31.6,31.64,4558,0
WDMF,20190607,31.75,31.82,31.75,31.82,1651,0
WDMF,20190610,31.82,31.82,31.82,31.82,0,0
WDMF,20190611,32.25,32.44,32.25,32.44,18794,0
WDMF,20190612,32.31,32.42,32.31,32.38,18377,0
WDMF,20190613,32.42,32.47,32.41,32.47,14318,0
WDMF,20190614,32.61,32.79,32.61,32.76,6975,0
WDMF,20190617,32.7,32.77,32.7,32.77,3983,0
WDMF,20190618,32.78,32.82,32.75,32.75,2713,0
WDMF,20190619,33.05,33.09,33.05,33.09,1262,0
WDMF,20190620,33.19,33.24,33.15,33.23,8317,0
WDMF,20190621,33.21,33.21,33.08,33.08,7261,0
WDMF,20190624,33.08,33.08,33.08,33.08,0,0
WDMF,20190625,33.01,33.01,32.81,32.81,5390,0
WDMF,20190626,32.74,32.74,32.66,32.67,5683,0
WDMF,20190627,32.6,32.68,32.55,32.68,3494,0
WDMF,20190628,32.68,32.74,32.59,32.59,107044,0
WDMF,20190701,32.68,32.86,32.67,32.86,7803,0
WDMF,20190702,32.91,32.92,32.88,32.91,5665,0
WDMF,20190703,32.76,32.87,32.65,32.86,3177,0
WDMF,20190704,32.91,32.91,32.82,32.9,5355,0
WDMF,20190705,32.88,33,32.88,33,11866,0
WDMF,20190708,32.91,33.06,32.8,32.8,3455,0
WDMF,20190709,32.8,32.9,32.8,32.82,3768,0
WDMF,20190710,32.87,33.1,32.87,33.04,5232,0
WDMF,20190711,33.05,33.05,33,33,1002,0
WDMF,20190712,33.01,33.02,32.96,32.96,2238,0
WDMF,20190715,33.04,33.04,32.99,33.02,3231,0
WDMF,20190716,33.04,33.04,32.99,33,8171,0
WDMF,20190717,33,33.07,32.94,33.05,3919,0
WDMF,20190718,32.91,32.91,32.67,32.67,2909,0
WDMF,20190719,32.78,32.8,32.7,32.73,6214,0
WDMF,20190722,32.63,32.78,32.63,32.78,9161,0
WDMF,20190723,32.77,32.87,32.77,32.87,6681,0
WDMF,20190724,33.15,33.25,33.15,33.19,9761,0
WDMF,20190725,33.3,33.4,33.22,33.35,20337,0
WDMF,20190726,33.22,33.35,33.22,33.35,3530,0
WDMF,20190729,33.44,33.44,33.35,33.42,3548,0
WDMF,20190730,33.5,33.53,33.48,33.49,7094,0
WDMF,20190731,33.46,33.46,33.29,33.29,9750,0
WDMF,20190801,33.23,33.23,33.1,33.21,4087,0
WDMF,20190802,32.92,32.92,32.82,32.86,9478,0
WDMF,20190805,32.67,32.7,32.44,32.45,6352,0
WDMF,20190806,31.42,31.76,31.42,31.76,15920,0
WDMF,20190807,32.23,32.49,32.15,32.49,8006,0
WDMF,20190808,32.32,32.42,32.26,32.4,5107,0
WDMF,20190809,32.67,32.75,32.55,32.59,14126,0
WDMF,20190812,32.44,32.53,32.44,32.53,3902,0
WDMF,20190813,32.38,32.38,32.08,32.08,2426,0
WDMF,20190814,32.2,32.51,32.2,32.51,32912,0
WDMF,20190815,31.78,31.8,31.74,31.79,13737,0
WDMF,20190816,31.79,31.84,31.74,31.83,12377,0
WDMF,20190819,32.22,32.31,32.21,32.31,1778,0
WDMF,20190820,32.48,32.48,32.39,32.4,3497,0
WDMF,20190821,32.23,32.23,32.15,32.18,5090,0
WDMF,20190822,32.5,32.56,32.44,32.52,12065,0
WDMF,20190823,32.55,32.66,32.55,32.61,3597,0
WDMF,20190826,31.89,31.89,31.79,31.79,11419,0
WDMF,20190827,31.95,32.12,31.95,32.1,1811,0
WDMF,20190828,32.12,32.17,32.05,32.17,10116,0
WDMF,20190829,32.21,32.29,32.14,32.21,2506,0
WDMF,20190830,32.66,32.83,32.66,32.79,1282,0
WDMF,20190902,32.69,32.69,32.62,32.67,12434,0
WDMF,20190903,32.73,32.73,32.67,32.67,1072,0
WDMF,20190904,32.45,32.57,32.31,32.57,3313,0
WDMF,20190905,32.62,32.91,32.62,32.87,1100,0
WDMF,20190906,32.98,33.1,32.98,33.01,2193,0
WDMF,20190909,33.04,33.05,32.99,33.01,2348,0
WDMF,20190910,32.94,33.01,32.94,32.95,5479,0
WDMF,20190911,33.06,33.06,33.02,33.03,2913,0
WDMF,20190912,33.34,33.35,33.33,33.33,6990,0
WDMF,20190913,33.37,33.37,33.27,33.35,9314,0
WDMF,20190916,33.12,33.21,33.12,33.2,3514,0
WDMF,20190917,33.37,33.42,33.3,33.42,6671,0
WDMF,20190918,33.41,33.44,33.35,33.41,5874,0
WDMF,20190919,33.51,33.71,33.51,33.59,23682,0
WDMF,20190920,33.59,33.69,33.55,33.55,1879,0
WDMF,20190923,33.47,33.64,33.47,33.57,4339,0
WDMF,20190924,33.62,33.69,33.62,33.66,5185,0
WDMF,20190925,33.25,33.31,33.19,33.31,9154,0
WDMF,20190926,33.44,33.525,33.44,33.44,13531,0
WDMF,20190927,33.42,33.44,33.31,33.32,31006,0
WDMF,20190930,33.36,33.44,33.35,33.44,3935,0
WDMF,20191001,33.5,33.79,33.5,33.79,6202,0
WDMF,20191002,33.29,33.3,33.23,33.3,4234,0
WDMF,20191003,32.72,32.72,32.65,32.65,3048,0
WDMF,20191004,32.69,32.69,32.58,32.67,13906,0
WDMF,20191007,32.87,32.87,32.69,32.87,1928,0
WDMF,20191008,32.96,33.03,32.9,32.99,13352,0
WDMF,20191009,32.5,32.53,32.46,32.48,9418,0
WDMF,20191010,32.4,32.58,32.4,32.5,1982,0
WDMF,20191011,32.87,32.91,32.81,32.91,7066,0
WDMF,20191014,33.27,33.34,33.26,33.32,11838,0
WDMF,20191015,33.21,33.44,33.17,33.44,8325,0
WDMF,20191016,33.5,33.67,33.5,33.6,8261,0
WDMF,20191017,33.53,33.53,33.34,33.4,13301,0
WDMF,20191018,33.23,33.25,33.2,33.22,4813,0
WDMF,20191021,33.26,33.29,33.03,33.2,4145,0
WDMF,20191022,33.29,33.33,33.26,33.33,4956,0
WDMF,20191023,33.22,33.32,33.22,33.32,4010,0
WDMF,20191024,33.33,33.48,33.33,33.47,2285,0
WDMF,20191025,33.7,33.84,33.7,33.71,20695,0
WDMF,20191028,33.88,34.03,33.79,34.03,11489,0
WDMF,20191029,34,34,33.87,33.87,11679,0
WDMF,20191030,33.9,33.92,33.83,33.92,5783,0
WDMF,20191031,33.72,33.74,33.55,33.58,2899,0
WDMF,20191101,33.59,33.74,33.57,33.74,4197,0
WDMF,20191104,33.94,33.94,33.8,33.84,1994,0
WDMF,20191105,33.99,34.27,33.97,34.14,28232,0
WDMF,20191106,34.12,34.12,34.04,34.04,30111,0
WDMF,20191107,34.2,34.31,34.04,34.28,25701,0
WDMF,20191108,34.31,34.31,34.25,34.28,27341,0
WDMF,20191111,34.45,34.45,34.34,34.39,29890,0
WDMF,20191112,34.55,34.56,34.38,34.45,4009,0
WDMF,20191113,34.47,34.47,34.36,34.38,2693,0
WDMF,20191114,34.46,34.62,34.46,34.6,3370,0
WDMF,20191115,34.87,34.87,34.81,34.87,36089,0
WDMF,20191118,34.86,34.9,34.83,34.9,2510,0
WDMF,20191119,34.96,35.05,34.96,35.03,14251,0
WDMF,20191120,34.83,34.84,34.74,34.82,6913,0
WDMF,20191121,34.93,34.93,34.74,34.77,2449,0
WDMF,20191122,34.88,34.94,34.88,34.94,3774,0
WDMF,20191125,34.91,35.04,34.9,35.04,9232,0
WDMF,20191126,35.17,35.46,35.15,35.26,3266,0
WDMF,20191127,35.42,35.55,35.41,35.54,2105,0
WDMF,20191128,35.65,35.65,35.4,35.42,6921,0
WDMF,20191129,35.56,35.57,35.44,35.44,2300,0
WDMF,20191202,35.33,35.46,35.33,35.42,13931,0
WDMF,20191203,34.91,34.91,34.77,34.8,6000,0
WDMF,20191204,34.48,34.48,34.34,34.45,2662,0
WDMF,20191205,34.44,34.73,34.44,34.61,49089,0
WDMF,20191206,34.8,34.8,34.7,34.75,8630,0
WDMF,20191209,34.7,34.98,34.7,34.95,9586,0
WDMF,20191210,34.87,34.95,34.87,34.95,1574,0
WDMF,20191211,34.96,35.02,34.73,34.99,12466,0
WDMF,20191212,34.73,34.9,34.71,34.79,3674,0
WDMF,20191213,35.1,35.16,34.87,35.03,3264,0
WDMF,20191216,35.11,35.31,35.1,35.31,2833,0
WDMF,20191217,35.26,35.5,35.26,35.45,5706,0
WDMF,20191218,35.38,35.5,35.38,35.49,15097,0
WDMF,20191219,35.58,35.58,35.25,35.37,4267,0
WDMF,20191220,35.51,35.51,35.25,35.32,13563,0
WDMF,20191223,35.6,35.6,35.34,35.37,3897,0
WDMF,20191224,35.44,35.44,35.2,35.31,13393,0
WDMF,20191225,35.31,35.31,35.31,35.31,0,0
WDMF,20191226,35.31,35.31,35.31,35.31,0,0
WDMF,20191227,35.39,35.43,35.27,35.43,2035,0
WDMF,20191230,35.1,35.22,35.1,35.16,4761,0
WDMF,20191231,34.95,35.06,34.83,34.89,15792,0
WDMF,20200101,34.89,34.89,34.89,34.89,0,0
WDMF,20200102,34.94,35,34.82,35,2508,0
WDMF,20200103,35.4,35.4,34.99,34.99,606,0
WDMF,20200106,34.99,34.99,34.99,34.99,0,0
WDMF,20200107,34.78,35.01,34.78,35.01,8800,0
WDMF,20200108,35.24,35.24,34.75,35.01,18234,0
WDMF,20200109,35.37,35.41,35.33,35.4,2301,0
WDMF,20200110,35.41,35.56,35.41,35.49,2247,0
WDMF,20200113,35.53,35.53,35.17,35.21,9994,0
WDMF,20200114,35.21,35.45,35.21,35.4,10358,0
WDMF,20200115,35.45,35.47,35.4,35.4,2657,0
WDMF,20200116,35.57,35.57,35.33,35.33,2589,0
WDMF,20200117,35.84,35.88,35.67,35.75,6714,0
WDMF,20200120,35.9,35.91,35.84,35.89,27150,0
WDMF,20200121,35.92,35.92,35.8,35.8,2080,0
WDMF,20200122,36.02,36.13,36,36.13,2033,0
WDMF,20200123,35.99,36,35.85,35.93,23105,0
WDMF,20200124,36,36.15,36,36.14,3912,0
WDMF,20200127,36.14,36.14,36.14,36.14,0,0
WDMF,20200128,35.81,36.11,35.69,35.9,10242,0
WDMF,20200129,36.1,36.34,35.93,36.16,3314,0
WDMF,20200130,36.25,36.25,35.86,35.86,17102,0
WDMF,20200131,36.03,36.14,36.03,36.13,889,0
WDMF,20200203,35.55,35.69,35.55,35.63,4442,0
WDMF,20200204,35.88,35.88,35.68,35.77,14053,0
WDMF,20200205,36.15,36.15,35.94,36,6076,0
WDMF,20200206,36.59,36.59,36.36,36.55,3549,0
WDMF,20200207,36.47,36.67,36.46,36.56,8974,0
WDMF,20200210,36.51,36.51,36.39,36.42,5528,0
WDMF,20200211,36.75,36.76,36.6,36.66,1603,0
WDMF,20200212,36.81,36.81,36.54,36.58,2781,0
WDMF,20200213,36.99,36.99,36.72,36.78,4601,0
WDMF,20200214,36.93,36.96,36.81,36.96,3186,0
WDMF,20200217,37.01,37.01,36.88,36.92,1588,0
WDMF,20200218,36.92,36.99,36.85,36.88,3715,0
WDMF,20200219,36.99,37.02,36.95,37.02,3827,0
WDMF,20200220,37.15,37.28,37.1,37.15,12059,0
WDMF,20200221,37.24,37.26,37.15,37.26,5787,0
WDMF,20200224,36.85,36.92,36.27,36.64,32098,0
WDMF,20200225,36,36.16,36,36.15,25311,0
WDMF,20200226,35.31,35.31,35.1,35.25,9007,0
WDMF,20200227,35.01,35.01,34.57,34.57,61519,0
WDMF,20200228,33.27,33.63,33.27,33.48,56009,0
WDMF,20200302,33.5,33.64,33.05,33.53,26100,0
WDMF,20200303,34,34.68,34,34.19,8972,0
WDMF,20200304,33.59,33.83,33.3,33.79,5474,0
WDMF,20200305,34.43,34.72,34.23,34.23,5508,0
WDMF,20200306,33.81,33.84,33.41,33.41,15080,0
WDMF,20200309,31.71,32.33,31.71,32.09,33000,0
WDMF,20200310,30.58,31.96,30.58,31.96,4912,0
WDMF,20200311,31.55,32.5,31.55,31.62,8269,0
WDMF,20200312,30.7,31,29.69,30.08,6044,0
WDMF,20200313,28.77,28.77,27.92,28.6,9582,0
WDMF,20200316,28.15,29.75,27.99,29.71,3764,0
WDMF,20200317,29.09,29.46,28.48,29.46,11823,0
WDMF,20200318,29.46,29.46,28.72,28.72,8003,0
WDMF,20200319,30.02,30.46,29.3,29.73,2768,0
WDMF,20200320,29.71,29.71,28.98,29.39,11706,0
WDMF,20200323,27.8,27.81,27.39,27.81,3234,0
WDMF,20200324,28.18,28.18,27.53,28.18,15274,0
WDMF,20200325,29.46,29.56,29.1,29.29,6169,0
WDMF,20200326,30.14,30.46,30.14,30.2,4816,0
WDMF,20200327,30.88,31.32,30.445,30.54,8022,0
WDMF,20200330,29.49,29.98,29.49,29.88,5128,0
WDMF,20200331,31.02,31.02,30.2,30.2,4568,0
WDMF,20200401,29.88,30.21,29.88,30.06,1872,0
WDMF,20200402,29.36,29.65,29.35,29.62,7599,0
WDMF,20200403,29.7,30,29.6,29.6,3313,0
WDMF,20200406,30,31.06,30,31.06,12969,0
WDMF,20200407,31.59,31.59,30.96,31.36,3600,0
WDMF,20200408,30.9,31.5,30.8,31.5,3466,0
WDMF,20200409,31.53,31.76,31.41,31.76,14673,0
WDMF,20200410,31.76,31.76,31.76,31.76,0,0
WDMF,20200413,31.76,31.76,31.76,31.76,0,0
WDMF,20200414,30.69,31.73,30.69,31.73,14890,0
WDMF,20200415,31.16,31.82,31.11,31.56,7508,0
WDMF,20200416,31.4,31.43,31.09,31.43,11878,0
WDMF,20200417,32,32.34,31.91,32.23,9725,0
WDMF,20200420,32.13,32.15,31.84,32.15,4909,0
WDMF,20200421,31.54,31.64,31.24,31.42,4509,0
WDMF,20200422,30.85,30.99,30.71,30.76,2658,0
WDMF,20200423,31.25,31.25,31.12,31.15,8085,0
WDMF,20200424,30.76,30.88,30.68,30.7,1641,0
WDMF,20200427,30.98,31.32,30.98,31.32,1842,0
WDMF,20200428,31.95,31.95,31.35,31.36,14017,0
WDMF,20200429,31.59,31.75,31.59,31.68,4075,0
WDMF,20200430,32,32.3,32,32.15,4905,0
WDMF,20200501,31.76,31.76,31.15,31.18,8383,0
WDMF,20200504,30.85,30.95,30.65,30.95,1979,0
WDMF,20200505,31.05,31.16,31.01,31.12,3330,0
WDMF,20200506,31.19,31.25,31.15,31.25,2083,0
WDMF,20200507,31.18,31.27,31.18,31.27,5049,0
WDMF,20200508,31.28,31.4,31.22,31.4,3445,0
WDMF,20200511,31.4,31.92,31.4,31.69,20226,0
WDMF,20200512,31.84,31.84,31.75,31.77,5705,0
WDMF,20200513,31.12,31.21,30.96,31.11,5649,0
WDMF,20200514,30.66,30.99,30.66,30.68,6857,0
WDMF,20200515,30.94,30.98,30.76,30.98,7313,0
WDMF,20200518,31.04,31.4,31.04,31.39,3499,0
WDMF,20200519,31.81,32.06,31.81,32.06,3360,0
WDMF,20200520,31.8,32.13,31.74,31.8,1945,0
WDMF,20200521,31.87,31.9,31.86,31.86,1351,0
WDMF,20200522,31.83,31.83,31.58,31.59,6372,0
WDMF,20200525,31.93,32.07,31.93,32.07,2988,0
WDMF,20200526,32.1,32.43,32.1,32.43,959,0
WDMF,20200527,32.35,32.35,32.11,32.28,15074,0
WDMF,20200528,32.5,32.89,32.5,32.81,2965,0
WDMF,20200529,32.32,32.48,32.32,32.43,6980,0
WDMF,20200601,32.31,32.65,32.31,32.54,1947,0
WDMF,20200602,32.49,32.49,31.66,32.38,2235,0
WDMF,20200603,31.91,32.16,31.61,31.85,29573,0
WDMF,20200604,32.22,32.22,32,32,5270,0
WDMF,20200605,32.08,32.11,32.04,32.11,9907,0
WDMF,20200608,32.11,32.11,32.11,32.11,0,0
WDMF,20200609,32.62,32.8,32.62,32.8,4780,0
WDMF,20200610,32.72,32.76,32.53,32.6,5543,0
WDMF,20200611,32.19,32.2,32.13,32.13,3348,0
WDMF,20200612,31.35,31.59,31.35,31.35,2465,0
WDMF,20200615,31.35,31.35,31.35,31.35,0,0
WDMF,20200616,31.35,31.74,31.31,31.74,8281,0
WDMF,20200617,32.06,32.06,31.88,31.88,4429,0
WDMF,20200618,31.78,31.82,31.63,31.8,1409,0
WDMF,20200619,31.8,31.85,31.78,31.82,3585,0
WDMF,20200622,31.65,31.74,31.65,31.67,3870,0
WDMF,20200623,31.84,32.02,31.52,32.02,3109,0
WDMF,20200624,31.69,31.7,31.57,31.61,2196,0
WDMF,20200625,31.18,31.44,31.07,31.11,34823,0
WDMF,20200626,31.44,31.52,31.385,31.47,2641,0
WDMF,20200629,31.1,31.19,31.06,31.06,1916,0
WDMF,20200630,31.57,31.59,31.45,31.53,13604,0
WDMF,20200701,31.33,31.48,31.29,31.32,9360,0
WDMF,20200702,31.35,31.66,31.19,31.44,3521,0
WDMF,20200703,31.52,31.59,31.41,31.41,3534,0
WDMF,20200706,31.66,32.04,31.54,32.04,2525,0
WDMF,20200707,31.69,31.79,31.6,31.61,8991,0
WDMF,20200708,31.67,31.73,31.64,31.73,1663,0
WDMF,20200709,31.49,31.63,31.46,31.63,4362,0
WDMF,20200710,31.42,31.57,31.4,31.55,3790,0
WDMF,20200713,31.7,31.81,31.7,31.81,10334,0
WDMF,20200714,31.63,31.75,31.46,31.75,14040,0
WDMF,20200715,32.02,32.05,31.92,32.05,1779,0
WDMF,20200716,32.15,32.19,32.05,32.19,3747,0
WDMF,20200717,32.27,32.36,32.24,32.32,1734,0
WDMF,20200720,32.41,32.41,32,32.3,5525,0
WDMF,20200721,32.4,32.53,32.26,32.53,10823,0
WDMF,20200722,32.38,32.38,32,32,1967,0
WDMF,20200723,32.13,32.2,32.07,32.14,8561,0
WDMF,20200724,32.03,32.06,31.98,32.01,3068,0
WDMF,20200727,31.79,31.88,31.7,31.88,5840,0
WDMF,20200728,31.97,32.01,31.73,32,4066,0
WDMF,20200729,31.74,31.74,31.55,31.6,5565,0
WDMF,20200730,31.93,31.97,31.87,31.97,3934,0
WDMF,20200731,32,32.02,31.57,31.57,3203,0
WDMF,20200803,32,32.05,31.86,31.96,13462,0
WDMF,20200804,32.41,32.44,32.22,32.23,2512,0
WDMF,20200805,32.15,32.21,32.09,32.15,5370,0
WDMF,20200806,32.24,32.46,32.21,32.24,5740,0
WDMF,20200807,32.1,32.39,32.1,32.39,4253,0
WDMF,20200810,32.81,32.81,32.43,32.7,2657,0
WDMF,20200811,32.82,32.82,32.7,32.72,17803,0
WDMF,20200812,32.53,32.8,32.53,32.8,4643,0
WDMF,20200813,32.86,32.91,32.72,32.72,5282,0
WDMF,20200814,32.98,33.05,32.98,33,2557,0
WDMF,20200817,32.96,32.96,32.72,32.83,2314,0
WDMF,20200818,32.83,32.83,32.69,32.69,13807,0
WDMF,20200819,32.63,32.72,32.63,32.71,4542,0
WDMF,20200820,32.65,32.68,32.61,32.61,1943,0
WDMF,20200821,32.7,32.7,32.6,32.68,5197,0
WDMF,20200824,32.8,32.82,32.75,32.82,10430,0
WDMF,20200825,33.08,33.1,33.05,33.05,1472,0
WDMF,20200826,32.92,32.92,32.82,32.92,4561,0
WDMF,20200827,32.8,32.82,32.76,32.8,7105,0
WDMF,20200828,32.76,32.85,32.69,32.69,4291,0
WDMF,20200831,32.66,32.66,32.6,32.63,2976,0
WDMF,20200901,32.36,32.36,32.2,32.24,3710,0
WDMF,20200902,32.59,32.64,32.59,32.64,4557,0
WDMF,20200903,33.15,33.23,33.1,33.22,3663,0
WDMF,20200904,32.35,32.5,32.34,32.5,3631,0
WDMF,20200907,32.07,32.13,32.01,32.09,4452,0
WDMF,20200908,32.36,32.66,32.29,32.66,6783,0
WDMF,20200909,31.84,31.89,31.79,31.89,1964,0
WDMF,20200910,32.1,32.15,32.04,32.15,6111,0
WDMF,20200911,31.81,31.87,31.8,31.87,2875,0
WDMF,20200914,31.93,32.05,31.89,32.05,4252,0
WDMF,20200915,32.14,32.14,31.97,31.97,7028,0
WDMF,20200916,32.28,32.28,32.17,32.17,3985,0
WDMF,20200917,32.17,32.19,31.88,31.88,6948,0
WDMF,20200918,32.07,32.07,31.86,32,2717,0
WDMF,20200921,32.01,32.01,31.58,31.66,7517,0
WDMF,20200922,31.64,31.7,31.55,31.62,4746,0
WDMF,20200923,31.91,32.14,31.91,32.14,7458,0
WDMF,20200924,31.9,32.02,31.9,31.92,4687,0
WDMF,20200925,32.25,32.26,32.19,32.26,3309,0
WDMF,20200928,32.53,32.58,32.49,32.58,4518,0
WDMF,20200929,32.91,32.97,32.91,32.97,2524,0
WDMF,20200930,32.55,32.74,32.44,32.48,8107,0
WDMF,20201001,32.56,32.74,32.55,32.68,3367,0
WDMF,20201002,32.55,32.7,32.21,32.21,8572,0
WDMF,20201005,32.26,32.79,32.26,32.72,6729,0
WDMF,20201006,32.97,33.09,32.97,33.02,4932,0
WDMF,20201007,32.97,33.1,32.97,33.1,3414,0
WDMF,20201008,33.48,33.55,33.37,33.44,263434,0
WDMF,20201009,33.82,33.82,33.69,33.75,156204,0
WDMF,20201012,33.57,33.63,33.57,33.63,14706,0
WDMF,20201013,34.1,34.19,34.05,34.05,1719,0
WDMF,20201014,34.06,34.17,34.06,34.09,2987,0
WDMF,20201015,34.08,34.08,33.96,33.96,716,0
WDMF,20201016,33.75,34.32,33.75,34.3,179,0
WDMF,20201019,34.29,34.36,34.23,34.36,790,0
WDMF,20201020,34.07,34.32,34.07,34.25,515,0
WDMF,20201021,34.25,34.25,34.25,34.25,0,0
WDMF,20201022,33.89,33.89,33.89,33.89,87,0
WDMF,20201023,33.89,33.89,33.89,33.89,0,0
WDMF,20201026,33.72,33.72,33.72,33.72,117,0
WDMF,20201027,33.33,33.5,33.33,33.4,2893,0
WDMF,20201028,33,33,32.85,32.85,369,0
WDMF,20201029,32.65,32.68,32.65,32.68,371,0
WDMF,20201030,32.4,32.56,32.4,32.4,2660,0
WDMF,20201102,32.5,32.5,32.5,32.5,726,0
WDMF,20201103,33.01,33.07,33.01,33.07,7810,0
WDMF,20201104,33.15,33.47,33.06,33.47,6000,0
WDMF,20201105,33.28,33.7,33.28,33.65,805,0
WDMF,20201106,33.65,33.65,33.65,33.65,0,0
WDMF,20201109,33.99,34.1,33.99,34.1,19330,0
WDMF,20201110,34.07,34.09,33.66,33.7,7163,0
WDMF,20201111,33.85,34.04,33.85,34.04,1813,0
WDMF,20201112,34.2,34.2,34.2,34.2,491,0
WDMF,20201113,34.12,34.12,34.12,34.12,1750,0
WDMF,20201116,34.12,34.12,34.12,34.12,0,0
WDMF,20201117,34.57,34.57,34.57,34.57,152,0
WDMF,20201118,34.65,34.65,34.65,34.65,300,0
WDMF,20201119,34.35,34.35,34.35,34.35,172,0
WDMF,20201120,34.44,34.44,34.44,34.44,116,0
WDMF,20201123,34.44,34.44,34.44,34.44,0,0
WDMF,20201124,34.81,34.81,34.76,34.76,1791,0
WDMF,20201125,34.85,34.91,34.85,34.91,580,0
WDMF,20201126,34.3,34.7,34.3,34.7,600,0
WDMF,20201127,34.7,34.7,34.7,34.7,0,0
WDMF,20201130,34.69,34.71,34.47,34.47,39114,0
WDMF,20201201,34.6,34.97,34.6,34.97,1657,0
WDMF,20201202,34.8,34.8,34.8,34.8,5000,0
WDMF,20201203,34.7,34.7,34.7,34.7,166,0
WDMF,20201204,34.8,34.8,34.8,34.8,50,0
WDMF,20201207,35.02,35.02,34.95,34.95,2354,0
WDMF,20201208,34.89,34.93,34.89,34.93,505,0
WDMF,20201209,35.1,35.1,35.1,35.1,350,0
WDMF,20201210,34.79,34.79,34.65,34.65,1905,0
WDMF,20201211,34.52,34.52,34.3,34.3,2337,0
WDMF,20201214,34.51,34.53,34.42,34.53,9688,0
WDMF,20201215,34.51,34.51,34.51,34.51,57,0
WDMF,20201216,34.73,34.73,34.73,34.73,48,0
WDMF,20201217,34.72,34.72,34.69,34.69,389,0
WDMF,20201218,34.65,34.73,34.65,34.73,7333,0
WDMF,20201221,34.69,34.69,34.69,34.69,48,0
WDMF,20201222,34.57,34.74,34.51,34.74,10783,0
WDMF,20201223,34.81,34.81,34.55,34.56,4399,0
WDMF,20201224,34.87,34.87,34.65,34.68,5205,0
WDMF,20201225,34.68,34.68,34.68,34.68,0,0
WDMF,20201228,34.68,34.68,34.68,34.68,0,0
WDMF,20201229,34.85,34.85,34.81,34.81,1730,0
WDMF,20201230,34.6,34.61,34.59,34.61,3466,0
WDMF,20201231,34.61,34.61,34.61,34.61,0,0
WDMF,20210101,34.61,34.61,34.61,34.61,0,0
WDMF,20210104,34.48,34.49,34.46,34.46,681,0
WDMF,20210105,34.57,34.57,34.22,34.28,246,0
WDMF,20210106,33.83,33.83,33.68,33.68,1298,0
WDMF,20210107,34.44,34.44,34.44,34.44,1000,0
WDMF,20210108,34.44,34.44,34.44,34.44,0,0
WDMF,20210111,35.12,35.12,35.04,35.04,2569,0
WDMF,20210112,35.16,35.25,35.16,35.2,1889,0
WDMF,20210113,35.13,35.13,35.02,35.03,2051,0
WDMF,20210114,35.13,35.24,35.13,35.24,727,0
WDMF,20210115,35.08,35.43,34.98,35.17,6407,0
WDMF,20210118,35.04,35.1,35.02,35.05,613,0
WDMF,20210119,35.18,35.34,35.18,35.33,2246,0
WDMF,20210120,35.47,35.47,35.3,35.3,1912,0
WDMF,20210121,35.42,35.49,35.42,35.49,8142,0
WDMF,20210122,35.36,35.4,35.34,35.4,2504,0
WDMF,20210125,35.54,35.56,35.46,35.46,3538,0
WDMF,20210126,35.46,35.46,35.46,35.46,0,0
WDMF,20210127,35.28,35.28,34.97,35.13,2434,0
WDMF,20210128,34.72,34.82,34.54,34.75,6317,0
WDMF,20210129,34.8,34.81,34.6,34.6,4072,0
WDMF,20210201,34.43,34.44,34.25,34.44,407,0
WDMF,20210202,35.02,35.19,35.02,35.19,1556,0
WDMF,20210203,35.5,35.5,35.44,35.44,250,0
WDMF,20210204,35.26,35.26,35.14,35.14,2339,0
WDMF,20210205,35.51,35.55,35.49,35.55,891,0
WDMF,20210208,35.42,35.55,35.42,35.54,12963,0
WDMF,20210209,35.65,35.65,35.57,35.63,2229,0
WDMF,20210210,35.72,35.72,35.72,35.72,2000,0
WDMF,20210211,35.61,35.66,35.57,35.57,2863,0
WDMF,20210212,35.71,35.78,35.71,35.78,1220,0
WDMF,20210215,36.02,36.04,36.02,36.04,737,0
WDMF,20210216,36.06,36.07,36.05,36.07,5500,0
WDMF,20210217,35.94,35.99,35.94,35.99,5507,0
WDMF,20210218,35.72,35.72,35.72,35.72,56,0
WDMF,20210219,35.57,35.57,35.26,35.54,529,0
WDMF,20210222,35.3,35.3,35.3,35.3,108,0
WDMF,20210223,34.85,34.9,34.85,34.85,1170,0
WDMF,20210224,34.85,34.88,34.66,34.66,7287,0
WDMF,20210225,35.11,35.11,35,35,4684,0
WDMF,20210226,34.84,34.84,34.74,34.74,3422,0
WDMF,20210301,34.85,35.14,34.85,35.14,9851,0
WDMF,20210302,35.75,35.81,35.56,35.56,9441,0
WDMF,20210303,35.25,35.25,35.19,35.19,1829,0
WDMF,20210304,34.94,34.95,34.8,34.8,22182,0
WDMF,20210305,34.38,34.38,34.38,34.38,4000,0
WDMF,20210308,35.51,35.51,35.26,35.26,2428,0
WDMF,20210309,35.5,35.5,35.44,35.44,1950,0
WDMF,20210310,35.28,35.69,35.28,35.69,11633,0
WDMF,20210311,35.71,35.75,35.71,35.75,1047,0
WDMF,20210312,35.83,35.85,35.83,35.85,389,0
WDMF,20210315,36.12,36.12,36.07,36.07,1795,0
WDMF,20210316,36.37,36.38,36.27,36.27,5928,0
WDMF,20210317,36.27,36.28,36.27,36.28,133,0
WDMF,20210318,36.06,36.21,36.06,36.21,634,0
WDMF,20210319,36.2,36.21,36.18,36.18,320,0
WDMF,20210322,36.34,36.34,36.29,36.29,2460,0
WDMF,20210323,36.54,36.57,36.48,36.57,5240,0
WDMF,20210324,36.59,36.59,36.59,36.59,566,0
WDMF,20210325,36.2,36.55,36.2,36.45,3426,0
WDMF,20210326,36.88,36.88,36.77,36.77,1803,0
WDMF,20210329,37.16,37.18,37.14,37.18,2279,0
WDMF,20210330,37.06,37.06,36.98,36.98,9921,0
WDMF,20210331,37.19,37.23,37.19,37.19,1990,0
WDMF,20210401,37.59,37.61,37.59,37.61,883,0
WDMF,20210402,37.61,37.61,37.61,37.61,0,0
WDMF,20210405,37.61,37.61,37.61,37.61,0,0
WDMF,20210406,38,38.09,37.97,38.04,6506,0
WDMF,20210407,36.92,37.98,36.92,37.96,3639,0
WDMF,20210408,38.23,38.29,38.22,38.24,3110,0
WDMF,20210409,38.38,38.38,38.38,38.38,260,0
WDMF,20210412,38.47,38.51,38.44,38.45,12239,0
WDMF,20210413,38.45,38.45,38.45,38.45,0,0
WDMF,20210414,38.3,38.33,38.3,38.33,5311,0
WDMF,20210415,37.93,38,37.93,38,2451,0
WDMF,20210416,38.2,38.2,38.17,38.17,173,0
WDMF,20210419,38.45,38.45,38.35,38.35,686,0
WDMF,20210420,38.3,38.3,38,38.06,1055,0
WDMF,20210421,38,38,37.9,37.96,4653,0
WDMF,20210422,38.21,38.21,38.21,38.21,1140,0
WDMF,20210423,38.12,38.18,38.04,38.11,11125,0
WDMF,20210426,38.32,38.42,38.21,38.23,2835,0
WDMF,20210427,38.23,38.26,38.23,38.25,4555,0
WDMF,20210428,38.43,38.5,38.43,38.5,7824,0
WDMF,20210429,38.5,38.5,38.5,38.5,0,0
WDMF,20210430,38.23,38.23,38.2,38.2,8000,0
WDMF,20210503,38.3,38.3,38.21,38.21,709,0
WDMF,20210504,38.1,38.1,38.1,38.1,50,0
WDMF,20210505,38.16,38.22,38.16,38.22,1090,0
WDMF,20210506,38.31,38.35,38.31,38.31,1610,0
WDMF,20210507,38.42,38.42,38.42,38.42,36,0
WDMF,20210510,38.5,38.54,38.5,38.5,356,0
WDMF,20210511,38.5,38.5,38.02,38.02,6957,0
WDMF,20210512,37.83,37.84,37.83,37.84,721,0
WDMF,20210513,37.52,37.58,37.5,37.5,1597,0
WDMF,20210514,38,38.07,38,38,1559,0
WDMF,20210517,38.13,38.13,38.13,38.13,299,0
WDMF,20210518,38.2,38.25,38.2,38.25,416,0
WDMF,20210519,38.13,38.13,37.7,37.72,1403,0
WDMF,20210520,38.02,38.02,37.99,37.99,901,0
WDMF,20210521,38.24,38.25,38.24,38.25,450,0
WDMF,20210524,38.25,38.25,38.25,38.25,0,0
WDMF,20210525,38.63,38.65,38.59,38.59,1976,0
WDMF,20210526,38.59,38.59,38.54,38.54,6959,0
WDMF,20210527,38.66,38.66,38.61,38.61,705,0
WDMF,20210528,39,39,38.89,38.99,1382,0
WDMF,20210531,39.11,39.11,38.93,38.93,636,0
WDMF,20210601,38.77,38.86,38.75,38.86,5525,0
WDMF,20210602,38.8,38.94,38.8,38.84,2543,0
WDMF,20210603,39.06,39.07,38.98,38.98,41019,0
WDMF,20210604,39.27,39.29,39.27,39.27,5000,0
WDMF,20210607,39.29,39.29,39.23,39.26,7510,0
WDMF,20210608,39.22,39.27,39.22,39.22,7054,0
WDMF,20210609,39.28,39.3,39.28,39.28,650,0
WDMF,20210610,39.3,39.3,39.13,39.13,340,0
WDMF,20210611,39.09,39.09,39.09,39.09,402,0
WDMF,20210614,39.09,39.09,39.09,39.09,0,0
WDMF,20210615,39.39,39.39,39.31,39.37,1399,0
WDMF,20210616,39.39,39.43,39.34,39.34,1682,0
WDMF,20210617,39.12,39.23,39.12,39.23,1207,0
WDMF,20210618,39.43,39.45,39.43,39.43,3997,0
WDMF,20210621,38.89,38.89,38.8,38.8,7244,0
WDMF,20210622,39.53,39.58,39.53,39.58,2620,0
WDMF,20210623,39.48,39.48,39.48,39.48,1140,0
WDMF,20210624,39.41,39.47,39.41,39.47,4273,0
WDMF,20210625,39.43,39.48,39.43,39.48,2968,0
WDMF,20210628,39.48,39.48,39.48,39.48,0,0
WDMF,20210629,39.75,39.75,39.74,39.74,378,0
WDMF,20210630,40.18,40.18,40.05,40.16,26300,0
