AMPPA,20151201,100.1,100.8,100.1,100.75,33649,0
AMPPA,20151202,100.8,101,100.7,101,11199,0
AMPPA,20151203,100.9,101.2,100.5,101.2,15210,0
AMPPA,20151204,101.25,101.9,101.01,101.899,5010,0
AMPPA,20151207,101.8,102.1,101.75,101.75,6086,0
AMPPA,20151208,101.6,101.6,101.3,101.4,4859,0
AMPPA,20151209,101.32,101.749,101.32,101.719,4290,0
AMPPA,20151210,101.55,101.7,101.4,101.4,3085,0
AMPPA,20151211,101.6,101.6,101.2,101.5,2313,0
AMPPA,20151214,101.5,101.7,101.5,101.65,4246,0
AMPPA,20151215,101.718,101.718,101.5,101.5,2886,0
AMPPA,20151216,101.6,101.84,101.3,101.84,4596,0
AMPPA,20151217,101.84,102.22,101.84,102.22,2460,0
AMPPA,20151218,102.78,102.95,102.78,102.95,3506,0
AMPPA,20151221,102.5,102.75,102.45,102.75,836,0
AMPPA,20151222,102.749,103,102.5,102.5,2093,0
AMPPA,20151223,102.75,105,102.75,105,661,0
AMPPA,20151224,104.45,104.45,104.2,104.45,1512,0
AMPPA,20151225,104.45,104.45,104.45,104.45,0,0
AMPPA,20151228,104.45,104.45,104.45,104.45,0,0
AMPPA,20151229,103.99,104.39,103.99,104.39,1562,0
AMPPA,20151230,103.54,103.54,103.5,103.5,500,0
AMPPA,20151231,103.85,103.85,103.7,103.85,1118,0
AMPPA,20160101,103.85,103.85,103.85,103.85,0,0
AMPPA,20160104,103.6,103.85,103.6,103.85,955,0
AMPPA,20160105,103.6,104,103.05,103.9,3075,0
AMPPA,20160106,103.6,103.9,103,103,981,0
AMPPA,20160107,103,103.11,102.65,102.65,860,0
AMPPA,20160108,102.6,103.65,102.6,103.65,732,0
AMPPA,20160111,103.65,103.65,102.6,102.6,580,0
AMPPA,20160112,102.6,103,102.6,103,641,0
AMPPA,20160113,102.7,103,102.7,102.8,448,0
AMPPA,20160114,102.75,102.8,102.75,102.8,512,0
AMPPA,20160115,102.8,103.05,102.65,103,1844,0
AMPPA,20160118,103,103.75,103,103.5,2962,0
AMPPA,20160119,102.9,103.4,102.75,102.75,641,0
AMPPA,20160120,102.8,102.81,101.91,101.91,7882,0
AMPPA,20160121,102,102.5,102,102.2,617,0
AMPPA,20160122,102.21,102.21,102,102.1,884,0
AMPPA,20160125,102,102,102,102,353,0
AMPPA,20160126,102,102,102,102,0,0
AMPPA,20160127,101.91,102.1,101.05,102.1,6010,0
AMPPA,20160128,101.99,102,101.99,102,498,0
AMPPA,20160129,102,102.05,101.6,101.6,295,0
AMPPA,20160201,101.6,101.75,101.6,101.6,667,0
AMPPA,20160202,101.61,102.05,101.61,102,408,0
AMPPA,20160203,101.9,102,101.61,102,3120,0
AMPPA,20160204,102,102,101.73,101.73,1682,0
AMPPA,20160205,101.73,102,101.73,101.81,1762,0
AMPPA,20160208,101.65,102,101.65,102,199,0
AMPPA,20160209,101.95,101.95,101,101.02,5490,0
AMPPA,20160210,101.02,101.51,100.2,100.2,13051,0
AMPPA,20160211,101,101.47,101,101.44,2125,0
AMPPA,20160212,101.12,101.25,101,101,10690,0
AMPPA,20160215,101,101.25,100.87,100.9,8046,0
AMPPA,20160216,100.87,100.9,100,100.11,2665,0
AMPPA,20160217,100.5,100.7,100.5,100.65,1265,0
AMPPA,20160218,100.8,100.8,100.501,100.501,171,0
AMPPA,20160219,100.501,100.85,100.3,100.55,1300,0
AMPPA,20160222,100.55,101,100.5,101,4138,0
AMPPA,20160223,101.25,101.25,100.9,101.25,3320,0
AMPPA,20160224,101.25,101.75,101.25,101.5,2491,0
AMPPA,20160225,101.5,101.75,101.5,101.65,4215,0
AMPPA,20160226,101.62,101.65,101.5,101.65,5743,0
AMPPA,20160229,101.65,101.7,101.64,101.64,6533,0
AMPPA,20160301,101.6,101.6,101.45,101.45,733,0
AMPPA,20160302,101.49,101.58,101.29,101.29,707,0
AMPPA,20160303,101.36,101.65,101.36,101.4,1631,0
AMPPA,20160304,101.4,101.41,101.3,101.35,3211,0
AMPPA,20160307,101.4,101.8,101.37,101.37,2675,0
AMPPA,20160308,101.41,101.5,101.31,101.5,3074,0
AMPPA,20160309,101.5,101.75,101.4,101.75,816,0
AMPPA,20160310,100.2,100.3,100,100.2,16529,0
AMPPA,20160311,100.2,100.3,100.1,100.2,6322,0
AMPPA,20160314,100.2,100.3,100.2,100.25,1651,0
AMPPA,20160315,100.21,100.21,100.1,100.12,5356,0
AMPPA,20160316,100.13,100.15,99.92,100,1848,0
AMPPA,20160317,100.15,100.15,100.1,100.13,2742,0
AMPPA,20160318,100.13,100.15,100.01,100.12,2133,0
AMPPA,20160321,100.15,100.15,100.1,100.15,2025,0
AMPPA,20160322,100.11,100.25,100.1,100.1,2223,0
AMPPA,20160323,100.18,100.2,100.1,100.15,7775,0
AMPPA,20160324,100.4,100.62,100.15,100.62,1619,0
AMPPA,20160325,100.62,100.62,100.62,100.62,0,0
AMPPA,20160328,100.62,100.62,100.62,100.62,0,0
AMPPA,20160329,101,101,100.7,101,2200,0
AMPPA,20160330,101.01,102.25,101,102,943,0
AMPPA,20160331,101.75,101.89,100.9,101.63,1267,0
AMPPA,20160401,101,101.76,100.73,101.76,1039,0
AMPPA,20160404,101,101,100.72,101,2720,0
AMPPA,20160405,101.72,101.72,101.01,101.19,2199,0
AMPPA,20160406,101.11,101.6,101.01,101.3,5696,0
AMPPA,20160407,101.2,102,101.2,101.9,2635,0
AMPPA,20160408,102.25,103.15,102.24,103.15,1722,0
AMPPA,20160411,103.15,104,102.5,102.5,2926,0
AMPPA,20160412,102.5,103,101.85,102.35,2954,0
AMPPA,20160413,102,102.5,101.8,101.8,2815,0
AMPPA,20160414,102,102,101.5,101.5,4617,0
AMPPA,20160415,101.4,102,101.35,102,8893,0
AMPPA,20160418,102,102.5,101.99,102.1,3006,0
AMPPA,20160419,102.1,103,101.87,103,1291,0
AMPPA,20160420,103,103,102.01,103,1929,0
AMPPA,20160421,102.1,103,102.1,103,3866,0
AMPPA,20160422,102.9,103.48,102.1,102.1,2266,0
AMPPA,20160425,102.1,102.1,102.1,102.1,0,0
AMPPA,20160426,102.12,102.25,102.1,102.25,1146,0
AMPPA,20160427,102.2,102.92,102.2,102.83,782,0
AMPPA,20160428,102.88,103.49,102.87,103.49,4375,0
AMPPA,20160429,103.49,103.49,103.01,103.48,2521,0
AMPPA,20160502,103.4,103.4,103.25,103.25,1228,0
AMPPA,20160503,103.4,103.49,103.4,103.49,1402,0
AMPPA,20160504,103.41,104,103.4,103.4,2502,0
AMPPA,20160505,103.7,104,103.6,103.6,4957,0
AMPPA,20160506,104,104.49,103.8,104.49,1584,0
AMPPA,20160509,104.4,105.99,104.3,105.98,2665,0
AMPPA,20160510,105,105,104.2,104.8,4847,0
AMPPA,20160511,105,105,104.5,104.5,11395,0
AMPPA,20160512,104.24,104.4,104.19,104.38,1253,0
AMPPA,20160513,104.11,104.37,103.65,103.65,1770,0
AMPPA,20160516,103.9,103.9,103.6,103.6,2775,0
AMPPA,20160517,103.6,103.6,103.01,103.01,6671,0
AMPPA,20160518,103.42,103.45,103.01,103.1,2250,0
AMPPA,20160519,103.1,103.54,103.01,103.45,2333,0
AMPPA,20160520,103.45,103.45,103.31,103.45,846,0
AMPPA,20160523,103.45,104.07,103.45,104.07,1841,0
AMPPA,20160524,103.8,103.8,103.44,103.8,221,0
AMPPA,20160525,103.8,103.8,103.27,103.47,5028,0
AMPPA,20160526,103.5,103.75,103.01,103.22,1252,0
AMPPA,20160527,103.45,103.45,103.35,103.4,659,0
AMPPA,20160530,103.4,103.4,103.25,103.4,2805,0
AMPPA,20160531,103.21,103.54,103.2,103.2,1693,0
AMPPA,20160601,103.4,103.4,102.96,102.96,7131,0
AMPPA,20160602,102.9,103.2,102.6,103,6486,0
AMPPA,20160603,102.8,103.2,102.8,103.2,10101,0
AMPPA,20160606,103.15,103.19,102.79,103.19,2477,0
AMPPA,20160607,103.17,103.7,103,103.7,8059,0
AMPPA,20160608,103.69,104.2,103.69,104.2,4396,0
AMPPA,20160609,103.52,104,103.52,104,1618,0
AMPPA,20160610,102.75,103.25,102.75,103.25,1880,0
AMPPA,20160613,103.25,103.25,103.25,103.25,0,0
AMPPA,20160614,104.8,104.8,103,103,3349,0
AMPPA,20160615,103,103.12,103,103.1,4554,0
AMPPA,20160616,103,104,103,104,2270,0
AMPPA,20160617,104,104.21,103.9,103.9,1528,0
AMPPA,20160620,104,104,103.51,103.9,1598,0
AMPPA,20160621,103.9,103.9,103.45,103.7,2997,0
AMPPA,20160622,103.7,104,103.7,104,2487,0
AMPPA,20160623,103.76,104.4,103.76,104.4,759,0
AMPPA,20160624,103.8,104.38,103.03,103.49,1109,0
AMPPA,20160627,103.04,104.39,102.78,104.3,2551,0
AMPPA,20160628,104.3,106.42,104.3,105.3,3288,0
AMPPA,20160629,104.81,105.53,104.8,105.08,1443,0
AMPPA,20160630,104.91,105.48,104.91,104.96,1664,0
AMPPA,20160701,104.8,104.9,103.51,103.51,1957,0
AMPPA,20160704,104.75,104.9,103.91,103.91,1751,0
AMPPA,20160705,104.8,104.8,104.8,104.8,252,0
AMPPA,20160706,104.6,104.6,104.21,104.6,2268,0
AMPPA,20160707,103.91,103.91,103.4,103.5,695,0
AMPPA,20160708,103.4,104.24,103.05,103.7,3879,0
AMPPA,20160711,103.7,104.01,103.16,103.16,2412,0
AMPPA,20160712,103.21,104,103.21,104,1401,0
AMPPA,20160713,103.66,104.25,103.65,104.25,1074,0
AMPPA,20160714,103.81,104.5,103.3,104,1084,0
AMPPA,20160715,104.49,104.49,104,104.49,333,0
AMPPA,20160718,104.49,104.6,104.49,104.6,2051,0
AMPPA,20160719,104.6,104.8,104.25,104.8,1629,0
AMPPA,20160720,104.13,104.8,104.13,104.8,3058,0
AMPPA,20160721,104.88,104.9,104.21,104.3,2040,0
AMPPA,20160722,104.89,104.89,104,104,2580,0
AMPPA,20160725,104.2,104.9,103.53,103.53,2509,0
AMPPA,20160726,104.46,104.469,103.5,103.5,1095,0
AMPPA,20160727,104.45,104.45,104.25,104.26,794,0
AMPPA,20160728,104.26,104.47,104,104.03,2276,0
AMPPA,20160729,104.03,104.47,103.79,104.47,1843,0
AMPPA,20160801,104.47,104.47,103.82,103.82,761,0
AMPPA,20160802,104.46,104.47,104.11,104.13,1576,0
AMPPA,20160803,104.67,104.67,104.17,104.48,825,0
AMPPA,20160804,104.5,104.5,104.04,104.04,1190,0
AMPPA,20160805,104.89,105,104.06,104.5,1085,0
AMPPA,20160808,104.99,104.99,104.55,104.9,544,0
AMPPA,20160809,105,105.49,104.9,105.48,1124,0
AMPPA,20160810,106,106,105.5,105.5,1625,0
AMPPA,20160811,106,106.49,106,106.3,1785,0
AMPPA,20160812,106.5,106.5,105.76,105.8,2255,0
AMPPA,20160815,105.75,106.5,105.75,106.5,1784,0
AMPPA,20160816,106.75,106.75,105.03,105.03,1271,0
AMPPA,20160817,105.44,105.5,104.5,104.5,1680,0
AMPPA,20160818,104.55,105.23,104.5,105.23,888,0
AMPPA,20160819,105,105.74,105,105.71,3829,0
AMPPA,20160822,105.5,105.74,105.39,105.74,4258,0
AMPPA,20160823,105.74,105.75,103.7,103.95,12440,0
AMPPA,20160824,104.01,105.2,103.85,103.85,9185,0
AMPPA,20160825,104.89,104.89,104.62,104.68,1394,0
AMPPA,20160826,104.35,104.48,104,104.25,5951,0
AMPPA,20160829,104.949,104.95,104.87,104.88,755,0
AMPPA,20160830,104.83,104.83,103.82,104,2767,0
AMPPA,20160831,104.68,104.68,104,104.2,1875,0
AMPPA,20160901,104.2,104.75,104.02,104.02,2275,0
AMPPA,20160902,104.63,104.63,104.1,104.1,799,0
AMPPA,20160905,104.75,104.75,104.1,104.1,4344,0
AMPPA,20160906,104.2,104.5,104,104.1,7525,0
AMPPA,20160907,104,104.48,104,104.48,4056,0
AMPPA,20160908,104,104.35,104,104.151,14717,0
AMPPA,20160909,104.9,104.9,103.801,104,8520,0
AMPPA,20160912,104.4,104.4,103.9,103.9,7168,0
AMPPA,20160913,103.7,103.7,102.8,103.14,1217,0
AMPPA,20160914,103.07,103.19,102.65,103.14,4247,0
AMPPA,20160915,103.39,103.39,102.7,103.21,2416,0
AMPPA,20160916,103.21,103.75,103.05,103.4,2263,0
AMPPA,20160919,103.75,103.83,103.75,103.83,1743,0
AMPPA,20160920,103.8,103.8,102.7,102.7,4935,0
AMPPA,20160921,103,103,102.8,102.8,885,0
AMPPA,20160922,103,103,102.7,102.7,3687,0
AMPPA,20160923,103.44,103.5,102.97,103.5,1302,0
AMPPA,20160926,103.4,103.7,103.001,103.7,2289,0
AMPPA,20160927,103.818,103.82,103.75,103.82,762,0
AMPPA,20160928,103.8,103.84,103.7,103.84,6266,0
AMPPA,20160929,103.84,105.2,103.84,105.2,1323,0
AMPPA,20160930,105.2,105.2,104.25,104.9,1288,0
AMPPA,20161003,104.05,105.2,104,104,590,0
AMPPA,20161004,104.01,104.5,104,104.4,1882,0
AMPPA,20161005,104.399,104.4,104.2,104.2,640,0
AMPPA,20161006,104.15,104.2,104.14,104.2,587,0
AMPPA,20161007,104.2,104.2,104.15,104.2,511,0
AMPPA,20161010,104.1,104.65,103.88,104.65,11507,0
AMPPA,20161011,104,104.48,103.86,104.4,1586,0
AMPPA,20161012,104.45,104.45,104,104.45,4243,0
AMPPA,20161013,104.5,104.65,104.36,104.37,1695,0
AMPPA,20161014,104.37,104.9,104.05,104.9,1990,0
AMPPA,20161017,104.88,105.15,104.88,105.15,1243,0
AMPPA,20161018,105.16,105.2,104.95,105,1295,0
AMPPA,20161019,105,105.76,105,105.76,1901,0
AMPPA,20161020,105.758,105.758,104.952,105.7,1051,0
AMPPA,20161021,105.5,105.7,105.001,105.64,1227,0
AMPPA,20161024,105.64,105.7,105.01,105.7,817,0
AMPPA,20161025,105.7,106,105.7,105.99,1856,0
AMPPA,20161026,105.128,105.985,105.101,105.45,3916,0
AMPPA,20161027,105.45,105.95,105.251,105.94,1322,0
AMPPA,20161028,105.949,105.95,105.3,105.948,2266,0
AMPPA,20161031,105.948,105.948,105.29,105.29,1184,0
AMPPA,20161101,105.57,105.95,105.3,105.938,1992,0
AMPPA,20161102,105.948,105.95,105,105,3998,0
AMPPA,20161103,105.001,105.4,105,105.4,1082,0
AMPPA,20161104,105.001,105.3,104.702,105,900,0
AMPPA,20161107,104.723,105.55,104.722,105.55,2499,0
AMPPA,20161108,105.4,105.45,104.701,105,2425,0
AMPPA,20161109,105,105.44,104.6,104.6,3097,0
AMPPA,20161110,105,105.1,104.101,105,1261,0
AMPPA,20161111,104.95,104.95,104.95,104.95,366,0
AMPPA,20161114,103.873,104.61,103.873,104.61,3589,0
AMPPA,20161115,104.62,104.94,104.27,104.27,1885,0
AMPPA,20161116,104.267,105.05,104.267,104.5,624,0
AMPPA,20161117,104.5,105,104.5,105,660,0
AMPPA,20161118,104.75,105.02,104.75,105.02,6464,0
AMPPA,20161121,105.02,105.04,104.97,105.04,704,0
AMPPA,20161122,105,105.45,104.96,105.4,400,0
AMPPA,20161123,105.4,105.638,105.33,105.638,1979,0
AMPPA,20161124,105.898,105.92,105.88,105.88,946,0
AMPPA,20161125,105.948,106,105.868,106,2796,0
AMPPA,20161128,106,106.1,105.41,105.5,1447,0
AMPPA,20161129,106,106,105.41,106,2344,0
AMPPA,20161130,106,106.34,106,106,2134,0
AMPPA,20161201,106,106,105.5,105.99,3571,0
AMPPA,20161202,105.99,106,105.5,106,4388,0
AMPPA,20161205,106,106.498,106,106,17871,0
AMPPA,20161206,106.1,106.5,106.1,106.5,5103,0
AMPPA,20161207,106.5,106.73,106,106.3,3798,0
AMPPA,20161208,106.697,107,106,106.998,2377,0
AMPPA,20161209,106.998,107.248,106.998,107.09,2427,0
AMPPA,20161212,106.75,107.1,106.35,107.07,4182,0
AMPPA,20161213,105.006,105.739,105.006,105.7,1489,0
AMPPA,20161214,105.53,106.08,105.53,106,1718,0
AMPPA,20161215,106,106.08,105.95,105.99,4558,0
AMPPA,20161216,105.99,106,105.74,105.75,6800,0
AMPPA,20161219,105.75,106,105.54,105.54,3531,0
AMPPA,20161220,106,106.19,105.541,106.1,4250,0
AMPPA,20161221,106.1,106.1,105.657,106.1,2914,0
AMPPA,20161222,105.7,106.09,105.5,106.09,4371,0
AMPPA,20161223,106.19,106.25,105.8,106.15,3858,0
AMPPA,20161226,106.15,106.15,106.15,106.15,0,0
AMPPA,20161227,106.15,106.15,106.15,106.15,0,0
AMPPA,20161228,105.8,106.25,105.8,106.2,693,0
AMPPA,20161229,106.15,106.15,106.03,106.15,960,0
AMPPA,20161230,107.99,107.99,106.03,106.031,336,0
AMPPA,20170102,106.031,106.031,106.031,106.031,0,0
AMPPA,20170103,107.649,107.7,107.489,107.5,2875,0
AMPPA,20170104,107.499,107.5,106.511,106.511,634,0
AMPPA,20170105,107.395,107.395,107.3,107.35,1070,0
AMPPA,20170106,107.2,107.4,107,107.4,1377,0
AMPPA,20170109,106.515,106.65,106.15,106.65,9659,0
AMPPA,20170110,106.59,106.59,106.001,106.565,2600,0
AMPPA,20170111,106.58,107.499,106.3,107.499,10924,0
AMPPA,20170112,106.41,106.88,106.02,106.4,9015,0
AMPPA,20170113,106.11,106.2,106,106.2,5320,0
AMPPA,20170116,106.2,106.74,106.2,106.74,3026,0
AMPPA,20170117,106.74,106.78,106.5,106.64,2162,0
AMPPA,20170118,106.78,106.9,106.53,106.6,2269,0
AMPPA,20170119,106.5,106.9,106.5,106.9,3637,0
AMPPA,20170120,106.501,106.89,106.31,106.5,1132,0
AMPPA,20170123,106.5,106.9,106.04,106.9,1333,0
AMPPA,20170124,106.7,107.1,106.7,107.1,1284,0
AMPPA,20170125,107.1,107.75,106.96,107.24,21615,0
AMPPA,20170126,107.24,107.24,107.24,107.24,0,0
AMPPA,20170127,107.24,107.5,107.24,107.45,3522,0
AMPPA,20170130,106.751,107.74,106.751,107.4,1788,0
AMPPA,20170131,107,107.4,106.85,106.85,2102,0
AMPPA,20170201,106.7,107.2,106.7,107.198,1754,0
AMPPA,20170202,107.198,107.2,106.701,107,773,0
AMPPA,20170203,107,107,106.75,107,1856,0
AMPPA,20170206,106.8,107.72,106.8,107,2574,0
AMPPA,20170207,107,107,106.75,107,2328,0
AMPPA,20170208,107,107,106.75,106.75,735,0
AMPPA,20170209,107,107,106.76,106.9,3256,0
AMPPA,20170210,106.9,107,106.9,106.91,1552,0
AMPPA,20170213,107.2,107.2,106.45,107.09,906,0
AMPPA,20170214,106.94,107.09,106.4,106.4,2098,0
AMPPA,20170215,106.4,106.95,106.082,106.95,3718,0
AMPPA,20170216,107.05,107.091,106.65,106.65,812,0
AMPPA,20170217,107.2,107.7,107.2,107.7,486,0
AMPPA,20170220,107.6,107.69,107,107.69,540,0
AMPPA,20170221,107,107.69,107,107.29,1876,0
AMPPA,20170222,107.63,107.63,107.29,107.61,992,0
AMPPA,20170223,107.5,107.77,107.5,107.65,1831,0
AMPPA,20170224,107.8,107.99,107.36,107.4,3943,0
AMPPA,20170227,107.01,107.27,106.94,107,3387,0
AMPPA,20170228,106.8,106.83,106.56,106.64,4329,0
AMPPA,20170301,106.64,106.78,106.5,106.5,2394,0
AMPPA,20170302,106.84,107,106.53,106.537,2886,0
AMPPA,20170303,107,107.25,106.997,106.997,1405,0
AMPPA,20170306,107,107.22,106.9,107.22,1146,0
AMPPA,20170307,107.22,107.22,107,107,1109,0
AMPPA,20170308,107.22,107.403,106.8,107.403,793,0
AMPPA,20170309,107.4,107.5,106.66,107.4,2436,0
AMPPA,20170310,107.4,107.7,107.39,107.5,1836,0
AMPPA,20170313,106.6,106.6,105.55,105.55,3197,0
AMPPA,20170314,105.7,105.7,104.982,105.01,4718,0
AMPPA,20170315,105.27,105.27,105.012,105.012,4446,0
AMPPA,20170316,105.2,105.5,105.06,105.09,4842,0
AMPPA,20170317,105.449,105.449,105.07,105.081,5547,0
AMPPA,20170320,105.11,105.4,105.1,105.2,8155,0
AMPPA,20170321,105.4,105.4,105.23,105.4,3875,0
AMPPA,20170322,105.4,105.4,105.22,105.4,3736,0
AMPPA,20170323,105.4,105.4,105.142,105.39,4802,0
AMPPA,20170324,105.39,105.4,104.962,104.962,11191,0
AMPPA,20170327,104.95,105.01,104.531,105.01,4896,0
AMPPA,20170328,105.27,105.28,104.69,104.7,3040,0
AMPPA,20170329,104.697,104.93,104.697,104.7,4782,0
AMPPA,20170330,105,105.3,104.99,105.3,4363,0
AMPPA,20170331,105.3,105.47,105.23,105.47,2369,0
AMPPA,20170403,105.5,105.75,105.2,105.5,2694,0
AMPPA,20170404,105.79,106.06,105.79,106.06,3129,0
AMPPA,20170405,105.8,106.06,105.8,106.03,5624,0
AMPPA,20170406,106.058,106.06,105.54,106.04,3713,0
AMPPA,20170407,106.05,106.06,105.85,106.06,1477,0
AMPPA,20170410,106.05,106.06,106,106.056,3794,0
AMPPA,20170411,106.16,106.9,106.055,106.9,3542,0
AMPPA,20170412,106.898,106.898,106.15,106.63,2642,0
AMPPA,20170413,106.59,106.59,106.18,106.18,1315,0
AMPPA,20170414,106.18,106.18,106.18,106.18,0,0
AMPPA,20170417,106.18,106.18,106.18,106.18,0,0
AMPPA,20170418,106.18,106.93,106.18,106.35,3463,0
AMPPA,20170419,106.898,107.5,106.85,107.33,2575,0
AMPPA,20170420,107.33,108,107,108,2522,0
AMPPA,20170421,108,108,106.75,106.75,2199,0
AMPPA,20170424,107.4,107.5,107.4,107.5,614,0
AMPPA,20170425,107.5,107.5,107.5,107.5,0,0
AMPPA,20170426,107.9,108,107.87,107.87,1195,0
AMPPA,20170427,107.6,107.9,107.22,107.9,1646,0
AMPPA,20170428,107.8,107.9,107.3,107.9,2079,0
AMPPA,20170501,107.5,107.95,107.5,107.95,1716,0
AMPPA,20170502,107.95,107.95,107.5,107.5,2439,0
AMPPA,20170503,107.95,108,107,107,5538,0
AMPPA,20170504,107,107.5,106.9,107.5,15578,0
AMPPA,20170505,107.5,107.7,107.03,107.43,1806,0
AMPPA,20170508,107.45,107.45,107.04,107.04,3680,0
AMPPA,20170509,107.5,107.82,106.85,107,2146,0
AMPPA,20170510,106.9,107.4,106.73,107.4,2621,0
AMPPA,20170511,107.4,107.4,106.73,106.73,1827,0
AMPPA,20170512,106.73,106.98,106.4,106.89,4080,0
AMPPA,20170515,106.9,106.98,106.89,106.89,1356,0
AMPPA,20170516,106.89,106.9,106.65,106.9,2054,0
AMPPA,20170517,106.9,106.9,106.65,106.65,1740,0
AMPPA,20170518,106.8,106.9,106.56,106.9,1396,0
AMPPA,20170519,106.8,106.9,106.76,106.8,3071,0
AMPPA,20170522,106.9,107.48,106.9,107.48,4949,0
AMPPA,20170523,106.91,107.35,106.9,107.35,3202,0
AMPPA,20170524,107.35,107.35,106.9,106.9,5694,0
AMPPA,20170525,107.05,107.05,106.91,106.91,1964,0
AMPPA,20170526,107,107,106.997,106.997,199,0
AMPPA,20170529,107.1,107.1,106.9,107.05,1616,0
AMPPA,20170530,107.05,107.1,106.85,107,3676,0
AMPPA,20170531,107.1,107.1,106.847,106.85,4556,0
AMPPA,20170601,107.1,107.1,106.9,107.1,1704,0
AMPPA,20170602,107.1,107.12,106.7,107.09,2186,0
AMPPA,20170605,107.09,107.09,106.9,107.09,3246,0
AMPPA,20170606,107.09,107.1,106.6,106.6,6098,0
AMPPA,20170607,106.61,107.07,106.61,107.05,7226,0
AMPPA,20170608,106.9,107,106.7,106.7,5423,0
AMPPA,20170609,107,107,106.7,106.92,11065,0
AMPPA,20170612,106.92,106.92,106.92,106.92,0,0
AMPPA,20170613,105.7,105.71,105.04,105.04,3509,0
AMPPA,20170614,105.04,105.051,105,105.048,4742,0
AMPPA,20170615,105.03,105.39,105,105.15,3826,0
AMPPA,20170616,105.14,105.147,104.55,105.05,4599,0
AMPPA,20170619,105.2,105.6,105.2,105.4,2105,0
AMPPA,20170620,105.45,105.45,105.2,105.4,2922,0
AMPPA,20170621,105.3,105.9,105.3,105.9,2219,0
AMPPA,20170622,105.8,106,105.5,105.7,1478,0
AMPPA,20170623,105.8,105.95,105.65,105.95,1587,0
AMPPA,20170626,105.7,105.95,105.5,105.95,2775,0
AMPPA,20170627,105.95,106,105.81,106,6746,0
AMPPA,20170628,106,106.15,105.85,105.85,2240,0
AMPPA,20170629,106,106.15,105.91,106,2261,0
AMPPA,20170630,106,106.15,105.91,106,5838,0
AMPPA,20170703,106,106,105.92,106,5904,0
AMPPA,20170704,106,106.2,105.92,106,5524,0
AMPPA,20170705,105.96,106,105.95,106,4471,0
AMPPA,20170706,106,106.55,105.961,106,25319,0
AMPPA,20170707,106.05,106.58,106.03,106.52,2229,0
AMPPA,20170710,106.52,106.94,106.15,106.94,3060,0
AMPPA,20170711,106.94,106.95,106.65,106.95,226,0
AMPPA,20170712,106.95,107.2,106.9,107.2,1668,0
AMPPA,20170713,107.2,107.5,107,107.1,2767,0
AMPPA,20170714,107.45,107.45,107.2,107.3,1087,0
AMPPA,20170717,107.3,107.3,107.1,107.1,20668,0
AMPPA,20170718,107.3,107.38,107.1,107.1,1234,0
AMPPA,20170719,107.15,107.28,106.952,107.147,3254,0
AMPPA,20170720,107.219,107.219,106.95,107.15,2032,0
AMPPA,20170721,107.17,107.17,106.9,107,1543,0
AMPPA,20170724,107,107.2,106.86,106.86,2529,0
AMPPA,20170725,106.852,107.16,106.72,106.85,4359,0
AMPPA,20170726,107.15,107.15,106.78,106.78,1226,0
AMPPA,20170727,106.8,107.1,106.77,106.95,4078,0
AMPPA,20170728,107.1,107.1,106.95,107.05,1456,0
AMPPA,20170731,107.08,107.28,107.08,107.28,1505,0
AMPPA,20170801,107.2,107.2,106.849,107,1847,0
AMPPA,20170802,107,107,106.67,106.82,1163,0
AMPPA,20170803,106.85,106.85,106.82,106.85,273,0
AMPPA,20170804,106.85,107.25,106.75,106.75,2194,0
AMPPA,20170807,107,107,106.52,106.55,2000,0
AMPPA,20170808,106.99,107.07,106.99,107.05,36,0
AMPPA,20170809,107.07,107.09,107.06,107.09,37,0
AMPPA,20170810,107.09,107.09,106.95,106.95,789,0
AMPPA,20170811,106.95,107.08,106.9,107.06,2685,0
AMPPA,20170814,107.04,107.08,106.85,107.08,3451,0
AMPPA,20170815,107,107.1,106.85,106.92,1995,0
AMPPA,20170816,106.92,107.25,106.85,107.25,2792,0
AMPPA,20170817,107.2,107.25,106.87,107.25,4938,0
AMPPA,20170818,107.23,107.25,107,107.23,472,0
AMPPA,20170821,107.25,107.25,107.01,107.01,1035,0
AMPPA,20170822,107.24,107.24,106.76,106.76,1913,0
AMPPA,20170823,106.75,107.13,106.67,107.13,1587,0
AMPPA,20170824,106.99,107.16,106.8,107.16,1174,0
AMPPA,20170825,107.16,107.24,106.71,107.24,1482,0
AMPPA,20170828,107.2,107.6,107.2,107.35,4457,0
AMPPA,20170829,107.35,107.75,107.35,107.35,1489,0
AMPPA,20170830,107.72,108.4,107.72,108.4,2524,0
AMPPA,20170831,108.399,108.48,108.399,108.48,2064,0
AMPPA,20170901,108.4,108.48,107.8,107.871,939,0
AMPPA,20170904,108.48,108.49,107.7,107.7,1991,0
AMPPA,20170905,107.7,108.25,107.5,107.52,777,0
AMPPA,20170906,107.56,107.998,107.56,107.968,670,0
AMPPA,20170907,107.65,108.3,107.6,108.15,1372,0
AMPPA,20170908,108.15,108.85,108.14,108.76,5094,0
AMPPA,20170911,108.72,108.88,108.02,108.02,658,0
AMPPA,20170912,108.03,108.75,108.03,108.5,1292,0
AMPPA,20170913,107.2,107.5,107.2,107.49,1032,0
AMPPA,20170914,107.49,107.85,107.49,107.7,1944,0
AMPPA,20170915,107.85,108.6,107.65,107.93,872,0
AMPPA,20170918,107.65,108.6,107.5,108.55,1520,0
AMPPA,20170919,107.501,108.49,107.5,107.55,1290,0
AMPPA,20170920,107.55,107.9,107.22,107.9,2641,0
AMPPA,20170921,107.9,108,107.25,107.9,1155,0
AMPPA,20170922,107.22,107.85,107.13,107.45,982,0
AMPPA,20170925,107.75,107.75,107.2,107.2,185,0
AMPPA,20170926,107.74,107.99,107.2,107.2,2332,0
AMPPA,20170927,107.3,107.9,107.15,107.351,2294,0
AMPPA,20170928,107.5,107.7,107,107,2411,0
AMPPA,20170929,107.5,107.55,107.49,107.55,389,0
AMPPA,20171002,107.153,107.509,107.153,107.509,501,0
AMPPA,20171003,107.569,107.569,107.071,107.4,393,0
AMPPA,20171004,107.2,107.3,107.13,107.201,1072,0
AMPPA,20171005,107.21,107.62,107.199,107.619,1702,0
AMPPA,20171006,107.4,107.949,107.4,107.4,1199,0
AMPPA,20171009,107.4,107.4,107.4,107.4,0,0
AMPPA,20171010,107.4,107.4,107.4,107.4,0,0
AMPPA,20171011,107.21,107.539,107.202,107.5,796,0
AMPPA,20171012,107.499,107.499,107.21,107.21,2256,0
AMPPA,20171013,107.39,107.39,107.212,107.212,2232,0
AMPPA,20171016,107.212,107.212,107.212,107.212,0,0
AMPPA,20171017,107.39,107.39,107.26,107.29,6255,0
AMPPA,20171018,107.252,107.4,107.25,107.4,2756,0
AMPPA,20171019,107.25,107.4,107.25,107.35,1422,0
AMPPA,20171020,107.4,107.5,107.23,107.233,234,0
AMPPA,20171023,107.5,107.5,107.27,107.5,868,0
AMPPA,20171024,107.5,107.9,107.5,107.9,1857,0
AMPPA,20171025,107.97,107.97,107.51,107.9,2021,0
AMPPA,20171026,107.9,108,107.6,108,1934,0
AMPPA,20171027,107.8,108.6,107.8,108.05,4729,0
AMPPA,20171030,108.5,108.55,108.02,108.55,1831,0
AMPPA,20171031,108.55,108.55,108,108.01,2310,0
AMPPA,20171101,108.55,108.748,108.08,108.748,865,0
AMPPA,20171102,108.55,108.9,108.55,108.9,976,0
AMPPA,20171103,108.75,108.95,108.75,108.95,872,0
AMPPA,20171106,109.9,109.98,109,109.75,904,0
AMPPA,20171107,109.8,109.8,109.77,109.8,118,0
AMPPA,20171108,109.809,109.809,109,109.77,933,0
AMPPA,20171109,109.5,109.5,108.75,108.75,967,0
AMPPA,20171110,109.26,109.348,108.75,109.348,1863,0
AMPPA,20171113,108.75,109.8,108.75,109.6,3208,0
AMPPA,20171114,109.85,109.85,109.798,109.84,3477,0
AMPPA,20171115,109.91,110,109.1,110,2338,0
AMPPA,20171116,110.33,110.33,109.25,110,1210,0
AMPPA,20171117,110,110,108.75,109.6,3355,0
AMPPA,20171120,109.55,109.62,108.92,108.92,675,0
AMPPA,20171121,108.92,108.92,108.5,108.5,6187,0
AMPPA,20171122,108.77,108.77,108.4,108.41,1316,0
AMPPA,20171123,108.35,109,108.35,108.5,927,0
AMPPA,20171124,108.37,108.99,108.36,108.99,1321,0
AMPPA,20171127,108.9,108.9,108.38,108.52,570,0
AMPPA,20171128,108.351,108.86,108.35,108.35,2017,0
AMPPA,20171129,108.42,108.72,108.42,108.72,620,0
AMPPA,20171130,108.42,108.949,108.42,108.949,384,0
AMPPA,20171201,108.9,108.949,108.42,108.949,1272,0
AMPPA,20171204,109,109,108.45,108.45,1796,0
AMPPA,20171205,108.45,108.53,108.45,108.53,1630,0
AMPPA,20171206,108.9,108.9,108.46,108.8,241,0
AMPPA,20171207,108.5,108.95,108.46,108.95,1388,0
AMPPA,20171208,108.97,109,108.66,108.9,1250,0
AMPPA,20171211,108.7,109,108.69,109,8925,0
AMPPA,20171212,109.2,109.65,109,109,1184,0
AMPPA,20171213,107.21,107.5,107.21,107.28,2300,0
AMPPA,20171214,107.61,107.83,107.37,107.37,1765,0
AMPPA,20171215,107.41,107.79,107.41,107.79,841,0
AMPPA,20171218,107.55,107.9,107.55,107.8,5621,0
AMPPA,20171219,107.65,108.7,107.65,108.7,1015,0
AMPPA,20171220,107.75,108.9,107.75,108.9,305,0
AMPPA,20171221,108,109.25,108,109.25,453,0
AMPPA,20171222,109,109.93,109,109.8,490,0
AMPPA,20171225,109.8,109.8,109.8,109.8,0,0
AMPPA,20171226,109.8,109.8,109.8,109.8,0,0
AMPPA,20171227,109.48,109.48,109.48,109.48,54,0
AMPPA,20171228,109.48,109.8,109.48,109.8,1017,0
AMPPA,20171229,109.75,109.75,109.749,109.75,252,0
AMPPA,20180101,109.75,109.75,109.75,109.75,0,0
AMPPA,20180102,109.15,109.25,108.55,109.25,1177,0
AMPPA,20180103,109.2,109.2,108.72,108.75,329,0
AMPPA,20180104,108.56,109.2,108.55,109.2,551,0
AMPPA,20180105,108.55,109.19,108.55,109,447,0
AMPPA,20180108,109,109.35,109,109,3386,0
AMPPA,20180109,109,109.46,109,109.45,821,0
AMPPA,20180110,109.3,109.3,109.2,109.22,20315,0
AMPPA,20180111,109.1,109.47,109.1,109.1,1388,0
AMPPA,20180112,109.25,109.35,109.2,109.2,3142,0
AMPPA,20180115,109.2,109.25,109.1,109.25,1451,0
AMPPA,20180116,109.21,109.48,109.2,109.2,2579,0
AMPPA,20180117,109.45,109.45,109.2,109.25,927,0
AMPPA,20180118,109.25,109.35,109.2,109.2,2309,0
AMPPA,20180119,109.2,109.42,109.15,109.41,1709,0
AMPPA,20180122,109.4,109.4,109.15,109.15,1114,0
AMPPA,20180123,109.28,109.45,109.2,109.45,2831,0
AMPPA,20180124,109.2,109.45,109.2,109.45,1441,0
AMPPA,20180125,109.45,109.7,109.2,109.65,2682,0
AMPPA,20180126,109.65,109.65,109.65,109.65,0,0
AMPPA,20180129,109.25,109.65,109.2,109.65,1379,0
AMPPA,20180130,109.45,109.45,109.14,109.4,1435,0
AMPPA,20180131,109.2,109.37,109.2,109.2,1131,0
AMPPA,20180201,109.2,109.3,109.2,109.2,885,0
AMPPA,20180202,109.2,109.4,109.2,109.2,1323,0
AMPPA,20180205,109.201,109.3,109,109,9938,0
AMPPA,20180206,108.9,109.2,108.8,108.95,5123,0
AMPPA,20180207,108.95,109.4,108.95,109.4,1985,0
AMPPA,20180208,109.4,109.4,109.05,109.11,6121,0
AMPPA,20180209,109.2,109.4,109,109,6049,0
AMPPA,20180212,109,109.4,109,109.4,2603,0
AMPPA,20180213,109.2,109.4,109.2,109.2,1484,0
AMPPA,20180214,109.2,109.35,109.2,109.35,839,0
AMPPA,20180215,109.2,109.3,109,109,2521,0
AMPPA,20180216,109,109,108.15,108.15,1030,0
AMPPA,20180219,108.2,108.5,108.2,108.5,1173,0
AMPPA,20180220,108.3,108.45,107.68,108.4,3124,0
AMPPA,20180221,107.8,107.95,107.682,107.95,2371,0
AMPPA,20180222,107.702,108.21,107.7,107.7,1096,0
AMPPA,20180223,107.7,108.25,107.55,107.7,1391,0
AMPPA,20180226,107.7,107.7,107.43,107.442,668,0
AMPPA,20180227,107.5,107.7,107.431,107.462,1801,0
AMPPA,20180228,107.5,108.35,107.5,108.35,1955,0
AMPPA,20180301,108.1,108.5,108.1,108.5,1993,0
AMPPA,20180302,108.5,108.898,108.5,108.501,1857,0
AMPPA,20180305,108.15,108.2,107.282,107.37,2265,0
AMPPA,20180306,107.3,107.9,107.29,107.6,2637,0
AMPPA,20180307,107.35,107.83,107.31,107.78,1284,0
AMPPA,20180308,107.35,107.55,107.35,107.35,1784,0
AMPPA,20180309,107.37,107.6,107.06,107.11,9834,0
AMPPA,20180312,107.2,107.63,107.2,107.63,548,0
AMPPA,20180313,106.1,106.67,105.7,106,2060,0
AMPPA,20180314,105.65,105.65,105,105.65,2037,0
AMPPA,20180315,105.81,105.81,105.65,105.67,2684,0
AMPPA,20180316,105.71,106.15,105.67,106.15,1050,0
AMPPA,20180319,106.15,106.15,105.67,105.67,612,0
AMPPA,20180320,105.7,106.78,105.67,106.78,2840,0
AMPPA,20180321,106,106.33,105.7,105.7,1243,0
AMPPA,20180322,105.8,106.3,105.8,106.25,1199,0
AMPPA,20180323,105.9,106,105.3,105.3,2437,0
AMPPA,20180326,105.5,105.5,103.5,104.48,4198,0
AMPPA,20180327,104.45,105,104.45,105,1959,0
AMPPA,20180328,105,105.3,105,105,1746,0
AMPPA,20180329,104.02,106,103.6,106,5362,0
AMPPA,20180330,106,106,106,106,0,0
AMPPA,20180402,106,106,106,106,0,0
AMPPA,20180403,104.85,104.92,104.62,104.9,1030,0
AMPPA,20180404,104.95,105.1,104.92,105.1,937,0
AMPPA,20180405,105.08,105.2,104.95,104.95,2259,0
AMPPA,20180406,105,106,105,105,1860,0
AMPPA,20180409,105.25,106,105,106,3171,0
AMPPA,20180410,105.3,105.35,105.23,105.35,5395,0
AMPPA,20180411,105.5,105.95,105.3,105.95,1495,0
AMPPA,20180412,105.95,106.5,105.9,106.5,7874,0
AMPPA,20180413,106.5,106.5,106.1,106.498,302,0
AMPPA,20180416,106.498,106.5,105,105.65,5189,0
AMPPA,20180417,105.96,105.96,105.9,105.9,1032,0
AMPPA,20180418,106,106.2,106,106.1,1177,0
AMPPA,20180419,106.25,106.4,106,106,3696,0
AMPPA,20180420,106.02,106.438,106,106.438,1970,0
AMPPA,20180423,106.02,106.3,105.92,105.92,7285,0
AMPPA,20180424,105.92,106.25,105.63,105.75,6752,0
AMPPA,20180425,105.75,105.75,105.75,105.75,0,0
AMPPA,20180426,105.75,105.75,104.61,104.67,5464,0
AMPPA,20180427,104.67,104.9,104.01,104.01,4872,0
AMPPA,20180430,104.4,104.4,103.3,103.4,4102,0
AMPPA,20180501,102.7,103,102.35,103,7641,0
AMPPA,20180502,103.001,103.9,103,103.53,10190,0
AMPPA,20180503,103.53,103.78,103.2,103.78,10341,0
AMPPA,20180504,103.8,104.4,103.69,104.4,3771,0
AMPPA,20180507,104.59,104.65,104.4,104.42,2934,0
AMPPA,20180508,104.42,104.7,104.42,104.59,3966,0
AMPPA,20180509,104.45,104.5,103.7,103.75,9676,0
AMPPA,20180510,104,104.18,103.71,104,7366,0
AMPPA,20180511,104,104.19,103.77,104.19,5355,0
AMPPA,20180514,104.19,104.19,103.5,103.75,3750,0
AMPPA,20180515,103.92,104.38,103.92,104.34,3482,0
AMPPA,20180516,104.01,104.33,104,104.33,5177,0
AMPPA,20180517,104.38,104.5,104.25,104.5,2033,0
AMPPA,20180518,104.45,104.5,104,104,5661,0
AMPPA,20180521,104.01,104.01,103.85,103.86,7439,0
AMPPA,20180522,104,104.01,103.65,104,2210,0
AMPPA,20180523,103.65,104.09,103.4,103.41,2161,0
AMPPA,20180524,103.5,104,103.45,103.6,1386,0
AMPPA,20180525,103.81,104.09,103.72,104.09,1835,0
AMPPA,20180528,103.81,103.95,103.6,103.6,1740,0
AMPPA,20180529,104,104.09,104,104.09,759,0
AMPPA,20180530,103.8,104,103.8,104,889,0
AMPPA,20180531,104,104,103.88,104,769,0
AMPPA,20180601,104,104,103.88,103.9,1680,0
AMPPA,20180604,104,104,103.8,103.9,1767,0
AMPPA,20180605,104,104.12,103.939,104.12,1222,0
AMPPA,20180606,104,104.4,103.85,104.4,3832,0
AMPPA,20180607,104.4,104.5,104.4,104.5,779,0
AMPPA,20180608,104.2,104.5,104,104.35,4055,0
AMPPA,20180611,104.35,104.35,104.35,104.35,0,0
AMPPA,20180612,104.499,104.5,104.3,104.3,1469,0
AMPPA,20180613,104,104,102.98,103.5,5520,0
AMPPA,20180614,103.41,103.55,103.33,103.5,2315,0
AMPPA,20180615,103.33,103.33,103.05,103.07,31735,0
AMPPA,20180618,103.07,103.1,102.86,102.95,1912,0
AMPPA,20180619,102.92,103.88,102.92,103.88,1445,0
AMPPA,20180620,103.79,103.79,103.3,103.65,641,0
AMPPA,20180621,103.65,103.65,103.3,103.36,1718,0
AMPPA,20180622,103.51,103.53,102.9,103.53,3308,0
AMPPA,20180625,103.55,103.7,103.5,103.7,1154,0
AMPPA,20180626,103.71,104.09,103.71,104.09,3166,0
AMPPA,20180627,104.09,104.9,104,104.6,4814,0
AMPPA,20180628,104.45,104.45,104.2,104.45,3394,0
AMPPA,20180629,104.25,104.35,103.9,104.199,2591,0
AMPPA,20180702,104.2,104.2,103.86,103.86,977,0
AMPPA,20180703,103.9,104.45,103.9,104.45,2434,0
AMPPA,20180704,104.5,104.5,104.03,104.03,1466,0
AMPPA,20180705,104.03,104.5,104.02,104.2,1032,0
AMPPA,20180706,104.25,104.95,104.25,104.95,1680,0
AMPPA,20180709,104.55,104.95,104.55,104.95,847,0
AMPPA,20180710,104.62,105,104.62,105,12355,0
AMPPA,20180711,105,105.6,105,105.399,5469,0
AMPPA,20180712,105,105,104.95,104.95,1534,0
AMPPA,20180713,104.95,105,104.85,105,1910,0
AMPPA,20180716,105,105,104.8,104.85,1491,0
AMPPA,20180717,104.85,104.95,104.7,104.75,2131,0
AMPPA,20180718,104.9,105,104.85,104.9,750,0
AMPPA,20180719,104.9,105.5,104.9,105.5,1157,0
AMPPA,20180720,105.15,105.8,105.15,105.7,2291,0
AMPPA,20180723,105.7,105.7,105.4,105.6,2343,0
AMPPA,20180724,105.6,106.1,105.45,105.9,2909,0
AMPPA,20180725,105.66,105.9,105.66,105.7,2486,0
AMPPA,20180726,105.8,105.88,105.7,105.88,2988,0
AMPPA,20180727,105.7,106.3,105.7,106.3,1475,0
AMPPA,20180730,106.28,106.3,105.1,105.35,8956,0
AMPPA,20180731,105.11,105.15,105,105,3331,0
AMPPA,20180801,104.9,105,104.9,105,3413,0
AMPPA,20180802,104.93,105.1,104.93,105.1,1553,0
AMPPA,20180803,105.15,106.19,105.1,106.1,7012,0
AMPPA,20180806,106.1,106.29,105.95,106,4776,0
AMPPA,20180807,105.65,106.5,105.57,106.5,2529,0
AMPPA,20180808,105.9,106.919,105.9,106.55,2484,0
AMPPA,20180809,106.55,106.55,106.01,106.05,582,0
AMPPA,20180810,106.4,106.4,106.05,106.06,1938,0
AMPPA,20180813,106.06,106.2,106.06,106.2,389,0
AMPPA,20180814,106.4,106.88,106.22,106.88,1190,0
AMPPA,20180815,106.35,106.75,106.3,106.32,1651,0
AMPPA,20180816,106.32,106.799,106.32,106.799,422,0
AMPPA,20180817,106.799,106.799,106.4,106.4,154,0
AMPPA,20180820,106.849,107,106.849,106.9,1915,0
AMPPA,20180821,107.4,107.4,106.45,106.45,2088,0
AMPPA,20180822,106.45,106.9,106.41,106.41,1762,0
AMPPA,20180823,106.75,106.8,106.36,106.4,1766,0
AMPPA,20180824,106.4,106.4,106.36,106.4,12832,0
AMPPA,20180827,106.2,106.3,106.11,106.2,797,0
AMPPA,20180828,106.4,106.74,106.3,106.4,3920,0
AMPPA,20180829,106.41,106.79,106.4,106.79,2488,0
AMPPA,20180830,106.8,106.85,106.42,106.8,2124,0
AMPPA,20180831,106.87,107,106.8,107,3595,0
AMPPA,20180903,106.95,106.95,106.74,106.8,12928,0
AMPPA,20180904,106.8,107,106.75,106.75,3210,0
AMPPA,20180905,107,107.1,106.7,106.7,1171,0
AMPPA,20180906,106.7,107,106.6,106.6,3068,0
AMPPA,20180907,106.5,106.6,106.25,106.27,5888,0
AMPPA,20180910,106.27,106.92,106.05,106.15,699,0
AMPPA,20180911,106.15,106.72,106.15,106.68,1886,0
AMPPA,20180912,106.5,106.7,106.3,106.35,1433,0
AMPPA,20180913,104.45,105,104.45,104.51,1676,0
AMPPA,20180914,105.15,105.25,105.13,105.25,489,0
AMPPA,20180917,105.25,105.25,105,105,819,0
AMPPA,20180918,105.1,105.29,105,105,1565,0
AMPPA,20180919,105.3,105.9,105.3,105.65,4075,0
AMPPA,20180920,105.51,105.8,105.25,105.5,1212,0
AMPPA,20180921,105.25,105.6,105.2,105.6,1143,0
AMPPA,20180924,105.8,105.8,105.28,105.7,1734,0
AMPPA,20180925,105.36,107,105.36,107,2415,0
AMPPA,20180926,107,107.1,106.8,106.8,3290,0
AMPPA,20180927,106.4,106.75,106.1,106.749,859,0
AMPPA,20180928,106.1,106.31,105.77,106.31,642,0
AMPPA,20181001,106.25,106.25,106.25,106.25,9,0
AMPPA,20181002,106.25,107.1,105.89,106,3321,0
AMPPA,20181003,105.81,107.4,105.81,107.4,1453,0
AMPPA,20181004,106.4,107,105.9,105.9,4199,0
AMPPA,20181005,105.9,106.5,105.77,106.48,4110,0
AMPPA,20181008,105.91,106.3,105.9,106,1424,0
AMPPA,20181009,105.9,106.48,105.86,106.48,1903,0
AMPPA,20181010,106,106.5,105.9,106,1975,0
AMPPA,20181011,105.9,106.49,105.71,105.71,4566,0
AMPPA,20181012,105.71,106,105.36,105.99,2577,0
AMPPA,20181015,105.5,105.5,105.36,105.36,1973,0
AMPPA,20181016,105.4,105.89,105.36,105.37,1074,0
AMPPA,20181017,105.37,105.66,105.37,105.66,1210,0
AMPPA,20181018,105.37,105.76,105.37,105.76,1757,0
AMPPA,20181019,105.74,105.75,105.5,105.74,931,0
AMPPA,20181022,105.72,105.75,105.5,105.5,899,0
AMPPA,20181023,105.5,105.8,105.42,105.42,5055,0
AMPPA,20181024,105.36,105.36,105.2,105.31,913,0
AMPPA,20181025,105.3,105.36,103,103.51,5468,0
AMPPA,20181026,103.501,103.6,99.95,100.51,12684,0
AMPPA,20181029,100.3,101.55,100,101.05,36608,0
AMPPA,20181030,101.25,101.41,101.05,101.13,6725,0
AMPPA,20181031,101.15,102,101.15,101.97,19098,0
AMPPA,20181101,101.5,101.908,101.35,101.7,4402,0
AMPPA,20181102,101.65,102.6,101.65,102,13418,0
AMPPA,20181105,102.2,102.5,102,102.4,3671,0
AMPPA,20181106,102.85,102.93,102.56,102.89,402,0
AMPPA,20181107,102.57,102.91,102.56,102.58,3048,0
AMPPA,20181108,102.65,102.99,102.55,102.7,6375,0
AMPPA,20181109,102.7,102.99,102.58,102.99,2215,0
AMPPA,20181112,102.98,102.99,102.75,102.8,1319,0
AMPPA,20181113,102.7,102.8,102.7,102.8,15975,0
AMPPA,20181114,102.8,103.5,102.7,103,11494,0
AMPPA,20181115,103,103,102.81,102.85,20742,0
AMPPA,20181116,103,103,102.85,102.875,11856,0
AMPPA,20181119,102.9,102.96,102.9,102.9,1297,0
AMPPA,20181120,102.91,102.98,102.85,102.98,4375,0
AMPPA,20181121,102.98,103.35,102.9,103.23,301,0
AMPPA,20181122,103,103,102.95,103,3900,0
AMPPA,20181123,102.95,103,102.85,102.9,11936,0
AMPPA,20181126,102.86,103,102.8,103,8536,0
AMPPA,20181127,103,103.14,102.8,102.9,5577,0
AMPPA,20181128,102.9,103.09,102.9,103,5637,0
AMPPA,20181129,103.25,103.75,102.95,103,3929,0
AMPPA,20181130,103.19,103.399,102.95,103.05,2646,0
AMPPA,20181203,103.11,103.65,103.11,103.25,3611,0
AMPPA,20181204,103.26,103.55,103.25,103.55,24518,0
AMPPA,20181205,103.31,103.75,103.3,103.36,21300,0
AMPPA,20181206,103.85,103.86,103.55,103.55,1006,0
AMPPA,20181207,103.46,103.749,103.4,103.4,11256,0
AMPPA,20181210,103.75,103.75,103.4,103.4,1532,0
AMPPA,20181211,103.4,103.75,103.4,103.75,1317,0
AMPPA,20181212,103.75,103.85,103.41,103.7,6103,0
AMPPA,20181213,102.9,102.9,102.05,102.5,1072,0
AMPPA,20181214,102.1,102.3,102.05,102.19,1479,0
AMPPA,20181217,102.05,102.59,101.75,102.59,4449,0
AMPPA,20181218,102.59,102.75,102.3,102.5,2290,0
AMPPA,20181219,102.7,102.95,102.6,102.7,1339,0
AMPPA,20181220,102.8,103.6,102.76,103.6,19316,0
AMPPA,20181221,102.75,103.55,102.7,102.7,2395,0
AMPPA,20181224,102.71,103.3,102.7,103.3,178,0
AMPPA,20181225,103.3,103.3,103.3,103.3,0,0
AMPPA,20181226,103.3,103.3,103.3,103.3,0,0
AMPPA,20181227,103.29,103.29,103.2,103.2,487,0
AMPPA,20181228,102.73,102.73,102.56,102.56,1131,0
AMPPA,20181231,103.18,103.3,103.18,103.28,265,0
AMPPA,20190101,103.28,103.28,103.28,103.28,0,0
AMPPA,20190102,103.25,103.25,103.25,103.25,18,0
AMPPA,20190103,103.25,103.3,103,103.3,803,0
AMPPA,20190104,103.29,103.29,103,103,148,0
AMPPA,20190107,103.2,103.3,102.8,102.8,2279,0
AMPPA,20190108,102.81,103.28,102.81,103.28,200,0
AMPPA,20190109,103.15,103.3,103.15,103.27,1076,0
AMPPA,20190110,103.3,103.3,103.1,103.3,1321,0
AMPPA,20190111,103.3,103.3,103.2,103.21,2483,0
AMPPA,20190114,103.45,103.45,103.2,103.21,1008,0
AMPPA,20190115,103.25,103.65,103.25,103.35,1398,0
AMPPA,20190116,103.4,103.4,103.1,103.1,1921,0
AMPPA,20190117,103.1,103.4,103.1,103.4,556,0
AMPPA,20190118,103.4,103.4,103.1,103.4,2912,0
AMPPA,20190121,103.12,103.4,103.12,103.4,10936,0
AMPPA,20190122,103.4,103.75,103.25,103.5,7933,0
AMPPA,20190123,103.5,103.75,103.45,103.5,1244,0
AMPPA,20190124,103.5,103.75,103.5,103.55,1857,0
AMPPA,20190125,103.61,103.75,103.5,103.5,1910,0
AMPPA,20190128,103.5,103.5,103.5,103.5,0,0
AMPPA,20190129,103.74,103.8,103.502,103.7,4094,0
AMPPA,20190130,103.51,103.86,103.501,103.86,1618,0
AMPPA,20190131,103.85,103.85,103.65,103.65,1185,0
AMPPA,20190201,103.8,104.4,103.7,104.4,2296,0
AMPPA,20190204,104.2,104.2,103.8,103.8,2244,0
AMPPA,20190205,103.95,104.5,103.95,104.5,2844,0
AMPPA,20190206,104.5,104.6,104.1,104.25,6575,0
AMPPA,20190207,104.6,104.6,104.45,104.5,5179,0
AMPPA,20190208,104.24,104.5,104.19,104.5,1120,0
AMPPA,20190211,104.1,104.5,104.1,104.48,1191,0
AMPPA,20190212,104.44,104.45,104.3,104.3,703,0
AMPPA,20190213,104.3,104.31,104.12,104.3,1832,0
AMPPA,20190214,104.1,104.2,103.58,103.58,11394,0
AMPPA,20190215,103.58,103.6,103.35,103.5,4967,0
AMPPA,20190218,103.5,103.6,103.2,103.49,7585,0
AMPPA,20190219,103.2,103.4,103,103.05,5321,0
AMPPA,20190220,103.1,103.4,102.8,103.05,3473,0
AMPPA,20190221,102.77,102.85,102.12,102.3,9053,0
AMPPA,20190222,102.3,102.65,102.3,102.55,6099,0
AMPPA,20190225,102.55,102.7,102.4,102.55,1688,0
AMPPA,20190226,102.55,102.85,102.55,102.6,6596,0
AMPPA,20190227,102.5,102.85,102.4,102.52,12667,0
AMPPA,20190228,102.82,102.9,102.8,102.9,1708,0
AMPPA,20190301,103,103.4,102.8,102.8,2448,0
AMPPA,20190304,102.9,102.9,102.3,102.45,3100,0
AMPPA,20190305,102.45,102.45,102,102.05,5012,0
AMPPA,20190306,102.3,102.751,102.25,102.751,6789,0
AMPPA,20190307,102.751,102.95,102.67,102.75,7150,0
AMPPA,20190308,102.55,103.05,102.55,102.75,5027,0
AMPPA,20190311,102.75,103.05,102.61,102.65,3348,0
AMPPA,20190312,102.7,103,102.6,103,3372,0
AMPPA,20190313,101.5,101.78,101,101.45,1997,0
AMPPA,20190314,101.77,101.84,101.55,101.84,1064,0
AMPPA,20190315,101.65,102.44,101.65,102.44,2990,0
AMPPA,20190318,102.2,102.38,102,102,1426,0
AMPPA,20190319,102.37,102.37,101.81,102.24,2068,0
AMPPA,20190320,102.37,103,102.27,103,5447,0
AMPPA,20190321,103,103.5,102.9,103.36,2448,0
AMPPA,20190322,103.36,104,103.36,104,1725,0
AMPPA,20190325,104,104.9,104,104.65,4310,0
AMPPA,20190326,104.01,104.29,104,104.2,1465,0
AMPPA,20190327,104,104.58,103.61,104.58,1261,0
AMPPA,20190328,103.62,104.5,103.57,104.5,2041,0
AMPPA,20190329,104.2,104.2,103.6,104.15,1523,0
AMPPA,20190401,103.66,104.15,103.66,104.15,2128,0
AMPPA,20190402,103.8,104.2,103.8,104.2,546,0
AMPPA,20190403,103.8,104.1,103.8,104.1,1628,0
AMPPA,20190404,103.803,104.15,103.803,104.1,13796,0
AMPPA,20190405,104.1,104.9,104.1,104.9,2528,0
AMPPA,20190408,104.65,104.65,103.9,104.65,540,0
AMPPA,20190409,104.6,104.6,104.02,104.5,35,0
AMPPA,20190410,104.06,104.06,103,103,17247,0
AMPPA,20190411,103.2,103.5,102.4,103.5,4022,0
AMPPA,20190412,103.5,103.7,103.25,103.5,554,0
AMPPA,20190415,103.9,104,103.55,103.9,3529,0
AMPPA,20190416,104,104.3,104,104.3,4095,0
AMPPA,20190417,104,104.3,104,104.3,3223,0
AMPPA,20190418,104.3,104.4,104.25,104.35,7140,0
AMPPA,20190419,104.35,104.35,104.35,104.35,0,0
AMPPA,20190422,104.35,104.35,104.35,104.35,0,0
AMPPA,20190423,104.45,104.6,104.35,104.351,1715,0
AMPPA,20190424,104.355,104.48,104.355,104.48,2489,0
AMPPA,20190425,104.48,104.48,104.48,104.48,0,0
AMPPA,20190426,104.48,104.63,104.48,104.63,5213,0
AMPPA,20190429,104.7,105.05,104.7,105.05,326,0
AMPPA,20190430,104.85,104.85,104.2,104.2,10717,0
AMPPA,20190501,104.38,104.38,104.2,104.25,3030,0
AMPPA,20190502,104.25,104.35,104.25,104.35,1768,0
AMPPA,20190503,104.25,104.25,104.25,104.25,843,0
AMPPA,20190506,104.25,104.6,104.21,104.21,3169,0
AMPPA,20190507,104.22,104.55,104.21,104.55,1051,0
AMPPA,20190508,104.21,104.55,104.209,104.55,1376,0
AMPPA,20190509,104.5,104.5,104.25,104.5,1368,0
AMPPA,20190510,104.5,104.55,104.25,104.25,2447,0
AMPPA,20190513,104.25,104.25,104.25,104.25,0,0
AMPPA,20190514,104.2,104.25,104,104,4992,0
AMPPA,20190515,104.1,104.55,104.005,104.4,7206,0
AMPPA,20190516,104.1,104.32,104.02,104.02,4105,0
AMPPA,20190517,104.02,104.5,104.02,104.5,907,0
AMPPA,20190520,104.52,104.6,104.52,104.6,4181,0
AMPPA,20190521,104.6,104.6,104.52,104.54,2732,0
AMPPA,20190522,104.6,104.75,104.56,104.56,4507,0
AMPPA,20190523,104.61,104.75,104.61,104.75,600,0
AMPPA,20190524,104.56,104.75,104.5,104.74,1299,0
AMPPA,20190527,104.55,104.751,104.55,104.75,1573,0
AMPPA,20190528,104.614,104.75,104.55,104.55,2420,0
AMPPA,20190529,104.6,104.86,104.56,104.56,1964,0
AMPPA,20190530,104.6,105.48,104.6,105.4,2041,0
AMPPA,20190531,105.4,105.4,104.7,105.3,1570,0
AMPPA,20190603,104.7,105.75,104.7,105.75,5711,0
AMPPA,20190604,104.9,105.4,104.9,105,505,0
AMPPA,20190605,105,105.8,104.99,105.8,2476,0
AMPPA,20190606,105.75,105.79,105.74,105.74,876,0
AMPPA,20190607,105.74,105.8,105.74,105.74,2581,0
AMPPA,20190610,105.74,105.74,105.74,105.74,0,0
AMPPA,20190611,105.7,105.8,105.25,105.8,6426,0
AMPPA,20190612,105.8,105.8,105.42,105.8,1297,0
AMPPA,20190613,104.36,105.7,104.36,105.15,3133,0
AMPPA,20190614,104.75,105,104.6,104.6,3185,0
AMPPA,20190617,104.6,104.9,104.6,104.62,4333,0
AMPPA,20190618,104.62,105.33,104.62,104.81,2249,0
AMPPA,20190619,104.78,105.48,104.78,105.48,2396,0
AMPPA,20190620,105.01,105.7,104.8,105.68,2265,0
AMPPA,20190621,105.68,106.13,105.68,106.13,2188,0
AMPPA,20190624,106.13,106.13,106.13,106.13,0,0
AMPPA,20190625,104.75,105,104.7,105,4673,0
AMPPA,20190626,104.801,104.95,104.8,104.81,1906,0
AMPPA,20190627,104.8,104.9,104.8,104.81,4709,0
AMPPA,20190628,104.82,104.95,104.82,104.86,709,0
AMPPA,20190701,104.91,105.25,104.85,105,4760,0
AMPPA,20190702,105,105.34,104.8,105.34,1916,0
AMPPA,20190703,105.3,105.3,105.2,105.22,1590,0
AMPPA,20190704,105.3,105.3,105.15,105.15,912,0
AMPPA,20190705,105.17,105.18,105.17,105.18,695,0
AMPPA,20190708,105.3,105.45,105.3,105.4,5481,0
AMPPA,20190709,105.31,105.31,105.16,105.309,1874,0
AMPPA,20190710,105.309,105.309,105,105.1,2217,0
AMPPA,20190711,105.1,105.14,105,105.14,3261,0
AMPPA,20190712,105.14,105.15,105.001,105.09,1690,0
AMPPA,20190715,104.95,104.95,101,103,15929,0
AMPPA,20190716,102.51,103.45,101.8,102.5,52141,0
AMPPA,20190717,102.01,102.75,102.01,102.5,8600,0
AMPPA,20190718,102.38,102.8,102.38,102.8,8266,0
AMPPA,20190719,102.799,102.799,102.66,102.73,7089,0
AMPPA,20190722,102.4,102.4,99.95,101.45,14619,0
AMPPA,20190723,101.49,102.5,100.5,102.5,16424,0
AMPPA,20190724,102.7,102.8,102.1,102.5,9915,0
AMPPA,20190725,102.75,102.85,102.2,102.2,5243,0
AMPPA,20190726,102.95,102.95,102.4,102.6,3196,0
AMPPA,20190729,102.8,102.8,102.18,102.18,5173,0
AMPPA,20190730,102.02,102.6,102,102.6,3306,0
AMPPA,20190731,102.01,102.75,102,102.75,6660,0
AMPPA,20190801,102.5,102.6,102.011,102.011,5751,0
AMPPA,20190802,102.4,102.4,102,102.2,3590,0
AMPPA,20190805,102,102.1,101.7,102,1589,0
AMPPA,20190806,101.8,101.85,101.31,101.31,6266,0
AMPPA,20190807,101.69,101.7,101.2,101.3,10284,0
AMPPA,20190808,101.3,101.3,101.3,101.3,0,0
AMPPA,20190809,102.6,104,102.5,103.9,21735,0
AMPPA,20190812,103.53,104.47,103.11,104.42,8366,0
AMPPA,20190813,104.4,104.92,104.05,104.21,6755,0
AMPPA,20190814,104.32,104.92,104.32,104.92,2471,0
AMPPA,20190815,104.87,105,104.42,104.9,3993,0
AMPPA,20190816,104.9,104.99,104.9,104.95,7899,0
AMPPA,20190819,104.901,105.2,104.9,104.95,11050,0
AMPPA,20190820,105.3,105.5,104.9,105.5,7940,0
AMPPA,20190821,105.5,105.75,104.55,104.65,5075,0
AMPPA,20190822,105.5,105.55,104.96,104.96,3013,0
AMPPA,20190823,104.96,105.4,104.6,104.6,1748,0
AMPPA,20190826,105.2,105.2,104.3,104.3,3778,0
AMPPA,20190827,104.33,105.1,104.33,104.45,5046,0
AMPPA,20190828,104.45,104.58,104.35,104.52,5665,0
AMPPA,20190829,104.53,104.58,104.45,104.45,5972,0
AMPPA,20190830,104.55,105,104.35,105,4315,0
AMPPA,20190902,104.95,105,104.01,104.01,8432,0
AMPPA,20190903,104.01,104.98,104.01,104.98,2485,0
AMPPA,20190904,104.99,104.99,104,104,7031,0
AMPPA,20190905,104.02,104.7,104.02,104.2,1931,0
AMPPA,20190906,104.25,105.2,104.21,105.2,2432,0
AMPPA,20190909,105,105.65,105,105.65,1608,0
AMPPA,20190910,104.65,105.5,104.65,104.75,2022,0
AMPPA,20190911,105,105.65,105,105.65,2154,0
AMPPA,20190912,105,105.25,104.7,104.7,1772,0
AMPPA,20190913,104.9,105.25,104.4,104.6,1641,0
AMPPA,20190916,104.6,104.99,104.56,104.701,1192,0
AMPPA,20190917,104.95,104.95,103.85,103.85,6195,0
AMPPA,20190918,103.86,104,103.86,104,874,0
AMPPA,20190919,104,104.78,104,104.77,1045,0
AMPPA,20190920,103.85,104.45,103.2,104.45,3508,0
AMPPA,20190923,104.44,104.44,104,104,1255,0
AMPPA,20190924,104,104,103.5,103.8,1552,0
AMPPA,20190925,103.5,103.75,103.32,103.75,652,0
AMPPA,20190926,103.75,103.75,103.6,103.7,2751,0
AMPPA,20190927,103.7,103.8,103.65,103.75,3260,0
AMPPA,20190930,103.75,103.75,103.33,103.33,2065,0
AMPPA,20191001,103.7,103.8,103.36,103.7,2794,0
AMPPA,20191002,103.7,103.7,103.15,103.7,3500,0
AMPPA,20191003,103.18,103.75,103.1,103.74,4835,0
AMPPA,20191004,103.69,103.75,103.5,103.75,4169,0
AMPPA,20191007,103.57,103.75,103.57,103.6,786,0
AMPPA,20191008,103.65,103.75,103.62,103.62,1367,0
AMPPA,20191009,103.63,103.7,103.63,103.7,353,0
AMPPA,20191010,103.75,103.8,103.64,103.64,3046,0
AMPPA,20191011,103.75,103.75,103.64,103.7,786,0
AMPPA,20191014,103.65,103.85,103.64,103.7,6664,0
AMPPA,20191015,103.75,103.75,103.63,103.75,1746,0
AMPPA,20191016,103.64,103.7,103.59,103.7,3685,0
AMPPA,20191017,103.69,103.75,103.69,103.74,3222,0
AMPPA,20191018,103.74,103.75,103.65,103.75,3061,0
AMPPA,20191021,103.7,103.7,103.63,103.63,4057,0
AMPPA,20191022,103.599,103.75,103.59,103.6,6065,0
AMPPA,20191023,103.7,103.74,103.61,103.71,1474,0
AMPPA,20191024,103.6,103.69,103.58,103.6,6520,0
AMPPA,20191025,103.6,103.69,103.6,103.68,913,0
AMPPA,20191028,103.65,103.85,103.6,103.85,3391,0
AMPPA,20191029,103.85,103.851,103.7,103.7,1796,0
AMPPA,20191030,103.8,104.44,103.7,104.44,2421,0
AMPPA,20191031,104.5,104.5,103.76,103.86,3083,0
AMPPA,20191101,104.38,104.6,104.38,104.6,742,0
AMPPA,20191104,103.9,104.5,103.86,103.87,2239,0
AMPPA,20191105,103.85,104.8,103.85,104.8,1937,0
AMPPA,20191106,104.6,105.1,104.01,104.01,975,0
AMPPA,20191107,104.5,104.75,104.25,104.75,1436,0
AMPPA,20191108,104.001,105,104.001,105,1119,0
AMPPA,20191111,104.1,104.49,103.9,104.02,1088,0
AMPPA,20191112,104.02,104.03,104,104,642,0
AMPPA,20191113,104.02,104.87,104.02,104.87,322,0
AMPPA,20191114,104.83,104.849,104.71,104.849,1004,0
AMPPA,20191115,104.849,104.98,104.46,104.46,1829,0
AMPPA,20191118,104.45,104.45,104,104,3220,0
AMPPA,20191119,103.87,104.3,103.87,104.1,1706,0
AMPPA,20191120,104.1,104.3,104.05,104.06,1802,0
AMPPA,20191121,104.06,104.5,104.03,104.03,992,0
AMPPA,20191122,104,104.39,103.9,103.9,4395,0
AMPPA,20191125,103.9,103.92,103.8,103.85,3066,0
AMPPA,20191126,103.701,104.4,103.695,104.4,2074,0
AMPPA,20191127,104,104,103.65,103.65,1084,0
AMPPA,20191128,103.55,104.6,103.1,103.11,4379,0
AMPPA,20191129,103.1,103.85,103.1,103.85,420,0
AMPPA,20191202,103.95,103.95,103.151,103.45,3829,0
AMPPA,20191203,103.68,103.8,103.15,103.7,3449,0
AMPPA,20191204,103.25,103.55,103.05,103.21,1760,0
AMPPA,20191205,103.21,103.21,102.1,103,7300,0
AMPPA,20191206,102.5,103,102.5,103,432,0
AMPPA,20191209,102.85,103.21,102.65,103.21,1204,0
AMPPA,20191210,103,103.21,102.8,103.2,3636,0
AMPPA,20191211,103,103.2,103,103.2,1650,0
AMPPA,20191212,101.9,102.35,101.201,101.7,2353,0
AMPPA,20191213,101.9,102.25,101.5,101.5,4149,0
AMPPA,20191216,102,102.5,101.5,101.5,3428,0
AMPPA,20191217,102.3,102.44,102.22,102.43,2307,0
AMPPA,20191218,102.43,103.27,102.43,102.51,4654,0
AMPPA,20191219,102.551,104.3,102.551,104.23,1758,0
AMPPA,20191220,104.08,104.2,102.82,104.195,5354,0
AMPPA,20191223,104.179,104.179,104.139,104.14,1021,0
AMPPA,20191224,103.15,104.2,103.15,104.2,670,0
AMPPA,20191225,104.2,104.2,104.2,104.2,0,0
AMPPA,20191226,104.2,104.2,104.2,104.2,0,0
AMPPA,20191227,104.16,104.17,104.16,104.17,124,0
AMPPA,20191230,104.17,104.17,104.17,104.17,0,0
AMPPA,20191231,103,103.75,103,103.5,1936,0
AMPPA,20200101,103.5,103.5,103.5,103.5,0,0
AMPPA,20200102,103.5,103.75,103.5,103.5,892,0
AMPPA,20200103,103.75,103.75,103.1,103.1,347,0
AMPPA,20200106,103.1,103.1,103.1,103.1,0,0
AMPPA,20200107,103.001,103.5,103.001,103.5,950,0
AMPPA,20200108,103.74,103.92,102.96,103.92,1811,0
AMPPA,20200109,103.89,103.9,103.18,103.18,1277,0
AMPPA,20200110,103.25,103.25,103.25,103.25,70,0
AMPPA,20200113,103.9,104,103.65,103.65,2696,0
AMPPA,20200114,103.75,103.85,103.5,103.85,3139,0
AMPPA,20200115,103.55,103.55,103.26,103.5,1939,0
AMPPA,20200116,103.5,104,103.26,104,1535,0
AMPPA,20200117,103.51,103.7,103.3,103.31,2118,0
AMPPA,20200120,103.45,103.45,103.35,103.38,1585,0
AMPPA,20200121,103.78,103.8,103.45,103.45,601,0
AMPPA,20200122,103.8,103.8,103,103.011,3888,0
AMPPA,20200123,102.86,102.86,102.86,102.86,147,0
AMPPA,20200124,102.8,103.8,102.63,102.82,3666,0
AMPPA,20200127,102.82,102.82,102.82,102.82,0,0
AMPPA,20200128,102.76,103.39,102.76,103,685,0
AMPPA,20200129,103.38,103.49,102.87,102.9,1464,0
AMPPA,20200130,102.96,103.44,102.96,103,1360,0
AMPPA,20200131,103,104.28,103,103.8,3317,0
AMPPA,20200203,104,104,103.8,103.8,2042,0
AMPPA,20200204,104,104.2,103.8,103.8,3523,0
AMPPA,20200205,103.8,104.15,103.51,103.51,923,0
AMPPA,20200206,104.08,104.15,103.56,104.15,2143,0
AMPPA,20200207,104.15,104.15,103.899,104.15,2240,0
AMPPA,20200210,103.61,104.15,103.6,103.6,1572,0
AMPPA,20200211,103.61,103.61,103.5,103.5,511,0
AMPPA,20200212,103.61,103.61,103.52,103.52,492,0
AMPPA,20200213,103.52,103.52,103,103,5818,0
AMPPA,20200214,103.13,103.49,103.1,103.2,1441,0
AMPPA,20200217,103.2,103.42,102.98,102.98,6822,0
AMPPA,20200218,103.13,103.39,102.97,102.97,3781,0
AMPPA,20200219,103.39,103.74,103.39,103.5,1633,0
AMPPA,20200220,103.5,103.55,103.15,103.15,1272,0
AMPPA,20200221,103.15,103.69,103.06,103.1,3240,0
AMPPA,20200224,103.66,103.66,103.06,103.06,309,0
AMPPA,20200225,103.1,103.1,103,103,2000,0
AMPPA,20200226,103,103,103,103,515,0
AMPPA,20200227,103.48,103.98,103,103.65,2291,0
AMPPA,20200228,103,103.6,102,102.2,3029,0
AMPPA,20200302,102.2,102.2,101.2,101.41,2290,0
AMPPA,20200303,102.5,102.64,102.15,102.64,2329,0
AMPPA,20200304,102.1,102.6,102.1,102.25,2432,0
AMPPA,20200305,102,102.64,102,102.64,3416,0
AMPPA,20200306,102.64,102.7,102.3,102.69,564,0
AMPPA,20200309,102,102.65,99,99,1856,0
AMPPA,20200310,99,99,95.01,96.25,2207,0
AMPPA,20200311,97.5,101.95,97.5,101.95,7250,0
AMPPA,20200312,99.5,99.5,92,98.2,3208,0
AMPPA,20200313,94.99,94.99,88,93.5,3004,0
AMPPA,20200316,93.8,94,91.4,91.4,2165,0
AMPPA,20200317,89,90.5,87,90.5,6173,0
AMPPA,20200318,90.5,90.5,89.55,90.3,4880,0
AMPPA,20200319,90.15,91,89.5,90,17518,0
AMPPA,20200320,90.5,90.5,90,90.5,4176,0
AMPPA,20200323,90.5,90.5,81,83.1,5259,0
AMPPA,20200324,83.101,83.101,81,82,698,0
AMPPA,20200325,83.1,83.1,81.5,82,1059,0
AMPPA,20200326,82.5,85,82.5,85,2285,0
AMPPA,20200327,85.8,87.51,85,85,3544,0
AMPPA,20200330,85.5,86,85.5,85.5,1957,0
AMPPA,20200331,87.297,88,87.28,88,1054,0
AMPPA,20200401,87.3,92,87.3,91,1284,0
AMPPA,20200402,87.301,90,87.251,88,1882,0
AMPPA,20200403,90.8,91,87.5,88.1,1832,0
AMPPA,20200406,90,90,90,90,87,0
AMPPA,20200407,89.999,90.99,89.999,90.98,674,0
AMPPA,20200408,89.011,90,89.01,89.99,7374,0
AMPPA,20200409,90,90.5,89.5,89.5,4876,0
AMPPA,20200410,89.5,89.5,89.5,89.5,0,0
AMPPA,20200413,89.5,89.5,89.5,89.5,0,0
AMPPA,20200414,89,90,88,90,3076,0
AMPPA,20200415,88.5,90.99,88.5,90.99,2392,0
AMPPA,20200416,91.75,91.75,91.75,91.75,2500,0
AMPPA,20200417,91.76,93.1,91.76,93,3493,0
AMPPA,20200420,93.2,93.21,93.2,93.21,113,0
AMPPA,20200421,93.25,96.9,93.25,93.75,1575,0
AMPPA,20200422,94.001,94.99,93.5,94.99,3703,0
AMPPA,20200423,94.99,94.99,94.99,94.99,320,0
AMPPA,20200424,95.121,95.75,94.4,94.6,2720,0
AMPPA,20200427,94.6,94.6,94.25,94.4,2026,0
AMPPA,20200428,94.6,96,94.6,96,5077,0
AMPPA,20200429,96.001,96.75,96.001,96.75,445,0
AMPPA,20200430,97,98.811,97,98.61,3238,0
AMPPA,20200501,98.61,98.61,98.61,98.61,500,0
AMPPA,20200504,98.701,98.701,98.61,98.61,798,0
AMPPA,20200505,98.699,98.699,98.699,98.699,401,0
AMPPA,20200506,98.701,98.711,98.701,98.711,505,0
AMPPA,20200507,98.711,99.011,98.711,99.011,1337,0
AMPPA,20200508,99.5,100,99.5,99.999,2349,0
AMPPA,20200511,99.552,99.9,99.02,99.03,3712,0
AMPPA,20200512,99.9,99.9,99.03,99.04,37,0
AMPPA,20200513,99.2,99.6,99.2,99.6,7787,0
AMPPA,20200514,99.3,99.5,98.72,99.5,478,0
AMPPA,20200515,99.5,99.5,98.73,98.73,263,0
AMPPA,20200518,99.45,99.45,99.45,99.45,129,0
AMPPA,20200519,99.3,99.6,99.3,99.6,2603,0
AMPPA,20200520,99.55,99.6,99.5,99.5,3002,0
AMPPA,20200521,99.6,99.6,98.76,99.6,3712,0
AMPPA,20200522,99.4,99.49,98.71,98.76,3346,0
AMPPA,20200525,98.721,99,98.71,98.85,1084,0
AMPPA,20200526,99,99.03,99,99.03,592,0
AMPPA,20200527,99.05,99.6,99.05,99.6,546,0
AMPPA,20200528,99.6,100.4,99.6,99.85,1217,0
AMPPA,20200529,100.099,101,100,101,4539,0
AMPPA,20200601,99.85,101,99.71,100.95,1982,0
AMPPA,20200602,100.95,100.95,100.85,100.95,1901,0
AMPPA,20200603,100.8,101.75,100.8,101.25,4749,0
AMPPA,20200604,101.25,102.399,100.81,102.399,1123,0
AMPPA,20200605,101.8,102.2,101.55,102.1,1957,0
AMPPA,20200608,102.1,102.1,102.1,102.1,0,0
AMPPA,20200609,102.897,102.897,102.101,102.25,2144,0
AMPPA,20200610,102,103.5,101.56,101.56,2484,0
AMPPA,20200611,101.6,102.55,101.6,101.7,2954,0
AMPPA,20200612,99,101.2,99,101.1,816,0
AMPPA,20200615,101.1,101.1,101.1,101.1,0,0
AMPPA,20200616,100.1,100.3,100.1,100.12,363,0
AMPPA,20200617,100.8,100.8,100.15,100.15,352,0
AMPPA,20200618,100.6,100.6,100.2,100.4,5264,0
AMPPA,20200619,100.4,101,100.4,101,2863,0
AMPPA,20200622,100.5,100.51,100.4,100.5,4182,0
AMPPA,20200623,100.35,101,100.35,100.51,4404,0
AMPPA,20200624,100.51,102.002,100.25,100.25,5967,0
AMPPA,20200625,100.25,100.5,100.051,100.051,1126,0
AMPPA,20200626,100.57,101,100.57,100.95,1074,0
AMPPA,20200629,100.6,100.9,100.11,100.3,3067,0
AMPPA,20200630,100.69,100.69,100.212,100.212,2714,0
AMPPA,20200701,100.21,100.8,100.181,100.181,4513,0
AMPPA,20200702,100.182,100.95,100.18,100.95,1966,0
AMPPA,20200703,100.948,101.618,100.75,101.618,973,0
AMPPA,20200706,101.68,101.75,101.41,101.75,1388,0
AMPPA,20200707,101,101.44,100.85,101.25,1297,0
AMPPA,20200708,101.749,101.75,101.001,101.001,2361,0
AMPPA,20200709,101.05,101.99,101.041,101.99,3145,0
AMPPA,20200710,101.94,101.99,101.65,101.71,3090,0
AMPPA,20200713,101.55,101.55,101.21,101.3,2683,0
AMPPA,20200714,101.1,101.5,101.07,101.5,2152,0
AMPPA,20200715,101.499,101.7,101.499,101.7,1433,0
AMPPA,20200716,101.31,101.59,101.3,101.36,1653,0
AMPPA,20200717,101.4,101.59,101.32,101.32,607,0
AMPPA,20200720,101.31,101.35,100.95,100.95,2805,0
AMPPA,20200721,100.53,101.54,100.512,101.54,1230,0
AMPPA,20200722,101.34,101.35,101.25,101.35,2231,0
AMPPA,20200723,101.54,101.55,101.35,101.55,510,0
AMPPA,20200724,101.55,101.55,101.002,101.002,1483,0
AMPPA,20200727,101,101,100.182,100.182,2488,0
AMPPA,20200728,100.6,100.95,100.2,100.35,1474,0
AMPPA,20200729,100.35,100.92,100.2,100.91,1160,0
AMPPA,20200730,100.5,100.9,100.5,100.86,1172,0
AMPPA,20200731,100.91,101.34,100.86,100.86,501,0
AMPPA,20200803,100.9,101.3,100.9,101.3,2771,0
AMPPA,20200804,101.2,101.38,101.2,101.3,968,0
AMPPA,20200805,101.2,101.38,101.2,101.38,2239,0
AMPPA,20200806,101.38,101.498,101.25,101.38,1366,0
AMPPA,20200807,101.55,101.55,101.38,101.38,2351,0
AMPPA,20200810,101.38,101.38,101.1,101.2,2147,0
AMPPA,20200811,101.1,101.1,100.92,101,1877,0
AMPPA,20200812,100.9,101.1,100.81,101.1,3047,0
AMPPA,20200813,100.81,101.63,100.81,101.21,1258,0
AMPPA,20200814,101.2,101.56,101.2,101.35,1466,0
AMPPA,20200817,101.66,101.66,101.355,101.42,1474,0
AMPPA,20200818,101.42,101.5,101.4,101.5,852,0
AMPPA,20200819,101.45,101.58,101.45,101.58,2791,0
AMPPA,20200820,101.5,101.75,101.5,101.75,2040,0
AMPPA,20200821,101.456,101.75,101.456,101.7,1506,0
AMPPA,20200824,101.47,101.7,101.461,101.7,1493,0
AMPPA,20200825,101.5,101.5,101.44,101.45,5036,0
AMPPA,20200826,101.4,101.4,100.882,101.35,2408,0
AMPPA,20200827,100.886,101,100.886,101,3697,0
AMPPA,20200828,100.8,101,100.7,100.7,4920,0
AMPPA,20200831,100.7,101,100.7,101,4678,0
AMPPA,20200901,100.7,101,100.7,100.7,1318,0
AMPPA,20200902,100.6,101.5,100.6,100.95,2651,0
AMPPA,20200903,101,101.01,100.83,100.9,4131,0
AMPPA,20200904,101,101,100.7,100.71,2643,0
AMPPA,20200907,100.71,101,100.69,101,2504,0
AMPPA,20200908,101,101.01,100.65,100.65,9619,0
AMPPA,20200909,100.99,100.999,99.249,100.49,8497,0
AMPPA,20200910,100.57,100.89,100.09,100.45,7292,0
AMPPA,20200911,99.11,99.5,99.002,99.5,2379,0
AMPPA,20200914,99.5,99.5,99.25,99.25,3148,0
AMPPA,20200915,99.5,99.6,99.32,99.49,7653,0
AMPPA,20200916,99.49,99.49,99.3,99.3,2874,0
AMPPA,20200917,99.3,99.45,99.299,99.3,2155,0
AMPPA,20200918,99.24,99.39,99.24,99.39,3829,0
AMPPA,20200921,99.28,99.39,99.28,99.39,94,0
AMPPA,20200922,99.39,99.39,99.3,99.3,1671,0
AMPPA,20200923,99.38,99.39,99,99,5914,0
AMPPA,20200924,98.5,99.4,98.5,99.4,3475,0
AMPPA,20200925,98.92,99.4,98.88,99.25,3224,0
AMPPA,20200928,99.25,99.33,98.892,99.25,2252,0
AMPPA,20200929,98.9,99.31,98.9,99.31,2645,0
AMPPA,20200930,99.25,99.85,99.202,99.8,2951,0
AMPPA,20201001,99.222,99.77,99.222,99.77,765,0
AMPPA,20201002,99.35,99.75,99.35,99.75,1753,0
AMPPA,20201005,99.55,99.55,99.42,99.5,2682,0
AMPPA,20201006,99.5,99.64,99.35,99.5,3023,0
AMPPA,20201007,99.5,99.65,99.45,99.45,2183,0
AMPPA,20201008,99.48,99.75,99.48,99.56,552,0
AMPPA,20201009,99.59,99.7,99.59,99.7,363,0
AMPPA,20201012,99.61,99.75,99.512,99.699,3961,0
AMPPA,20201013,99.65,99.75,99.55,99.57,5592,0
AMPPA,20201014,99.58,99.85,99.58,99.8,4638,0
AMPPA,20201015,99.8,99.8,99.72,99.8,1520,0
AMPPA,20201016,99.8,99.8,99.72,99.8,1164,0
AMPPA,20201019,99.7,99.85,99.6,99.85,3582,0
AMPPA,20201020,99.84,99.84,99.55,99.55,3273,0
AMPPA,20201021,99.55,99.9,99.55,99.84,1504,0
AMPPA,20201022,99.8,99.8,99.7,99.7,3216,0
AMPPA,20201023,99.75,99.85,99.28,99.8,3337,0
AMPPA,20201026,99.51,99.8,99.5,99.5,4017,0
AMPPA,20201027,99.31,99.6,99.2,99.6,3281,0
AMPPA,20201028,99.22,99.6,99.2,99.54,3853,0
AMPPA,20201029,99.21,99.6,99.2,99.6,2746,0
AMPPA,20201030,99.6,99.9,99.6,99.8,1833,0
AMPPA,20201102,99.8,99.82,99.8,99.82,3644,0
AMPPA,20201103,99.8,99.84,99.52,99.84,1459,0
AMPPA,20201104,99.89,99.95,99.85,99.85,2968,0
AMPPA,20201105,99.85,99.93,99.66,99.8,1014,0
AMPPA,20201106,99.89,99.89,99.75,99.86,773,0
AMPPA,20201109,99.9,100.02,99.899,100,1007,0
AMPPA,20201110,100.05,100.44,99.99,100,2051,0
AMPPA,20201111,100,100.15,99.9,100,6074,0
AMPPA,20201112,100.32,100.36,100.14,100.29,5213,0
AMPPA,20201113,100.35,100.748,100,100.1,1113,0
AMPPA,20201116,100.1,100.1,100.1,100.1,0,0
AMPPA,20201117,100.35,100.41,100,100.35,6388,0
AMPPA,20201118,100.38,100.38,100.25,100.38,3680,0
AMPPA,20201119,100.1,100.45,100.1,100.35,2907,0
AMPPA,20201120,100.4,100.49,100.3,100.38,1738,0
AMPPA,20201123,100.3,100.35,100.26,100.35,1377,0
AMPPA,20201124,100.35,100.41,100.25,100.4,9051,0
AMPPA,20201125,100.58,100.58,100.06,100.06,2998,0
AMPPA,20201126,100.2,100.2,100,100,1516,0
AMPPA,20201127,100.15,100.42,100.15,100.4,280,0
AMPPA,20201130,100.31,100.5,100.3,100.4,1397,0
AMPPA,20201201,100.4,100.4,100.25,100.25,2216,0
AMPPA,20201202,100.21,100.21,100,100.08,1582,0
AMPPA,20201203,100.1,100.14,100.1,100.1,4427,0
AMPPA,20201204,100.32,100.35,100.32,100.35,329,0
AMPPA,20201207,100.15,100.36,100.13,100.35,3152,0
AMPPA,20201208,100.39,100.39,100.3,100.3,579,0
AMPPA,20201209,100.5,100.65,100.3,100.3,5065,0
AMPPA,20201210,100.31,100.61,100.31,100.5,2886,0
AMPPA,20201211,99.9,99.9,99.1,99.6,12218,0
AMPPA,20201214,99.22,99.8,99.22,99.5,4673,0
AMPPA,20201215,99.82,99.9,99.66,99.85,2553,0
AMPPA,20201216,99.86,99.86,99.56,99.8,6666,0
AMPPA,20201217,99.6,99.7,99.5,99.7,3078,0
AMPPA,20201218,99.75,99.75,99.27,99.73,2544,0
AMPPA,20201221,99.73,99.98,99.66,99.66,3264,0
AMPPA,20201222,99.85,100.3,99.85,100.3,1147,0
AMPPA,20201223,100.15,100.15,100.05,100.05,2153,0
AMPPA,20201224,100.05,100.3,100.05,100.08,86,0
AMPPA,20201225,100.08,100.08,100.08,100.08,0,0
AMPPA,20201228,100.08,100.08,100.08,100.08,0,0
AMPPA,20201229,100.3,100.69,100.3,100.31,1135,0
AMPPA,20201230,100.41,100.41,100.31,100.31,795,0
AMPPA,20201231,100.4,100.4,100.33,100.33,12,0
AMPPA,20210101,100.33,100.33,100.33,100.33,0,0
AMPPA,20210104,100.33,100.36,100.33,100.36,475,0
AMPPA,20210105,100.36,100.36,100.36,100.36,0,0
AMPPA,20210106,100.42,100.69,100.41,100.69,677,0
AMPPA,20210107,100.68,100.69,100.41,100.69,295,0
AMPPA,20210108,100.669,100.69,100.669,100.69,1010,0
AMPPA,20210111,100.41,100.56,100.4,100.48,2824,0
AMPPA,20210112,100.5,100.75,100.5,100.75,1700,0
AMPPA,20210113,100.45,100.75,100.45,100.53,1230,0
AMPPA,20210114,100.75,100.75,100.461,100.461,677,0
AMPPA,20210115,100.501,100.74,100.5,100.6,1317,0
AMPPA,20210118,100.56,100.74,100.55,100.63,2726,0
AMPPA,20210119,100.61,101,100.61,101,159,0
AMPPA,20210120,101,101,100.52,100.6,2727,0
AMPPA,20210121,100.6,100.6,100.54,100.58,333,0
AMPPA,20210122,100.58,101.01,100.57,101.01,1106,0
AMPPA,20210125,100.92,100.92,100.66,100.66,1584,0
AMPPA,20210126,100.66,100.66,100.66,100.66,0,0
AMPPA,20210127,100.9,101,100.66,101,4445,0
AMPPA,20210128,100.91,101.06,100.9,101.06,1908,0
AMPPA,20210129,101.29,101.3,101.02,101.02,1277,0
AMPPA,20210201,101.06,101.3,101.06,101.3,381,0
AMPPA,20210202,101.3,101.3,101.149,101.15,1056,0
AMPPA,20210203,101.101,101.2,101,101.05,4285,0
AMPPA,20210204,101.17,101.3,101.05,101.2,2227,0
AMPPA,20210205,101.02,101.3,101.02,101.02,3254,0
AMPPA,20210208,101.03,101.11,101.01,101.1,1385,0
AMPPA,20210209,101.25,101.89,101.25,101.88,5079,0
AMPPA,20210210,101.16,101.89,100.9,101.759,7745,0
AMPPA,20210211,101.2,101.73,100.75,101,5670,0
AMPPA,20210212,101,101.52,100.2,101.29,9415,0
AMPPA,20210215,100.72,100.72,100.1,100.2,9319,0
AMPPA,20210216,100.2,101.15,100.2,100.75,7988,0
AMPPA,20210217,100.94,101,100.9,101,2161,0
AMPPA,20210218,101.01,101.01,100.98,100.98,1670,0
AMPPA,20210219,101.15,101.388,101.03,101.21,3379,0
AMPPA,20210222,101.528,101.528,101.01,101.022,4151,0
AMPPA,20210223,101,101.34,101,101.1,1507,0
AMPPA,20210224,101.002,101.55,100.8,101.55,2232,0
AMPPA,20210225,101.22,101.3,100.9,101.22,1402,0
AMPPA,20210226,101.23,101.25,101,101.2,1287,0
AMPPA,20210301,101,101.23,100.88,101.23,1201,0
AMPPA,20210302,101.01,101.24,101.01,101.24,1058,0
AMPPA,20210303,101.24,101.37,101.05,101.21,3125,0
AMPPA,20210304,101.07,101.38,101.06,101.37,3653,0
AMPPA,20210305,101.25,101.55,101.12,101.2,3829,0
AMPPA,20210308,101.21,101.23,101.21,101.23,186,0
AMPPA,20210309,101.35,101.35,101.3,101.3,672,0
AMPPA,20210310,101.25,101.54,101,101.54,1856,0
AMPPA,20210311,100.01,100.62,100.01,100.15,3203,0
AMPPA,20210312,100.6,101,100.22,100.22,2725,0
AMPPA,20210315,100.24,100.85,100.24,100.85,2415,0
AMPPA,20210316,100.46,100.46,100.23,100.45,1101,0
AMPPA,20210317,100.4,100.49,100.23,100.23,6327,0
AMPPA,20210318,100.45,100.5,100.13,100.15,3691,0
AMPPA,20210319,100.15,100.23,100.1,100.1,3344,0
AMPPA,20210322,100.2,100.4,97,100.25,3804,0
AMPPA,20210323,100.2,100.25,100,100,2075,0
AMPPA,20210324,100.05,100.5,99.87,100.45,5436,0
AMPPA,20210325,99.902,100.5,99.9,100.45,3730,0
AMPPA,20210326,100,100.5,100,100.5,2853,0
AMPPA,20210329,100.39,100.78,100.1,100.1,1021,0
AMPPA,20210330,100.13,100.4,100.12,100.4,957,0
AMPPA,20210331,100.4,100.69,100.202,100.69,2567,0
AMPPA,20210401,100.69,100.69,100.5,100.5,607,0
AMPPA,20210402,100.5,100.5,100.5,100.5,0,0
AMPPA,20210405,100.5,100.5,100.5,100.5,0,0
AMPPA,20210406,100.5,100.5,100.5,100.5,100,0
AMPPA,20210407,100.51,100.7,100.5,100.6,2503,0
AMPPA,20210408,100.65,100.8,100.51,100.8,2453,0
AMPPA,20210409,100.833,100.835,100.6,100.6,812,0
AMPPA,20210412,100.65,100.8,100.61,100.798,768,0
AMPPA,20210413,100.798,100.798,100.798,100.798,0,0
AMPPA,20210414,100.798,100.8,100.5,100.52,2279,0
AMPPA,20210415,100.5,100.758,100.5,100.7,5061,0
AMPPA,20210416,100.74,100.76,100.002,100.7,1087,0
AMPPA,20210419,100.698,100.7,100.3,100.7,1467,0
AMPPA,20210420,100.6,100.648,100.3,100.648,1911,0
AMPPA,20210421,100.598,100.598,100.45,100.45,1121,0
AMPPA,20210422,100.45,100.45,100.11,100.3,2539,0
AMPPA,20210423,100.112,100.3,100.1,100.3,842,0
AMPPA,20210426,100.08,100.3,100,100.3,3019,0
AMPPA,20210427,100.02,100.1,99.99,100.097,5293,0
AMPPA,20210428,100.06,100.27,100.05,100.15,2088,0
AMPPA,20210429,100.1,100.1,99.5,100,1616,0
AMPPA,20210430,100.2,100.5,100.2,100.5,11351,0
AMPPA,20210503,100.11,100.65,100.1,100.648,3298,0
AMPPA,20210504,100.11,100.5,100.1,100.5,4457,0
AMPPA,20210505,100.5,100.88,100.5,100.8,4613,0
AMPPA,20210506,100.42,100.63,100.41,100.6,1711,0
AMPPA,20210507,100.58,100.58,100.5,100.5,1835,0
AMPPA,20210510,100.4,100.78,100.05,100.05,2034,0
AMPPA,20210511,100.1,100.5,100.1,100.5,4826,0
AMPPA,20210512,100.16,100.598,100,100.598,2255,0
AMPPA,20210513,100.35,100.57,100.3,100.35,3073,0
AMPPA,20210514,100.35,100.58,100.35,100.46,1182,0
AMPPA,20210517,100.46,100.88,100.3,100.3,1050,0
AMPPA,20210518,100.41,100.95,100.4,100.62,1971,0
AMPPA,20210519,100.62,100.62,100.4,100.61,1039,0
AMPPA,20210520,100.45,100.62,100.02,100.02,3221,0
AMPPA,20210521,100.59,100.6,100.13,100.13,1922,0
AMPPA,20210524,100.16,100.49,100.13,100.49,720,0
AMPPA,20210525,100.48,100.48,100.23,100.23,354,0
AMPPA,20210526,100.23,100.47,100.22,100.4,1198,0
AMPPA,20210527,100.4,100.5,100.2,100.2,4397,0
AMPPA,20210528,100.58,100.58,100.21,100.21,86,0
AMPPA,20210531,100.4,100.87,100.4,100.8,2124,0
AMPPA,20210601,100.25,100.25,100.25,100.25,766,0
AMPPA,20210602,100.3,100.36,100.3,100.35,775,0
AMPPA,20210603,100.45,100.78,100.3,100.77,2320,0
AMPPA,20210604,100.77,101,100.5,101,6233,0
AMPPA,20210607,100.87,101.45,100.87,101.45,1610,0
AMPPA,20210608,101.45,101.48,101.31,101.4,1587,0
AMPPA,20210609,101.4,101.42,101.4,101.42,537,0
AMPPA,20210610,100.43,100.89,100.2,100.35,3046,0
AMPPA,20210611,100.45,100.5,100.2,100.25,2693,0
AMPPA,20210614,100.25,100.25,100.25,100.25,0,0
AMPPA,20210615,100.15,100.16,100.1,100.1,2927,0
AMPPA,20210616,100.41,100.41,100,100.1,3499,0
AMPPA,20210617,100.1,100.1,100.1,100.1,1577,0
AMPPA,20210618,100.12,100.19,100.01,100.1,4259,0
AMPPA,20210621,100.01,100.1,99.99,100.1,2608,0
AMPPA,20210622,100.02,100.2,99.95,100.15,3905,0
AMPPA,20210623,100.05,100.19,100.05,100.05,2541,0
AMPPA,20210624,100.05,100.35,100.05,100.35,2013,0
AMPPA,20210625,100.44,100.44,100.1,100.1,2150,0
AMPPA,20210628,100.1,100.25,99.95,100.25,3223,0
AMPPA,20210629,99.95,100.1,99.95,100.05,1861,0
AMPPA,20210630,100.2,100.35,100.05,100.35,5151,0
