ASIA,20180921,6.14,6.14,6.14,6.14,2314,0
ASIA,20180924,6.07,6.07,6.05,6.06,12369,0
ASIA,20180925,6.07,6.08,6.06,6.07,55949,0
ASIA,20180926,6.1,6.14,6.09,6.13,163470,0
ASIA,20180927,6.12,6.14,6.09,6.1,302330,0
ASIA,20180928,6.16,6.17,6.12,6.12,165095,0
ASIA,20181001,6.12,6.13,6.09,6.13,33926,0
ASIA,20181002,6.1,6.11,6.02,6.05,77278,0
ASIA,20181003,6.03,6.03,5.99,6,43622,0
ASIA,20181004,6.02,6.02,5.96,5.96,291513,0
ASIA,20181005,5.93,5.93,5.89,5.9,29187,0
ASIA,20181008,5.89,5.9,5.85,5.86,47923,0
ASIA,20181009,5.8,5.8,5.77,5.77,233156,0
ASIA,20181010,5.71,5.77,5.69,5.73,329549,0
ASIA,20181011,5.73,5.73,5.39,5.39,315605,0
ASIA,20181012,5.46,5.59,5.46,5.59,336189,0
ASIA,20181015,5.66,5.66,5.56,5.59,90285,0
ASIA,20181016,5.54,5.57,5.52,5.53,55566,0
ASIA,20181017,5.66,5.71,5.65,5.65,46218,0
ASIA,20181018,5.58,5.58,5.51,5.51,59527,0
ASIA,20181019,5.4,5.48,5.38,5.48,152986,0
ASIA,20181022,5.47,5.55,5.42,5.54,38219,0
ASIA,20181023,5.57,5.57,5.46,5.48,34804,0
ASIA,20181024,5.48,5.49,5.37,5.44,51216,0
ASIA,20181025,5.28,5.28,5.18,5.21,103299,0
ASIA,20181026,5.31,5.35,5.18,5.21,146202,0
ASIA,20181029,5.24,5.25,5.18,5.21,89709,0
ASIA,20181030,5.14,5.18,5.1,5.15,61502,0
ASIA,20181031,5.24,5.26,5.21,5.26,279187,0
ASIA,20181101,5.37,5.41,5.34,5.4,127353,0
ASIA,20181102,5.47,5.54,5.47,5.54,69081,0
ASIA,20181105,5.52,5.52,5.42,5.43,127478,0
ASIA,20181106,5.46,5.46,5.39,5.39,252158,0
ASIA,20181107,5.49,5.49,5.41,5.47,75310,0
ASIA,20181108,5.54,5.55,5.5,5.52,131929,0
ASIA,20181109,5.6,5.6,5.36,5.37,164376,0
ASIA,20181112,5.28,5.31,5.25,5.31,183274,0
ASIA,20181113,5.23,5.26,5.18,5.24,107584,0
ASIA,20181114,5.3,5.3,5.26,5.28,40609,0
ASIA,20181115,5.31,5.32,5.26,5.28,243849,0
ASIA,20181116,5.41,5.43,5.34,5.39,84937,0
ASIA,20181119,5.35,5.35,5.29,5.33,269138,0
ASIA,20181120,5.28,5.28,5.23,5.23,13379,0
ASIA,20181121,5.21,5.25,5.15,5.23,110192,0
ASIA,20181122,5.26,5.29,5.26,5.27,105379,0
ASIA,20181123,5.29,5.3,5.23,5.25,45087,0
ASIA,20181126,5.25,5.3,5.23,5.27,23975,0
ASIA,20181127,5.3,5.35,5.3,5.33,33255,0
ASIA,20181128,5.4,5.4,5.35,5.4,216394,0
ASIA,20181129,5.49,5.49,5.44,5.45,38198,0
ASIA,20181130,5.4,5.4,5.35,5.39,43190,0
ASIA,20181203,5.55,5.62,5.51,5.55,168604,0
ASIA,20181204,5.57,5.57,5.47,5.47,123194,0
ASIA,20181205,5.38,5.45,5.38,5.44,584667,0
ASIA,20181206,5.5,5.5,5.33,5.33,103423,0
ASIA,20181207,5.36,5.37,5.34,5.36,54557,0
ASIA,20181210,5.31,5.31,5.23,5.25,42888,0
ASIA,20181211,5.29,5.29,5.25,5.25,34766,0
ASIA,20181212,5.31,5.35,5.3,5.35,30421,0
ASIA,20181213,5.39,5.41,5.37,5.4,44121,0
ASIA,20181214,5.38,5.38,5.32,5.33,29583,0
ASIA,20181217,5.32,5.34,5.29,5.34,55231,0
ASIA,20181218,5.25,5.25,5.18,5.18,178622,0
ASIA,20181219,5.14,5.16,5.13,5.15,35190,0
ASIA,20181220,5.1,5.15,5.05,5.05,265010,0
ASIA,20181221,5.07,5.1,5.03,5.1,261347,0
ASIA,20181224,5.08,5.12,5.05,5.12,35387,0
ASIA,20181225,5.12,5.12,5.12,5.12,0,0
ASIA,20181226,5.12,5.12,5.12,5.12,0,0
ASIA,20181227,5.21,5.3,5.19,5.22,50057,0
ASIA,20181228,5.25,5.25,5.22,5.22,9516,0
ASIA,20181231,5.22,5.32,5.22,5.27,120175,0
ASIA,20190101,5.27,5.27,5.27,5.27,0,0
ASIA,20190102,5.31,5.31,5.12,5.12,86740,0
ASIA,20190103,5.16,5.22,5.12,5.12,15261,0
ASIA,20190104,5.03,5.05,4.98,5.05,32964,0
ASIA,20190107,5.12,5.15,5.1,5.1,23682,0
ASIA,20190108,5.2,5.2,5.12,5.14,24564,0
ASIA,20190109,5.15,5.23,5.14,5.23,9852,0
ASIA,20190110,5.29,5.29,5.23,5.24,24901,0
ASIA,20190111,5.29,5.29,5.24,5.25,27399,0
ASIA,20190114,5.25,5.25,5.16,5.17,14468,0
ASIA,20190115,5.14,5.21,5.12,5.2,36954,0
ASIA,20190116,5.22,5.25,5.22,5.25,7365,0
ASIA,20190117,5.3,5.33,5.3,5.33,78122,0
ASIA,20190118,5.35,5.35,5.32,5.33,19386,0
ASIA,20190121,5.42,5.42,5.38,5.4,20033,0
ASIA,20190122,5.42,5.43,5.36,5.38,52787,0
ASIA,20190123,5.33,5.33,5.31,5.32,55647,0
ASIA,20190124,5.32,5.34,5.32,5.33,38117,0
ASIA,20190125,5.41,5.5,5.41,5.5,32061,0
ASIA,20190128,5.5,5.5,5.5,5.5,0,0
ASIA,20190129,5.5,5.5,5.46,5.47,21551,0
ASIA,20190130,5.47,5.5,5.45,5.49,24592,0
ASIA,20190131,5.58,5.6,5.54,5.56,66794,0
ASIA,20190201,5.58,5.64,5.58,5.6,19887,0
ASIA,20190204,5.62,5.63,5.6,5.62,15184,0
ASIA,20190205,5.68,5.68,5.61,5.63,63113,0
ASIA,20190206,5.73,5.81,5.73,5.81,11335,0
ASIA,20190207,5.81,5.81,5.75,5.79,71422,0
ASIA,20190208,5.73,5.73,5.66,5.67,47811,0
ASIA,20190211,5.72,5.72,5.68,5.72,47565,0
ASIA,20190212,5.77,5.8,5.76,5.8,29538,0
ASIA,20190213,5.81,5.82,5.79,5.81,51648,0
ASIA,20190214,5.8,5.81,5.79,5.79,30003,0
ASIA,20190215,5.81,5.81,5.74,5.75,37684,0
ASIA,20190218,5.75,5.75,5.71,5.73,13442,0
ASIA,20190219,5.74,5.74,5.71,5.71,35322,0
ASIA,20190220,5.72,5.74,5.7,5.73,77930,0
ASIA,20190221,5.76,5.82,5.72,5.82,15156,0
ASIA,20190222,5.82,5.83,5.8,5.82,44780,0
ASIA,20190225,5.87,5.89,5.87,5.89,60585,0
ASIA,20190226,5.91,5.94,5.89,5.91,147688,0
ASIA,20190227,5.88,5.91,5.86,5.88,33055,0
ASIA,20190228,5.92,5.92,5.89,5.91,22605,0
ASIA,20190301,5.92,5.93,5.91,5.93,3517,0
ASIA,20190304,5.91,5.98,5.91,5.98,140967,0
ASIA,20190305,5.95,5.98,5.91,5.96,144715,0
ASIA,20190306,6,6.05,6,6.05,28036,0
ASIA,20190307,6.04,6.04,5.98,5.99,30683,0
ASIA,20190308,5.9,5.9,5.84,5.84,145122,0
ASIA,20190311,5.81,5.87,5.78,5.87,287264,0
ASIA,20190312,5.92,5.95,5.9,5.92,27585,0
ASIA,20190313,5.91,5.91,5.83,5.83,38119,0
ASIA,20190314,5.89,5.89,5.84,5.84,26504,0
ASIA,20190315,5.83,5.88,5.81,5.87,44969,0
ASIA,20190318,5.98,5.98,5.92,5.95,62268,0
ASIA,20190319,6,6.06,5.95,5.95,29651,0
ASIA,20190320,5.95,6,5.92,5.92,33237,0
ASIA,20190321,5.92,5.95,5.9,5.9,34630,0
ASIA,20190322,5.98,6.03,5.93,5.93,86399,0
ASIA,20190325,5.91,5.91,5.83,5.84,66496,0
ASIA,20190326,5.85,5.89,5.83,5.83,180452,0
ASIA,20190327,5.84,5.89,5.81,5.89,45278,0
ASIA,20190328,5.89,5.89,5.86,5.87,4683,0
ASIA,20190329,5.88,5.96,5.88,5.93,23303,0
ASIA,20190401,6.02,6.08,6.02,6.05,233043,0
ASIA,20190402,6.09,6.14,6.08,6.11,43310,0
ASIA,20190403,6.15,6.15,6.1,6.13,26914,0
ASIA,20190404,6.17,6.19,6.12,6.14,32591,0
ASIA,20190405,6.15,6.18,6.15,6.16,55125,0
ASIA,20190408,6.24,6.26,6.18,6.18,53589,0
ASIA,20190409,6.21,6.23,6.19,6.21,109591,0
ASIA,20190410,6.22,6.26,6.21,6.23,58283,0
ASIA,20190411,6.21,6.22,6.16,6.22,25100,0
ASIA,20190412,6.16,6.19,6.16,6.18,21268,0
ASIA,20190415,6.19,6.26,6.19,6.22,140796,0
ASIA,20190416,6.21,6.22,6.15,6.22,22404,0
ASIA,20190417,6.21,6.22,6.19,6.19,35523,0
ASIA,20190418,6.22,6.26,6.19,6.19,51920,0
ASIA,20190419,6.19,6.19,6.19,6.19,0,0
ASIA,20190422,6.19,6.19,6.19,6.19,0,0
ASIA,20190423,6.29,6.29,6.22,6.27,8302,0
ASIA,20190424,6.31,6.38,6.3,6.33,75334,0
ASIA,20190425,6.33,6.33,6.33,6.33,0,0
ASIA,20190426,6.3,6.31,6.25,6.28,39804,0
ASIA,20190429,6.28,6.28,6.26,6.28,35045,0
ASIA,20190430,6.33,6.33,6.23,6.27,22127,0
ASIA,20190501,6.27,6.33,6.27,6.33,21267,0
ASIA,20190502,6.33,6.34,6.32,6.34,42188,0
ASIA,20190503,6.34,6.38,6.31,6.38,61800,0
ASIA,20190506,6.29,6.29,6.15,6.15,136005,0
ASIA,20190507,6.25,6.25,6.16,6.18,71405,0
ASIA,20190508,6.15,6.21,6.12,6.16,73042,0
ASIA,20190509,6.16,6.16,6.08,6.08,183144,0
ASIA,20190510,6.07,6.09,6.05,6.05,24330,0
ASIA,20190513,6.05,6.05,6.05,6.05,0,0
ASIA,20190514,5.89,5.96,5.82,5.93,135610,0
ASIA,20190515,6,6.04,6,6.03,3373,0
ASIA,20190516,6.03,6.04,6,6,49774,0
ASIA,20190517,6.02,6.02,5.94,5.94,52592,0
ASIA,20190520,5.88,5.88,5.8,5.8,127136,0
ASIA,20190521,5.68,5.78,5.64,5.77,95807,0
ASIA,20190522,5.79,5.79,5.74,5.76,16088,0
ASIA,20190523,5.75,5.75,5.66,5.67,108062,0
ASIA,20190524,5.6,5.61,5.57,5.6,140354,0
ASIA,20190527,5.55,5.55,5.52,5.55,43847,0
ASIA,20190528,5.55,5.59,5.53,5.58,15671,0
ASIA,20190529,5.52,5.52,5.47,5.5,76315,0
ASIA,20190530,5.5,5.53,5.5,5.51,18811,0
ASIA,20190531,5.51,5.57,5.48,5.55,75862,0
ASIA,20190603,5.52,5.55,5.5,5.54,155906,0
ASIA,20190604,5.54,5.54,5.47,5.47,96371,0
ASIA,20190605,5.57,5.6,5.55,5.56,87545,0
ASIA,20190606,5.52,5.53,5.5,5.5,54446,0
ASIA,20190607,5.5,5.56,5.5,5.54,86682,0
ASIA,20190610,5.54,5.54,5.54,5.54,0,0
ASIA,20190611,5.67,5.77,5.67,5.76,74334,0
ASIA,20190612,5.79,5.8,5.72,5.73,48478,0
ASIA,20190613,5.73,5.73,5.68,5.69,50947,0
ASIA,20190614,5.71,5.72,5.71,5.72,16786,0
ASIA,20190617,5.72,5.72,5.67,5.69,32514,0
ASIA,20190618,5.69,5.75,5.69,5.73,27891,0
ASIA,20190619,5.82,5.89,5.82,5.89,123474,0
ASIA,20190620,5.89,5.92,5.87,5.92,64680,0
ASIA,20190621,5.95,5.95,5.88,5.88,193225,0
ASIA,20190624,5.88,5.88,5.88,5.88,0,0
ASIA,20190625,5.91,5.91,5.84,5.86,60922,0
ASIA,20190626,5.84,5.85,5.8,5.85,43686,0
ASIA,20190627,5.87,5.94,5.87,5.93,89371,0
ASIA,20190628,5.95,5.97,5.89,5.91,55336,0
ASIA,20190701,5.97,6.04,5.97,6.04,61363,0
ASIA,20190702,6.05,6.09,6.03,6.04,37394,0
ASIA,20190703,6.05,6.05,5.97,5.97,86123,0
ASIA,20190704,6,6.01,5.98,6.01,39268,0
ASIA,20190705,6,6,5.97,5.99,34987,0
ASIA,20190708,5.96,5.96,5.9,5.91,56135,0
ASIA,20190709,5.88,5.88,5.84,5.85,48251,0
ASIA,20190710,5.92,5.96,5.92,5.95,9150,0
ASIA,20190711,5.98,6,5.94,5.94,241518,0
ASIA,20190712,5.96,5.96,5.92,5.92,28668,0
ASIA,20190715,5.92,5.94,5.89,5.93,34228,0
ASIA,20190716,5.95,6,5.94,6,27559,0
ASIA,20190717,6,6,5.97,5.97,9152,0
ASIA,20190718,5.94,5.94,5.9,5.91,15750,0
ASIA,20190719,5.92,5.96,5.92,5.92,13077,0
ASIA,20190722,5.92,5.98,5.92,5.96,8350,0
ASIA,20190723,6.02,6.02,6.01,6.02,23509,0
ASIA,20190724,6.05,6.13,6.05,6.11,50671,0
ASIA,20190725,6.11,6.17,6.11,6.17,14471,0
ASIA,20190726,6.15,6.16,6.12,6.16,39713,0
ASIA,20190729,6.15,6.16,6.11,6.11,31115,0
ASIA,20190730,6.14,6.19,6.14,6.17,19682,0
ASIA,20190731,6.14,6.14,6.05,6.08,36858,0
ASIA,20190801,6.07,6.11,6.07,6.11,26463,0
ASIA,20190802,5.98,6.01,5.96,5.97,32542,0
ASIA,20190805,5.93,5.93,5.78,5.79,185260,0
ASIA,20190806,5.61,5.74,5.54,5.72,93910,0
ASIA,20190807,5.74,5.8,5.72,5.78,63495,0
ASIA,20190808,5.8,5.81,5.76,5.8,22326,0
ASIA,20190809,5.81,5.82,5.8,5.82,25305,0
ASIA,20190812,5.81,5.84,5.8,5.84,29464,0
ASIA,20190813,5.78,5.81,5.78,5.78,8625,0
ASIA,20190814,5.78,5.94,5.78,5.89,97095,0
ASIA,20190815,5.77,5.82,5.77,5.81,82711,0
ASIA,20190816,5.82,5.86,5.82,5.86,30309,0
ASIA,20190819,5.94,5.99,5.94,5.98,38842,0
ASIA,20190820,6.05,6.09,6.05,6.09,57913,0
ASIA,20190821,6.04,6.07,6.04,6.06,11209,0
ASIA,20190822,6.04,6.05,6.02,6.03,44004,0
ASIA,20190823,5.99,6.03,5.99,6,4568,0
ASIA,20190826,5.85,5.9,5.84,5.86,35075,0
ASIA,20190827,5.9,5.94,5.9,5.94,11047,0
ASIA,20190828,5.95,5.99,5.95,5.96,15540,0
ASIA,20190829,5.97,5.97,5.92,5.92,27639,0
ASIA,20190830,6.04,6.12,6.04,6.08,29047,0
ASIA,20190902,6.07,6.1,6.07,6.1,34237,0
ASIA,20190903,6.1,6.1,6.08,6.08,6200,0
ASIA,20190904,6.04,6.04,6.03,6.04,9400,0
ASIA,20190905,6.1,6.18,6.1,6.16,19519,0
ASIA,20190906,6.21,6.24,6.21,6.21,46489,0
ASIA,20190909,6.2,6.22,6.19,6.2,9325,0
ASIA,20190910,6.2,6.2,6.16,6.16,56530,0
ASIA,20190911,6.18,6.2,6.18,6.18,72852,0
ASIA,20190912,6.27,6.27,6.22,6.25,13030,0
ASIA,20190913,6.28,6.31,6.28,6.31,29339,0
ASIA,20190916,6.26,6.26,6.2,6.26,104072,0
ASIA,20190917,6.23,6.27,6.22,6.22,54120,0
ASIA,20190918,6.25,6.28,6.25,6.28,19526,0
ASIA,20190919,6.31,6.36,6.3,6.32,27304,0
ASIA,20190920,6.33,6.38,6.33,6.37,7429,0
ASIA,20190923,6.36,6.4,6.34,6.34,21437,0
ASIA,20190924,6.34,6.34,6.3,6.32,62081,0
ASIA,20190925,6.23,6.23,6.2,6.21,31450,0
ASIA,20190926,6.3,6.34,6.28,6.34,9486,0
ASIA,20190927,6.33,6.34,6.27,6.29,16396,0
ASIA,20190930,6.23,6.27,6.17,6.27,27625,0
ASIA,20191001,6.28,6.3,6.26,6.3,19027,0
ASIA,20191002,6.31,6.31,6.23,6.24,16821,0
ASIA,20191003,6.2,6.22,6.18,6.21,29003,0
ASIA,20191004,6.26,6.27,6.24,6.24,13072,0
ASIA,20191007,6.29,6.29,6.25,6.25,2153,0
ASIA,20191008,6.27,6.37,6.27,6.37,46721,0
ASIA,20191009,6.28,6.28,6.22,6.27,9450,0
ASIA,20191010,6.27,6.28,6.24,6.28,8676,0
ASIA,20191011,6.35,6.35,6.31,6.35,4273,0
ASIA,20191014,6.4,6.45,6.39,6.39,42827,0
ASIA,20191015,6.4,6.44,6.39,6.41,58875,0
ASIA,20191016,6.48,6.52,6.48,6.52,28847,0
ASIA,20191017,6.53,6.53,6.48,6.5,18275,0
ASIA,20191018,6.47,6.48,6.4,6.4,7533,0
ASIA,20191021,6.37,6.4,6.37,6.39,7666,0
ASIA,20191022,6.38,6.4,6.37,6.37,32971,0
ASIA,20191023,6.37,6.38,6.3,6.33,29169,0
ASIA,20191024,6.32,6.35,6.32,6.34,25586,0
ASIA,20191025,6.38,6.42,6.38,6.41,9578,0
ASIA,20191028,6.48,6.54,6.48,6.54,17880,0
ASIA,20191029,6.55,6.55,6.47,6.47,74912,0
ASIA,20191030,6.45,6.47,6.43,6.45,13587,0
ASIA,20191031,6.47,6.49,6.45,6.49,36148,0
ASIA,20191101,6.48,6.51,6.45,6.5,33760,0
ASIA,20191104,6.6,6.6,6.53,6.6,11461,0
ASIA,20191105,6.7,6.79,6.7,6.74,25964,0
ASIA,20191106,6.72,6.76,6.69,6.69,32031,0
ASIA,20191107,6.74,6.76,6.72,6.74,34104,0
ASIA,20191108,6.82,6.82,6.74,6.74,75400,0
ASIA,20191111,6.79,6.79,6.66,6.66,75729,0
ASIA,20191112,6.76,6.76,6.67,6.72,35723,0
ASIA,20191113,6.8,6.8,6.71,6.71,44096,0
ASIA,20191114,6.76,6.76,6.69,6.74,18645,0
ASIA,20191115,6.77,6.8,6.77,6.79,50120,0
ASIA,20191118,6.8,6.83,6.78,6.83,58322,0
ASIA,20191119,6.84,6.87,6.78,6.87,66483,0
ASIA,20191120,6.87,6.87,6.76,6.77,123716,0
ASIA,20191121,6.77,6.78,6.68,6.68,131986,0
ASIA,20191122,6.75,6.77,6.74,6.75,26812,0
ASIA,20191125,6.8,6.85,6.8,6.83,67474,0
ASIA,20191126,6.87,6.96,6.87,6.92,112232,0
ASIA,20191127,6.95,6.95,6.88,6.92,53609,0
ASIA,20191128,6.96,7,6.93,6.99,82334,0
ASIA,20191129,7.05,7.05,6.85,6.85,132764,0
ASIA,20191202,6.87,6.93,6.87,6.89,52889,0
ASIA,20191203,6.85,6.85,6.74,6.77,89779,0
ASIA,20191204,6.74,6.74,6.66,6.72,51955,0
ASIA,20191205,6.75,6.75,6.71,6.73,27388,0
ASIA,20191206,6.77,6.87,6.77,6.85,17763,0
ASIA,20191209,6.9,6.93,6.88,6.92,68691,0
ASIA,20191210,6.91,6.91,6.84,6.87,39265,0
ASIA,20191211,6.91,6.92,6.89,6.92,45856,0
ASIA,20191212,6.94,6.99,6.93,6.98,43541,0
ASIA,20191213,7.04,7.09,7.04,7.07,103444,0
ASIA,20191216,7.07,7.17,7.07,7.16,178680,0
ASIA,20191217,7.23,7.29,7.2,7.29,106411,0
ASIA,20191218,7.35,7.38,7.31,7.32,58604,0
ASIA,20191219,7.32,7.34,7.25,7.25,78815,0
ASIA,20191220,7.29,7.29,7.25,7.28,129589,0
ASIA,20191223,7.3,7.3,7.24,7.25,24896,0
ASIA,20191224,7.28,7.28,7.25,7.26,14514,0
ASIA,20191225,7.26,7.26,7.26,7.26,0,0
ASIA,20191226,7.26,7.26,7.26,7.26,0,0
ASIA,20191227,7.26,7.34,7.26,7.31,47575,0
ASIA,20191230,7.34,7.34,7.26,7.29,43573,0
ASIA,20191231,7.26,7.26,7.17,7.17,32192,0
ASIA,20200101,7.17,7.17,7.17,7.17,0,0
ASIA,20200102,7.25,7.25,7.19,7.23,9425,0
ASIA,20200103,7.44,7.45,7.3,7.36,44586,0
ASIA,20200106,7.36,7.36,7.36,7.36,0,0
ASIA,20200107,7.36,7.42,7.36,7.4,34331,0
ASIA,20200108,7.5,7.5,7.38,7.46,47188,0
ASIA,20200109,7.48,7.59,7.48,7.55,53377,0
ASIA,20200110,7.77,7.77,7.62,7.64,109160,0
ASIA,20200113,7.71,7.72,7.63,7.69,84854,0
ASIA,20200114,7.79,7.85,7.76,7.76,119660,0
ASIA,20200115,7.77,7.77,7.69,7.69,97126,0
ASIA,20200116,7.7,7.73,7.67,7.7,98255,0
ASIA,20200117,7.79,7.79,7.71,7.75,89331,0
ASIA,20200120,7.85,7.85,7.78,7.8,138079,0
ASIA,20200121,7.95,8,7.59,7.63,221992,0
ASIA,20200122,7.65,7.77,7.62,7.77,87664,0
ASIA,20200123,7.8,7.8,7.58,7.58,173635,0
ASIA,20200124,7.61,7.66,7.6,7.66,32189,0
ASIA,20200127,7.66,7.66,7.66,7.66,0,0
ASIA,20200128,7.38,7.43,7.28,7.34,148813,0
ASIA,20200129,7.42,7.62,7.42,7.59,195471,0
ASIA,20200130,7.57,7.57,7.38,7.38,159155,0
ASIA,20200131,7.41,7.47,7.38,7.41,90920,0
ASIA,20200203,7.39,7.41,7.26,7.38,167224,0
ASIA,20200204,7.49,7.61,7.45,7.6,90638,0
ASIA,20200205,7.7,7.7,7.65,7.66,157934,0
ASIA,20200206,7.67,7.75,7.63,7.75,161863,0
ASIA,20200207,7.75,7.78,7.7,7.73,84612,0
ASIA,20200210,7.71,7.71,7.61,7.68,50333,0
ASIA,20200211,7.74,7.8,7.7,7.78,38151,0
ASIA,20200212,7.78,7.86,7.75,7.86,93158,0
ASIA,20200213,7.92,7.94,7.89,7.9,88566,0
ASIA,20200214,7.94,7.94,7.89,7.92,68744,0
ASIA,20200217,7.92,7.94,7.86,7.91,126858,0
ASIA,20200218,7.91,7.91,7.82,7.86,138530,0
ASIA,20200219,7.87,7.87,7.8,7.87,49840,0
ASIA,20200220,7.91,7.99,7.9,7.92,95434,0
ASIA,20200221,7.88,7.91,7.83,7.88,67111,0
ASIA,20200224,7.73,7.73,7.58,7.62,176564,0
ASIA,20200225,7.5,7.64,7.4,7.64,190652,0
ASIA,20200226,7.5,7.62,7.44,7.62,351006,0
ASIA,20200227,7.47,7.64,7.47,7.55,191763,0
ASIA,20200228,7.43,7.43,7.18,7.27,320862,0
ASIA,20200302,7.26,7.47,7.17,7.47,254187,0
ASIA,20200303,7.63,7.68,7.57,7.6,71081,0
ASIA,20200304,7.46,7.56,7.39,7.55,44999,0
ASIA,20200305,7.51,7.66,7.51,7.62,571317,0
ASIA,20200306,7.59,7.65,7.52,7.57,169950,0
ASIA,20200309,7.17,7.29,6.94,7.2,442711,0
ASIA,20200310,6.91,7.34,6.91,7.29,227918,0
ASIA,20200311,7.39,7.41,7.28,7.28,134043,0
ASIA,20200312,7.12,7.28,6.9,6.95,298195,0
ASIA,20200313,6.47,7.25,6.45,7.25,436446,0
ASIA,20200316,7.16,7.16,6.79,6.96,79645,0
ASIA,20200317,6.66,6.96,6.5,6.9,128751,0
ASIA,20200318,7.09,7.09,6.73,6.93,178778,0
ASIA,20200319,7,7.03,6.72,6.8,177329,0
ASIA,20200320,6.99,7.01,6.74,6.96,74548,0
ASIA,20200323,6.77,6.93,6.5,6.93,201536,0
ASIA,20200324,6.85,7.1,6.81,7.1,144154,0
ASIA,20200325,7.26,7.41,7.16,7.16,136637,0
ASIA,20200326,7.46,7.53,7.3,7.45,69844,0
ASIA,20200327,7.52,7.55,7.25,7.26,107058,0
ASIA,20200330,7.03,7.09,6.86,7.09,92649,0
ASIA,20200331,7.2,7.31,7.14,7.14,117320,0
ASIA,20200401,7.21,7.31,7.16,7.25,69709,0
ASIA,20200402,7.24,7.32,7.03,7.27,68530,0
ASIA,20200403,7.32,7.32,7.25,7.26,36537,0
ASIA,20200406,7.32,7.58,7.3,7.49,99958,0
ASIA,20200407,7.65,7.66,7.4,7.48,130727,0
ASIA,20200408,7.47,7.52,7.4,7.46,29604,0
ASIA,20200409,7.5,7.5,7.33,7.35,86000,0
ASIA,20200410,7.35,7.35,7.35,7.35,0,0
ASIA,20200413,7.35,7.35,7.35,7.35,0,0
ASIA,20200414,7.35,7.35,7.11,7.34,175854,0
ASIA,20200415,7.4,7.42,7.29,7.38,86548,0
ASIA,20200416,7.4,7.51,7.38,7.47,128657,0
ASIA,20200417,7.55,7.8,7.55,7.78,112608,0
ASIA,20200420,7.78,7.78,7.59,7.64,60273,0
ASIA,20200421,7.6,7.63,7.46,7.58,155024,0
ASIA,20200422,7.58,7.58,7.35,7.56,67993,0
ASIA,20200423,7.61,7.68,7.55,7.59,119980,0
ASIA,20200424,7.58,7.59,7.45,7.56,51423,0
ASIA,20200427,7.57,7.57,7.42,7.52,65769,0
ASIA,20200428,7.6,7.6,7.43,7.57,47560,0
ASIA,20200429,7.51,7.51,7.35,7.39,203826,0
ASIA,20200430,7.41,7.63,7.41,7.59,131311,0
ASIA,20200501,7.58,7.58,7.3,7.31,133809,0
ASIA,20200504,7.31,7.44,7.2,7.35,138092,0
ASIA,20200505,7.4,7.44,7.32,7.38,81724,0
ASIA,20200506,7.45,7.57,7.36,7.57,53642,0
ASIA,20200507,7.57,7.61,7.5,7.52,251077,0
ASIA,20200508,7.48,7.64,7.48,7.58,110045,0
ASIA,20200511,7.73,7.73,7.67,7.69,130546,0
ASIA,20200512,7.7,7.72,7.64,7.71,94361,0
ASIA,20200513,7.71,7.78,7.6,7.77,98492,0
ASIA,20200514,7.75,7.77,7.69,7.74,144668,0
ASIA,20200515,7.76,7.78,7.71,7.77,93852,0
ASIA,20200518,7.8,7.83,7.75,7.83,64698,0
ASIA,20200519,7.94,8.03,7.93,8.01,275259,0
ASIA,20200520,8.02,8.02,7.89,7.96,88449,0
ASIA,20200521,8.05,8.06,7.87,7.98,144298,0
ASIA,20200522,8,8,7.7,7.73,234380,0
ASIA,20200525,8.01,8.01,7.62,7.75,211084,0
ASIA,20200526,7.85,7.91,7.8,7.89,96858,0
ASIA,20200527,7.78,7.82,7.75,7.78,94846,0
ASIA,20200528,7.75,7.85,7.72,7.76,344443,0
ASIA,20200529,7.73,7.73,7.58,7.65,192833,0
ASIA,20200601,7.77,7.9,7.77,7.89,154320,0
ASIA,20200602,7.87,7.87,7.8,7.82,140684,0
ASIA,20200603,7.84,7.9,7.8,7.89,118436,0
ASIA,20200604,7.99,8.06,7.92,8.01,95113,0
ASIA,20200605,8.03,8.03,7.92,7.92,80350,0
ASIA,20200608,7.92,7.92,7.92,7.92,0,0
ASIA,20200609,8,8.1,7.97,8.1,57436,0
ASIA,20200610,8.11,8.14,8.05,8.1,78510,0
ASIA,20200611,8.11,8.26,8.11,8.15,87543,0
ASIA,20200612,8.09,8.19,8.05,8.18,64077,0
ASIA,20200615,8.18,8.18,8.18,8.18,0,0
ASIA,20200616,8.15,8.27,8.15,8.25,56494,0
ASIA,20200617,8.35,8.43,8.32,8.4,57099,0
ASIA,20200618,8.5,8.53,8.39,8.48,43813,0
ASIA,20200619,8.5,8.57,8.49,8.57,94113,0
ASIA,20200622,8.51,8.6,8.48,8.55,113350,0
ASIA,20200623,8.58,8.63,8.45,8.6,170683,0
ASIA,20200624,8.67,8.76,8.65,8.75,83283,0
ASIA,20200625,8.74,8.74,8.64,8.67,106404,0
ASIA,20200626,8.7,8.77,8.7,8.71,116849,0
ASIA,20200629,8.74,8.74,8.55,8.59,80280,0
ASIA,20200630,8.6,8.78,8.6,8.73,30558,0
ASIA,20200701,8.75,9.16,8.55,8.57,70340,0
ASIA,20200702,8.67,8.67,8.55,8.62,36047,0
ASIA,20200703,8.78,8.91,8.78,8.91,93423,0
ASIA,20200706,8.95,9.05,8.95,9.03,206295,0
ASIA,20200707,9.13,9.14,8.98,9.02,262767,0
ASIA,20200708,9.02,9.33,8.99,9.17,77103,0
ASIA,20200709,9.4,9.56,9.31,9.48,282196,0
ASIA,20200710,9.6,9.6,9.42,9.47,228380,0
ASIA,20200713,9.47,9.49,9.39,9.47,193496,0
ASIA,20200714,9.37,9.37,9.15,9.16,356092,0
ASIA,20200715,9.34,9.34,9.17,9.26,153775,0
ASIA,20200716,9.22,9.24,9,9.05,184182,0
ASIA,20200717,9.02,9.11,9,9.05,68917,0
ASIA,20200720,9.09,9.09,8.95,9.02,128358,0
ASIA,20200721,9.11,9.44,9.11,9.38,226116,0
ASIA,20200722,9.36,9.36,9.16,9.17,244651,0
ASIA,20200723,9.03,9.12,9.01,9.09,298941,0
ASIA,20200724,9.05,9.08,8.93,8.93,217331,0
ASIA,20200727,8.87,9.09,8.87,9.02,199765,0
ASIA,20200728,9.18,9.33,9.18,9.26,139727,0
ASIA,20200729,9.2,9.25,9.15,9.2,264523,0
ASIA,20200730,9.29,9.36,9.24,9.3,153380,0
ASIA,20200731,9.3,9.3,9.2,9.2,170425,0
ASIA,20200803,9.31,9.39,9.31,9.34,80932,0
ASIA,20200804,9.5,9.64,9.5,9.63,190823,0
ASIA,20200805,9.62,9.64,9.57,9.64,141543,0
ASIA,20200806,9.69,9.79,9.65,9.68,120404,0
ASIA,20200807,9.68,9.68,9.39,9.5,381875,0
ASIA,20200810,9.47,9.5,9.39,9.48,158726,0
ASIA,20200811,9.5,9.5,9.38,9.43,131943,0
ASIA,20200812,9.36,9.36,9.23,9.33,151034,0
ASIA,20200813,9.44,9.46,9.38,9.38,153294,0
ASIA,20200814,9.43,9.43,9.32,9.4,202351,0
ASIA,20200817,9.32,9.37,9.25,9.37,132738,0
ASIA,20200818,9.43,9.49,9.41,9.48,170135,0
ASIA,20200819,9.51,9.61,9.51,9.54,206344,0
ASIA,20200820,9.5,9.54,9.4,9.4,129505,0
ASIA,20200821,9.45,9.58,9.45,9.52,168783,0
ASIA,20200824,9.6,9.7,9.57,9.7,132307,0
ASIA,20200825,9.86,10.5,9.74,9.78,221708,0
ASIA,20200826,9.98,9.98,9.83,9.89,240217,0
ASIA,20200827,9.91,10.06,9.9,10,343151,0
ASIA,20200828,9.89,9.95,9.81,9.9,225346,0
ASIA,20200831,9.87,9.88,9.74,9.74,291974,0
ASIA,20200901,9.75,9.75,9.53,9.68,387221,0
ASIA,20200902,9.87,9.99,9.85,9.94,155449,0
ASIA,20200903,9.94,10.01,9.89,9.94,136676,0
ASIA,20200904,9.73,9.78,9.59,9.74,418050,0
ASIA,20200907,9.73,9.75,9.58,9.64,132752,0
ASIA,20200908,9.64,9.64,9.45,9.52,220429,0
ASIA,20200909,9.43,9.49,9.33,9.43,205602,0
ASIA,20200910,9.58,9.58,9.48,9.51,211798,0
ASIA,20200911,9.47,9.54,9.38,9.51,157233,0
ASIA,20200914,9.56,9.65,9.52,9.65,135984,0
ASIA,20200915,9.73,9.73,9.62,9.65,179664,0
ASIA,20200916,9.74,9.81,9.74,9.78,120278,0
ASIA,20200917,9.85,9.85,9.64,9.69,167434,0
ASIA,20200918,9.62,9.68,9.54,9.66,159749,0
ASIA,20200921,9.7,9.75,9.59,9.6,112379,0
ASIA,20200922,9.66,9.72,9.66,9.67,106527,0
ASIA,20200923,9.73,9.86,9.73,9.86,112388,0
ASIA,20200924,9.77,9.82,9.68,9.72,152107,0
ASIA,20200925,9.72,9.77,9.62,9.62,403583,0
ASIA,20200928,9.75,9.8,9.72,9.8,281786,0
ASIA,20200929,9.85,9.88,9.76,9.76,108461,0
ASIA,20200930,9.69,9.83,9.65,9.74,114760,0
ASIA,20201001,9.78,9.91,9.78,9.86,140784,0
ASIA,20201002,9.91,9.95,9.75,9.82,155948,0
ASIA,20201005,9.86,9.9,9.75,9.82,115222,0
ASIA,20201006,9.87,9.94,9.86,9.91,147600,0
ASIA,20201007,9.99,10.17,9.99,10.17,100077,0
ASIA,20201008,10.27,10.36,10.21,10.26,225445,0
ASIA,20201009,10.3,10.38,10.26,10.37,206978,0
ASIA,20201012,10.38,10.47,10.34,10.43,255378,0
ASIA,20201013,10.57,10.7,10.53,10.58,245381,0
ASIA,20201014,10.67,10.7,10.63,10.67,342327,0
ASIA,20201015,10.67,10.67,10.5,10.51,218957,0
ASIA,20201016,10.52,10.63,10.51,10.52,174552,0
ASIA,20201019,10.64,10.67,10.58,10.58,227545,0
ASIA,20201020,10.57,10.63,10.55,10.6,189535,0
ASIA,20201021,10.69,10.76,10.67,10.73,149238,0
ASIA,20201022,10.69,10.69,10.54,10.59,260108,0
ASIA,20201023,10.59,10.6,10.53,10.53,210099,0
ASIA,20201026,10.49,10.53,10.43,10.46,287052,0
ASIA,20201027,10.53,10.53,10.4,10.45,210604,0
ASIA,20201028,10.52,10.68,10.52,10.65,456963,0
ASIA,20201029,10.59,10.65,10.54,10.64,478374,0
ASIA,20201030,10.7,10.82,10.7,10.79,232028,0
ASIA,20201102,10.75,10.75,10.56,10.64,262513,0
ASIA,20201103,10.73,10.76,10.69,10.74,183182,0
ASIA,20201104,10.62,10.77,10.46,10.75,349457,0
ASIA,20201105,10.89,11.17,10.89,11.16,235654,0
ASIA,20201106,11.25,11.28,10.99,11.01,624866,0
ASIA,20201109,11.25,11.35,11.18,11.26,617543,0
ASIA,20201110,11.03,11.05,10.66,10.69,801514,0
ASIA,20201111,10.51,10.51,10.25,10.28,618108,0
ASIA,20201112,10.47,10.71,10.43,10.55,413127,0
ASIA,20201113,10.73,10.92,10.67,10.91,201721,0
ASIA,20201116,11.06,11.3,11.06,11.22,20439,0
ASIA,20201117,11.25,11.29,10.96,11.02,764130,0
ASIA,20201118,11.01,11.02,10.9,10.94,652817,0
ASIA,20201119,10.84,10.85,10.73,10.78,299453,0
ASIA,20201120,10.83,10.95,10.83,10.9,212342,0
ASIA,20201123,11,11.18,10.99,11.18,205432,0
ASIA,20201124,11.25,11.35,11.21,11.35,298560,0
ASIA,20201125,11.22,11.39,11.06,11.06,489729,0
ASIA,20201126,11.07,11.09,10.97,11.04,1102003,0
ASIA,20201127,11.1,11.15,11.03,11.04,464288,0
ASIA,20201130,11.15,11.27,10.98,10.98,362457,0
ASIA,20201201,10.9,11.03,10.9,11,216769,0
ASIA,20201202,11.03,11.03,10.96,10.98,348271,0
ASIA,20201203,10.98,11.04,10.94,10.98,179514,0
ASIA,20201204,11.03,11.19,10.99,11.16,255921,0
ASIA,20201207,11.21,11.3,11.19,11.2,147651,0
ASIA,20201208,11.27,11.31,11.21,11.31,158969,0
ASIA,20201209,11.37,11.48,11.37,11.46,193613,0
ASIA,20201210,11.49,11.49,11.2,11.24,467037,0
ASIA,20201211,11.2,11.35,11.19,11.21,172534,0
ASIA,20201214,11.31,11.31,11.13,11.13,161334,0
ASIA,20201215,11.1,11.1,10.97,10.97,289287,0
ASIA,20201216,10.99,11.09,10.99,11.04,154568,0
ASIA,20201217,11.08,11.17,11.05,11.09,143673,0
ASIA,20201218,11.12,11.14,11.05,11.1,172242,0
ASIA,20201221,11.11,11.185,11.05,11.15,193763,0
ASIA,20201222,11.05,11.14,11.03,11.06,162964,0
ASIA,20201223,11.06,11.11,11.05,11.11,143691,0
ASIA,20201224,11.15,11.25,11.04,11.04,209949,0
ASIA,20201225,11.04,11.04,11.04,11.04,0,0
ASIA,20201228,11.04,11.04,11.04,11.04,0,0
ASIA,20201229,11.05,11.06,10.89,11.02,514292,0
ASIA,20201230,11.11,11.27,11.1,11.27,140774,0
ASIA,20201231,11.4,11.47,11.4,11.47,110147,0
ASIA,20210101,11.47,11.47,11.47,11.47,0,0
ASIA,20210104,11.48,11.65,11.39,11.62,227918,0
ASIA,20210105,11.56,11.58,11.48,11.52,205434,0
ASIA,20210106,11.67,12,11.67,11.69,210372,0
ASIA,20210107,11.64,11.9,11.61,11.67,194952,0
ASIA,20210108,11.73,11.91,11.73,11.91,120800,0
ASIA,20210111,12.15,12.44,12.15,12.36,235014,0
ASIA,20210112,12.36,12.6,12.15,12.25,311661,0
ASIA,20210113,12.4,12.44,12.05,12.18,245203,0
ASIA,20210114,12.28,12.28,12.13,12.21,146234,0
ASIA,20210115,12.29,12.34,12.2,12.2,266724,0
ASIA,20210118,12.35,12.4,12.16,12.32,338880,0
ASIA,20210119,12.43,12.71,12.34,12.7,325862,0
ASIA,20210120,12.75,12.95,12.7,12.94,248554,0
ASIA,20210121,13.2,13.8,13,13.24,471340,0
ASIA,20210122,13.37,13.37,12.96,13.07,438163,0
ASIA,20210125,13.13,13.46,13.1,13.41,371885,0
ASIA,20210126,13.41,13.41,13.41,13.41,0,0
ASIA,20210127,13.35,13.35,12.84,12.97,741909,0
ASIA,20210128,12.8,12.91,12.5,12.74,654320,0
ASIA,20210129,12.86,12.87,12.63,12.63,367207,0
ASIA,20210201,12.57,12.83,12.2,12.82,390989,0
ASIA,20210202,13.14,13.44,13.04,13.37,345550,0
ASIA,20210203,13.5,13.6,13.37,13.56,276095,0
ASIA,20210204,13.64,13.7,13.36,13.44,364990,0
ASIA,20210205,13.64,13.65,13.5,13.51,317359,0
ASIA,20210208,13.6,13.64,13.44,13.52,279688,0
ASIA,20210209,13.59,13.59,13.41,13.47,332481,0
ASIA,20210210,13.59,13.86,13.52,13.71,219218,0
ASIA,20210211,13.99,13.99,13.76,13.91,216234,0
ASIA,20210212,14,14.13,13.96,14.07,287042,0
ASIA,20210215,14.25,14.3,14.06,14.2,473027,0
ASIA,20210216,14.2,14.36,14.06,14.07,458065,0
ASIA,20210217,14.19,14.19,13.99,14.14,288300,0
ASIA,20210218,14.14,14.21,13.9,14.02,345922,0
ASIA,20210219,13.99,13.99,13.55,13.79,449660,0
ASIA,20210222,13.99,14,13.55,13.6,443513,0
ASIA,20210223,13.24,13.27,12.97,13.19,745825,0
ASIA,20210224,13,13.09,12.79,12.8,496106,0
ASIA,20210225,12.79,12.97,12.75,12.92,397100,0
ASIA,20210226,12.63,12.65,12.35,12.37,643589,0
ASIA,20210301,12.53,12.84,12.53,12.83,453237,0
ASIA,20210302,13.17,13.26,13,13.04,401752,0
ASIA,20210303,12.85,12.97,12.7,12.9,295750,0
ASIA,20210304,12.75,12.76,12.5,12.51,298716,0
ASIA,20210305,12.29,12.31,11.88,12.25,697166,0
ASIA,20210308,12.41,12.65,11.99,11.99,524995,0
ASIA,20210309,11.75,11.79,11.42,11.72,876535,0
ASIA,20210310,12.05,12.17,11.99,12,378138,0
ASIA,20210311,12.03,12.25,11.87,12.2,238390,0
ASIA,20210312,12.55,12.62,12.23,12.33,433356,0
ASIA,20210315,12.24,12.28,12.02,12.03,355738,0
ASIA,20210316,12.03,12.19,12.03,12.15,213091,0
ASIA,20210317,12.18,12.25,12.12,12.13,182798,0
ASIA,20210318,12.21,12.28,12.09,12.2,180844,0
ASIA,20210319,12.07,12.1,11.95,12,272382,0
ASIA,20210322,12.01,12.12,12.01,12.1,160373,0
ASIA,20210323,12.18,12.18,11.92,11.92,228410,0
ASIA,20210324,11.97,12.09,11.88,11.91,190286,0
ASIA,20210325,11.71,11.71,11.45,11.6,452064,0
ASIA,20210326,11.6,11.65,11.5,11.63,210765,0
ASIA,20210329,11.73,11.76,11.46,11.48,168902,0
ASIA,20210330,11.5,11.58,11.49,11.57,163647,0
ASIA,20210331,11.71,11.8,11.68,11.7,201888,0
ASIA,20210401,11.77,12.13,11.77,12.12,177832,0
ASIA,20210402,12.12,12.12,12.12,12.12,0,0
ASIA,20210405,12.12,12.12,12.12,12.12,0,0
ASIA,20210406,12.25,12.3,12.15,12.18,284433,0
ASIA,20210407,12.34,12.35,12.19,12.26,267672,0
ASIA,20210408,12.17,12.24,12.03,12.2,273623,0
ASIA,20210409,12.24,12.24,12.06,12.07,232743,0
ASIA,20210412,12.04,12.13,11.94,11.96,314334,0
ASIA,20210413,11.9,12,11.83,11.89,199830,0
ASIA,20210414,11.84,11.88,11.8,11.88,230339,0
ASIA,20210415,11.82,11.85,11.62,11.69,365378,0
ASIA,20210416,11.71,11.75,11.62,11.73,144640,0
ASIA,20210419,11.82,11.85,11.75,11.77,211308,0
ASIA,20210420,11.73,11.73,11.57,11.64,231200,0
ASIA,20210421,11.55,11.57,11.45,11.46,261990,0
ASIA,20210422,11.5,11.61,11.48,11.59,111239,0
ASIA,20210423,11.6,11.82,11.6,11.81,134543,0
ASIA,20210426,11.86,11.98,11.86,11.92,259239,0
ASIA,20210427,11.95,11.99,11.87,11.99,229071,0
ASIA,20210428,12,12.05,11.97,12.03,227811,0
ASIA,20210429,11.97,12.04,11.95,12,149051,0
ASIA,20210430,11.88,11.89,11.76,11.79,123083,0
ASIA,20210503,11.79,11.86,11.68,11.7,115060,0
ASIA,20210504,11.68,11.68,11.58,11.63,142778,0
ASIA,20210505,11.52,11.58,11.41,11.46,389729,0
ASIA,20210506,11.47,11.5,11.34,11.4,269482,0
ASIA,20210507,11.42,11.45,11.4,11.44,156760,0
ASIA,20210510,11.37,11.39,11.07,11.07,328948,0
ASIA,20210511,10.9,10.9,10.51,10.6,439816,0
ASIA,20210512,10.6,10.85,10.6,10.72,261239,0
ASIA,20210513,10.7,10.81,10.67,10.72,535321,0
ASIA,20210514,10.61,10.62,10.52,10.6,206586,0
ASIA,20210517,10.7,10.72,10.58,10.69,177146,0
ASIA,20210518,10.71,10.97,10.71,10.93,152316,0
ASIA,20210519,10.98,10.99,10.83,10.86,183296,0
ASIA,20210520,10.86,11.06,10.86,11.03,163604,0
ASIA,20210521,11.16,11.26,11.11,11.16,133173,0
ASIA,20210524,11.07,11.16,11.03,11.07,100806,0
ASIA,20210525,11.11,11.24,11.07,11.23,127470,0
ASIA,20210526,11.2,11.26,11.18,11.23,147310,0
ASIA,20210527,11.26,11.28,11.12,11.21,142289,0
ASIA,20210528,11.26,11.28,11.19,11.25,70865,0
ASIA,20210531,11.33,11.43,11.3,11.41,134488,0
ASIA,20210601,11.5,11.65,11.48,11.64,212368,0
ASIA,20210602,11.72,11.72,11.6,11.63,140571,0
ASIA,20210603,11.66,11.7,11.64,11.64,155354,0
ASIA,20210604,11.65,11.65,11.48,11.53,237573,0
ASIA,20210607,11.58,11.58,11.4,11.42,136950,0
ASIA,20210608,11.42,11.43,11.31,11.33,114605,0
ASIA,20210609,11.34,11.37,11.3,11.3,89228,0
ASIA,20210610,11.3,11.44,11.3,11.4,85391,0
ASIA,20210611,11.42,11.45,11.4,11.44,106799,0
ASIA,20210614,11.44,11.44,11.44,11.44,0,0
ASIA,20210615,11.5,11.6,11.48,11.51,431079,0
ASIA,20210616,11.5,11.51,11.43,11.43,151949,0
ASIA,20210617,11.38,11.44,11.32,11.43,223722,0
ASIA,20210618,11.48,11.75,11.48,11.75,154109,0
ASIA,20210621,11.66,11.68,11.56,11.58,141371,0
ASIA,20210622,11.62,11.62,11.46,11.46,171726,0
ASIA,20210623,11.47,11.62,11.46,11.6,94291,0
ASIA,20210624,11.61,11.68,11.61,11.65,79052,0
ASIA,20210625,11.72,11.9,11.72,11.9,249699,0
ASIA,20210628,11.95,11.97,11.9,11.9,134748,0
ASIA,20210629,11.94,11.95,11.85,11.88,210922,0
ASIA,20210630,12,12.13,12,12.04,327974,0
ASIA,20210701,11.68,11.76,11.59,11.7,75830,0
