BBOZ,20150420,25.58,25.58,25.5,25.5,140,0
BBOZ,20150421,24.87,25.19,24.87,25.07,11290,0
BBOZ,20150422,25.07,25.52,25,25.47,13864,0
BBOZ,20150423,25.5,25.5,25.37,25.37,9594,0
BBOZ,20150424,24.99,24.99,24.46,24.48,14230,0
BBOZ,20150427,24.21,24.21,23.9,23.95,23610,0
BBOZ,20150428,24.09,24.18,23.95,24.18,16270,0
BBOZ,20150429,24.57,25.39,24.57,25.39,23900,0
BBOZ,20150430,25.87,26.24,25.75,25.95,14827,0
BBOZ,20150501,25.91,26.11,25.6,25.69,11235,0
BBOZ,20150504,25.75,25.89,25.42,25.54,50093,0
BBOZ,20150505,24.87,25.74,24.81,25.57,7814,0
BBOZ,20150506,26.33,26.86,26.33,26.84,30678,0
BBOZ,20150507,27.85,27.99,27.4,27.59,32798,0
BBOZ,20150508,27.04,27.59,27.04,27.59,13296,0
BBOZ,20150511,26.83,27.77,26.83,27.75,18968,0
BBOZ,20150512,27.26,27.33,26.87,26.9,5934,0
BBOZ,20150513,26.81,26.86,26.42,26.43,8214,0
BBOZ,20150514,26.79,26.79,26.68,26.74,3866,0
BBOZ,20150515,25.96,26.37,25.93,26.37,8942,0
BBOZ,20150518,25.95,26.89,25.92,26.89,4921,0
BBOZ,20150519,27.06,27.5,26.95,26.95,2869,0
BBOZ,20150520,27.56,27.82,27.42,27.48,11067,0
BBOZ,20150521,27.28,27.28,26.9,26.9,4195,0
BBOZ,20150522,26.56,26.91,26.54,26.88,11652,0
BBOZ,20150525,26.74,26.74,26.08,26.37,39651,0
BBOZ,20150526,26,26,25.58,25.77,13219,0
BBOZ,20150527,26.06,26.26,25.91,26.22,13981,0
BBOZ,20150528,25.83,26.58,25.83,26.15,7578,0
BBOZ,20150529,25.86,25.86,25.29,25.48,35078,0
BBOZ,20150601,25.99,26.61,25.91,26.1,10247,0
BBOZ,20150602,28.5,28.5,26.6,27,10025,0
BBOZ,20150603,27.47,27.85,27.47,27.82,61559,0
BBOZ,20150604,28.1,28.66,28.04,28.66,28467,0
BBOZ,20150605,28.78,28.98,28.52,28.78,28119,0
BBOZ,20150608,28.78,28.78,28.78,28.78,0,0
BBOZ,20150609,28.76,28.88,28.62,28.66,1702,0
BBOZ,20150610,29.07,29.22,28.95,29.05,7020,0
BBOZ,20150611,28.56,28.56,28.11,28.24,14086,0
BBOZ,20150612,28.19,28.34,28.19,28.34,2460,0
BBOZ,20150615,28.76,28.83,28.41,28.41,13246,0
BBOZ,20150616,28.32,28.32,27.93,28.19,10603,0
BBOZ,20150617,27.97,27.97,27.61,27.61,13410,0
BBOZ,20150618,27.87,28.73,25.85,28.53,7719,0
BBOZ,20150619,28.06,28.06,27.51,27.76,11162,0
BBOZ,20150622,27.69,28,27.5,27.5,33036,0
BBOZ,20150623,26.8,26.87,26.65,26.75,43268,0
BBOZ,20150624,26.51,26.78,26.51,26.53,4690,0
BBOZ,20150625,26.96,27.15,26.96,27.13,2446,0
BBOZ,20150626,27.9,28.46,27.9,28.23,78627,0
BBOZ,20150629,29.13,29.71,29.07,29.69,48988,0
BBOZ,20150630,30.1,30.1,29.1,29.1,94593,0
BBOZ,20150701,26.76,26.76,26.14,26.14,37340,0
BBOZ,20150702,25.83,25.83,24.84,24.96,79658,0
BBOZ,20150703,25.17,26.1,25.11,25.66,57024,0
BBOZ,20150706,27.1,27.18,26.19,26.28,66745,0
BBOZ,20150707,25.94,25.94,25.15,25.19,34181,0
BBOZ,20150708,25.84,26.34,25.55,26.34,46332,0
BBOZ,20150709,26.85,27.27,26.22,26.3,56900,0
BBOZ,20150710,25.89,26.13,25.8,26.11,19173,0
BBOZ,20150713,26.48,26.52,25.71,26.32,17695,0
BBOZ,20150714,25.39,25.43,25.15,25.2,49252,0
BBOZ,20150715,25.03,25.03,24.63,24.67,72500,0
BBOZ,20150716,24.12,24.42,24.08,24.31,36633,0
BBOZ,20150717,24.09,24.52,24.09,24.3,20760,0
BBOZ,20150720,24.23,24.45,24.2,24.21,19933,0
BBOZ,20150721,23.92,24.06,23.8,23.83,29836,0
BBOZ,20150722,24.35,24.89,24.32,24.89,25040,0
BBOZ,20150723,25,25.18,24.85,25,84169,0
BBOZ,20150724,25.5,25.6,25,25.41,48233,0
BBOZ,20150727,25.75,25.75,25.17,25.17,40947,0
BBOZ,20150728,25.74,25.79,24.98,25.21,42912,0
BBOZ,20150729,24.56,24.69,24.56,24.69,26709,0
BBOZ,20150730,24.47,24.55,24.29,24.29,37377,0
BBOZ,20150731,24.22,24.22,24.04,24.06,23049,0
BBOZ,20150803,24.08,24.34,24.08,24.27,11156,0
BBOZ,20150804,24.45,24.45,23.74,24,21408,0
BBOZ,20150805,24.25,24.68,24.2,24.48,39648,0
BBOZ,20150806,24.7,25.27,24.7,25.17,83172,0
BBOZ,20150807,25.92,26.39,25.85,26.39,215729,0
BBOZ,20150810,26.55,26.6,26.03,26.06,24265,0
BBOZ,20150811,25.6,26.44,25.6,26.3,58553,0
BBOZ,20150812,26.57,27.68,26.16,27.47,187566,0
BBOZ,20150813,27.32,27.35,26.77,27.29,28348,0
BBOZ,20150814,27.44,27.87,27.18,27.77,27496,0
BBOZ,20150817,27.47,27.48,27.14,27.38,14530,0
BBOZ,20150818,27.23,28.05,27,28,36314,0
BBOZ,20150819,27.63,27.63,27.1,27.2,32402,0
BBOZ,20150820,27.79,28.3,27.67,28.23,24377,0
BBOZ,20150821,29,29.65,28.68,29.16,80319,0
BBOZ,20150824,30.52,31.68,30.25,31.47,356799,0
BBOZ,20150825,33.36,33.4,29.25,29.51,632159,0
BBOZ,20150826,31.06,31.19,28.76,28.88,118588,0
BBOZ,20150827,27.82,27.94,27.5,27.93,82043,0
BBOZ,20150828,27.16,28.03,27.02,27.67,71775,0
BBOZ,20150831,28.11,28.93,28,28.35,53571,0
BBOZ,20150901,28.76,29.78,28.21,29.72,64331,0
BBOZ,20150902,30.35,30.71,29.6,29.63,91170,0
BBOZ,20150903,28.96,30.48,28.66,30.48,50021,0
BBOZ,20150904,30.28,30.89,30,30.32,49297,0
BBOZ,20150907,30.27,31.15,30.12,30.36,80729,0
BBOZ,20150908,30,30,29.19,29.19,62822,0
BBOZ,20150909,28.32,28.32,27.55,27.57,79941,0
BBOZ,20150910,29.04,29.4,28.83,29.33,49165,0
BBOZ,20150911,29.4,30.11,29.24,29.77,51516,0
BBOZ,20150914,28.65,29.63,28.65,29.29,50229,0
BBOZ,20150915,29.05,30.39,29.05,30.39,220455,0
BBOZ,20150916,29.71,30.07,29.24,29.24,64023,0
BBOZ,20150917,28.05,28.71,27.88,28.6,86682,0
BBOZ,20150918,28.79,29.3,27.87,28.22,79267,0
BBOZ,20150921,29.51,30.24,29.45,29.71,77370,0
BBOZ,20150922,28.98,29.59,28.84,29.13,29990,0
BBOZ,20150923,30.15,30.75,29.86,30.6,88221,0
BBOZ,20150924,30.32,30.32,29.6,29.6,48477,0
BBOZ,20150925,29.07,30.09,28.95,29.99,168683,0
BBOZ,20150928,30.07,30.2,29.07,29.07,85903,0
BBOZ,20150929,30.58,31.8,30.56,31.8,141256,0
BBOZ,20150930,31.55,31.6,30.3,30.34,85644,0
BBOZ,20151001,30.14,30.14,28.97,29.03,166970,0
BBOZ,20151002,29.83,30,28.95,29.9,122348,0
BBOZ,20151005,29.08,29.13,28.45,28.56,93168,0
BBOZ,20151006,27.88,28.34,27.55,28.34,121962,0
BBOZ,20151007,28.15,28.77,27.87,27.87,115553,0
BBOZ,20151008,27.25,27.81,27.03,27.72,109794,0
BBOZ,20151009,26.86,27.19,26.6,26.79,102897,0
BBOZ,20151012,26.91,27.4,26.84,27.29,67054,0
BBOZ,20151013,27.46,28.02,27.36,27.71,66292,0
BBOZ,20151014,28,28.17,27.68,27.73,105701,0
BBOZ,20151015,27.59,27.71,27.17,27.33,99317,0
BBOZ,20151016,26.83,27,26.4,26.8,77868,0
BBOZ,20151019,26.75,27.07,26.6,26.92,56291,0
BBOZ,20151020,27.12,27.41,26.99,27.32,57306,0
BBOZ,20151021,27.55,27.81,27,27.19,46261,0
BBOZ,20151022,27.35,27.53,26.98,27.01,33731,0
BBOZ,20151023,25.83,25.98,25.63,25.95,102541,0
BBOZ,20151026,25.52,25.98,25.49,25.98,57622,0
BBOZ,20151027,25.87,25.98,25.81,25.92,11794,0
BBOZ,20151028,25.98,26.35,25.88,26.13,31443,0
BBOZ,20151029,25.9,27.03,25.88,26.94,45646,0
BBOZ,20151030,27.4,27.68,26.95,27.3,35648,0
BBOZ,20151102,27.22,28.22,27.12,28.16,89387,0
BBOZ,20151103,27.63,27.81,27.2,27.34,117525,0
BBOZ,20151104,26.68,27.33,26.4,27.25,67048,0
BBOZ,20151105,27.26,28.02,27.23,27.76,64138,0
BBOZ,20151106,27.71,28.06,27.34,27.35,68418,0
BBOZ,20151109,27.75,28.7,27.7,28.5,102231,0
BBOZ,20151110,28.8,29.38,28.75,28.77,156521,0
BBOZ,20151111,28.62,28.62,28.19,28.32,39771,0
BBOZ,20151112,28.61,28.77,28.14,28.22,17112,0
BBOZ,20151113,29.25,29.68,29.15,29.25,83492,0
BBOZ,20151116,30.22,30.3,29.55,29.79,97810,0
BBOZ,20151117,29.08,29.35,28.21,28.21,38414,0
BBOZ,20151118,28.61,28.7,27.84,28.01,35361,0
BBOZ,20151119,27.3,27.61,26.58,26.58,66617,0
BBOZ,20151120,26.62,26.63,26.13,26.41,42254,0
BBOZ,20151123,26.6,26.6,25.99,26.15,31174,0
BBOZ,20151124,26.48,26.69,26.18,26.69,83254,0
BBOZ,20151125,26.56,27.08,26.56,27.02,40533,0
BBOZ,20151126,27,27.04,26.32,26.85,51003,0
BBOZ,20151127,26.49,27,26.23,26.96,10767,0
BBOZ,20151130,26.97,27.38,26.81,27.33,48575,0
BBOZ,20151201,27.24,27.3,26.03,26.23,100065,0
BBOZ,20151202,26.36,26.55,26.17,26.31,69999,0
BBOZ,20151203,26.85,27.06,26.54,26.72,47653,0
BBOZ,20151204,27.62,27.9,27.51,27.51,76836,0
BBOZ,20151207,26.66,27.51,26.6,27.51,116784,0
BBOZ,20151208,27.94,28.1,27.69,28.09,34277,0
BBOZ,20151209,28.35,28.51,27.93,28.41,103216,0
BBOZ,20151210,28.5,29.34,28.45,28.85,57343,0
BBOZ,20151211,28.96,29.18,28.51,29.03,24116,0
BBOZ,20151214,29.94,30.3,29.7,30.29,88467,0
BBOZ,20151215,30.19,30.51,29.73,30.51,121550,0
BBOZ,20151216,29.92,30.05,29.02,29.04,52642,0
BBOZ,20151217,28.21,28.21,27.62,27.9,70103,0
BBOZ,20151218,28.95,29.04,27.99,27.99,130335,0
BBOZ,20151221,28.55,28.55,27.68,27.91,81966,0
BBOZ,20151222,27.25,27.93,27.05,27.84,63386,0
BBOZ,20151223,27.44,27.51,27.09,27.46,53294,0
BBOZ,20151224,26.59,26.89,26.53,26.67,65891,0
BBOZ,20151225,26.67,26.67,26.67,26.67,0,0
BBOZ,20151228,26.67,26.67,26.67,26.67,0,0
BBOZ,20151229,26.72,26.72,25.64,25.64,106231,0
BBOZ,20151230,25.03,25.24,24.94,25.06,59936,0
BBOZ,20151231,25.04,25.37,24.94,25.37,58876,0
BBOZ,20160101,25.37,25.37,25.37,25.37,0,0
BBOZ,20160104,25.5,25.75,25,25.63,135443,0
BBOZ,20160105,26.17,26.63,26.09,26.63,161046,0
BBOZ,20160106,26.31,27.63,26.3,27.33,148319,0
BBOZ,20160107,27.44,28.83,27.3,28.62,167755,0
BBOZ,20160108,29.29,29.71,28.34,28.92,357506,0
BBOZ,20160111,29.95,30.31,29.65,29.72,160686,0
BBOZ,20160112,29.61,30,29.05,29.74,118661,0
BBOZ,20160113,29.64,29.67,28.83,28.99,74872,0
BBOZ,20160114,30.34,30.58,29.81,30.03,111273,0
BBOZ,20160115,28.98,30.55,28.83,30.22,83729,0
BBOZ,20160118,31.17,31.5,30.6,30.6,136155,0
BBOZ,20160119,30.66,30.99,30.04,30.09,61740,0
BBOZ,20160120,30.25,31.06,29.71,30.93,230566,0
BBOZ,20160121,30.09,30.64,29.65,30.6,198868,0
BBOZ,20160122,29.9,30.3,29.6,29.8,103900,0
BBOZ,20160125,28.9,29.12,28.48,28.5,93884,0
BBOZ,20160126,28.5,28.5,28.5,28.5,0,0
BBOZ,20160127,28.57,29.51,28.57,29.33,26418,0
BBOZ,20160128,29.45,29.95,28.73,28.94,93482,0
BBOZ,20160129,29,29.39,28.5,28.59,382469,0
BBOZ,20160201,27.85,28.19,27.57,27.94,121741,0
BBOZ,20160202,27.95,28.93,27.95,28.75,105921,0
BBOZ,20160203,29.75,30.45,29.5,30.41,232793,0
BBOZ,20160204,29.62,29.93,28.79,28.97,313190,0
BBOZ,20160205,28.98,29.65,28.97,29.03,119464,0
BBOZ,20160208,29.57,29.73,28.96,28.98,68819,0
BBOZ,20160209,29.99,31.22,29.93,31.11,148510,0
BBOZ,20160210,30.85,33.04,30.85,32.03,201894,0
BBOZ,20160211,31.78,32.05,31.28,31.28,104988,0
BBOZ,20160212,32,32.15,31.51,32.08,89919,0
BBOZ,20160215,30.95,31.77,30.74,30.9,73485,0
BBOZ,20160216,30.32,31.15,29.76,29.76,138295,0
BBOZ,20160217,29.7,30.35,29.53,30.23,105354,0
BBOZ,20160218,29.14,29.32,28.57,28.58,160571,0
BBOZ,20160219,28.76,29.45,28.63,29.12,337660,0
BBOZ,20160222,29.24,29.24,28.38,28.42,83375,0
BBOZ,20160223,28.06,28.82,27.85,28.65,83264,0
BBOZ,20160224,29.28,30.35,29.28,30.17,129231,0
BBOZ,20160225,29.55,30.58,29.53,30.05,107579,0
BBOZ,20160226,29.77,30.6,29.77,30.08,108087,0
BBOZ,20160229,29.83,29.95,29.25,29.95,45410,0
BBOZ,20160301,29.99,30,29,29.16,80079,0
BBOZ,20160302,27.97,28.25,27.35,27.74,217305,0
BBOZ,20160303,27.44,27.5,26.94,26.96,133847,0
BBOZ,20160304,26.85,26.92,26.61,26.85,93794,0
BBOZ,20160307,26.28,26.37,26.03,26.16,194642,0
BBOZ,20160308,25.71,26.64,25.67,26.57,366983,0
BBOZ,20160309,26.77,26.87,25.92,25.94,217889,0
BBOZ,20160310,25.73,25.97,25.62,25.92,77528,0
BBOZ,20160311,25.87,26.36,25.54,25.72,85270,0
BBOZ,20160314,25.24,25.61,25.13,25.53,80067,0
BBOZ,20160315,25.59,26.47,25.59,26.46,128388,0
BBOZ,20160316,26.55,26.7,26.3,26.36,48923,0
BBOZ,20160317,25.68,25.98,25.36,25.67,101899,0
BBOZ,20160318,25.12,25.63,24.97,25.56,78684,0
BBOZ,20160321,25.47,25.95,25.3,25.75,43898,0
BBOZ,20160322,25.51,25.85,25.47,25.71,49274,0
BBOZ,20160323,25.84,26.3,25.79,26.09,52923,0
BBOZ,20160324,26.59,26.91,26.49,26.77,118529,0
BBOZ,20160325,26.77,26.77,26.77,26.77,0,0
BBOZ,20160328,26.77,26.77,26.77,26.77,0,0
BBOZ,20160329,26.63,27.9,26.41,27.83,178163,0
BBOZ,20160330,27.31,28,27.11,27.77,140454,0
BBOZ,20160331,27.1,27.1,26.64,26.85,118806,0
BBOZ,20160401,27.32,28.09,27.32,27.84,157279,0
BBOZ,20160404,27.59,27.9,27.26,27.9,57102,0
BBOZ,20160405,28.02,29.04,27.98,28.86,197241,0
BBOZ,20160406,28.91,29.03,28.37,28.57,149854,0
BBOZ,20160407,28.42,28.45,28.03,28.37,54423,0
BBOZ,20160408,29,29.26,28.47,28.7,120260,0
BBOZ,20160411,28.5,29.01,28.5,28.81,91348,0
BBOZ,20160412,28.95,29,28.21,28.23,104644,0
BBOZ,20160413,27.72,27.75,27.25,27.25,116963,0
BBOZ,20160414,26.8,27.04,26.39,26.47,133747,0
BBOZ,20160415,26.46,26.47,25.88,25.93,143418,0
BBOZ,20160418,26.31,26.39,25.9,26.18,145902,0
BBOZ,20160419,25.33,25.56,25.11,25.52,155862,0
BBOZ,20160420,25.11,25.42,24.88,25.2,135756,0
BBOZ,20160421,24.32,24.69,24.23,24.48,203323,0
BBOZ,20160422,24.85,24.91,24.4,24.87,183201,0
BBOZ,20160425,24.87,24.87,24.87,24.87,0,0
BBOZ,20160426,24.95,25.13,24.69,25.08,115975,0
BBOZ,20160427,24.82,25.46,24.36,25.37,285971,0
BBOZ,20160428,25.01,25.28,24.79,25,188153,0
BBOZ,20160429,24.98,25.13,24.61,24.67,217936,0
BBOZ,20160502,25,25.44,24.8,24.81,122531,0
BBOZ,20160503,25.12,25.17,23.52,23.61,267980,0
BBOZ,20160504,23.95,24.49,23.8,24.49,186381,0
BBOZ,20160505,24.66,24.74,24.25,24.46,57958,0
BBOZ,20160506,24.83,25.29,24.34,24.36,137080,0
BBOZ,20160509,24.25,24.49,23.87,23.91,82243,0
BBOZ,20160510,24.08,24.22,23.64,23.64,75210,0
BBOZ,20160511,23.22,23.38,22.71,23.33,158439,0
BBOZ,20160512,23.49,23.57,23.27,23.37,94030,0
BBOZ,20160513,23.22,23.88,23.22,23.72,82749,0
BBOZ,20160516,23.83,23.83,23.21,23.36,80709,0
BBOZ,20160517,22.98,23.09,22.81,22.84,84695,0
BBOZ,20160518,23.17,23.36,22.88,23.28,120366,0
BBOZ,20160519,23.08,23.82,23,23.65,108214,0
BBOZ,20160520,23.56,23.65,23.15,23.31,74029,0
BBOZ,20160523,23.19,23.89,23.15,23.66,99404,0
BBOZ,20160524,23.66,23.88,23.59,23.88,44703,0
BBOZ,20160525,23.06,23.2,22.83,23.12,155919,0
BBOZ,20160526,23.01,23.28,22.73,22.95,126022,0
BBOZ,20160527,22.73,22.78,22.5,22.72,102492,0
BBOZ,20160530,22.62,22.89,22.62,22.71,83441,0
BBOZ,20160531,22.77,23.18,22.73,23.05,56030,0
BBOZ,20160601,23.58,23.8,23.46,23.64,128453,0
BBOZ,20160602,23.6,24.2,23.55,24.14,113024,0
BBOZ,20160603,23.65,23.98,23.65,23.7,155761,0
BBOZ,20160606,23.69,23.83,23.08,23.26,73224,0
BBOZ,20160607,23.12,23.25,22.9,23.16,73351,0
BBOZ,20160608,23.4,23.48,23.08,23.18,25912,0
BBOZ,20160609,23.13,23.54,22.97,23.25,40370,0
BBOZ,20160610,23.67,23.98,23.57,23.79,99515,0
BBOZ,20160613,23.79,23.79,23.79,23.79,0,0
BBOZ,20160614,24.66,25.04,24.52,24.94,231007,0
BBOZ,20160615,25.22,25.55,25.02,25.55,266251,0
BBOZ,20160616,25.5,25.67,25.01,25.62,97059,0
BBOZ,20160617,25.34,25.52,25.24,25.39,111001,0
BBOZ,20160620,24.82,24.85,24.4,24.4,147326,0
BBOZ,20160621,24.34,24.48,24.03,24.22,86198,0
BBOZ,20160622,24.17,24.35,23.94,24.25,70180,0
BBOZ,20160623,24.19,24.24,24,24.15,108857,0
BBOZ,20160624,23.83,26.36,23.64,25.95,802662,0
BBOZ,20160627,26.24,26.4,25.48,25.66,211399,0
BBOZ,20160628,26.48,26.66,25.94,26.06,407326,0
BBOZ,20160629,25,25.8,23.8,25.54,324142,0
BBOZ,20160630,24.88,24.93,24.4,24.59,216779,0
BBOZ,20160701,24.1,24.53,24.08,24.43,196976,0
BBOZ,20160704,24.63,24.72,24.04,24.04,131790,0
BBOZ,20160705,24.01,24.7,23.88,24.67,87251,0
BBOZ,20160706,24.91,25.49,24.86,25,115741,0
BBOZ,20160707,24.6,24.84,24.47,24.64,109030,0
BBOZ,20160708,24.79,24.79,24.51,24.62,35501,0
BBOZ,20160711,23.89,23.89,23.45,23.51,152931,0
BBOZ,20160712,23.08,23.28,22.86,23.28,307074,0
BBOZ,20160713,22.91,23.15,22.87,22.92,161345,0
BBOZ,20160714,22.8,22.83,22.58,22.67,239764,0
BBOZ,20160715,22.58,22.59,22.2,22.48,250566,0
BBOZ,20160718,22.45,22.45,22.1,22.18,128426,0
BBOZ,20160719,22.13,22.42,22.06,22.27,106548,0
BBOZ,20160720,22.27,22.27,21.83,21.83,370046,0
BBOZ,20160721,21.34,21.67,21.34,21.59,246652,0
BBOZ,20160722,21.65,21.88,21.56,21.72,105691,0
BBOZ,20160725,21.52,21.52,21.22,21.4,95694,0
BBOZ,20160726,21.5,21.7,21.35,21.37,112560,0
BBOZ,20160727,21.16,21.4,21.06,21.35,103538,0
BBOZ,20160728,21.23,21.27,21.1,21.23,156491,0
BBOZ,20160729,21.17,21.35,21.05,21.13,243132,0
BBOZ,20160801,20.99,21.08,20.66,20.91,230709,0
BBOZ,20160802,20.99,21.34,20.84,21.34,242539,0
BBOZ,20160803,21.7,21.99,21.67,21.99,162892,0
BBOZ,20160804,21.8,21.92,21.63,21.92,79517,0
BBOZ,20160805,21.77,21.8,21.61,21.72,127912,0
BBOZ,20160808,21.36,21.45,21.26,21.38,128351,0
BBOZ,20160809,21.41,21.41,21.24,21.28,79963,0
BBOZ,20160810,21.37,21.6,21.29,21.37,40945,0
BBOZ,20160811,21.57,21.86,21.57,21.62,88312,0
BBOZ,20160812,21.3,21.55,21.2,21.4,64247,0
BBOZ,20160815,21.53,21.58,21.29,21.34,77417,0
BBOZ,20160816,21.26,21.41,21.26,21.4,18762,0
BBOZ,20160817,21.44,21.47,21.21,21.25,84117,0
BBOZ,20160818,21.07,21.58,21.07,21.49,148189,0
BBOZ,20160819,21.33,21.51,21.25,21.36,105980,0
BBOZ,20160822,21.36,21.48,21.22,21.46,91055,0
BBOZ,20160823,21.28,21.31,20.89,21.1,146600,0
BBOZ,20160824,20.91,20.96,20.8,20.89,82118,0
BBOZ,20160825,21.05,21.16,20.91,21.13,115235,0
BBOZ,20160826,21.2,21.43,21.13,21.35,40154,0
BBOZ,20160829,21.39,21.86,21.36,21.72,190376,0
BBOZ,20160830,21.33,21.65,21.33,21.65,120711,0
BBOZ,20160831,21.64,22.2,21.64,22.06,214735,0
BBOZ,20160901,22.25,22.27,22.01,22.15,212979,0
BBOZ,20160902,22.22,22.65,22.22,22.55,223818,0
BBOZ,20160905,22.27,22.32,21.99,22.02,220022,0
BBOZ,20160906,22.08,22.2,22.06,22.1,277017,0
BBOZ,20160907,22.12,22.19,21.87,22.01,140865,0
BBOZ,20160908,22.29,22.6,22.29,22.34,116579,0
BBOZ,20160909,22.7,22.85,22.64,22.75,151691,0
BBOZ,20160912,23.61,23.88,23.54,23.83,383282,0
BBOZ,20160913,23.26,23.92,23.23,23.92,140518,0
BBOZ,20160914,24.05,24.1,23.71,23.71,111678,0
BBOZ,20160915,23.95,24.05,23.54,23.54,119708,0
BBOZ,20160916,23.28,23.33,22.88,23.01,153771,0
BBOZ,20160919,23.09,23.29,22.95,22.97,31926,0
BBOZ,20160920,23,23.16,22.96,22.96,125082,0
BBOZ,20160921,22.91,22.91,22.43,22.51,188130,0
BBOZ,20160922,22.15,22.21,21.93,22.12,217732,0
BBOZ,20160923,21.94,22.06,21.49,21.54,192379,0
BBOZ,20160926,21.8,21.8,21.5,21.56,68197,0
BBOZ,20160927,21.99,22.16,21.77,21.79,102516,0
BBOZ,20160928,21.69,21.88,21.49,21.74,33825,0
BBOZ,20160929,21.21,21.27,21.09,21.14,87976,0
BBOZ,20160930,21.47,21.6,21.33,21.43,59165,0
BBOZ,20161003,21.26,21.26,20.91,21.07,41102,0
BBOZ,20161004,21.1,21.3,21,21,113153,0
BBOZ,20161005,21.24,21.39,21.15,21.3,35917,0
BBOZ,20161006,21.11,21.22,20.99,21.06,48667,0
BBOZ,20161007,20.92,21.26,20.89,21.18,47927,0
BBOZ,20161010,21.04,21.09,20.92,21.09,47291,0
BBOZ,20161011,20.91,21.08,20.89,21.05,32478,0
BBOZ,20161012,21.39,21.46,21.13,21.13,121498,0
BBOZ,20161013,21.33,21.61,21.32,21.48,119514,0
BBOZ,20161014,21.46,21.51,21.37,21.47,57433,0
BBOZ,20161017,21.56,21.9,21.42,21.9,92300,0
BBOZ,20161018,21.85,21.92,21.64,21.72,102101,0
BBOZ,20161019,21.47,21.59,21.47,21.49,19601,0
BBOZ,20161020,21.39,21.52,21.3,21.44,42296,0
BBOZ,20161021,21.42,21.72,21.4,21.57,69366,0
BBOZ,20161024,21.55,22.02,21.55,21.75,95281,0
BBOZ,20161025,21.64,21.64,21.3,21.44,42482,0
BBOZ,20161026,21.85,22.36,21.79,22.18,128902,0
BBOZ,20161027,22.17,22.74,22.11,22.74,150711,0
BBOZ,20161028,22.74,23.03,22.61,22.89,203892,0
BBOZ,20161031,22.93,22.94,22.48,22.58,71092,0
BBOZ,20161101,22.81,23,22.81,22.85,144644,0
BBOZ,20161102,23.2,23.59,23.17,23.38,150544,0
BBOZ,20161103,23.69,23.75,23.23,23.4,155897,0
BBOZ,20161104,23.64,23.8,23.54,23.78,123023,0
BBOZ,20161107,23.51,23.51,23.02,23.04,285670,0
BBOZ,20161108,22.77,23.11,22.75,22.95,120282,0
BBOZ,20161109,22.69,25.16,22.36,24.05,1031798,0
BBOZ,20161110,22.44,22.64,22.22,22.22,551540,0
BBOZ,20161111,22.05,22.14,21.77,21.77,145148,0
BBOZ,20161114,21.82,22.13,21.78,21.86,69986,0
BBOZ,20161115,22.03,22.26,22.01,22.04,40016,0
BBOZ,20161116,21.85,22.08,21.82,22.05,26215,0
BBOZ,20161117,22.45,22.56,21.87,21.95,126118,0
BBOZ,20161118,21.8,21.85,21.65,21.73,161166,0
BBOZ,20161121,21.79,21.93,21.64,21.8,54156,0
BBOZ,20161122,21.42,21.42,21,21.14,324233,0
BBOZ,20161123,21.14,21.14,20.32,20.4,287392,0
BBOZ,20161124,20.25,20.48,20.21,20.39,111635,0
BBOZ,20161125,20.3,20.41,20.06,20.21,127230,0
BBOZ,20161128,20.16,20.53,20.16,20.53,116772,0
BBOZ,20161129,20.58,20.64,20.35,20.61,126564,0
BBOZ,20161130,20.66,20.9,20.61,20.78,100615,0
BBOZ,20161201,20.46,20.61,20.26,20.26,81146,0
BBOZ,20161202,20.38,20.76,20.31,20.76,53481,0
BBOZ,20161205,20.85,21.26,20.8,21.12,174140,0
BBOZ,20161206,20.78,20.91,20.68,20.86,71704,0
BBOZ,20161207,20.63,20.71,20.46,20.46,42775,0
BBOZ,20161208,20.07,20.09,19.84,19.92,137037,0
BBOZ,20161209,19.87,19.92,19.7,19.77,88430,0
BBOZ,20161212,19.75,19.82,19.55,19.73,69743,0
BBOZ,20161213,19.95,19.95,19.65,19.88,74520,0
BBOZ,20161214,19.72,19.72,19.43,19.51,230336,0
BBOZ,20161215,19.8,20.1,19.74,19.93,153271,0
BBOZ,20161216,19.91,20.07,19.84,20.01,27791,0
BBOZ,20161219,19.96,19.96,19.57,19.72,52547,0
BBOZ,20161220,19.71,19.73,19.31,19.43,63080,0
BBOZ,20161221,19.31,19.31,19.09,19.22,95285,0
BBOZ,20161222,19.3,19.31,18.97,18.99,74093,0
BBOZ,20161223,18.95,19.18,18.92,19.12,32147,0
BBOZ,20161226,19.12,19.12,19.12,19.12,0,0
BBOZ,20161227,19.12,19.12,19.12,19.12,0,0
BBOZ,20161228,18.94,18.94,18.55,18.61,160854,0
BBOZ,20161229,18.7,18.73,18.41,18.41,72540,0
BBOZ,20161230,18.57,19.34,18.54,18.73,75029,0
BBOZ,20170102,18.73,18.73,18.73,18.73,0,0
BBOZ,20170103,18.73,18.73,18.12,18.14,119862,0
BBOZ,20170104,18.16,18.19,18.1,18.17,51915,0
BBOZ,20170105,18.01,18.04,17.95,18.01,46346,0
BBOZ,20170106,18,18.05,17.94,18,28518,0
BBOZ,20170109,17.92,17.92,17.48,17.6,127936,0
BBOZ,20170110,17.77,18.06,17.77,17.99,131592,0
BBOZ,20170111,17.86,17.92,17.77,17.92,61359,0
BBOZ,20170112,17.77,17.99,17.7,17.94,50826,0
BBOZ,20170113,17.9,18.35,17.9,18.27,88976,0
BBOZ,20170116,18.12,18.12,17.97,18.1,38742,0
BBOZ,20170117,18.24,18.46,18.24,18.44,87798,0
BBOZ,20170118,18.63,18.75,18.58,18.58,55812,0
BBOZ,20170119,18.42,18.65,18.33,18.52,44826,0
BBOZ,20170120,18.72,18.85,18.71,18.78,141913,0
BBOZ,20170123,18.59,19.14,18.53,19.1,191064,0
BBOZ,20170124,19.03,19.1,18.82,18.82,59686,0
BBOZ,20170125,18.55,18.76,18.5,18.67,95656,0
BBOZ,20170126,18.67,18.67,18.67,18.67,0,0
BBOZ,20170127,18.52,18.63,18.37,18.38,77700,0
BBOZ,20170130,18.57,18.89,18.57,18.74,29670,0
BBOZ,20170131,18.98,19.17,18.92,19.07,131819,0
BBOZ,20170201,18.97,19.13,18.82,18.82,53896,0
BBOZ,20170202,18.7,18.99,18.7,18.94,18792,0
BBOZ,20170203,18.92,19.09,18.78,19.07,24177,0
BBOZ,20170206,18.88,19.16,18.79,19.13,38297,0
BBOZ,20170207,19.21,19.35,19.12,19.12,24612,0
BBOZ,20170208,19.1,19.1,18.83,18.86,32222,0
BBOZ,20170209,18.81,18.92,18.72,18.77,44127,0
BBOZ,20170210,18.49,18.52,18.35,18.37,82089,0
BBOZ,20170213,18.29,18.29,18.01,18.05,74180,0
BBOZ,20170214,17.86,18.1,17.82,18.1,71275,0
BBOZ,20170215,17.85,17.85,17.65,17.7,97866,0
BBOZ,20170216,17.65,17.85,17.55,17.67,65526,0
BBOZ,20170217,17.65,17.78,17.65,17.75,67267,0
BBOZ,20170220,17.69,17.87,17.69,17.79,45658,0
BBOZ,20170221,17.72,17.9,17.72,17.81,87878,0
BBOZ,20170222,17.7,17.75,17.59,17.59,31071,0
BBOZ,20170223,17.71,17.87,17.64,17.74,27070,0
BBOZ,20170224,17.78,18.1,17.78,18.02,60735,0
BBOZ,20170227,18.14,18.23,18.03,18.16,49905,0
BBOZ,20170228,18.1,18.13,17.91,18.08,30615,0
BBOZ,20170301,18.3,18.42,18.22,18.22,142598,0
BBOZ,20170302,17.74,17.76,17.65,17.65,228348,0
BBOZ,20170303,17.94,18.12,17.94,18.01,49803,0
BBOZ,20170306,17.96,18.04,17.84,17.84,30792,0
BBOZ,20170307,18.01,18.01,17.65,17.72,33943,0
BBOZ,20170308,17.82,17.88,17.75,17.76,22346,0
BBOZ,20170309,17.85,17.9,17.7,17.8,40921,0
BBOZ,20170310,17.65,17.72,17.5,17.55,63671,0
BBOZ,20170313,17.58,17.77,17.58,17.68,30350,0
BBOZ,20170314,17.52,17.73,17.49,17.7,23346,0
BBOZ,20170315,17.76,17.85,17.53,17.53,39373,0
BBOZ,20170316,17.29,17.58,17.28,17.46,68113,0
BBOZ,20170317,17.4,17.4,17.22,17.34,52415,0
BBOZ,20170320,17.49,17.61,17.45,17.59,29347,0
BBOZ,20170321,17.6,17.6,17.5,17.52,12827,0
BBOZ,20170322,18,18.22,17.97,18.2,81405,0
BBOZ,20170323,18.11,18.16,18.01,18.07,64423,0
BBOZ,20170324,17.93,17.93,17.57,17.67,94170,0
BBOZ,20170327,18,18.08,17.73,17.76,105137,0
BBOZ,20170328,17.61,17.61,17.19,17.2,185068,0
BBOZ,20170329,17.05,17.1,16.77,16.82,120065,0
BBOZ,20170330,16.72,16.76,16.63,16.66,96650,0
BBOZ,20170331,16.66,16.87,16.63,16.87,98939,0
BBOZ,20170403,16.91,17.1,16.85,16.86,43737,0
BBOZ,20170404,16.87,17,16.87,16.92,32160,0
BBOZ,20170405,16.81,17.02,16.76,16.86,45284,0
BBOZ,20170406,16.95,17.11,16.92,16.97,32598,0
BBOZ,20170407,16.77,17.07,16.71,16.92,87727,0
BBOZ,20170410,16.73,16.73,16.54,16.54,86396,0
BBOZ,20170411,16.57,16.57,16.27,16.41,59458,0
BBOZ,20170412,16.36,16.52,16.32,16.38,62823,0
BBOZ,20170413,16.65,16.76,16.64,16.71,155609,0
BBOZ,20170414,16.71,16.71,16.71,16.71,0,0
BBOZ,20170417,16.71,16.71,16.71,16.71,0,0
BBOZ,20170418,16.8,17.2,16.77,17.12,124345,0
BBOZ,20170419,17.33,17.43,17.2,17.31,97819,0
BBOZ,20170420,17.2,17.29,17.19,17.19,30423,0
BBOZ,20170421,17.02,17.02,16.87,16.92,83975,0
BBOZ,20170424,16.8,16.97,16.67,16.86,78646,0
BBOZ,20170425,16.86,16.86,16.86,16.86,0,0
BBOZ,20170426,16.5,16.56,16.45,16.53,46393,0
BBOZ,20170427,16.57,16.58,16.47,16.48,28267,0
BBOZ,20170428,16.65,16.69,16.5,16.5,35911,0
BBOZ,20170501,16.56,16.56,16.25,16.25,162897,0
BBOZ,20170502,16.32,16.51,16.32,16.37,46222,0
BBOZ,20170503,16.39,16.78,16.32,16.72,67306,0
BBOZ,20170504,16.62,17,16.62,16.87,111338,0
BBOZ,20170505,16.9,17.22,16.88,17.17,94368,0
BBOZ,20170508,16.67,16.91,16.67,16.89,58963,0
BBOZ,20170509,16.99,17.12,16.89,17.07,94944,0
BBOZ,20170510,17.2,17.25,16.72,16.81,149679,0
BBOZ,20170511,16.65,16.81,16.45,16.8,126202,0
BBOZ,20170512,17.01,17.25,16.8,17.14,125261,0
BBOZ,20170515,17.32,17.32,17.03,17.09,74375,0
BBOZ,20170516,16.89,17.01,16.73,16.93,103745,0
BBOZ,20170517,17.05,17.41,17.05,17.38,104677,0
BBOZ,20170518,17.82,17.97,17.66,17.66,133200,0
BBOZ,20170519,17.69,17.88,17.69,17.73,88149,0
BBOZ,20170522,17.54,17.55,17.37,17.42,71970,0
BBOZ,20170523,17.38,17.54,17.28,17.51,97355,0
BBOZ,20170524,17.44,17.5,17.41,17.44,56708,0
BBOZ,20170525,17.43,17.55,17.27,17.27,30664,0
BBOZ,20170526,17.47,17.65,17.47,17.56,94134,0
BBOZ,20170529,17.55,17.86,17.51,17.86,53818,0
BBOZ,20170530,17.86,18.09,17.77,17.78,132349,0
BBOZ,20170531,17.77,17.83,17.65,17.81,73524,0
BBOZ,20170601,17.84,17.84,17.65,17.69,72097,0
BBOZ,20170602,17.39,17.45,17.24,17.3,77864,0
BBOZ,20170605,17.42,17.64,17.42,17.56,32735,0
BBOZ,20170606,17.73,18.18,17.73,18.18,120063,0
BBOZ,20170607,18.13,18.36,18.05,18.16,177072,0
BBOZ,20170608,18.4,18.47,18.13,18.15,109101,0
BBOZ,20170609,18.32,18.32,18,18.08,69079,0
BBOZ,20170612,18.08,18.08,18.08,18.08,0,0
BBOZ,20170613,18.05,18.05,17.43,17.43,66681,0
BBOZ,20170614,17.25,17.25,16.95,16.97,127044,0
BBOZ,20170615,17.26,17.53,17.17,17.49,92615,0
BBOZ,20170616,17.49,17.49,17.27,17.43,64596,0
BBOZ,20170619,17.33,17.33,17.18,17.28,46412,0
BBOZ,20170620,17.24,17.46,17.21,17.46,61252,0
BBOZ,20170621,18,18.24,18,18.21,90321,0
BBOZ,20170622,18.11,18.11,17.79,17.88,80203,0
BBOZ,20170623,17.81,17.99,17.79,17.84,30617,0
BBOZ,20170626,17.81,17.85,17.6,17.81,42705,0
BBOZ,20170627,17.83,18.09,17.83,17.85,36987,0
BBOZ,20170628,17.95,17.95,17.54,17.55,58061,0
BBOZ,20170629,17.24,17.25,17,17.04,53308,0
BBOZ,20170630,17.55,17.76,17.47,17.71,82659,0
BBOZ,20170703,17.81,18,17.7,17.97,42490,0
BBOZ,20170704,17.45,17.45,17.23,17.3,104554,0
BBOZ,20170705,17.28,17.49,17.28,17.38,41107,0
BBOZ,20170706,17.47,17.62,17.44,17.46,52717,0
BBOZ,20170707,17.85,18.1,17.84,17.92,65489,0
BBOZ,20170710,17.72,17.77,17.59,17.74,20459,0
BBOZ,20170711,17.69,17.91,17.63,17.7,62770,0
BBOZ,20170712,17.83,18.19,17.83,18.13,67126,0
BBOZ,20170713,17.75,17.86,17.63,17.65,44380,0
BBOZ,20170714,17.58,17.59,17.35,17.53,77919,0
BBOZ,20170717,17.61,17.65,17.4,17.54,18381,0
BBOZ,20170718,17.55,18.11,17.5,18.05,78077,0
BBOZ,20170719,17.69,17.9,17.65,17.7,21690,0
BBOZ,20170720,17.5,17.6,17.45,17.53,73558,0
BBOZ,20170721,17.8,17.9,17.59,17.8,54040,0
BBOZ,20170724,18.03,18.31,18.03,18.11,89363,0
BBOZ,20170725,18,18,17.66,17.73,48174,0
BBOZ,20170726,17.41,17.43,17.34,17.41,115410,0
BBOZ,20170727,17.39,17.42,17.25,17.36,50309,0
BBOZ,20170728,17.59,18.04,17.59,17.98,137322,0
BBOZ,20170731,17.93,17.99,17.66,17.79,60243,0
BBOZ,20170801,17.74,17.74,17.44,17.45,78626,0
BBOZ,20170802,17.39,17.72,17.39,17.67,58232,0
BBOZ,20170803,17.66,17.97,17.66,17.75,63316,0
BBOZ,20170804,17.9,17.92,17.74,17.83,26864,0
BBOZ,20170807,17.56,17.56,17.4,17.47,140897,0
BBOZ,20170808,17.35,17.84,17.3,17.71,107566,0
BBOZ,20170809,17.75,17.75,17.43,17.53,163878,0
BBOZ,20170810,17.45,17.65,17.3,17.56,205083,0
BBOZ,20170811,18.08,18.16,17.93,18.01,364756,0
BBOZ,20170814,17.83,17.93,17.71,17.75,98897,0
BBOZ,20170815,17.5,17.55,17.4,17.53,152612,0
BBOZ,20170816,17.55,17.64,17.23,17.23,182962,0
BBOZ,20170817,17.07,17.35,17.05,17.25,267524,0
BBOZ,20170818,17.74,17.79,17.47,17.49,390519,0
BBOZ,20170821,17.47,17.87,17.47,17.68,290353,0
BBOZ,20170822,17.59,17.61,17.44,17.44,128587,0
BBOZ,20170823,17.17,17.64,17.14,17.52,206495,0
BBOZ,20170824,17.64,17.7,17.4,17.47,86252,0
BBOZ,20170825,17.48,17.63,17.43,17.48,49679,0
BBOZ,20170828,17.49,17.8,17.49,17.76,179757,0
BBOZ,20170829,17.9,18.16,17.88,18.02,124791,0
BBOZ,20170830,17.83,18.03,17.83,17.95,65886,0
BBOZ,20170831,17.8,17.85,17.64,17.64,95609,0
BBOZ,20170901,17.53,17.69,17.46,17.53,65048,0
BBOZ,20170904,17.6,17.77,17.6,17.71,70574,0
BBOZ,20170905,17.62,17.93,17.62,17.65,186684,0
BBOZ,20170906,17.84,17.96,17.7,17.79,210891,0
BBOZ,20170907,17.56,17.75,17.49,17.68,272141,0
BBOZ,20170908,17.63,17.88,17.63,17.79,92212,0
BBOZ,20170911,17.62,17.62,17.41,17.47,199981,0
BBOZ,20170912,17.25,17.32,17.1,17.21,183087,0
BBOZ,20170913,16.98,17.23,16.98,17.21,117391,0
BBOZ,20170914,17.27,17.35,17.2,17.3,68976,0
BBOZ,20170915,17.43,17.66,17.42,17.59,154788,0
BBOZ,20170918,17.43,17.44,17.33,17.39,63134,0
BBOZ,20170919,17.23,17.44,17.23,17.44,29514,0
BBOZ,20170920,17.55,17.67,17.46,17.51,44079,0
BBOZ,20170921,17.53,18,17.53,17.87,186254,0
BBOZ,20170922,17.7,17.87,17.67,17.68,20237,0
BBOZ,20170925,17.48,17.69,17.48,17.66,58035,0
BBOZ,20170926,17.57,17.78,17.53,17.76,58333,0
BBOZ,20170927,17.75,17.92,17.75,17.85,35925,0
BBOZ,20170928,17.69,17.82,17.68,17.77,40723,0
BBOZ,20170929,17.77,17.85,17.66,17.74,69612,0
BBOZ,20171002,17.52,17.58,17.19,17.34,165641,0
BBOZ,20171003,17.29,17.62,17.29,17.6,114691,0
BBOZ,20171004,17.68,17.95,17.68,17.95,142246,0
BBOZ,20171005,17.86,17.94,17.83,17.94,51083,0
BBOZ,20171006,17.58,17.69,17.57,17.57,80798,0
BBOZ,20171009,17.57,17.57,17.57,17.57,0,0
BBOZ,20171010,17.57,17.57,17.57,17.57,0,0
BBOZ,20171011,17.29,17.29,17.04,17.08,154115,0
BBOZ,20171012,17.1,17.15,16.92,16.92,125981,0
BBOZ,20171013,16.91,16.91,16.68,16.77,155045,0
BBOZ,20171016,16.77,16.77,16.77,16.77,0,0
BBOZ,20171017,16.43,16.44,16.17,16.23,198967,0
BBOZ,20171018,16.24,16.24,16.09,16.2,61299,0
BBOZ,20171019,16.16,16.25,16.06,16.19,128471,0
BBOZ,20171020,16.34,16.37,15.95,16.1,183604,0
BBOZ,20171023,15.99,16.2,15.96,16.19,59318,0
BBOZ,20171024,16.18,16.25,16.09,16.15,148861,0
BBOZ,20171025,16.03,16.19,16.01,16.12,111828,0
BBOZ,20171026,16.18,16.26,16.04,16.04,74168,0
BBOZ,20171027,15.93,16.44,15.88,16.11,160440,0
BBOZ,20171030,15.96,16.09,15.93,16.03,132505,0
BBOZ,20171031,16.03,16.08,15.91,16.06,81663,0
BBOZ,20171101,15.94,15.95,15.77,15.88,97529,0
BBOZ,20171102,15.73,15.9,15.73,15.88,55215,0
BBOZ,20171103,15.79,15.8,15.69,15.74,77405,0
BBOZ,20171106,15.7,15.81,15.7,15.77,52608,0
BBOZ,20171107,15.58,15.58,15.38,15.38,74880,0
BBOZ,20171108,15.48,15.48,15.34,15.36,43760,0
BBOZ,20171109,15.24,15.3,15.1,15.1,128421,0
BBOZ,20171110,15.26,15.27,15.2,15.25,40092,0
BBOZ,20171113,15.22,15.22,15.1,15.18,36977,0
BBOZ,20171114,15.38,15.53,15.38,15.5,56922,0
BBOZ,20171115,15.62,15.67,15.57,15.66,32621,0
BBOZ,20171116,15.74,15.78,15.6,15.63,26455,0
BBOZ,20171117,15.42,15.58,15.42,15.51,33156,0
BBOZ,20171120,15.72,15.76,15.6,15.64,78407,0
BBOZ,20171121,15.53,15.57,15.5,15.5,15123,0
BBOZ,20171122,15.32,15.43,15.32,15.34,26519,0
BBOZ,20171123,15.42,15.42,15.37,15.38,9931,0
BBOZ,20171124,15.44,15.59,15.42,15.45,77588,0
BBOZ,20171127,15.46,15.46,15.25,15.37,37866,0
BBOZ,20171128,15.43,15.43,15.29,15.4,29176,0
BBOZ,20171129,15.18,15.23,15.11,15.23,67539,0
BBOZ,20171130,15.48,15.6,15.41,15.49,245962,0
BBOZ,20171201,15.33,15.4,15.28,15.37,26883,0
BBOZ,20171204,15.32,15.44,15.31,15.38,20718,0
BBOZ,20171205,15.6,15.64,15.4,15.5,21908,0
BBOZ,20171206,15.66,15.7,15.55,15.66,31824,0
BBOZ,20171207,15.55,15.55,15.39,15.44,22435,0
BBOZ,20171208,15.38,15.4,15.24,15.35,28187,0
BBOZ,20171211,15.22,15.34,15.21,15.34,6255,0
BBOZ,20171212,15.25,15.3,15.23,15.3,19468,0
BBOZ,20171213,15.2,15.29,15.15,15.2,37253,0
BBOZ,20171214,15.1,15.23,15.05,15.23,34900,0
BBOZ,20171215,15.32,15.39,15.3,15.33,53561,0
BBOZ,20171218,15.19,15.19,15.08,15.08,29914,0
BBOZ,20171219,14.99,14.99,14.83,14.83,52675,0
BBOZ,20171220,15,15,14.81,14.84,19392,0
BBOZ,20171221,14.94,15,14.94,14.97,9740,0
BBOZ,20171222,14.88,14.93,14.82,14.92,12111,0
BBOZ,20171225,14.92,14.92,14.92,14.92,0,0
BBOZ,20171226,14.92,14.92,14.92,14.92,0,0
BBOZ,20171227,14.9,14.94,14.8,14.94,21232,0
BBOZ,20171228,14.88,14.92,14.78,14.78,100890,0
BBOZ,20171229,14.85,15,14.85,14.92,32335,0
BBOZ,20180101,14.92,14.92,14.92,14.92,0,0
BBOZ,20180102,15.01,15.08,14.91,14.98,12320,0
BBOZ,20180103,14.91,14.93,14.9,14.91,24052,0
BBOZ,20180104,14.7,14.91,14.7,14.9,35289,0
BBOZ,20180105,14.7,14.72,14.57,14.57,40984,0
BBOZ,20180108,14.48,14.56,14.46,14.55,23650,0
BBOZ,20180109,14.49,14.52,14.43,14.52,149926,0
BBOZ,20180110,14.45,14.77,14.44,14.76,123155,0
BBOZ,20180111,14.81,15.03,14.8,14.95,67644,0
BBOZ,20180112,14.85,14.95,14.85,14.95,26822,0
BBOZ,20180115,14.74,14.91,14.73,14.86,13736,0
BBOZ,20180116,14.97,15.04,14.91,15.02,31424,0
BBOZ,20180117,15.28,15.3,15.22,15.28,29590,0
BBOZ,20180118,15.2,15.29,15.19,15.28,34778,0
BBOZ,20180119,15.22,15.37,15.22,15.33,28638,0
BBOZ,20180122,15.29,15.44,15.27,15.42,22329,0
BBOZ,20180123,15.3,15.3,15.14,15.16,29756,0
BBOZ,20180124,15.08,15.13,15,15.06,45634,0
BBOZ,20180125,15.15,15.19,15.1,15.1,26550,0
BBOZ,20180126,15.1,15.1,15.1,15.1,0,0
BBOZ,20180129,14.95,15.05,14.88,14.92,36931,0
BBOZ,20180130,15.16,15.3,15.06,15.26,42484,0
BBOZ,20180131,15.48,15.48,15.16,15.16,106735,0
BBOZ,20180201,15.08,15.08,14.84,14.84,84666,0
BBOZ,20180202,14.9,14.94,14.68,14.68,62220,0
BBOZ,20180205,15.19,15.32,15.08,15.23,200351,0
BBOZ,20180206,16.22,16.71,16.2,16.46,464512,0
BBOZ,20180207,15.99,16.2,15.86,16.2,168944,0
BBOZ,20180208,16.47,16.51,16.11,16.11,130887,0
BBOZ,20180209,16.75,16.8,16.41,16.45,220994,0
BBOZ,20180212,16.55,16.75,16.47,16.56,130120,0
BBOZ,20180213,16.46,16.56,16.3,16.33,94533,0
BBOZ,20180214,16.34,16.4,16.21,16.27,46309,0
BBOZ,20180215,16.08,16.11,15.87,15.87,70219,0
BBOZ,20180216,15.77,15.96,15.75,15.96,49949,0
BBOZ,20180219,15.78,15.78,15.65,15.67,22573,0
BBOZ,20180220,15.81,15.83,15.65,15.65,22013,0
BBOZ,20180221,15.8,15.8,15.6,15.63,30541,0
BBOZ,20180222,15.58,15.72,15.44,15.56,63190,0
BBOZ,20180223,15.31,15.43,15.24,15.25,85447,0
BBOZ,20180226,15,15.09,14.97,14.97,65072,0
BBOZ,20180227,14.76,14.86,14.7,14.86,66329,0
BBOZ,20180228,14.98,15.11,14.94,15.08,212187,0
BBOZ,20180301,15.28,15.42,15.28,15.33,84943,0
BBOZ,20180302,15.51,15.75,15.5,15.58,86676,0
BBOZ,20180305,15.62,15.85,15.62,15.8,29074,0
BBOZ,20180306,15.41,15.41,15.26,15.37,40587,0
BBOZ,20180307,15.55,15.79,15.52,15.73,87186,0
BBOZ,20180308,15.58,15.58,15.42,15.42,32660,0
BBOZ,20180309,15.36,15.36,15.18,15.3,65991,0
BBOZ,20180312,14.97,15.06,14.89,15.03,53867,0
BBOZ,20180313,15.14,15.37,15.14,15.23,72634,0
BBOZ,20180314,15.46,15.55,15.46,15.46,36913,0
BBOZ,20180315,15.45,15.64,15.45,15.54,35098,0
BBOZ,20180316,15.43,15.45,15.36,15.4,17912,0
BBOZ,20180319,15.18,15.47,15.13,15.3,42508,0
BBOZ,20180320,15.48,15.56,15.44,15.46,70231,0
BBOZ,20180321,15.36,15.47,15.31,15.33,40837,0
BBOZ,20180322,15.46,15.64,15.33,15.48,30926,0
BBOZ,20180323,16,16.27,15.96,16.23,119788,0
BBOZ,20180326,16.51,16.51,16.38,16.4,97245,0
BBOZ,20180327,16.16,16.22,16.11,16.14,73197,0
BBOZ,20180328,16.39,16.44,16.32,16.4,74780,0
BBOZ,20180329,16.34,16.65,16.32,16.6,105545,0
BBOZ,20180330,16.6,16.6,16.6,16.6,0,0
BBOZ,20180402,16.6,16.6,16.6,16.6,0,0
BBOZ,20180403,16.86,16.86,16.55,16.64,75959,0
BBOZ,20180404,16.59,16.8,16.58,16.58,45510,0
BBOZ,20180405,16.46,16.53,16.32,16.38,39798,0
BBOZ,20180406,16.52,16.53,16.39,16.41,40810,0
BBOZ,20180409,16.52,16.53,16.25,16.28,34188,0
BBOZ,20180410,16.4,16.41,15.98,16,52585,0
BBOZ,20180411,16.1,16.2,16.05,16.2,21606,0
BBOZ,20180412,16.35,16.36,16.17,16.28,9758,0
BBOZ,20180413,16.15,16.18,16.09,16.18,5509,0
BBOZ,20180416,16.09,16.09,15.94,16.07,23211,0
BBOZ,20180417,16.08,16.08,15.9,16.08,56347,0
BBOZ,20180418,15.97,16,15.94,15.98,39002,0
BBOZ,20180419,15.73,15.84,15.7,15.84,32931,0
BBOZ,20180420,15.94,15.96,15.84,15.93,22984,0
BBOZ,20180423,15.93,15.93,15.75,15.81,51644,0
BBOZ,20180424,15.74,15.79,15.55,15.59,87547,0
BBOZ,20180425,15.59,15.59,15.59,15.59,0,0
BBOZ,20180426,15.55,15.7,15.5,15.67,36335,0
BBOZ,20180427,15.45,15.57,15.42,15.42,33123,0
BBOZ,20180430,15.36,15.36,15.17,15.22,97729,0
BBOZ,20180501,15.18,15.24,14.97,15,105824,0
BBOZ,20180502,15,15,14.77,14.8,98422,0
BBOZ,20180503,14.6,14.62,14.44,14.51,251252,0
BBOZ,20180504,14.5,14.75,14.44,14.72,98289,0
BBOZ,20180507,14.48,14.63,14.44,14.59,80609,0
BBOZ,20180508,14.49,14.58,14.43,14.57,96953,0
BBOZ,20180509,14.53,14.55,14.43,14.43,90099,0
BBOZ,20180510,14.25,14.41,14.22,14.4,84747,0
BBOZ,20180511,14.31,14.42,14.26,14.42,86624,0
BBOZ,20180514,14.3,14.33,14.22,14.22,80350,0
BBOZ,20180515,14.2,14.39,14.17,14.39,87499,0
BBOZ,20180516,14.4,14.4,14.2,14.33,405849,0
BBOZ,20180517,14.27,14.46,14.27,14.41,42507,0
BBOZ,20180518,14.17,14.45,14.17,14.44,40714,0
BBOZ,20180521,14.45,14.5,14.37,14.45,86216,0
BBOZ,20180522,14.48,14.76,14.48,14.68,135943,0
BBOZ,20180523,14.64,14.78,14.6,14.71,51560,0
BBOZ,20180524,14.82,14.89,14.73,14.8,23588,0
BBOZ,20180525,14.82,14.89,14.73,14.75,91766,0
BBOZ,20180528,14.82,14.98,14.82,14.92,55290,0
BBOZ,20180529,14.9,14.92,14.8,14.9,19465,0
BBOZ,20180530,15.14,15.18,15.03,15.03,121535,0
BBOZ,20180531,14.75,14.95,14.75,14.88,34836,0
BBOZ,20180601,15.02,15.13,15,15,53467,0
BBOZ,20180604,14.8,14.85,14.72,14.85,58370,0
BBOZ,20180605,14.94,15.04,14.93,14.97,45819,0
BBOZ,20180606,14.9,14.9,14.81,14.81,56887,0
BBOZ,20180607,14.77,14.77,14.53,14.58,49676,0
BBOZ,20180608,14.67,14.67,14.58,14.67,24180,0
BBOZ,20180611,14.67,14.67,14.67,14.67,0,0
BBOZ,20180612,14.57,14.63,14.55,14.61,28499,0
BBOZ,20180613,14.61,14.88,14.61,14.81,55519,0
BBOZ,20180614,14.88,14.92,14.76,14.84,38573,0
BBOZ,20180615,14.62,14.62,14.34,14.37,521736,0
BBOZ,20180618,14.37,14.41,14.26,14.32,69774,0
BBOZ,20180619,14.12,14.31,14.05,14.31,228072,0
BBOZ,20180620,14.07,14.14,13.88,13.88,123869,0
BBOZ,20180621,13.67,13.71,13.5,13.58,171078,0
BBOZ,20180622,13.65,13.66,13.52,13.61,62422,0
BBOZ,20180625,13.56,13.73,13.5,13.7,61898,0
BBOZ,20180626,13.96,13.96,13.75,13.75,75826,0
BBOZ,20180627,13.69,13.8,13.69,13.78,68105,0
BBOZ,20180628,13.78,13.82,13.6,13.61,45888,0
BBOZ,20180629,13.5,13.73,13.48,13.73,73786,0
BBOZ,20180702,13.62,13.81,13.59,13.81,23653,0
BBOZ,20180703,13.7,13.76,13.59,13.63,62756,0
BBOZ,20180704,13.68,13.83,13.65,13.79,40980,0
BBOZ,20180705,13.7,13.72,13.62,13.63,38976,0
BBOZ,20180706,13.51,13.6,13.31,13.32,117037,0
BBOZ,20180709,13.24,13.28,13.18,13.27,59337,0
BBOZ,20180710,13.14,13.4,13.14,13.4,87158,0
BBOZ,20180711,13.43,13.64,13.43,13.63,62860,0
BBOZ,20180712,13.56,13.56,13.29,13.35,73481,0
BBOZ,20180713,13.29,13.45,13.29,13.33,38886,0
BBOZ,20180716,13.41,13.52,13.41,13.5,32011,0
BBOZ,20180717,13.6,13.7,13.52,13.68,33668,0
BBOZ,20180718,13.54,13.54,13.43,13.48,67821,0
BBOZ,20180719,13.46,13.49,13.35,13.4,42203,0
BBOZ,20180720,13.4,13.4,13.24,13.3,42730,0
BBOZ,20180723,13.43,13.62,13.43,13.61,35158,0
BBOZ,20180724,13.48,13.49,13.41,13.41,21389,0
BBOZ,20180725,13.39,13.55,13.36,13.52,118407,0
BBOZ,20180726,13.51,13.69,13.49,13.52,51913,0
BBOZ,20180727,13.37,13.37,13.22,13.22,91041,0
BBOZ,20180730,13.37,13.44,13.34,13.35,35557,0
BBOZ,20180731,13.29,13.37,13.25,13.34,57363,0
BBOZ,20180801,13.26,13.41,13.25,13.35,21908,0
BBOZ,20180802,13.37,13.53,13.37,13.53,49860,0
BBOZ,20180803,13.4,13.59,13.37,13.56,33594,0
BBOZ,20180806,13.44,13.44,13.32,13.4,35850,0
BBOZ,20180807,13.41,13.51,13.41,13.48,38363,0
BBOZ,20180808,13.45,13.45,13.35,13.4,33864,0
BBOZ,20180809,13.36,13.45,13.16,13.25,89724,0
BBOZ,20180810,13.18,13.37,13.18,13.37,23739,0
BBOZ,20180813,13.46,13.55,13.43,13.48,74848,0
BBOZ,20180814,13.42,13.42,13.19,13.21,110929,0
BBOZ,20180815,13.23,13.23,12.98,12.98,92602,0
BBOZ,20180816,13.18,13.24,13,13,65050,0
BBOZ,20180817,13.06,13.06,12.93,12.94,53400,0
BBOZ,20180820,12.86,12.92,12.82,12.91,48341,0
BBOZ,20180821,12.89,13.25,12.88,13.19,130939,0
BBOZ,20180822,13.3,13.38,13.28,13.3,37583,0
BBOZ,20180823,13.24,13.39,13.24,13.36,52535,0
BBOZ,20180824,13.3,13.34,13.23,13.34,39795,0
BBOZ,20180827,13.35,13.4,13.24,13.24,35762,0
BBOZ,20180828,13.08,13.13,12.98,13.04,50828,0
BBOZ,20180829,13,13.01,12.8,12.8,54434,0
BBOZ,20180830,12.69,12.79,12.66,12.78,68265,0
BBOZ,20180831,12.82,12.93,12.79,12.93,35526,0
BBOZ,20180903,12.84,12.97,12.84,12.97,43368,0
BBOZ,20180904,12.99,13.15,12.99,13.07,55750,0
BBOZ,20180905,13.13,13.38,13.12,13.38,111135,0
BBOZ,20180906,13.51,13.75,13.51,13.7,303871,0
BBOZ,20180907,13.89,14,13.78,13.78,180929,0
BBOZ,20180910,13.89,13.89,13.73,13.78,46073,0
BBOZ,20180911,13.76,13.76,13.54,13.54,138520,0
BBOZ,20180912,13.65,13.65,13.58,13.59,26091,0
BBOZ,20180913,13.63,13.83,13.61,13.82,64434,0
BBOZ,20180914,13.72,13.75,13.58,13.61,51118,0
BBOZ,20180917,13.73,13.73,13.49,13.51,56348,0
BBOZ,20180918,13.69,13.7,13.58,13.66,65042,0
BBOZ,20180919,13.56,13.6,13.44,13.47,37723,0
BBOZ,20180920,13.56,13.62,13.56,13.61,11193,0
BBOZ,20180921,13.51,13.56,13.41,13.51,92684,0
BBOZ,20180924,13.59,13.6,13.48,13.51,21907,0
BBOZ,20180925,13.59,13.62,13.5,13.53,34929,0
BBOZ,20180926,13.48,13.53,13.41,13.49,27771,0
BBOZ,20180927,13.56,13.56,13.49,13.55,17495,0
BBOZ,20180928,13.44,13.44,13.3,13.42,38368,0
BBOZ,20181001,13.6,13.7,13.59,13.64,46209,0
BBOZ,20181002,13.57,13.89,13.57,13.83,27603,0
BBOZ,20181003,13.84,13.84,13.72,13.73,22459,0
BBOZ,20181004,13.61,13.61,13.5,13.61,41991,0
BBOZ,20181005,13.71,13.71,13.45,13.53,33980,0
BBOZ,20181008,13.74,14,13.74,14,133817,0
BBOZ,20181009,14.11,14.36,14.09,14.31,163392,0
BBOZ,20181010,14.29,14.41,14.24,14.26,80716,0
BBOZ,20181011,14.9,15.15,14.8,15.15,645090,0
BBOZ,20181012,15.43,15.43,15.06,15.12,319869,0
BBOZ,20181015,15.41,15.67,15.34,15.41,401735,0
BBOZ,20181016,15.41,15.41,15.16,15.22,88439,0
BBOZ,20181017,14.94,15,14.83,14.84,107903,0
BBOZ,20181018,14.87,14.97,14.82,14.82,33566,0
BBOZ,20181019,15.08,15.15,14.81,14.81,105871,0
BBOZ,20181022,15.02,15.14,14.94,15.02,90242,0
BBOZ,20181023,15.04,15.4,15.04,15.4,92818,0
BBOZ,20181024,15.4,15.52,15.33,15.47,66415,0
BBOZ,20181025,16.05,16.47,16,16.47,317267,0
BBOZ,20181026,16.3,16.7,16.29,16.45,240230,0
BBOZ,20181029,16.28,16.34,16.03,16.06,150155,0
BBOZ,20181030,16.28,16.3,15.67,15.67,193991,0
BBOZ,20181031,15.64,15.74,15.5,15.5,50533,0
BBOZ,20181101,15.32,15.51,15.24,15.42,189658,0
BBOZ,20181102,15.52,15.63,15.4,15.4,57644,0
BBOZ,20181105,15.53,15.57,15.37,15.56,28313,0
BBOZ,20181106,15.4,15.42,15.22,15.22,30810,0
BBOZ,20181107,15.25,15.4,15.09,15.09,67550,0
BBOZ,20181108,14.95,14.95,14.84,14.86,84475,0
BBOZ,20181109,14.88,15.07,14.86,14.91,38818,0
BBOZ,20181112,15.05,15.05,14.71,14.72,57750,0
BBOZ,20181113,15.15,15.35,15.1,15.29,73534,0
BBOZ,20181114,15.35,15.92,15.33,15.92,133274,0
BBOZ,20181115,15.88,16.18,15.76,15.98,103442,0
BBOZ,20181116,15.81,15.93,15.75,15.92,50939,0
BBOZ,20181119,16.04,16.2,16.04,16.11,39031,0
BBOZ,20181120,16.27,16.46,16.25,16.26,112176,0
BBOZ,20181121,16.68,16.7,16.4,16.4,78329,0
BBOZ,20181122,16.39,16.4,16.1,16.12,61001,0
BBOZ,20181123,16.13,16.16,15.91,15.98,38791,0
BBOZ,20181126,16.22,16.36,16.09,16.24,38630,0
BBOZ,20181127,16.01,16.25,15.85,15.85,48516,0
BBOZ,20181128,15.81,16,15.78,15.89,84515,0
BBOZ,20181129,15.66,15.78,15.55,15.63,123338,0
BBOZ,20181130,15.8,16.3,15.8,16.3,87141,0
BBOZ,20181203,15.86,15.86,15.6,15.6,59153,0
BBOZ,20181204,15.67,15.97,15.67,15.96,54347,0
BBOZ,20181205,16.66,16.69,16.27,16.27,63718,0
BBOZ,20181206,16.24,16.61,16.24,16.38,69421,0
BBOZ,20181207,16.28,16.3,16.05,16.19,48185,0
BBOZ,20181210,16.64,17.1,16.57,17.05,178801,0
BBOZ,20181211,16.92,17.09,16.82,16.94,84839,0
BBOZ,20181212,16.83,16.85,16.4,16.4,55993,0
BBOZ,20181213,16.46,16.5,16.22,16.35,50096,0
BBOZ,20181214,16.5,16.78,16.45,16.76,38645,0
BBOZ,20181217,16.87,16.87,16.31,16.34,185469,0
BBOZ,20181218,16.73,16.89,16.62,16.81,97354,0
BBOZ,20181219,16.98,17.09,16.86,16.89,140154,0
BBOZ,20181220,17.13,17.42,16.9,17.42,118405,0
BBOZ,20181221,17.33,18,17.2,17.74,162391,0
BBOZ,20181224,18.12,18.16,17.5,17.51,137047,0
BBOZ,20181225,17.51,17.51,17.51,17.51,0,0
BBOZ,20181226,17.51,17.51,17.51,17.51,0,0
BBOZ,20181227,17.04,17.1,16.66,16.66,77764,0
BBOZ,20181228,16.59,16.6,16.22,16.22,196076,0
BBOZ,20181231,16,16.22,15.83,16.22,113550,0
BBOZ,20190101,16.22,16.22,16.22,16.22,0,0
BBOZ,20190102,16.38,17.01,16.22,16.97,145161,0
BBOZ,20190103,16.7,16.75,16.25,16.37,165137,0
BBOZ,20190104,16.66,16.84,16.48,16.51,151542,0
BBOZ,20190107,16.01,16.02,15.7,15.97,100812,0
BBOZ,20190108,16,16.09,15.65,15.72,57989,0
BBOZ,20190109,15.64,15.64,15.33,15.36,165447,0
BBOZ,20190110,15.21,15.51,15.18,15.34,64138,0
BBOZ,20190111,15.16,15.32,15.16,15.3,42520,0
BBOZ,20190114,15.3,15.5,15.26,15.4,83365,0
BBOZ,20190115,15.35,15.4,15.12,15.12,66383,0
BBOZ,20190116,15.15,15.15,15,15,31893,0
BBOZ,20190117,14.89,15.04,14.87,14.87,90820,0
BBOZ,20190118,14.73,14.78,14.63,14.72,114674,0
BBOZ,20190121,14.51,14.64,14.49,14.62,77320,0
BBOZ,20190122,14.71,14.88,14.67,14.86,244732,0
BBOZ,20190123,15.01,15.01,14.8,14.94,191574,0
BBOZ,20190124,14.93,14.97,14.8,14.8,34193,0
BBOZ,20190125,14.68,14.7,14.44,14.52,97440,0
BBOZ,20190128,14.52,14.52,14.52,14.52,0,0
BBOZ,20190129,14.61,14.83,14.61,14.75,67604,0
BBOZ,20190130,14.57,14.75,14.51,14.67,80541,0
BBOZ,20190131,14.52,14.71,14.48,14.71,68511,0
BBOZ,20190201,14.75,14.85,14.71,14.83,81961,0
BBOZ,20190204,14.86,14.92,14.6,14.65,115694,0
BBOZ,20190205,14.25,14.25,13.66,13.92,291453,0
BBOZ,20190206,13.86,13.96,13.7,13.79,68087,0
BBOZ,20190207,13.62,13.62,13.35,13.39,248132,0
BBOZ,20190208,13.52,13.62,13.43,13.52,173700,0
BBOZ,20190211,13.54,13.75,13.47,13.6,126711,0
BBOZ,20190212,13.59,13.63,13.42,13.49,329809,0
BBOZ,20190213,13.31,13.55,13.31,13.54,240706,0
BBOZ,20190214,13.56,13.56,13.35,13.5,147183,0
BBOZ,20190215,13.55,13.57,13.45,13.49,105451,0
BBOZ,20190218,13.25,13.4,13.22,13.4,152269,0
BBOZ,20190219,13.32,13.33,13.19,13.26,236975,0
BBOZ,20190220,13.23,13.38,13.16,13.31,113862,0
BBOZ,20190221,13.22,13.38,13,13.1,228015,0
BBOZ,20190222,13.07,13.09,12.85,12.88,322111,0
BBOZ,20190225,12.78,12.94,12.78,12.81,335846,0
BBOZ,20190226,12.92,13.2,12.92,13.09,148684,0
BBOZ,20190227,13,13.06,12.9,12.93,168231,0
BBOZ,20190228,12.84,12.98,12.78,12.82,279882,0
BBOZ,20190301,12.78,12.78,12.57,12.65,361266,0
BBOZ,20190304,12.49,12.52,12.4,12.5,271566,0
BBOZ,20190305,12.66,12.7,12.55,12.58,285568,0
BBOZ,20190306,12.54,12.56,12.36,12.37,264977,0
BBOZ,20190307,12.2,12.26,12.16,12.22,276247,0
BBOZ,20190308,12.32,12.5,12.3,12.5,321917,0
BBOZ,20190311,12.61,12.63,12.53,12.58,331465,0
BBOZ,20190312,12.39,12.61,12.39,12.61,192124,0
BBOZ,20190313,12.67,12.83,12.67,12.69,283590,0
BBOZ,20190314,12.57,12.71,12.57,12.6,178292,0
BBOZ,20190315,12.48,12.64,12.48,12.62,91627,0
BBOZ,20190318,12.54,12.63,12.49,12.54,154929,0
BBOZ,20190319,12.49,12.61,12.48,12.58,158350,0
BBOZ,20190320,12.66,12.69,12.59,12.65,209295,0
BBOZ,20190321,12.7,12.81,12.62,12.66,173398,0
BBOZ,20190322,12.49,12.54,12.37,12.53,316280,0
BBOZ,20190325,12.77,12.91,12.74,12.85,462643,0
BBOZ,20190326,12.87,12.87,12.79,12.83,117692,0
BBOZ,20190327,12.86,12.97,12.81,12.82,149649,0
BBOZ,20190328,12.86,12.89,12.62,12.63,174006,0
BBOZ,20190329,12.57,12.59,12.44,12.59,183590,0
BBOZ,20190401,12.45,12.45,12.34,12.42,270343,0
BBOZ,20190402,12.32,12.32,12.18,12.31,193874,0
BBOZ,20190403,12.16,12.23,12.09,12.1,309939,0
BBOZ,20190404,12.19,12.42,12.19,12.37,123308,0
BBOZ,20190405,12.46,12.66,12.46,12.61,174048,0
BBOZ,20190408,12.5,12.52,12.42,12.43,311673,0
BBOZ,20190409,12.39,12.49,12.38,12.43,74312,0
BBOZ,20190410,12.5,12.52,12.36,12.42,299388,0
BBOZ,20190411,12.51,12.6,12.49,12.54,145293,0
BBOZ,20190412,12.4,12.41,12.29,12.29,270572,0
BBOZ,20190415,12.28,12.35,12.26,12.3,102932,0
BBOZ,20190416,12.35,12.35,12.14,12.17,131072,0
BBOZ,20190417,12.15,12.3,12.14,12.26,80820,0
BBOZ,20190418,12.06,12.3,12.03,12.27,70971,0
BBOZ,20190419,12.27,12.27,12.27,12.27,0,0
BBOZ,20190422,12.27,12.27,12.27,12.27,0,0
BBOZ,20190423,12.17,12.17,11.96,11.97,395583,0
BBOZ,20190424,11.8,11.81,11.64,11.68,352197,0
BBOZ,20190425,11.68,11.68,11.68,11.68,0,0
BBOZ,20190426,11.66,11.76,11.65,11.67,212901,0
BBOZ,20190429,11.72,11.85,11.7,11.79,130273,0
BBOZ,20190430,11.85,12,11.85,11.94,188080,0
BBOZ,20190501,11.84,11.86,11.71,11.73,165493,0
BBOZ,20190502,11.88,11.96,11.85,11.9,117425,0
BBOZ,20190503,11.88,11.93,11.82,11.91,141694,0
BBOZ,20190506,12.15,12.33,12.05,12.16,178494,0
BBOZ,20190507,12.04,12.13,11.89,12.1,206477,0
BBOZ,20190508,12.33,12.36,12.21,12.24,259362,0
BBOZ,20190509,12.25,12.26,12.07,12.11,122960,0
BBOZ,20190510,12.15,12.17,12,12.05,360721,0
BBOZ,20190513,12.05,12.05,12.05,12.05,0,0
BBOZ,20190514,12.33,12.44,12.26,12.28,299746,0
BBOZ,20190515,12.19,12.25,12.03,12.05,179207,0
BBOZ,20190516,11.98,12.03,11.84,11.84,227569,0
BBOZ,20190517,11.52,11.66,11.47,11.64,380587,0
BBOZ,20190520,11.25,11.29,11.13,11.13,518885,0
BBOZ,20190521,11.23,11.25,11.03,11.03,347439,0
BBOZ,20190522,11.02,11.12,10.99,11,171348,0
BBOZ,20190523,11.05,11.11,11.02,11.06,288842,0
BBOZ,20190524,11.2,11.28,11.18,11.22,261054,0
BBOZ,20190527,11.2,11.24,11.18,11.21,72736,0
BBOZ,20190528,11.17,11.17,11.06,11.09,175991,0
BBOZ,20190529,11.28,11.37,11.28,11.3,188570,0
BBOZ,20190530,11.45,11.52,11.44,11.48,185140,0
BBOZ,20190531,11.54,11.59,11.46,11.46,122016,0
BBOZ,20190603,11.61,11.75,11.59,11.75,221187,0
BBOZ,20190604,11.74,11.77,11.67,11.69,211776,0
BBOZ,20190605,11.46,11.62,11.45,11.6,193612,0
BBOZ,20190606,11.55,11.55,11.42,11.5,96136,0
BBOZ,20190607,11.37,11.43,11.26,11.26,120846,0
BBOZ,20190610,11.26,11.26,11.26,11.26,0,0
BBOZ,20190611,11.1,11.1,10.86,10.87,223458,0
BBOZ,20190612,10.81,10.87,10.7,10.87,226979,0
BBOZ,20190613,10.82,10.89,10.8,10.89,77396,0
BBOZ,20190614,10.84,10.91,10.82,10.84,169901,0
BBOZ,20190617,10.84,10.93,10.82,10.91,65985,0
BBOZ,20190618,10.91,10.91,10.76,10.76,78052,0
BBOZ,20190619,10.58,10.58,10.45,10.47,346342,0
BBOZ,20190620,10.4,10.47,10.32,10.32,299402,0
BBOZ,20190621,10.35,10.5,10.3,10.48,325359,0
BBOZ,20190624,10.48,10.48,10.48,10.48,0,0
BBOZ,20190625,10.47,10.47,10.34,10.42,164713,0
BBOZ,20190626,10.55,10.55,10.44,10.5,116633,0
BBOZ,20190627,10.54,10.6,10.38,10.4,417298,0
BBOZ,20190628,10.41,10.54,10.41,10.54,168788,0
BBOZ,20190701,10.34,10.44,10.34,10.37,150482,0
BBOZ,20190702,10.34,10.44,10.27,10.4,294879,0
BBOZ,20190703,10.45,10.45,10.25,10.27,177116,0
BBOZ,20190704,10.16,10.17,10.09,10.11,220908,0
BBOZ,20190705,10.09,10.15,9.95,10.03,165183,0
BBOZ,20190708,10.16,10.34,10.16,10.3,136850,0
BBOZ,20190709,10.37,10.45,10.34,10.4,205122,0
BBOZ,20190710,10.27,10.29,10.18,10.26,241213,0
BBOZ,20190711,10.26,10.28,10.12,10.17,135119,0
BBOZ,20190712,10.22,10.26,10.17,10.24,145931,0
BBOZ,20190715,10.38,10.47,10.33,10.38,233926,0
BBOZ,20190716,10.42,10.45,10.38,10.43,178718,0
BBOZ,20190717,10.52,10.53,10.31,10.33,221523,0
BBOZ,20190718,10.38,10.51,10.38,10.45,302037,0
BBOZ,20190719,10.42,10.42,10.22,10.22,209042,0
BBOZ,20190722,10.26,10.33,10.19,10.27,125610,0
BBOZ,20190723,10.22,10.22,10.12,10.15,90625,0
BBOZ,20190724,9.99,10.02,9.9,9.93,397613,0
BBOZ,20190725,9.87,9.93,9.77,9.77,290231,0
BBOZ,20190726,9.85,9.89,9.8,9.85,225813,0
BBOZ,20190729,9.8,9.82,9.71,9.71,257577,0
BBOZ,20190730,9.61,9.69,9.59,9.67,222727,0
BBOZ,20190731,9.74,9.79,9.71,9.79,119143,0
BBOZ,20190801,9.9,9.92,9.82,9.87,212841,0
BBOZ,20190802,9.94,10.02,9.93,9.93,239244,0
BBOZ,20190805,9.98,10.38,9.96,10.37,436987,0
BBOZ,20190806,10.96,11.04,10.78,10.91,1076833,0
BBOZ,20190807,10.97,10.99,10.73,10.77,541934,0
BBOZ,20190808,10.89,10.97,10.6,10.6,277384,0
BBOZ,20190809,10.46,10.59,10.46,10.48,291941,0
BBOZ,20190812,10.58,10.6,10.46,10.46,173116,0
BBOZ,20190813,10.58,10.6,10.45,10.53,311739,0
BBOZ,20190814,10.37,10.51,10.34,10.39,124179,0
BBOZ,20190815,10.82,11.12,10.82,11.1,913177,0
BBOZ,20190816,11.16,11.19,11.05,11.13,457023,0
BBOZ,20190819,10.91,10.94,10.86,10.87,173006,0
BBOZ,20190820,10.8,10.8,10.58,10.58,266201,0
BBOZ,20190821,10.74,10.86,10.71,10.8,457808,0
BBOZ,20190822,10.63,10.73,10.61,10.73,67524,0
BBOZ,20190823,10.74,10.75,10.59,10.62,260683,0
BBOZ,20190826,11.05,11.06,10.95,10.95,418824,0
BBOZ,20190827,10.89,10.95,10.78,10.82,179876,0
BBOZ,20190828,10.82,10.83,10.68,10.68,117389,0
BBOZ,20190829,10.66,10.78,10.62,10.64,149464,0
BBOZ,20190830,10.45,10.46,10.23,10.27,477123,0
BBOZ,20190902,10.35,10.42,10.25,10.34,403946,0
BBOZ,20190903,10.41,10.41,10.28,10.36,131971,0
BBOZ,20190904,10.56,10.63,10.43,10.43,243196,0
BBOZ,20190905,10.31,10.31,10.08,10.14,349123,0
BBOZ,20190906,10.04,10.04,9.94,9.98,765431,0
BBOZ,20190909,10.03,10.03,9.93,9.97,149386,0
BBOZ,20190910,10.03,10.16,10,10.11,283571,0
BBOZ,20190911,10.02,10.08,10,10,156894,0
BBOZ,20190912,9.86,9.97,9.79,9.94,203016,0
BBOZ,20190913,9.87,9.93,9.85,9.89,221855,0
BBOZ,20190916,9.98,9.98,9.85,9.87,228766,0
BBOZ,20190917,9.94,9.96,9.78,9.78,325890,0
BBOZ,20190918,9.74,9.85,9.74,9.83,248717,0
BBOZ,20190919,9.69,9.75,9.59,9.67,465942,0
BBOZ,20190920,9.57,9.64,9.48,9.62,429431,0
BBOZ,20190923,9.55,9.57,9.51,9.56,212375,0
BBOZ,20190924,9.57,9.59,9.54,9.55,243633,0
BBOZ,20190925,9.76,9.77,9.65,9.72,657060,0
BBOZ,20190926,9.68,9.86,9.67,9.84,302358,0
BBOZ,20190927,9.76,9.76,9.68,9.7,446022,0
BBOZ,20190930,9.73,9.78,9.63,9.78,310997,0
BBOZ,20191001,9.78,9.79,9.6,9.62,494144,0
BBOZ,20191002,9.82,9.96,9.82,9.96,357080,0
BBOZ,20191003,10.38,10.51,10.38,10.45,1656194,0
BBOZ,20191004,10.4,10.47,10.33,10.36,568111,0
BBOZ,20191007,10.25,10.31,10.22,10.22,214089,0
BBOZ,20191008,10.13,10.16,10.08,10.1,269680,0
BBOZ,20191009,10.34,10.37,10.26,10.27,347866,0
BBOZ,20191010,10.3,10.33,10.19,10.26,238764,0
BBOZ,20191011,10.06,10.13,10.04,10.07,232983,0
BBOZ,20191014,9.9,9.95,9.82,9.94,436319,0
BBOZ,20191015,10,10.02,9.895,9.91,160398,0
BBOZ,20191016,9.75,9.77,9.62,9.62,463773,0
BBOZ,20191017,9.61,9.81,9.6,9.8,323056,0
BBOZ,20191018,9.88,9.99,9.85,9.93,266946,0
BBOZ,20191021,10.02,10.05,9.91,9.91,127822,0
BBOZ,20191022,9.9,9.94,9.82,9.85,153475,0
BBOZ,20191023,9.9,9.98,9.87,9.87,276406,0
BBOZ,20191024,9.71,9.78,9.7,9.77,227696,0
BBOZ,20191025,9.66,9.66,9.62,9.64,277267,0
BBOZ,20191028,9.56,9.63,9.53,9.63,235561,0
BBOZ,20191029,9.57,9.64,9.55,9.6,158848,0
BBOZ,20191030,9.68,9.83,9.67,9.82,315693,0
BBOZ,20191031,9.82,9.96,9.8,9.88,245700,0
BBOZ,20191101,9.94,9.97,9.84,9.86,221338,0
BBOZ,20191104,9.77,9.86,9.74,9.83,412555,0
BBOZ,20191105,9.7,9.82,9.69,9.76,376534,0
BBOZ,20191106,9.74,9.91,9.7,9.89,295634,0
BBOZ,20191107,9.84,9.84,9.66,9.67,360706,0
BBOZ,20191108,9.64,9.73,9.61,9.69,249757,0
BBOZ,20191111,9.57,9.57,9.47,9.49,530759,0
BBOZ,20191112,9.44,9.57,9.41,9.53,257668,0
BBOZ,20191113,9.47,9.7,9.46,9.68,347053,0
BBOZ,20191114,9.67,9.7,9.5,9.55,141173,0
BBOZ,20191115,9.48,9.48,9.32,9.35,509459,0
BBOZ,20191118,9.37,9.49,9.35,9.44,352442,0
BBOZ,20191119,9.41,9.45,9.28,9.28,258000,0
BBOZ,20191120,9.41,9.61,9.41,9.58,488686,0
BBOZ,20191121,9.75,9.87,9.67,9.75,309019,0
BBOZ,20191122,9.65,9.65,9.57,9.61,117540,0
BBOZ,20191125,9.53,9.55,9.46,9.53,132779,0
BBOZ,20191126,9.45,9.45,9.32,9.37,289348,0
BBOZ,20191127,9.36,9.37,9.15,9.16,340040,0
BBOZ,20191128,9.04,9.12,9.02,9.11,236739,0
BBOZ,20191129,9.01,9.17,9.01,9.17,166914,0
BBOZ,20191202,9.12,9.18,9.02,9.1,411144,0
BBOZ,20191203,9.42,9.65,9.41,9.61,757521,0
BBOZ,20191204,9.89,10.02,9.87,9.96,1180191,0
BBOZ,20191205,9.78,9.81,9.71,9.73,431925,0
BBOZ,20191206,9.7,9.7,9.61,9.63,173632,0
BBOZ,20191209,9.52,9.61,9.51,9.54,199506,0
BBOZ,20191210,9.59,9.65,9.54,9.63,178460,0
BBOZ,20191211,9.59,9.59,9.49,9.49,136086,0
BBOZ,20191212,9.54,9.65,9.52,9.63,77126,0
BBOZ,20191213,9.54,9.56,9.48,9.52,105725,0
BBOZ,20191216,9.4,9.4,9.1,9.15,536509,0
BBOZ,20191217,9.12,9.18,9.08,9.16,313292,0
BBOZ,20191218,9.14,9.21,9.11,9.15,429873,0
BBOZ,20191219,9.09,9.26,9.08,9.23,510775,0
BBOZ,20191220,9.26,9.3,9.19,9.25,208905,0
BBOZ,20191223,9.31,9.38,9.31,9.38,186388,0
BBOZ,20191224,9.41,9.41,9.37,9.38,63418,0
BBOZ,20191225,9.38,9.38,9.38,9.38,0,0
BBOZ,20191226,9.38,9.38,9.38,9.38,0,0
BBOZ,20191227,9.34,9.36,9.28,9.28,111631,0
BBOZ,20191230,9.28,9.43,9.28,9.29,344283,0
BBOZ,20191231,9.5,9.7,9.48,9.7,348244,0
BBOZ,20200101,9.7,9.7,9.7,9.7,0,0
BBOZ,20200102,9.78,9.78,9.63,9.69,219522,0
BBOZ,20200103,9.44,9.55,9.35,9.55,517852,0
BBOZ,20200106,9.55,9.55,9.55,9.55,0,0
BBOZ,20200107,9.38,9.38,9.18,9.18,396267,0
BBOZ,20200108,9.19,9.47,9.19,9.25,1000773,0
BBOZ,20200109,9.06,9.12,9,9.08,590023,0
BBOZ,20200110,8.96,8.97,8.85,8.85,794793,0
BBOZ,20200113,9.02,9.04,8.97,8.97,563159,0
BBOZ,20200114,8.89,8.89,8.76,8.77,503602,0
BBOZ,20200115,8.75,8.75,8.65,8.67,482161,0
BBOZ,20200116,8.53,8.545,8.49,8.5,594711,0
BBOZ,20200117,8.38,8.43,8.36,8.43,427118,0
BBOZ,20200120,8.39,8.41,8.36,8.39,386712,0
BBOZ,20200121,8.4,8.5,8.39,8.44,414670,0
BBOZ,20200122,8.42,8.43,8.22,8.24,726549,0
BBOZ,20200123,8.27,8.42,8.26,8.37,566088,0
BBOZ,20200124,8.33,8.36,8.28,8.36,289302,0
BBOZ,20200127,8.36,8.36,8.36,8.36,0,0
BBOZ,20200128,8.7,8.72,8.6,8.63,671582,0
BBOZ,20200129,8.52,8.57,8.48,8.52,611241,0
BBOZ,20200130,8.53,8.65,8.52,8.59,580264,0
BBOZ,20200131,8.53,8.6,8.5,8.58,195284,0
BBOZ,20200203,8.9,8.91,8.77,8.82,1371380,0
BBOZ,20200204,8.86,8.87,8.72,8.77,671528,0
BBOZ,20200205,8.59,8.73,8.59,8.68,357109,0
BBOZ,20200206,8.51,8.59,8.48,8.49,425205,0
BBOZ,20200207,8.48,8.61,8.47,8.58,327020,0
BBOZ,20200210,8.55,8.68,8.54,8.61,382106,0
BBOZ,20200211,8.5,8.5,8.42,8.48,422943,0
BBOZ,20200212,8.4,8.44,8.36,8.38,502887,0
BBOZ,20200213,8.25,8.39,8.21,8.36,688465,0
BBOZ,20200214,8.35,8.35,8.24,8.26,781857,0
BBOZ,20200217,8.28,8.33,8.26,8.27,451665,0
BBOZ,20200218,8.3,8.35,8.29,8.29,329534,0
BBOZ,20200219,8.29,8.29,8.17,8.17,716854,0
BBOZ,20200220,8.11,8.14,8.02,8.14,696598,0
BBOZ,20200221,8.15,8.2,8.14,8.18,262917,0
BBOZ,20200224,8.45,8.66,8.43,8.6,1557105,0
BBOZ,20200225,9.09,9.13,8.83,8.92,1747672,0
BBOZ,20200226,9.31,9.42,9.21,9.35,2292720,0
BBOZ,20200227,9.45,9.6,9.3,9.52,2786910,0
BBOZ,20200228,10.1,10.26,9.98,10.24,2904654,0
BBOZ,20200302,10.61,10.83,10.3,10.35,4106392,0
BBOZ,20200303,10.06,10.17,9.84,10.17,2785991,0
BBOZ,20200304,10.46,10.63,10.36,10.59,2230840,0
BBOZ,20200305,10.13,10.34,10.05,10.25,1641130,0
BBOZ,20200306,10.62,10.87,10.55,10.87,2343902,0
BBOZ,20200309,11.6,12.58,11.5,12.58,3032615,0
BBOZ,20200310,13.55,13.7,11.64,11.64,4310518,0
BBOZ,20200311,11.7,12.6,11.48,12.6,5140195,0
BBOZ,20200312,13.22,14.95,13.08,14.75,8178709,0
BBOZ,20200313,17.55,17.57,13.65,13.65,7542284,0
BBOZ,20200316,15.29,16,14.25,15.49,5611145,0
BBOZ,20200317,16.5,16.75,13.71,13.97,5235747,0
BBOZ,20200318,14.5,16.52,14.4,15.86,3476398,0
BBOZ,20200319,15.56,17.65,14.91,17.21,5193656,0
BBOZ,20200320,16.2,17.3,15.6,17.1,4129433,0
BBOZ,20200323,18.7,20.15,18.4,18.99,4897684,0
BBOZ,20200324,18.5,18.5,17.06,17.2,3595317,0
BBOZ,20200325,14.78,16.6,14.04,14.85,5343437,0
BBOZ,20200326,14.45,14.5,13.39,13.97,5921867,0
BBOZ,20200327,12.95,15.61,12.8,15.55,6603567,0
BBOZ,20200330,16.01,16.04,13.75,13.75,4776221,0
BBOZ,20200331,12.9,14.47,11.98,13.9,9689356,0
BBOZ,20200401,13.45,13.59,12.72,13,6418358,0
BBOZ,20200402,13.9,14,13.14,13.32,4784003,0
BBOZ,20200403,12.9,14.12,12.85,13.79,5125045,0
BBOZ,20200406,13.54,13.64,12.49,12.65,4834961,0
BBOZ,20200407,11.95,13.18,11.73,12.74,8051260,0
BBOZ,20200408,13.33,13.6,12.37,12.93,6701447,0
BBOZ,20200409,12.5,12.88,12.05,12.05,4179848,0
BBOZ,20200410,12.05,12.05,12.05,12.05,0,0
BBOZ,20200413,12.05,12.05,12.05,12.05,0,0
BBOZ,20200414,12.1,12.15,11.39,11.42,3728772,0
BBOZ,20200415,11.3,11.79,11.18,11.56,3509558,0
BBOZ,20200416,12.21,12.28,11.74,11.74,4004632,0
BBOZ,20200417,11.32,11.48,11.04,11.4,3626879,0
BBOZ,20200420,11.64,12.05,11.4,12.05,2597666,0
BBOZ,20200421,12.4,12.77,12.11,12.65,3597899,0
BBOZ,20200422,13.15,13.42,12.52,12.63,4628759,0
BBOZ,20200423,12.4,12.97,12.36,12.76,2367168,0
BBOZ,20200424,12.84,12.85,12.51,12.6,2388963,0
BBOZ,20200427,12.56,12.82,12.12,12.2,2861982,0
BBOZ,20200428,12.2,12.42,11.85,12.2,2612519,0
BBOZ,20200429,12.07,12.2,11.81,11.81,2318020,0
BBOZ,20200430,11.41,11.52,10.86,11.09,4269479,0
BBOZ,20200501,11.51,12.19,11.48,12.19,4330925,0
BBOZ,20200504,12.6,12.74,11.83,11.89,3700769,0
BBOZ,20200505,11.75,11.75,11.37,11.39,2542982,0
BBOZ,20200506,11.44,11.72,11.39,11.54,1824527,0
BBOZ,20200507,11.68,11.72,11.42,11.64,1519958,0
BBOZ,20200508,11.44,11.47,11.26,11.45,1420859,0
BBOZ,20200511,11.23,11.28,10.92,11.09,2468885,0
BBOZ,20200512,11.16,11.49,11.15,11.34,2028849,0
BBOZ,20200513,11.8,11.85,11.32,11.32,1941824,0
BBOZ,20200514,11.7,11.7,11.43,11.68,2053614,0
BBOZ,20200515,11.49,11.61,11.31,11.37,1495089,0
BBOZ,20200518,11.05,11.14,10.97,11.07,2623442,0
BBOZ,20200519,10.5,10.68,10.37,10.61,3708782,0
BBOZ,20200520,10.91,10.94,10.47,10.57,2210241,0
BBOZ,20200521,10.32,10.68,10.28,10.64,2613458,0
BBOZ,20200522,10.61,10.91,10.54,10.88,2087563,0
BBOZ,20200525,10.5,10.56,10.37,10.37,2776830,0
BBOZ,20200526,10.16,10.21,9.67,9.67,5047003,0
BBOZ,20200527,9.7,9.84,9.33,9.59,3696498,0
BBOZ,20200528,9.4,9.4,9.02,9.28,4579463,0
BBOZ,20200529,9.42,9.65,9.38,9.6,4144488,0
BBOZ,20200601,9.78,9.9,9.41,9.41,2330975,0
BBOZ,20200602,9.43,9.49,9.26,9.32,1861779,0
BBOZ,20200603,9.16,9.19,8.92,8.95,2584261,0
BBOZ,20200604,8.62,8.95,8.56,8.77,4007179,0
BBOZ,20200605,8.78,8.87,8.65,8.7,2401002,0
BBOZ,20200608,8.7,8.7,8.7,8.7,0,0
BBOZ,20200609,8.17,8.24,7.96,8.15,5305533,0
BBOZ,20200610,8.3,8.31,8.03,8.14,2925691,0
BBOZ,20200611,8.45,8.76,8.31,8.75,3555907,0
BBOZ,20200612,9.49,9.5,8.97,9.03,6151875,0
BBOZ,20200615,9.03,9.03,9.03,9.03,0,0
BBOZ,20200616,8.83,8.98,8.58,8.67,5115374,0
BBOZ,20200617,8.51,8.77,8.49,8.52,3008954,0
BBOZ,20200618,8.63,8.91,8.61,8.75,3165884,0
BBOZ,20200619,8.55,8.75,8.49,8.71,2770782,0
BBOZ,20200622,8.93,8.95,8.62,8.72,2220479,0
BBOZ,20200623,8.55,8.95,8.5,8.68,3142553,0
BBOZ,20200624,8.64,8.71,8.53,8.61,1612238,0
BBOZ,20200625,8.98,9.14,8.79,9.14,4501526,0
BBOZ,20200626,8.96,9.05,8.82,8.83,2918589,0
BBOZ,20200629,9.2,9.27,9.02,9.14,3915113,0
BBOZ,20200630,8.76,8.88,8.62,8.8,3652370,0
BBOZ,20200701,8.79,8.85,8.63,8.73,2557053,0
BBOZ,20200702,8.62,8.66,8.34,8.37,3900148,0
BBOZ,20200703,8.26,8.38,8.08,8.26,4569014,0
BBOZ,20200706,8.26,8.38,8.17,8.38,2418539,0
BBOZ,20200707,8.22,8.43,8.17,8.4,3546872,0
BBOZ,20200708,8.5,8.73,8.38,8.73,4770454,0
BBOZ,20200709,8.56,8.63,8.46,8.58,2762839,0
BBOZ,20200710,8.65,8.8,8.61,8.73,3029702,0
BBOZ,20200713,8.45,8.64,8.42,8.52,3040253,0
BBOZ,20200714,8.7,8.73,8.58,8.65,2418957,0
BBOZ,20200715,8.44,8.46,8.27,8.27,4069277,0
BBOZ,20200716,8.16,8.48,8.12,8.42,3252493,0
BBOZ,20200717,8.35,8.44,8.29,8.33,2585797,0
BBOZ,20200720,8.3,8.47,8.3,8.43,1858119,0
BBOZ,20200721,8.3,8.3,7.86,7.88,5241246,0
BBOZ,20200722,7.97,8.18,7.96,8.13,2281735,0
BBOZ,20200723,8.15,8.2,8.03,8.06,1674964,0
BBOZ,20200724,8.22,8.31,8.19,8.26,2455749,0
BBOZ,20200727,8.3,8.35,8.21,8.21,1483405,0
BBOZ,20200728,8.11,8.28,8,8.26,2646352,0
BBOZ,20200729,8.28,8.34,8.2,8.3,1313778,0
BBOZ,20200730,8.2,8.25,8.15,8.21,1512781,0
BBOZ,20200731,8.27,8.68,8.27,8.59,3583857,0
BBOZ,20200803,8.68,8.81,8.51,8.58,2924723,0
BBOZ,20200804,8.27,8.27,8.14,8.19,3577049,0
BBOZ,20200805,8.29,8.44,8.28,8.33,2006987,0
BBOZ,20200806,8.2,8.28,8.15,8.19,1784067,0
BBOZ,20200807,8.27,8.34,8.22,8.3,1298999,0
BBOZ,20200810,8.18,8.19,7.9,7.94,4459332,0
BBOZ,20200811,7.95,7.97,7.7,7.85,4653919,0
BBOZ,20200812,7.85,7.98,7.8,7.88,1440480,0
BBOZ,20200813,7.74,8.08,7.74,8.05,2475836,0
BBOZ,20200814,7.99,8.01,7.87,7.91,2086990,0
BBOZ,20200817,8.09,8.16,8.03,8.11,2105255,0
BBOZ,20200818,8.03,8.09,7.88,7.93,2111312,0
BBOZ,20200819,7.87,7.95,7.68,7.76,2956328,0
BBOZ,20200820,7.93,8.01,7.89,7.92,2230918,0
BBOZ,20200821,7.85,7.99,7.78,7.97,1414611,0
BBOZ,20200824,7.99,8.04,7.86,7.87,1373498,0
BBOZ,20200825,7.69,7.85,7.63,7.77,2369387,0
BBOZ,20200826,7.86,8.01,7.84,7.9,2100977,0
BBOZ,20200827,7.86,7.89,7.76,7.87,1533417,0
BBOZ,20200828,7.97,8.09,7.94,8.04,2049462,0
BBOZ,20200831,8.05,8.07,7.95,8.05,1233476,0
BBOZ,20200901,8.25,8.55,8.25,8.4,3437300,0
BBOZ,20200902,8.26,8.26,8,8.02,2161623,0
BBOZ,20200903,7.81,7.91,7.77,7.82,2969888,0
BBOZ,20200904,8.29,8.48,8.27,8.46,4108132,0
BBOZ,20200907,8.6,8.64,8.34,8.39,1935067,0
BBOZ,20200908,8.25,8.31,8.12,8.19,1559411,0
BBOZ,20200909,8.6,8.69,8.53,8.6,2303632,0
BBOZ,20200910,8.31,8.6,8.29,8.5,1740751,0
BBOZ,20200911,8.68,8.76,8.6,8.66,1696893,0
BBOZ,20200914,8.52,8.59,8.49,8.53,1147260,0
BBOZ,20200915,8.47,8.58,8.45,8.55,1098967,0
BBOZ,20200916,8.4,8.42,8.32,8.34,1467756,0
BBOZ,20200917,8.33,8.59,8.33,8.59,1605629,0
BBOZ,20200918,8.54,8.65,8.46,8.62,1182603,0
BBOZ,20200921,8.7,8.83,8.64,8.77,1229931,0
BBOZ,20200922,8.93,8.98,8.87,8.9,1760442,0
BBOZ,20200923,8.68,8.7,8.39,8.43,2519894,0
BBOZ,20200924,8.71,8.78,8.58,8.59,2448858,0
BBOZ,20200925,8.5,8.5,8.27,8.3,2308055,0
BBOZ,20200928,8.3,8.37,8.26,8.35,891543,0
BBOZ,20200929,8.23,8.4,8.19,8.34,984939,0
BBOZ,20200930,8.52,8.8,8.48,8.8,3015390,0
BBOZ,20201001,8.69,8.71,8.47,8.61,1938969,0
BBOZ,20201002,8.7,8.93,8.68,8.88,2481619,0
BBOZ,20201005,8.58,8.58,8.37,8.37,2178809,0
BBOZ,20201006,8.32,8.48,8.31,8.31,1255665,0
BBOZ,20201007,8.35,8.37,8.03,8.05,3824073,0
BBOZ,20201008,7.96,7.96,7.77,7.84,4652783,0
BBOZ,20201009,7.8,7.89,7.75,7.83,2005684,0
BBOZ,20201012,7.84,7.87,7.72,7.72,1170652,0
BBOZ,20201013,7.59,7.59,7.46,7.5,5229387,0
BBOZ,20201014,7.57,7.59,7.5,7.55,1716092,0
BBOZ,20201015,7.53,7.53,7.4,7.46,1997468,0
BBOZ,20201016,7.49,7.6,7.45,7.55,1439119,0
BBOZ,20201019,7.46,7.46,7.36,7.4,1810247,0
BBOZ,20201020,7.48,7.54,7.38,7.53,1851037,0
BBOZ,20201021,7.52,7.55,7.48,7.52,648174,0
BBOZ,20201022,7.69,7.78,7.56,7.57,1610947,0
BBOZ,20201023,7.53,7.64,7.53,7.58,866618,0
BBOZ,20201026,7.6,7.62,7.48,7.62,992391,0
BBOZ,20201027,7.75,7.96,7.75,7.9,2245107,0
BBOZ,20201028,8.02,8.03,7.85,7.88,1330594,0
BBOZ,20201029,8.15,8.23,8.07,8.16,5239185,0
BBOZ,20201030,8.13,8.28,8.1,8.28,3747871,0
BBOZ,20201102,8.15,8.33,8.14,8.18,4056309,0
BBOZ,20201103,8.1,8.12,7.73,7.79,3689017,0
BBOZ,20201104,7.8,8.07,7.69,7.82,5163156,0
BBOZ,20201105,7.71,7.76,7.55,7.58,2641169,0
BBOZ,20201106,7.44,7.5,7.36,7.42,3252630,0
BBOZ,20201109,7.3,7.32,7.07,7.08,3497678,0
BBOZ,20201110,6.75,7,6.69,6.97,3547491,0
BBOZ,20201111,6.76,6.8,6.65,6.67,2953707,0
BBOZ,20201112,6.58,6.79,6.56,6.74,2732190,0
BBOZ,20201113,6.81,6.84,6.74,6.75,2716173,0
BBOZ,20201116,6.62,6.62,6.52,6.52,517512,0
BBOZ,20201117,6.47,6.54,6.44,6.52,2208617,0
BBOZ,20201118,6.5,6.5,6.41,6.43,1330075,0
BBOZ,20201119,6.48,6.53,6.41,6.41,1994077,0
BBOZ,20201120,6.4,6.44,6.37,6.42,1503455,0
BBOZ,20201123,6.38,6.38,6.29,6.36,1337100,0
BBOZ,20201124,6.28,6.29,6.13,6.17,2836213,0
BBOZ,20201125,6.04,6.08,6.01,6.08,2734977,0
BBOZ,20201126,6.06,6.18,6.06,6.18,608216,0
BBOZ,20201127,6.24,6.3,6.2,6.28,1703928,0
BBOZ,20201130,6.2,6.45,6.17,6.45,1872968,0
BBOZ,20201201,6.43,6.48,6.23,6.3,1224075,0
BBOZ,20201202,6.22,6.37,6.22,6.29,929786,0
BBOZ,20201203,6.23,6.26,6.2,6.23,397661,0
BBOZ,20201204,6.22,6.23,6.15,6.19,553019,0
BBOZ,20201207,6.08,6.15,6,6.09,829159,0
BBOZ,20201208,6.11,6.14,6.04,6.06,571971,0
BBOZ,20201209,6,6,5.93,5.96,1029358,0
BBOZ,20201210,6.02,6.09,6,6.07,1012173,0
BBOZ,20201211,6.14,6.19,6.11,6.17,589327,0
BBOZ,20201214,6.15,6.16,6.05,6.12,865540,0
BBOZ,20201215,6.14,6.21,6.14,6.19,1411132,0
BBOZ,20201216,6.06,6.07,5.98,6.07,1481324,0
BBOZ,20201217,6.02,6.02,5.9,5.91,1306309,0
BBOZ,20201218,5.92,6.09,5.92,6.09,1423517,0
BBOZ,20201221,6.11,6.19,6.09,6.11,1025522,0
BBOZ,20201222,6.14,6.31,6.14,6.28,1823230,0
BBOZ,20201223,6.19,6.21,6.13,6.16,693270,0
BBOZ,20201224,6.05,6.11,6.04,6.11,747818,0
BBOZ,20201225,6.11,6.11,6.11,6.11,0,0
BBOZ,20201228,6.11,6.11,6.11,6.11,0,0
BBOZ,20201229,5.98,6.09,5.98,6.02,866235,0
BBOZ,20201230,6.06,6.18,6.05,6.06,453215,0
BBOZ,20201231,6.12,6.27,6.07,6.27,734844,0
BBOZ,20210101,6.27,6.27,6.27,6.27,0,0
BBOZ,20210104,6.23,6.23,6.05,6.05,1237921,0
BBOZ,20210105,6.16,6.19,6.06,6.06,1942461,0
BBOZ,20210106,6.12,6.28,6.09,6.24,1235262,0
BBOZ,20210107,6,6.05,5.93,5.98,1864348,0
BBOZ,20210108,5.92,5.98,5.89,5.89,1192618,0
BBOZ,20210111,5.89,6.04,5.88,6.03,1111757,0
BBOZ,20210112,6.02,6.05,5.94,6.05,912516,0
BBOZ,20210113,6.08,6.12,6.03,6.05,640645,0
BBOZ,20210114,6.05,6.09,5.96,5.97,774721,0
BBOZ,20210115,5.95,5.98,5.9,5.98,1396145,0
BBOZ,20210118,6.05,6.13,6.02,6.1,1257158,0
BBOZ,20210119,6.01,6.01,5.9,5.91,1001525,0
BBOZ,20210120,5.89,5.89,5.81,5.84,1320332,0
BBOZ,20210121,5.7,5.77,5.69,5.73,1364692,0
BBOZ,20210122,5.74,5.78,5.73,5.76,977487,0
BBOZ,20210125,5.75,5.75,5.7,5.72,1026471,0
BBOZ,20210126,5.72,5.72,5.72,5.72,0,0
BBOZ,20210127,5.76,5.84,5.73,5.81,971074,0
BBOZ,20210128,5.99,6.17,5.98,6.07,2130569,0
BBOZ,20210129,5.92,6.19,5.9,6.15,1599673,0
BBOZ,20210201,6.23,6.33,6.01,6.03,2890428,0
BBOZ,20210202,5.94,5.96,5.82,5.84,1950537,0
BBOZ,20210203,5.75,5.77,5.66,5.72,1948327,0
BBOZ,20210204,5.71,5.86,5.71,5.84,2051275,0
BBOZ,20210205,5.69,5.74,5.67,5.68,1680912,0
BBOZ,20210208,5.69,5.69,5.57,5.61,2138735,0
BBOZ,20210209,5.62,5.73,5.6,5.73,1147661,0
BBOZ,20210210,5.69,5.72,5.64,5.65,1125665,0
BBOZ,20210211,5.69,5.7,5.62,5.67,1006183,0
BBOZ,20210212,5.7,5.77,5.67,5.76,1135276,0
BBOZ,20210215,5.69,5.69,5.61,5.63,1198699,0
BBOZ,20210216,5.56,5.6,5.52,5.52,1517886,0
BBOZ,20210217,5.53,5.63,5.51,5.58,1829473,0
BBOZ,20210218,5.58,5.6,5.55,5.57,1375949,0
BBOZ,20210219,5.63,5.81,5.61,5.75,2521877,0
BBOZ,20210222,5.76,5.8,5.72,5.78,999424,0
BBOZ,20210223,5.78,5.8,5.65,5.65,1281424,0
BBOZ,20210224,5.7,5.8,5.67,5.78,1356091,0
BBOZ,20210225,5.67,5.69,5.6,5.65,1231459,0
BBOZ,20210226,5.84,6,5.83,5.96,4053665,0
BBOZ,20210301,5.89,5.9,5.71,5.71,2041412,0
BBOZ,20210302,5.6,5.76,5.58,5.76,1509855,0
BBOZ,20210303,5.74,5.75,5.65,5.65,1076629,0
BBOZ,20210304,5.74,5.82,5.69,5.72,1759289,0
BBOZ,20210305,5.77,5.92,5.75,5.83,1725052,0
BBOZ,20210308,5.6,5.75,5.57,5.74,1730355,0
BBOZ,20210309,5.64,5.73,5.61,5.68,1119397,0
BBOZ,20210310,5.63,5.79,5.61,5.79,872457,0
BBOZ,20210311,5.71,5.93,5.71,5.79,915493,0
BBOZ,20210312,5.72,5.74,5.66,5.69,1053417,0
BBOZ,20210315,5.7,5.77,5.64,5.69,1591959,0
BBOZ,20210316,5.63,5.67,5.51,5.57,2335893,0
BBOZ,20210317,5.61,5.7,5.59,5.64,1314248,0
BBOZ,20210318,5.65,5.74,5.62,5.74,907447,0
BBOZ,20210319,5.82,5.88,5.75,5.8,1107298,0
BBOZ,20210322,5.84,5.84,5.69,5.72,770370,0
BBOZ,20210323,5.72,5.74,5.66,5.74,722133,0
BBOZ,20210324,5.73,5.76,5.63,5.65,1089322,0
BBOZ,20210325,5.69,5.69,5.62,5.65,848101,0
BBOZ,20210326,5.61,5.61,5.55,5.57,1033451,0
BBOZ,20210329,5.5,5.63,5.5,5.62,677665,0
BBOZ,20210330,5.56,5.75,5.55,5.74,1311759,0
BBOZ,20210331,5.65,5.67,5.5,5.64,3057251,0
BBOZ,20210401,5.6,5.66,5.56,5.56,1353199,0
BBOZ,20210402,5.56,5.56,5.56,5.56,0,0
BBOZ,20210405,5.56,5.56,5.56,5.56,0,0
BBOZ,20210406,5.39,5.48,5.37,5.45,1473998,0
BBOZ,20210407,5.42,5.44,5.36,5.37,1488126,0
BBOZ,20210408,5.28,5.29,5.2,5.23,2276048,0
BBOZ,20210409,5.25,5.3,5.23,5.23,1098609,0
BBOZ,20210412,5.25,5.31,5.24,5.27,812380,0
BBOZ,20210413,5.26,5.3,5.23,5.28,520206,0
BBOZ,20210414,5.24,5.27,5.18,5.18,1470914,0
BBOZ,20210415,5.23,5.26,5.09,5.11,1910444,0
BBOZ,20210416,5.07,5.18,5.07,5.1,1217821,0
BBOZ,20210419,5.07,5.1,5.04,5.1,1633464,0
BBOZ,20210420,5.14,5.19,5.13,5.18,1281401,0
BBOZ,20210421,5.3,5.37,5.21,5.21,1889047,0
BBOZ,20210422,5.17,5.22,5.11,5.11,1202372,0
BBOZ,20210423,5.15,5.16,5.1,5.1,649455,0
BBOZ,20210426,5.09,5.13,5.09,5.13,421958,0
BBOZ,20210427,5.11,5.19,5.11,5.16,319089,0
BBOZ,20210428,5.15,5.15,5.08,5.09,474562,0
BBOZ,20210429,5.06,5.09,5.04,5.07,758823,0
BBOZ,20210430,5.11,5.18,5.11,5.15,696526,0
BBOZ,20210503,5.15,5.17,5.1,5.15,881385,0
BBOZ,20210504,5.12,5.14,5.09,5.09,792132,0
BBOZ,20210505,5.12,5.13,5,5.04,1610999,0
BBOZ,20210506,5.01,5.13,5,5.1,1515325,0
BBOZ,20210507,5.08,5.12,5.04,5.06,1067630,0
BBOZ,20210510,5.04,5.04,4.9,4.9,1579538,0
BBOZ,20210511,4.96,5.07,4.95,5.03,1325980,0
BBOZ,20210512,5.08,5.19,5.04,5.12,1921856,0
BBOZ,20210513,5.16,5.22,5.12,5.19,1823704,0
BBOZ,20210514,5.09,5.14,5.07,5.14,1659382,0
BBOZ,20210517,5.08,5.12,5.05,5.11,765632,0
BBOZ,20210518,5.08,5.08,5.02,5.04,1149500,0
BBOZ,20210519,5.2,5.3,5.18,5.27,2741204,0
BBOZ,20210520,5.29,5.29,5.11,5.12,1555686,0
BBOZ,20210521,5.06,5.15,5.05,5.12,589585,0
BBOZ,20210524,5.12,5.12,5.05,5.08,906351,0
BBOZ,20210525,5.04,5.04,4.97,4.97,1588847,0
BBOZ,20210526,4.99,5,4.92,5,2199019,0
BBOZ,20210527,4.99,5.02,4.96,4.99,975439,0
BBOZ,20210528,4.9,4.9,4.84,4.85,2579018,0
BBOZ,20210531,4.82,4.89,4.8,4.88,1563198,0
BBOZ,20210601,4.89,4.96,4.88,4.91,1557813,0
BBOZ,20210602,4.88,4.9,4.79,4.8,1451327,0
BBOZ,20210603,4.77,4.77,4.68,4.72,2852175,0
BBOZ,20210604,4.74,4.74,4.65,4.66,2022325,0
BBOZ,20210607,4.63,4.7,4.63,4.68,1649873,0
BBOZ,20210608,4.67,4.7,4.62,4.66,914041,0
BBOZ,20210609,4.64,4.69,4.59,4.69,1672284,0
BBOZ,20210610,4.7,4.7,4.62,4.64,1337719,0
BBOZ,20210611,4.63,4.69,4.59,4.62,1325040,0
BBOZ,20210614,4.62,4.62,4.62,4.62,0,0
BBOZ,20210615,4.57,4.57,4.48,4.51,3375525,0
BBOZ,20210616,4.52,4.52,4.47,4.5,2075904,0
BBOZ,20210617,4.52,4.57,4.51,4.54,1503301,0
BBOZ,20210618,4.51,4.53,4.48,4.52,1905154,0
BBOZ,20210621,4.67,4.75,4.66,4.71,3044733,0
BBOZ,20210622,4.59,4.6,4.53,4.56,1507555,0
BBOZ,20210623,4.57,4.63,4.57,4.63,1042717,0
BBOZ,20210624,4.67,4.69,4.63,4.67,741945,0
BBOZ,20210625,4.58,4.63,4.56,4.61,617501,0
BBOZ,20210628,4.6,4.66,4.6,4.61,1036965,0
BBOZ,20210629,4.65,4.69,4.6,4.6,1556851,0
BBOZ,20210630,4.53,4.59,4.5,4.59,2077879,0
BBOZ,20210701,4.58,4.61,4.58,4.61,177946,0
