CBAPF,20170403,102,102,101.2,101.4,129853,0
CBAPF,20170404,101.4,101.499,101.39,101.4,54744,0
CBAPF,20170405,101.479,101.5,101.41,101.41,53660,0
CBAPF,20170406,101.45,101.495,101.39,101.39,66312,0
CBAPF,20170407,101.39,101.499,101.38,101.42,31717,0
CBAPF,20170410,101.44,101.49,101.35,101.35,26496,0
CBAPF,20170411,101.35,101.45,101.31,101.41,18201,0
CBAPF,20170412,101.41,101.499,101.35,101.47,19571,0
CBAPF,20170413,101.49,101.5,101.4,101.46,20024,0
CBAPF,20170414,101.46,101.46,101.46,101.46,0,0
CBAPF,20170417,101.46,101.46,101.46,101.46,0,0
CBAPF,20170418,101.46,101.6,101.46,101.6,38937,0
CBAPF,20170419,101.6,101.76,101.6,101.76,15740,0
CBAPF,20170420,101.62,101.78,101.6,101.65,18424,0
CBAPF,20170421,101.65,101.73,101.5,101.7,12859,0
CBAPF,20170424,101.75,101.8,101.75,101.77,7197,0
CBAPF,20170425,101.77,101.77,101.77,101.77,0,0
CBAPF,20170426,101.75,101.79,101.7,101.75,8316,0
CBAPF,20170427,101.75,102.02,101.71,102,28937,0
CBAPF,20170428,101.81,102.05,101.8,101.82,20959,0
CBAPF,20170501,101.81,102.1,101.8,101.81,15571,0
CBAPF,20170502,101.9,101.9,101.7,101.7,16537,0
CBAPF,20170503,101.85,102.1,101.7,102.1,21598,0
CBAPF,20170504,102.1,102.7,102,102.7,10541,0
CBAPF,20170505,102.75,102.8,102.15,102.5,7972,0
CBAPF,20170508,102.699,102.75,102.35,102.5,16872,0
CBAPF,20170509,102.63,102.73,102.35,102.35,17920,0
CBAPF,20170510,102.42,102.44,101.89,101.91,16779,0
CBAPF,20170511,102.1,102.57,102.002,102.57,9107,0
CBAPF,20170512,102.5,102.5,102.3,102.5,2112,0
CBAPF,20170515,102.5,102.54,102.211,102.41,4690,0
CBAPF,20170516,102.45,102.6,102.42,102.6,7890,0
CBAPF,20170517,102.31,102.69,102.3,102.53,4081,0
CBAPF,20170518,102.38,102.68,102.15,102.6,20605,0
CBAPF,20170519,102.6,102.75,102.56,102.65,6981,0
CBAPF,20170522,102.61,102.75,102.46,102.5,22296,0
CBAPF,20170523,102.6,102.75,102.6,102.75,34399,0
CBAPF,20170524,102.6,102.74,102.41,102.6,21227,0
CBAPF,20170525,102.5,102.55,102.4,102.45,26661,0
CBAPF,20170526,102.45,102.5,102.41,102.5,23164,0
CBAPF,20170529,102.42,102.6,102.4,102.4,15586,0
CBAPF,20170530,102.5,102.58,102.43,102.43,15252,0
CBAPF,20170531,102.5,102.7,102.4,102.7,23077,0
CBAPF,20170601,102.5,102.6,102.35,102.6,11496,0
CBAPF,20170602,102.56,102.7,102.36,102.37,10046,0
CBAPF,20170605,102.41,102.6,102.2,102.44,8276,0
CBAPF,20170606,101.15,101.5,101.05,101.25,21732,0
CBAPF,20170607,101.35,101.49,101.2,101.3,14520,0
CBAPF,20170608,101.3,101.4,100.95,101.2,34569,0
CBAPF,20170609,101,101.2,100.64,101.2,11440,0
CBAPF,20170612,101.2,101.2,101.2,101.2,0,0
CBAPF,20170613,101.2,101.2,100.66,101.04,13441,0
CBAPF,20170614,101,101.04,100.75,100.75,11884,0
CBAPF,20170615,100.75,100.75,100.13,100.55,23432,0
CBAPF,20170616,100.65,100.7,100.4,100.56,20327,0
CBAPF,20170619,100.75,100.9,100.42,100.9,23141,0
CBAPF,20170620,100.9,100.99,100.62,100.91,15287,0
CBAPF,20170621,100.95,101.4,100.72,101,23389,0
CBAPF,20170622,101,101.45,100.8,100.89,24511,0
CBAPF,20170623,100.83,101.4,100.75,100.91,20915,0
CBAPF,20170626,101.001,101.45,101,101.04,17711,0
CBAPF,20170627,101.02,101.479,101.02,101.15,25081,0
CBAPF,20170628,101.348,101.35,101.04,101.35,23018,0
CBAPF,20170629,101.35,101.69,101.162,101.3,27757,0
CBAPF,20170630,101.301,101.49,101.26,101.44,27590,0
CBAPF,20170703,101.46,101.96,101.41,101.7,20663,0
CBAPF,20170704,101.75,101.85,101.63,101.85,34954,0
CBAPF,20170705,101.85,102.5,101.847,102.4,17297,0
CBAPF,20170706,102.49,102.68,102.182,102.5,14166,0
CBAPF,20170707,102.51,102.8,102.5,102.8,14332,0
CBAPF,20170710,102.8,102.9,102.6,102.85,14950,0
CBAPF,20170711,102.75,103.4,102.75,103,20561,0
CBAPF,20170712,103.2,103.7,103.2,103.5,15280,0
CBAPF,20170713,103.6,103.6,103.33,103.43,7560,0
CBAPF,20170714,103.5,103.5,103.3,103.49,10681,0
CBAPF,20170717,103.49,103.5,103.15,103.16,7889,0
CBAPF,20170718,103.35,103.48,102.88,102.88,15239,0
CBAPF,20170719,102.75,102.75,102.5,102.52,10121,0
CBAPF,20170720,102.601,103.2,102.6,102.901,9178,0
CBAPF,20170721,102.999,103.2,102.8,103,13199,0
CBAPF,20170724,103,103.15,102.85,103,15655,0
CBAPF,20170725,103,103,102.311,102.6,13733,0
CBAPF,20170726,102.35,102.65,102.35,102.497,9599,0
CBAPF,20170727,102.498,103.19,102.4,103.15,7760,0
CBAPF,20170728,103,103,102.651,102.8,12574,0
CBAPF,20170731,102.651,102.95,102.56,102.9,14793,0
CBAPF,20170801,102.94,103,102.51,102.55,12627,0
CBAPF,20170802,102.6,102.61,102.33,102.5,11949,0
CBAPF,20170803,102.51,102.59,102.38,102.57,8325,0
CBAPF,20170804,102.57,102.57,101.861,101.97,47039,0
CBAPF,20170807,102.3,102.348,101.971,102.15,14690,0
CBAPF,20170808,102,102.2,101.94,102.2,57467,0
CBAPF,20170809,102.255,102.5,102.2,102.35,11272,0
CBAPF,20170810,102.3,102.35,102.07,102.07,11846,0
CBAPF,20170811,102.07,102.33,101.9,101.9,11624,0
CBAPF,20170814,101.95,102.25,101.66,101.75,9169,0
CBAPF,20170815,101.75,101.929,101.55,101.85,9310,0
CBAPF,20170816,101.8,101.85,101.45,101.85,18281,0
CBAPF,20170817,101.87,102.31,101.87,102.29,15420,0
CBAPF,20170818,102.27,102.32,101.94,102.01,6245,0
CBAPF,20170821,102.05,102.2,102,102.05,15860,0
CBAPF,20170822,102.02,102.2,101.98,102.14,8758,0
CBAPF,20170823,102.14,102.27,101.96,102.02,11204,0
CBAPF,20170824,102.26,102.35,102.1,102.1,7345,0
CBAPF,20170825,102.2,102.25,102.02,102.06,31788,0
CBAPF,20170828,102.15,102.3,102.11,102.15,26201,0
CBAPF,20170829,102.14,102.25,102.14,102.15,24952,0
CBAPF,20170830,102.17,102.25,102.05,102.25,13574,0
CBAPF,20170831,102.055,102.3,102.055,102.25,11762,0
CBAPF,20170901,102.3,102.3,102.09,102.17,20682,0
CBAPF,20170904,102.121,102.31,102.04,102.051,49969,0
CBAPF,20170905,102.1,102.898,102.1,102.5,32247,0
CBAPF,20170906,101.35,101.5,101.25,101.5,25881,0
CBAPF,20170907,101.45,101.999,101.3,101.999,18016,0
CBAPF,20170908,102,102.098,101.8,102.098,9418,0
CBAPF,20170911,102,102,101.5,101.7,11995,0
CBAPF,20170912,101.849,101.849,101.622,101.799,22632,0
CBAPF,20170913,101.701,101.95,101.62,101.949,14744,0
CBAPF,20170914,101.9,101.999,101.75,101.87,7452,0
CBAPF,20170915,102,102.2,101.9,102,28101,0
CBAPF,20170918,102,102.2,102,102.001,17702,0
CBAPF,20170919,102.2,102.59,102.2,102.59,10468,0
CBAPF,20170920,102.4,102.9,102.4,102.65,8046,0
CBAPF,20170921,102.76,102.85,102.262,102.85,18617,0
CBAPF,20170922,102.416,102.461,102.07,102.4,13099,0
CBAPF,20170925,102.15,102.5,102.13,102.5,9066,0
CBAPF,20170926,102.25,102.42,102.15,102.25,7595,0
CBAPF,20170927,102.2,102.5,102.13,102.5,13648,0
CBAPF,20170928,102.47,102.59,102.36,102.38,9645,0
CBAPF,20170929,102.385,102.85,102.385,102.85,5798,0
CBAPF,20171002,102.8,102.8,102.41,102.42,2838,0
CBAPF,20171003,102.47,102.69,102.41,102.46,8453,0
CBAPF,20171004,102.58,102.7,102.531,102.699,7243,0
CBAPF,20171005,102.59,102.7,102.59,102.6,11139,0
CBAPF,20171006,102.611,102.85,102.611,102.791,10594,0
CBAPF,20171009,102.791,102.791,102.791,102.791,0,0
CBAPF,20171010,102.791,102.791,102.791,102.791,0,0
CBAPF,20171011,103,103.16,102.9,103,18370,0
CBAPF,20171012,103,103.129,102.76,103.08,8611,0
CBAPF,20171013,102.9,103.325,102.9,103.2,13508,0
CBAPF,20171016,103.2,103.2,103.2,103.2,0,0
CBAPF,20171017,103.199,103.219,102.82,103.14,8796,0
CBAPF,20171018,102.911,103.315,102.911,103.2,2945,0
CBAPF,20171019,103.2,103.315,103.1,103.25,5862,0
CBAPF,20171020,103.31,103.31,103.03,103.1,6032,0
CBAPF,20171023,103.1,103.31,103.05,103.31,9850,0
CBAPF,20171024,103.31,103.49,103.12,103.313,9869,0
CBAPF,20171025,103.1,103.4,103.1,103.11,2569,0
CBAPF,20171026,103.2,103.48,103.15,103.38,11721,0
CBAPF,20171027,103.38,103.38,102.95,103,8794,0
CBAPF,20171030,103,103.39,103,103.27,6696,0
CBAPF,20171031,103.15,103.35,103.1,103.2,6723,0
CBAPF,20171101,103.2,103.49,103.15,103.25,15311,0
CBAPF,20171102,103.23,103.48,103.202,103.291,6673,0
CBAPF,20171103,103.351,103.4,103.235,103.31,15668,0
CBAPF,20171106,103.251,103.44,103.251,103.3,8129,0
CBAPF,20171107,103.44,103.5,103.3,103.5,8741,0
CBAPF,20171108,103.5,103.55,103.33,103.49,8717,0
CBAPF,20171109,103.4,103.549,103.4,103.549,5931,0
CBAPF,20171110,103.5,103.7,103.41,103.65,8304,0
CBAPF,20171113,103.65,103.999,103.65,103.85,16876,0
CBAPF,20171114,103.73,103.85,103.6,103.65,15325,0
CBAPF,20171115,103.511,103.8,103.45,103.8,6831,0
CBAPF,20171116,103.55,103.999,103.53,103.89,7392,0
CBAPF,20171117,103.85,103.85,103.54,103.84,8537,0
CBAPF,20171120,103.8,103.8,103.55,103.65,4866,0
CBAPF,20171121,103.602,103.78,103.5,103.5,7062,0
CBAPF,20171122,103.5,103.68,103.47,103.68,7222,0
CBAPF,20171123,103.6,103.745,103.45,103.45,3386,0
CBAPF,20171124,103.45,103.65,103.4,103.4,5088,0
CBAPF,20171127,103.401,103.6,103.401,103.401,9631,0
CBAPF,20171128,103.401,103.589,103.401,103.539,3949,0
CBAPF,20171129,103.489,103.67,103.43,103.56,4984,0
CBAPF,20171130,103.5,103.6,103.45,103.521,7940,0
CBAPF,20171201,103.405,103.9,103.405,103.9,5842,0
CBAPF,20171204,103.8,103.89,103.601,103.65,6120,0
CBAPF,20171205,103.65,103.89,103.511,103.83,13554,0
CBAPF,20171206,102.599,102.98,102.599,102.97,24864,0
CBAPF,20171207,102.96,102.97,102.8,102.97,7845,0
CBAPF,20171208,103,103.16,103,103.133,10805,0
CBAPF,20171211,102.85,103.144,102.52,102.581,7811,0
CBAPF,20171212,102.55,103.145,102.55,102.649,6284,0
CBAPF,20171213,102.55,102.9,102.55,102.9,21342,0
CBAPF,20171214,103,103.1,102.7,102.8,11495,0
CBAPF,20171215,102.4,102.94,102.4,102.5,23250,0
CBAPF,20171218,102.9,102.9,102.55,102.66,9352,0
CBAPF,20171219,102.66,103.05,102.59,103,7415,0
CBAPF,20171220,103,103.089,102.8,102.85,12424,0
CBAPF,20171221,103.065,103.2,103.01,103.2,8561,0
CBAPF,20171222,103.001,103.38,103.001,103.38,6689,0
CBAPF,20171225,103.38,103.38,103.38,103.38,0,0
CBAPF,20171226,103.38,103.38,103.38,103.38,0,0
CBAPF,20171227,103.4,103.45,103.15,103.3,3870,0
CBAPF,20171228,103.35,103.4,103.22,103.4,764,0
CBAPF,20171229,103.397,103.397,103.15,103.28,11336,0
CBAPF,20180101,103.28,103.28,103.28,103.28,0,0
CBAPF,20180102,103.222,103.449,103.22,103.399,5425,0
CBAPF,20180103,103.322,103.5,103.32,103.5,7831,0
CBAPF,20180104,103.5,103.6,103.4,103.6,1489,0
CBAPF,20180105,103.65,103.65,103.4,103.6,5552,0
CBAPF,20180108,103.431,103.599,103.431,103.52,4259,0
CBAPF,20180109,103.52,103.699,103.5,103.5,5824,0
CBAPF,20180110,103.5,103.7,103.46,103.66,3390,0
CBAPF,20180111,103.62,103.8,103.58,103.8,7065,0
CBAPF,20180112,103.695,103.695,103.5,103.5,5784,0
CBAPF,20180115,103.55,103.7,103.5,103.55,10460,0
CBAPF,20180116,103.5,103.95,103.48,103.783,9508,0
CBAPF,20180117,103.83,104.485,103.83,104.01,6419,0
CBAPF,20180118,104.14,104.19,103.8,104.09,9274,0
CBAPF,20180119,104.05,104.05,103.711,103.711,5892,0
CBAPF,20180122,103.7,103.99,103.6,103.99,3285,0
CBAPF,20180123,103.99,104.05,103.7,103.8,7710,0
CBAPF,20180124,103.8,104.37,103.8,104.369,5474,0
CBAPF,20180125,104.18,104.39,104.16,104.25,7383,0
CBAPF,20180126,104.25,104.25,104.25,104.25,0,0
CBAPF,20180129,104.25,104.38,104.15,104.15,5051,0
CBAPF,20180130,104.15,104.24,103.9,103.9,5952,0
CBAPF,20180131,103.86,104,103.85,103.86,3142,0
CBAPF,20180201,103.86,104.1,103.86,104.1,5657,0
CBAPF,20180202,103.95,104.05,103.8,103.91,10397,0
CBAPF,20180205,103.9,103.9,103.25,103.3,21082,0
CBAPF,20180206,103.051,103.85,102.95,103,16585,0
CBAPF,20180207,103.15,103.31,103,103.31,10056,0
CBAPF,20180208,103.31,103.5,103.3,103.5,10106,0
CBAPF,20180209,103.47,103.63,103.18,103.2,7410,0
CBAPF,20180212,103.2,103.2,102.872,102.95,8796,0
CBAPF,20180213,102.95,103.2,102.95,103.16,10456,0
CBAPF,20180214,103.21,103.26,102.95,102.95,9739,0
CBAPF,20180215,102.95,103.3,102.88,103,9279,0
CBAPF,20180216,103.18,103.2,102.761,102.82,21564,0
CBAPF,20180219,102.7,103.24,102.7,103.09,9058,0
CBAPF,20180220,103.08,103.23,102.91,103.22,13953,0
CBAPF,20180221,103.18,103.22,103.01,103.2,8506,0
CBAPF,20180222,103.22,103.29,103.13,103.26,6501,0
CBAPF,20180223,103.05,103.2,102.96,103.2,9985,0
CBAPF,20180226,103,103.2,103,103.1,5140,0
CBAPF,20180227,103.1,103.3,103.001,103.25,10103,0
CBAPF,20180228,103.25,103.55,103.25,103.55,7513,0
CBAPF,20180301,103.64,103.8,103.35,103.68,9552,0
CBAPF,20180302,103.302,103.82,103.302,103.69,9400,0
CBAPF,20180305,103.5,103.5,103.05,103.48,28511,0
CBAPF,20180306,102.368,102.368,101.75,102,16448,0
CBAPF,20180307,102,102.18,101.6,101.8,9961,0
CBAPF,20180308,101.85,101.899,101.5,101.54,12529,0
CBAPF,20180309,101.55,101.563,101.25,101.5,18693,0
CBAPF,20180312,101.55,101.8,101.55,101.56,18697,0
CBAPF,20180313,101.6,101.6,101.242,101.35,18125,0
CBAPF,20180314,101.36,101.36,100.4,100.85,21207,0
CBAPF,20180315,100.55,100.88,100.22,100.7,18935,0
CBAPF,20180316,100.81,100.94,100.71,100.94,12607,0
CBAPF,20180319,100.94,100.99,100.8,100.82,15098,0
CBAPF,20180320,101,101,100.75,100.9,15077,0
CBAPF,20180321,101,101,100.7,100.7,11102,0
CBAPF,20180322,100.95,100.95,100.65,100.65,11314,0
CBAPF,20180323,100.55,100.845,100.46,100.5,14247,0
CBAPF,20180326,100.55,100.55,99.94,99.94,28560,0
CBAPF,20180327,99.96,100.7,99.95,100.7,23836,0
CBAPF,20180328,100.111,100.599,100.07,100.251,26050,0
CBAPF,20180329,100.45,100.895,100.25,100.895,17285,0
CBAPF,20180330,100.895,100.895,100.895,100.895,0,0
CBAPF,20180402,100.895,100.895,100.895,100.895,0,0
CBAPF,20180403,100.65,100.78,100.3,100.65,15895,0
CBAPF,20180404,100.65,100.8,100.5,100.61,12316,0
CBAPF,20180405,100.65,100.75,100.5,100.55,12460,0
CBAPF,20180406,100.6,100.7,100.4,100.6,9414,0
CBAPF,20180409,100.54,100.9,100.5,100.75,11516,0
CBAPF,20180410,100.71,101.119,100.71,100.99,11349,0
CBAPF,20180411,101.1,101.43,100.95,101.43,16519,0
CBAPF,20180412,101.16,101.42,101.16,101.21,12863,0
CBAPF,20180413,101.5,101.6,101.2,101.3,8079,0
CBAPF,20180416,101.3,101.62,101.25,101.62,8776,0
CBAPF,20180417,101.6,101.69,101.352,101.43,9362,0
CBAPF,20180418,101.34,101.66,101.34,101.4,6887,0
CBAPF,20180419,101.6,101.6,101.35,101.49,10158,0
CBAPF,20180420,101.51,101.68,101.4,101.68,4726,0
CBAPF,20180423,101.5,101.65,101.38,101.58,7948,0
CBAPF,20180424,101.5,102,101.5,102,24387,0
CBAPF,20180425,102,102,102,102,0,0
CBAPF,20180426,101.6,102,101.55,102,5722,0
CBAPF,20180427,101.8,101.81,101.25,101.73,7688,0
CBAPF,20180430,101.75,101.75,101.45,101.68,5739,0
CBAPF,20180501,101.6,101.98,101.501,101.98,9819,0
CBAPF,20180502,101.56,101.75,101.501,101.75,12085,0
CBAPF,20180503,101.502,101.85,101.502,101.63,4230,0
CBAPF,20180504,101.612,101.75,101.26,101.28,15091,0
CBAPF,20180507,101.4,101.83,101.3,101.83,2794,0
CBAPF,20180508,101.79,101.79,101.26,101.26,10519,0
CBAPF,20180509,101.26,101.45,101.2,101.25,11228,0
CBAPF,20180510,101.45,101.45,101.151,101.17,11333,0
CBAPF,20180511,101.17,101.3,101.161,101.24,5052,0
CBAPF,20180514,101.25,101.5,101.25,101.44,11648,0
CBAPF,20180515,101.45,101.75,101.261,101.3,12791,0
CBAPF,20180516,101.351,101.507,101.15,101.45,14447,0
CBAPF,20180517,101.3,101.69,101.3,101.55,5190,0
CBAPF,20180518,101.55,101.82,101.55,101.58,2818,0
CBAPF,20180521,101.35,101.85,101.32,101.42,6698,0
CBAPF,20180522,101.42,101.65,100.72,100.999,22069,0
CBAPF,20180523,100.81,101.15,100.7,100.78,11134,0
CBAPF,20180524,100.781,100.95,100.76,100.78,8383,0
CBAPF,20180525,100.9,101.765,100.78,101.765,9618,0
CBAPF,20180528,101.101,101.12,100.82,101.069,9151,0
CBAPF,20180529,100.95,101.07,100.81,100.93,11075,0
CBAPF,20180530,100.83,101,100.82,100.95,10141,0
CBAPF,20180531,101.1,101.548,101,101.21,11217,0
CBAPF,20180601,101.3,101.3,100.95,101.21,7795,0
CBAPF,20180604,101.36,101.36,100.822,100.91,15231,0
CBAPF,20180605,101.149,101.3,101.12,101.279,8801,0
CBAPF,20180606,100,100.4,99.9,100.38,13667,0
CBAPF,20180607,100.25,100.5,100.1,100.13,9528,0
CBAPF,20180608,100.15,100.49,100.15,100.2,12487,0
CBAPF,20180611,100.2,100.2,100.2,100.2,0,0
CBAPF,20180612,100.25,100.31,100.18,100.202,11117,0
CBAPF,20180613,100.21,100.55,100.21,100.55,13283,0
CBAPF,20180614,100.5,100.979,100.5,100.979,14995,0
CBAPF,20180615,100.98,101.25,100.93,101.238,14626,0
CBAPF,20180618,100.93,101.3,100.82,101,9791,0
CBAPF,20180619,101,101.05,100.85,100.89,11194,0
CBAPF,20180620,101.03,101.25,100.94,101.03,14727,0
CBAPF,20180621,101.2,101.4,101,101,69060,0
CBAPF,20180622,101.279,101.279,101,101.02,8712,0
CBAPF,20180625,101.001,101.2,101,101.002,10298,0
CBAPF,20180626,101.01,101.5,101,101.5,15163,0
CBAPF,20180627,101.28,101.28,101,101,16107,0
CBAPF,20180628,101.015,101.45,101.015,101.45,7442,0
CBAPF,20180629,101.38,101.47,101.1,101.47,5581,0
CBAPF,20180702,101.4,101.69,101.4,101.69,8485,0
CBAPF,20180703,101.5,101.8,101.455,101.7,12636,0
CBAPF,20180704,101.79,101.799,101.6,101.748,7985,0
CBAPF,20180705,101.75,101.799,101.501,101.7,11176,0
CBAPF,20180706,101.75,102,101.55,102,10457,0
CBAPF,20180709,102.05,102.678,102.05,102.6,20303,0
CBAPF,20180710,102.5,102.748,102.5,102.66,11008,0
CBAPF,20180711,102.65,102.948,102.65,102.66,8696,0
CBAPF,20180712,102.68,102.68,102.013,102.6,12193,0
CBAPF,20180713,102.6,102.698,102.3,102.69,7623,0
CBAPF,20180716,102.5,102.71,102.405,102.5,7187,0
CBAPF,20180717,102.401,102.6,102.301,102.31,7436,0
CBAPF,20180718,102.46,102.5,102.15,102.22,5935,0
CBAPF,20180719,102.399,102.45,102.15,102.4,5549,0
CBAPF,20180720,102.45,102.5,102.4,102.41,9581,0
CBAPF,20180723,102.45,102.6,102.3,102.5,9301,0
CBAPF,20180724,102.41,102.65,102.41,102.647,5819,0
CBAPF,20180725,102.645,102.9,102.43,102.82,7996,0
CBAPF,20180726,102.75,102.82,102.56,102.67,6485,0
CBAPF,20180727,102.71,102.96,102.66,102.751,4514,0
CBAPF,20180730,102.75,102.76,102.58,102.76,18003,0
CBAPF,20180731,102.7,102.9,102.7,102.8,2602,0
CBAPF,20180801,102.8,103.19,102.8,102.95,8212,0
CBAPF,20180802,102.95,103.36,102.95,103.36,5963,0
CBAPF,20180803,103.3,103.39,102.86,102.86,9797,0
CBAPF,20180806,103,103.2,102.9,102.9,6280,0
CBAPF,20180807,102.91,103.48,102.91,102.94,5587,0
CBAPF,20180808,102.94,103.349,102.94,103.03,6554,0
CBAPF,20180809,103.041,103.15,102.99,102.99,9851,0
CBAPF,20180810,102.99,103.35,102.85,103.01,22318,0
CBAPF,20180813,102.85,103.3,102.85,103.01,8713,0
CBAPF,20180814,102.806,103,102.806,103,17131,0
CBAPF,20180815,102.95,103.49,102.9,103.48,14191,0
CBAPF,20180816,103.4,103.5,103.4,103.5,4598,0
CBAPF,20180817,103.4,103.64,103.4,103.6,4471,0
CBAPF,20180820,103.55,103.79,103.5,103.79,5851,0
CBAPF,20180821,103.67,103.75,103.4,103.4,8633,0
CBAPF,20180822,103.43,103.68,103.41,103.515,4781,0
CBAPF,20180823,103.5,103.8,103.5,103.6,7111,0
CBAPF,20180824,103.65,103.938,103.6,103.938,7118,0
CBAPF,20180827,103.66,103.85,103.53,103.57,10314,0
CBAPF,20180828,103.6,103.86,103.6,103.66,7210,0
CBAPF,20180829,103.72,103.86,103.65,103.84,7242,0
CBAPF,20180830,103.9,103.95,103.61,103.95,12064,0
CBAPF,20180831,103.95,104.04,103.68,103.9,4232,0
CBAPF,20180903,103.91,104.04,103.602,103.9,6485,0
CBAPF,20180904,103.8,103.98,103.602,103.98,8764,0
CBAPF,20180905,103.98,104,103.6,103.6,10047,0
CBAPF,20180906,102.85,102.9,102.2,102.35,8655,0
CBAPF,20180907,102.35,102.35,101.9,102.05,18507,0
CBAPF,20180910,102,102.05,101.71,101.9,7594,0
CBAPF,20180911,101.85,102,101.74,102,8327,0
CBAPF,20180912,101.75,102,101.74,101.74,4345,0
CBAPF,20180913,101.74,102.38,101.73,102.38,5545,0
CBAPF,20180914,102.25,102.25,101.93,102.1,15342,0
CBAPF,20180917,102,102.2,101.93,101.95,19282,0
CBAPF,20180918,101.95,102.079,101.91,102,15917,0
CBAPF,20180919,101.93,102,101.85,101.85,15832,0
CBAPF,20180920,101.92,101.93,101.75,101.87,17167,0
CBAPF,20180921,101.85,101.9,101.6,101.9,20842,0
CBAPF,20180924,101.95,101.95,101.73,101.74,19369,0
CBAPF,20180925,101.83,101.92,101.79,101.9,24783,0
CBAPF,20180926,101.85,102.02,101.82,101.949,17390,0
CBAPF,20180927,101.9,102.02,101.851,101.9,16101,0
CBAPF,20180928,101.999,102.45,101.85,102,10945,0
CBAPF,20181001,102.1,102.46,102.1,102.45,2840,0
CBAPF,20181002,102.15,102.498,102.15,102.231,2399,0
CBAPF,20181003,102.23,102.48,102.23,102.48,7716,0
CBAPF,20181004,102.49,102.5,102.24,102.24,16865,0
CBAPF,20181005,102.24,102.65,102.24,102.505,6262,0
CBAPF,20181008,102.75,102.75,102.5,102.75,6143,0
CBAPF,20181009,102.95,103.05,102.75,103,7521,0
CBAPF,20181010,103.12,103.3,102.9,103.2,5931,0
CBAPF,20181011,103,103,102.2,102.2,22830,0
CBAPF,20181012,102,102.3,101.74,101.912,42477,0
CBAPF,20181015,102.1,102.35,102,102.18,6729,0
CBAPF,20181016,102.07,102.6,102.04,102.201,6775,0
CBAPF,20181017,102.2,102.39,102.2,102.3,10271,0
CBAPF,20181018,102.201,102.65,102.201,102.45,13558,0
CBAPF,20181019,102.261,102.35,102.052,102.35,10869,0
CBAPF,20181022,102.3,102.3,102.01,102.22,12014,0
CBAPF,20181023,102.22,102.74,102.14,102.21,7600,0
CBAPF,20181024,102.23,102.649,102.22,102.3,8475,0
CBAPF,20181025,102.3,102.3,101.98,102.25,15152,0
CBAPF,20181026,102.05,102.22,101.95,102.17,13817,0
CBAPF,20181029,101.94,102.19,101.8,101.9,8553,0
CBAPF,20181030,101.9,102.5,101.8,102.1,11592,0
CBAPF,20181031,102,102.38,102,102.29,11823,0
CBAPF,20181101,102.002,102.3,101.75,101.75,7733,0
CBAPF,20181102,101.75,102.3,101.72,102.01,8662,0
CBAPF,20181105,102,102.4,101.92,102.05,8891,0
CBAPF,20181106,102.3,102.42,102.1,102.41,4566,0
CBAPF,20181107,102.41,102.45,102.18,102.22,11535,0
CBAPF,20181108,102.42,102.57,102.26,102.5,6229,0
CBAPF,20181109,102.5,102.6,102.3,102.5,6879,0
CBAPF,20181112,102.4,102.65,102.4,102.45,3537,0
CBAPF,20181113,102.45,102.6,102.41,102.5,5687,0
CBAPF,20181114,102.45,102.768,102.45,102.51,12452,0
CBAPF,20181115,102.511,102.75,102.5,102.5,10544,0
CBAPF,20181116,102.51,102.569,102.41,102.52,8196,0
CBAPF,20181119,102.52,102.57,102.29,102.4,12199,0
CBAPF,20181120,102.5,102.54,102.3,102.31,8140,0
CBAPF,20181121,102.4,102.55,102.35,102.49,9454,0
CBAPF,20181122,102.4,102.57,102.35,102.35,27794,0
CBAPF,20181123,102.45,102.5,102.36,102.48,17890,0
CBAPF,20181126,102.48,102.6,102.222,102.46,9693,0
CBAPF,20181127,102.49,102.59,102.25,102.59,15924,0
CBAPF,20181128,102.5,102.59,102.2,102.59,7955,0
CBAPF,20181129,102.5,102.5,101.95,102.24,9298,0
CBAPF,20181130,102.06,102.1,101.85,101.95,11683,0
CBAPF,20181203,101.862,102.19,101.85,102.01,10657,0
CBAPF,20181204,102.02,102.498,102.02,102.48,10042,0
CBAPF,20181205,102.15,102.53,101.98,102.4,16296,0
CBAPF,20181206,101.18,101.18,100.6,100.801,10415,0
CBAPF,20181207,100.8,100.8,100,100.55,15991,0
CBAPF,20181210,100.31,100.5,100.1,100.15,7932,0
CBAPF,20181211,100.2,100.44,100.1,100.44,11453,0
CBAPF,20181212,100.44,100.49,100.3,100.4,13042,0
CBAPF,20181213,100.4,100.55,100.3,100.4,10057,0
CBAPF,20181214,100.55,100.6,100.4,100.5,6788,0
CBAPF,20181217,100.6,101.5,100.5,101.4,10893,0
CBAPF,20181218,101,101.4,101,101.32,5726,0
CBAPF,20181219,101.31,101.998,101.3,101.6,17800,0
CBAPF,20181220,101.9,102.15,101.65,102.08,14138,0
CBAPF,20181221,101.95,102.21,101.9,102.1,8379,0
CBAPF,20181224,101.98,102.13,101.98,102.1,3707,0
CBAPF,20181225,102.1,102.1,102.1,102.1,0,0
CBAPF,20181226,102.1,102.1,102.1,102.1,0,0
CBAPF,20181227,101.96,102.23,101.96,102.23,1796,0
CBAPF,20181228,102,102,101.722,101.91,3486,0
CBAPF,20181231,101.997,102.45,101.997,102.05,634,0
CBAPF,20190101,102.05,102.05,102.05,102.05,0,0
CBAPF,20190102,102.4,102.448,102.2,102.448,3373,0
CBAPF,20190103,102.3,102.3,102.2,102.2,3003,0
CBAPF,20190104,102.2,102.297,102.15,102.297,2803,0
CBAPF,20190107,102.02,102.297,102.02,102.2,7023,0
CBAPF,20190108,102.28,102.38,102.132,102.2,11929,0
CBAPF,20190109,102.2,102.5,102.05,102.4,7634,0
CBAPF,20190110,102.4,102.49,101.81,101.85,4535,0
CBAPF,20190111,102.001,102.35,101.86,102,7560,0
CBAPF,20190114,102.02,102.5,102.02,102.48,8272,0
CBAPF,20190115,102.13,102.5,102.13,102.5,4759,0
CBAPF,20190116,102.35,102.95,102.34,102.828,8112,0
CBAPF,20190117,102.599,102.82,102.599,102.82,5543,0
CBAPF,20190118,102.7,102.897,102.61,102.62,9157,0
CBAPF,20190121,102.7,102.9,102.61,102.9,3401,0
CBAPF,20190122,102.85,103.05,102.85,103.05,5329,0
CBAPF,20190123,102.95,103.06,102.8,103,15665,0
CBAPF,20190124,102.89,102.99,102.89,102.99,7581,0
CBAPF,20190125,102.95,103.02,102.81,102.81,8369,0
CBAPF,20190128,102.81,102.81,102.81,102.81,0,0
CBAPF,20190129,102.811,102.99,102.811,102.96,7128,0
CBAPF,20190130,102.9,102.988,102.86,102.9,3995,0
CBAPF,20190131,102.9,103,102.66,102.7,9639,0
CBAPF,20190201,102.691,102.77,102.61,102.66,5900,0
CBAPF,20190204,102.66,102.95,102.61,102.95,5240,0
CBAPF,20190205,102.92,102.92,102.65,102.874,3543,0
CBAPF,20190206,102.55,102.88,102.5,102.5,15177,0
CBAPF,20190207,102.5,102.87,102.47,102.47,17957,0
CBAPF,20190208,102.48,102.779,102.47,102.759,27356,0
CBAPF,20190211,102.6,102.639,102.302,102.45,10171,0
CBAPF,20190212,102.598,102.599,102.002,102.25,26053,0
CBAPF,20190213,102.3,102.43,101.861,102,21498,0
CBAPF,20190214,102,102,101.45,101.5,10779,0
CBAPF,20190215,101.4,102,101.4,101.5,18644,0
CBAPF,20190218,101.89,101.949,101.42,101.87,24922,0
CBAPF,20190219,101.6,102.05,101.6,101.71,23052,0
CBAPF,20190220,101.85,102.4,101.85,102.4,8953,0
CBAPF,20190221,102.4,102.58,102.2,102.25,6555,0
CBAPF,20190222,102.21,102.454,102.1,102.25,9888,0
CBAPF,20190225,102.25,102.42,101.8,101.8,7786,0
CBAPF,20190226,101.8,102.398,101.71,101.85,7421,0
CBAPF,20190227,101.85,102.25,101.7,102.13,23814,0
CBAPF,20190228,101.75,102.04,101.521,101.601,24805,0
CBAPF,20190301,101.603,101.99,101.603,101.95,13171,0
CBAPF,20190304,101.95,102.14,101.62,102.1,11612,0
CBAPF,20190305,102.1,102.25,102.1,102.1,11700,0
CBAPF,20190306,100.9,101.6,100.9,101.2,13877,0
CBAPF,20190307,101.211,101.478,101.15,101.478,9093,0
CBAPF,20190308,101.4,101.429,101.21,101.35,13478,0
CBAPF,20190311,101.34,101.35,100.95,101,11701,0
CBAPF,20190312,101,101.38,101,101.201,8697,0
CBAPF,20190313,101.37,101.5,101.201,101.5,11705,0
CBAPF,20190314,101.35,101.5,101.35,101.4,8509,0
CBAPF,20190315,101.4,101.61,101.21,101.6,9807,0
CBAPF,20190318,101.201,101.47,101.201,101.32,7799,0
CBAPF,20190319,101.35,101.4,101.07,101.07,13756,0
CBAPF,20190320,101.07,101.19,101.03,101.1,9655,0
CBAPF,20190321,101.15,101.3,101.1,101.3,16518,0
CBAPF,20190322,101.29,101.45,101.17,101.45,8522,0
CBAPF,20190325,101.35,101.84,101.35,101.621,13334,0
CBAPF,20190326,101.602,101.81,101.6,101.66,9185,0
CBAPF,20190327,101.65,101.89,101.6,101.79,9962,0
CBAPF,20190328,101.66,101.88,101.5,101.8,18018,0
CBAPF,20190329,101.79,101.8,101.481,101.78,17438,0
CBAPF,20190401,101.7,102.04,101.655,102.04,19026,0
CBAPF,20190402,102.03,102.47,101.83,102.21,11176,0
CBAPF,20190403,102.45,102.6,102.15,102.5,14500,0
CBAPF,20190404,102.4,102.598,102.2,102.45,9307,0
CBAPF,20190405,102.3,102.625,102.23,102.48,18785,0
CBAPF,20190408,102.55,102.798,102.55,102.61,12822,0
CBAPF,20190409,102.64,102.79,102.55,102.58,16882,0
CBAPF,20190410,102.65,102.79,102.55,102.699,18955,0
CBAPF,20190411,102.65,102.75,102.49,102.74,11319,0
CBAPF,20190412,102.501,103,102.501,102.551,5333,0
CBAPF,20190415,102.66,103,102.6,102.6,7729,0
CBAPF,20190416,102.6,102.998,102.51,102.51,13934,0
CBAPF,20190417,102.55,103.16,102.55,103.16,10799,0
CBAPF,20190418,103.1,103.16,102.9,103.04,10208,0
CBAPF,20190419,103.04,103.04,103.04,103.04,0,0
CBAPF,20190422,103.04,103.04,103.04,103.04,0,0
CBAPF,20190423,102.82,103.12,102.78,103.02,12832,0
CBAPF,20190424,102.6,103.16,102.6,103.1,6791,0
CBAPF,20190425,103.1,103.1,103.1,103.1,0,0
CBAPF,20190426,103,103.45,102.5,103.44,6271,0
CBAPF,20190429,102.99,103.44,102.811,103.4,11407,0
CBAPF,20190430,103.4,103.5,103.02,103.3,8588,0
CBAPF,20190501,103.32,103.57,103.3,103.45,8861,0
CBAPF,20190502,103.45,103.59,103.45,103.46,9924,0
CBAPF,20190503,103.45,103.75,103.24,103.74,15721,0
CBAPF,20190506,103.25,103.62,103.25,103.62,3932,0
CBAPF,20190507,103.36,103.69,103.3,103.5,8074,0
CBAPF,20190508,103.5,103.7,103.35,103.35,4904,0
CBAPF,20190509,103.7,103.7,103.01,103.349,8122,0
CBAPF,20190510,103.2,103.2,102.85,102.85,9603,0
CBAPF,20190513,102.85,102.85,102.85,102.85,0,0
CBAPF,20190514,102.9,103.14,102.82,103.13,3497,0
CBAPF,20190515,103,103.1,102.87,103,7080,0
CBAPF,20190516,102.871,102.999,102.86,102.861,7548,0
CBAPF,20190517,102.86,103.04,102.85,102.85,11835,0
CBAPF,20190520,103.03,103.7,103.03,103.7,8953,0
CBAPF,20190521,103.2,103.549,103.2,103.498,4601,0
CBAPF,20190522,103.498,103.5,103.04,103.04,6674,0
CBAPF,20190523,103.09,103.35,103.09,103.2,5551,0
CBAPF,20190524,103.2,103.293,103.042,103.042,11406,0
CBAPF,20190527,103.22,103.49,103.181,103.41,4796,0
CBAPF,20190528,103.48,103.5,103.34,103.5,6602,0
CBAPF,20190529,103.4,103.59,103.38,103.5,7164,0
CBAPF,20190530,103.5,103.74,103.45,103.73,5132,0
CBAPF,20190531,103.511,103.73,103.51,103.54,7932,0
CBAPF,20190603,103.56,103.75,103.5,103.7,7429,0
CBAPF,20190604,103.75,103.79,103.59,103.59,6400,0
CBAPF,20190605,103.58,103.79,103.57,103.68,9041,0
CBAPF,20190606,102.85,102.95,102.53,102.85,10641,0
CBAPF,20190607,102.82,103,102.8,102.98,7277,0
CBAPF,20190610,102.98,102.98,102.98,102.98,0,0
CBAPF,20190611,102.9,103.14,102.88,103.1,7734,0
CBAPF,20190612,103,103.26,102.93,103.257,8771,0
CBAPF,20190613,103.06,103.64,103.06,103.4,12027,0
CBAPF,20190614,103.15,103.67,103.12,103.67,10295,0
CBAPF,20190617,103.6,104.055,103.6,103.9,5869,0
CBAPF,20190618,103.75,104.13,103.75,103.95,8635,0
CBAPF,20190619,104,104.05,103.71,103.71,13064,0
CBAPF,20190620,103.71,103.85,103.55,103.55,11450,0
CBAPF,20190621,103.551,103.87,103.16,103.549,16749,0
CBAPF,20190624,103.549,103.549,103.549,103.549,0,0
CBAPF,20190625,103.3,103.9,103.152,103.45,10594,0
CBAPF,20190626,103.5,103.9,103.45,103.68,11263,0
CBAPF,20190627,103.68,104.15,103.68,104.15,4690,0
CBAPF,20190628,104.19,104.5,103.8,104.5,7194,0
CBAPF,20190701,104,104.49,103.7,104.15,9359,0
CBAPF,20190702,104.15,104.49,104,104.49,10213,0
CBAPF,20190703,104.33,104.69,104.3,104.499,18220,0
CBAPF,20190704,104.5,104.5,104.25,104.5,16614,0
CBAPF,20190705,104.449,104.55,104.131,104.538,8538,0
CBAPF,20190708,104.27,104.389,104.21,104.389,7253,0
CBAPF,20190709,104.39,104.59,104.39,104.55,12476,0
CBAPF,20190710,104.52,104.52,104.05,104.15,12475,0
CBAPF,20190711,104.15,104.37,104.05,104.37,9567,0
CBAPF,20190712,104.178,104.178,104.01,104.15,6131,0
CBAPF,20190715,104.03,104.2,104.01,104.03,7610,0
CBAPF,20190716,104.2,104.33,104.05,104.1,51237,0
CBAPF,20190717,104.2,104.55,104.18,104.55,16774,0
CBAPF,20190718,104.58,104.9,104.18,104.18,9397,0
CBAPF,20190719,104.19,104.4,104.19,104.25,8942,0
CBAPF,20190722,104.3,104.39,104.19,104.3,10844,0
CBAPF,20190723,104.3,104.7,104.3,104.69,5952,0
CBAPF,20190724,104.4,104.9,104.4,104.85,9147,0
CBAPF,20190725,104.84,104.84,104.35,104.35,12712,0
CBAPF,20190726,104.4,104.58,104.2,104.5,16282,0
CBAPF,20190729,104.5,104.53,104.3,104.4,7953,0
CBAPF,20190730,104.4,104.75,104.4,104.6,9358,0
CBAPF,20190731,104.4,104.6,104.4,104.6,7633,0
CBAPF,20190801,104.371,104.59,104.371,104.54,7953,0
CBAPF,20190802,104.54,104.79,104.32,104.79,16192,0
CBAPF,20190805,104.6,104.8,104.56,104.8,13150,0
CBAPF,20190806,104.381,104.56,104.381,104.4,10306,0
CBAPF,20190807,104.42,104.7,104.4,104.6,9367,0
CBAPF,20190808,104.6,104.77,104.42,104.56,9964,0
CBAPF,20190809,104.56,104.63,104.5,104.51,7689,0
CBAPF,20190812,104.5,104.65,104.5,104.53,10532,0
CBAPF,20190813,104.54,104.75,104.54,104.55,3813,0
CBAPF,20190814,104.52,104.82,104.52,104.52,5309,0
CBAPF,20190815,104.65,104.95,104.65,104.95,4855,0
CBAPF,20190816,104.85,104.95,104.68,104.95,6171,0
CBAPF,20190819,105,105.45,104.53,104.53,6484,0
CBAPF,20190820,104.531,104.95,104.5,104.84,4499,0
CBAPF,20190821,104.651,104.99,104.65,104.76,5170,0
CBAPF,20190822,104.601,104.8,104.4,104.8,8218,0
CBAPF,20190823,104.4,104.8,104.4,104.46,4556,0
CBAPF,20190826,104.46,104.768,104.41,104.41,11916,0
CBAPF,20190827,104.41,104.57,104.41,104.42,9670,0
CBAPF,20190828,104.45,104.69,104.45,104.5,9915,0
CBAPF,20190829,104.45,104.73,104.44,104.71,15761,0
CBAPF,20190830,104.78,105,104.562,104.75,6369,0
CBAPF,20190902,104.6,105.05,104.6,104.71,2081,0
CBAPF,20190903,104.71,105.34,104.71,105.2,4523,0
CBAPF,20190904,105.3,105.3,104.8,104.949,3982,0
CBAPF,20190905,104,104.36,104,104.36,9690,0
CBAPF,20190906,104.38,104.38,104,104.31,9585,0
CBAPF,20190909,104.35,104.35,104.1,104.3,12199,0
CBAPF,20190910,104.3,104.35,104.01,104.01,17995,0
CBAPF,20190911,104,104,103.82,104,15714,0
CBAPF,20190912,103.9,104.1,103.8,103.82,7751,0
CBAPF,20190913,103.82,103.95,103.71,103.8,15932,0
CBAPF,20190916,103.71,104.13,103.71,104,7981,0
CBAPF,20190917,103.99,104,103.5,103.8,13889,0
CBAPF,20190918,103.8,103.85,103.6,103.65,4417,0
CBAPF,20190919,103.66,103.8,103.66,103.67,10004,0
CBAPF,20190920,103.65,103.9,103.65,103.9,9531,0
CBAPF,20190923,103.9,104.22,103.8,104.2,5235,0
CBAPF,20190924,103.75,104.2,103.73,104.2,2810,0
CBAPF,20190925,104.1,104.15,103.56,103.85,7920,0
CBAPF,20190926,103.8,104,103.75,103.78,6397,0
CBAPF,20190927,103.8,104.18,103.8,104.18,3997,0
CBAPF,20190930,104.01,104.17,103.95,103.95,8038,0
CBAPF,20191001,104.15,104.45,103.95,104.45,7395,0
CBAPF,20191002,104.449,104.5,104.2,104.23,5391,0
CBAPF,20191003,104.23,104.6,104.21,104.25,7295,0
CBAPF,20191004,104.27,104.5,104.21,104.22,5461,0
CBAPF,20191007,104.5,104.55,104.49,104.55,4913,0
CBAPF,20191008,104.4,104.6,104.35,104.6,4373,0
CBAPF,20191009,104.7,104.73,104.4,104.7,8644,0
CBAPF,20191010,104.7,104.7,103.85,104.1,4727,0
CBAPF,20191011,104,104.4,103.9,104.16,4224,0
CBAPF,20191014,104.1,104.3,103.92,104.15,9126,0
CBAPF,20191015,104.15,104.36,103.55,103.55,8233,0
CBAPF,20191016,103.897,103.99,103.62,103.99,5741,0
CBAPF,20191017,104,104,103.35,103.9,23635,0
CBAPF,20191018,103.5,103.98,103.5,103.75,3949,0
CBAPF,20191021,103.9,104,103.8,103.85,7084,0
CBAPF,20191022,103.8,104.15,103.67,103.85,6702,0
CBAPF,20191023,103.85,104,103.75,103.75,6122,0
CBAPF,20191024,103.75,103.84,103.51,103.54,9608,0
CBAPF,20191025,103.54,103.9,103.54,103.81,8502,0
CBAPF,20191028,103.6,103.9,103.55,103.65,14722,0
CBAPF,20191029,103.661,103.91,103.65,103.71,10878,0
CBAPF,20191030,103.7,103.939,103.551,103.81,6356,0
CBAPF,20191031,103.75,104,103.7,104,11272,0
CBAPF,20191101,103.76,104,103.65,103.85,12679,0
CBAPF,20191104,103.75,104,103.75,103.8,12832,0
CBAPF,20191105,103.7,103.9,103.7,103.9,4601,0
CBAPF,20191106,103.75,104,103.7,103.85,7300,0
CBAPF,20191107,103.85,104,103.7,103.75,8278,0
CBAPF,20191108,103.9,104.05,103.75,103.88,7737,0
CBAPF,20191111,103.9,104.5,103.75,103.8,13757,0
CBAPF,20191112,103.8,104.39,103.77,104.38,8660,0
CBAPF,20191113,104.38,104.75,104.18,104.73,27820,0
CBAPF,20191114,104.43,104.95,104.3,104.45,11649,0
CBAPF,20191115,104.4,104.999,104.15,104.15,7652,0
CBAPF,20191118,104.15,104.3,104.02,104.15,6616,0
CBAPF,20191119,104.3,104.35,104.01,104.1,6052,0
CBAPF,20191120,104.15,104.8,104.15,104.46,8016,0
CBAPF,20191121,104.5,104.5,103.9,104,16740,0
CBAPF,20191122,103.94,104.15,103.89,103.92,10425,0
CBAPF,20191125,104,104.199,103.76,103.76,12141,0
CBAPF,20191126,103.79,104.24,103.771,103.771,8497,0
CBAPF,20191127,103.771,104.18,103.69,103.76,12942,0
CBAPF,20191128,103.76,103.9,103.75,103.9,5364,0
CBAPF,20191129,103.81,104.45,103.81,104.45,11397,0
CBAPF,20191202,104.03,104.49,103.95,103.95,7793,0
CBAPF,20191203,103.95,104,103.78,103.9,7186,0
CBAPF,20191204,103.8,104.1,103.79,103.8,5848,0
CBAPF,20191205,102.58,103,102.5,102.63,8736,0
CBAPF,20191206,102.71,102.999,102.6,102.95,9304,0
CBAPF,20191209,102.9,103,102.63,102.63,9095,0
CBAPF,20191210,102.98,102.98,102.61,102.8,6813,0
CBAPF,20191211,102.8,102.95,102.62,102.64,10251,0
CBAPF,20191212,102.64,102.899,102.64,102.889,4786,0
CBAPF,20191213,102.73,102.88,102.72,102.85,8327,0
CBAPF,20191216,102.83,102.83,102.55,102.71,14985,0
CBAPF,20191217,102.65,102.88,102.65,102.85,25676,0
CBAPF,20191218,102.85,102.85,102.7,102.8,10253,0
CBAPF,20191219,102.7,102.8,102.63,102.8,8543,0
CBAPF,20191220,102.73,102.8,102.682,102.8,23234,0
CBAPF,20191223,102.8,103.38,102.71,103.38,8807,0
CBAPF,20191224,102.782,103.36,102.782,103.25,1953,0
CBAPF,20191225,103.25,103.25,103.25,103.25,0,0
CBAPF,20191226,103.25,103.25,103.25,103.25,0,0
CBAPF,20191227,102.903,103.279,102.902,103.1,165,0
CBAPF,20191230,103.1,103.2,103,103,7575,0
CBAPF,20191231,103.29,103.29,102.98,103.27,577,0
CBAPF,20200101,103.27,103.27,103.27,103.27,0,0
CBAPF,20200102,103.27,103.27,103,103.24,1181,0
CBAPF,20200103,103.2,103.2,103.002,103.002,1379,0
CBAPF,20200106,103.002,103.002,103.002,103.002,0,0
CBAPF,20200107,103.15,103.2,103,103.01,4172,0
CBAPF,20200108,103.16,103.19,103.03,103.03,2029,0
CBAPF,20200109,103.15,103.4,103.002,103.4,11736,0
CBAPF,20200110,103.15,103.4,103.15,103.261,4436,0
CBAPF,20200113,103.25,103.56,103.25,103.56,9255,0
CBAPF,20200114,103.59,103.84,103.5,103.68,10010,0
CBAPF,20200115,103.6,103.78,103.052,103.3,4279,0
CBAPF,20200116,103.5,103.579,103.19,103.29,7030,0
CBAPF,20200117,103.31,103.49,103.232,103.4,6682,0
CBAPF,20200120,103.29,103.85,103.29,103.85,6060,0
CBAPF,20200121,103.8,104.3,103.5,103.989,9827,0
CBAPF,20200122,103.4,104.1,103.297,104.1,11553,0
CBAPF,20200123,104.15,104.2,103.65,103.65,5277,0
CBAPF,20200124,103.7,104.09,103.7,104,8247,0
CBAPF,20200127,104,104,104,104,0,0
CBAPF,20200128,103.9,104.18,103.81,103.85,3860,0
CBAPF,20200129,103.85,104.18,103.74,103.76,2636,0
CBAPF,20200130,103.51,103.969,103.51,103.65,6999,0
CBAPF,20200131,103.5,103.8,103.32,103.8,3731,0
CBAPF,20200203,103.55,104,103.46,104,2966,0
CBAPF,20200204,104,104.14,103.9,104.11,14504,0
CBAPF,20200205,103.96,104.18,103.9,103.96,4343,0
CBAPF,20200206,103.96,104.19,103.9,104.19,4898,0
CBAPF,20200207,104.05,104.05,103.7,103.95,7144,0
CBAPF,20200210,103.75,103.96,103.455,103.455,5877,0
CBAPF,20200211,103.461,103.79,103.461,103.65,5672,0
CBAPF,20200212,103.6,103.65,103.45,103.6,7365,0
CBAPF,20200213,103.6,103.65,103.46,103.6,3979,0
CBAPF,20200214,103.6,103.96,103.292,103.424,16031,0
CBAPF,20200217,103.43,103.85,103.32,103.85,15646,0
CBAPF,20200218,103.699,103.699,103.41,103.42,6196,0
CBAPF,20200219,103.5,103.617,103.35,103.35,5749,0
CBAPF,20200220,103.28,103.59,103.28,103.32,5675,0
CBAPF,20200221,103.35,103.56,103.3,103.3,8897,0
CBAPF,20200224,103.3,103.5,103.3,103.3,6593,0
CBAPF,20200225,103.32,103.33,103.01,103.21,9321,0
CBAPF,20200226,102.92,103.3,102.92,103.05,10258,0
CBAPF,20200227,103.02,103.18,103,103.01,6455,0
CBAPF,20200228,102.92,102.92,102.01,102.5,14459,0
CBAPF,20200302,102.07,102.121,101.3,101.67,19724,0
CBAPF,20200303,101.68,102.748,101.65,102.36,8840,0
CBAPF,20200304,102.35,102.72,101.86,102.56,9265,0
CBAPF,20200305,101.55,101.76,101.4,101.5,29069,0
CBAPF,20200306,101.501,101.501,101.11,101.111,17811,0
CBAPF,20200309,101.11,101.11,97.05,97.91,25465,0
CBAPF,20200310,97,98.9,94.3,98.5,20082,0
CBAPF,20200311,98.2,99.89,98.2,99.35,24796,0
CBAPF,20200312,99,99,97,97.28,35378,0
CBAPF,20200313,95.51,96.5,93,96.5,47746,0
CBAPF,20200316,95,95,93.02,94.9,19451,0
CBAPF,20200317,94.15,94.5,93,94,27433,0
CBAPF,20200318,93,94.3,93,93.53,18158,0
CBAPF,20200319,93.51,93.51,90.31,93.25,33966,0
CBAPF,20200320,93,94.7,93,94.7,34630,0
CBAPF,20200323,93.01,93.02,88.01,90,24997,0
CBAPF,20200324,90.6,93.5,90.49,92.9,46919,0
CBAPF,20200325,93.001,96.85,93.001,95.5,29238,0
CBAPF,20200326,95.5,97,95.5,96.5,28854,0
CBAPF,20200327,97.05,98,95.5,96.51,52165,0
CBAPF,20200330,96.5,97.3,95,96.95,28051,0
CBAPF,20200331,96.11,98.3,96.11,98,52323,0
CBAPF,20200401,98,98,97,97.21,19324,0
CBAPF,20200402,97.2,97.2,95,95.35,25272,0
CBAPF,20200403,95.5,95.99,95.05,95.501,24288,0
CBAPF,20200406,95.5,96.05,95.3,95.75,25547,0
CBAPF,20200407,95.55,95.75,95.5,95.5,19118,0
CBAPF,20200408,95.5,96,95.25,95.9,20403,0
CBAPF,20200409,96.001,96.6,96.001,96.5,13092,0
CBAPF,20200410,96.5,96.5,96.5,96.5,0,0
CBAPF,20200413,96.5,96.5,96.5,96.5,0,0
CBAPF,20200414,97,97.75,96.5,97.75,23297,0
CBAPF,20200415,97.251,98,97.25,97.8,15146,0
CBAPF,20200416,97.76,98,97.51,97.66,13552,0
CBAPF,20200417,97.66,98.4,97.56,98,18657,0
CBAPF,20200420,98,99,98,98.12,15599,0
CBAPF,20200421,98.65,99,98,99,24389,0
CBAPF,20200422,99,99,98.3,98.6,9061,0
CBAPF,20200423,98.7,98.9,98.002,98.7,22205,0
CBAPF,20200424,98.85,99.85,98.85,99.6,6602,0
CBAPF,20200427,99.549,99.55,98.8,98.93,11411,0
CBAPF,20200428,98.93,99.2,98.78,98.87,10513,0
CBAPF,20200429,98.88,99.3,98.88,99.3,34077,0
CBAPF,20200430,99.5,99.99,99.43,99.9,34226,0
CBAPF,20200501,100,100.1,99.85,99.85,23678,0
CBAPF,20200504,100.1,100.3,99.8,100,15761,0
CBAPF,20200505,100.15,101,100.12,100.12,18343,0
CBAPF,20200506,100.15,100.5,100.15,100.5,13657,0
CBAPF,20200507,100.4,100.59,100.26,100.55,23804,0
CBAPF,20200508,100.41,100.58,100.41,100.58,16515,0
CBAPF,20200511,100.46,100.6,100.267,100.6,13682,0
CBAPF,20200512,100.5,100.63,100.45,100.551,13522,0
CBAPF,20200513,100.45,100.53,100.353,100.5,17910,0
CBAPF,20200514,100.5,100.5,100.35,100.4,11859,0
CBAPF,20200515,100.39,100.4,100.15,100.21,11861,0
CBAPF,20200518,100.4,100.4,100.182,100.33,5094,0
CBAPF,20200519,100.204,100.33,100,100.002,17456,0
CBAPF,20200520,100.022,100.65,100.022,100.3,16298,0
CBAPF,20200521,100.45,100.45,100.18,100.3,7126,0
CBAPF,20200522,100.3,100.718,100.3,100.66,15441,0
CBAPF,20200525,100.65,100.9,100.3,100.3,12847,0
CBAPF,20200526,100.32,100.787,100.32,100.65,20431,0
CBAPF,20200527,100.52,101.02,100.52,100.791,13724,0
CBAPF,20200528,101,101.298,100.711,100.9,12735,0
CBAPF,20200529,101.15,101.5,101.15,101.25,9256,0
CBAPF,20200601,101.5,101.6,101.3,101.35,8560,0
CBAPF,20200602,101.35,101.538,101.201,101.35,3070,0
CBAPF,20200603,101.22,101.62,101.22,101.42,6462,0
CBAPF,20200604,100.985,100.985,100.2,100.61,7512,0
CBAPF,20200605,100.75,100.9,100.311,100.311,6070,0
CBAPF,20200608,100.311,100.311,100.311,100.311,0,0
CBAPF,20200609,100.3,100.46,100.032,100.192,7788,0
CBAPF,20200610,100.3,100.47,100.251,100.371,18984,0
CBAPF,20200611,100.48,100.7,100.48,100.5,8866,0
CBAPF,20200612,100.38,100.55,100.35,100.55,31193,0
CBAPF,20200615,100.55,100.55,100.55,100.55,0,0
CBAPF,20200616,100.6,100.75,100.4,100.75,16142,0
CBAPF,20200617,100.78,100.78,100.5,100.55,4670,0
CBAPF,20200618,100.6,100.75,100.5,100.75,19528,0
CBAPF,20200619,100.78,101.8,100.52,101.012,12186,0
CBAPF,20200622,101,101,100.69,100.69,8538,0
CBAPF,20200623,100.55,100.95,100.55,100.62,8032,0
CBAPF,20200624,100.62,100.929,100.57,100.92,8079,0
CBAPF,20200625,100.7,101,100.69,101,10218,0
CBAPF,20200626,100.91,100.98,100.7,100.8,3587,0
CBAPF,20200629,100.98,101.18,100.814,101.14,3875,0
CBAPF,20200630,101.2,101.5,100.87,101.2,8664,0
CBAPF,20200701,101.67,101.67,100.712,100.712,8206,0
CBAPF,20200702,100.87,101.27,100.85,101.27,9485,0
CBAPF,20200703,101.012,101.28,101.012,101.27,7857,0
CBAPF,20200706,101.279,101.38,101,101.3,11350,0
CBAPF,20200707,101.398,101.45,101.25,101.25,5324,0
CBAPF,20200708,101.25,101.57,101.211,101.55,7682,0
CBAPF,20200709,101.569,101.569,101.32,101.569,6747,0
CBAPF,20200710,101.5,101.6,101.3,101.3,9531,0
CBAPF,20200713,101.25,101.4,100.69,101,15583,0
CBAPF,20200714,101,101.25,100.96,101.25,5052,0
CBAPF,20200715,101.05,101.24,101.012,101.03,4006,0
CBAPF,20200716,101.24,101.25,100.74,100.77,21031,0
CBAPF,20200717,100.772,100.99,100.632,100.99,17802,0
CBAPF,20200720,100.99,101.18,100.77,100.77,6089,0
CBAPF,20200721,100.8,101.25,100.77,101.25,8758,0
CBAPF,20200722,101.25,101.4,101.15,101.26,9797,0
CBAPF,20200723,101.25,101.488,101.09,101.2,6662,0
CBAPF,20200724,101.16,101.53,101.101,101.18,6678,0
CBAPF,20200727,101.191,101.53,101.191,101.479,7283,0
CBAPF,20200728,101.35,101.86,101.35,101.59,5466,0
CBAPF,20200729,101.6,101.99,101.5,101.5,8030,0
CBAPF,20200730,101.5,101.85,101.5,101.85,4230,0
CBAPF,20200731,101.9,101.9,101.51,101.51,6278,0
CBAPF,20200803,101.6,101.8,101.4,101.8,2757,0
CBAPF,20200804,101.5,101.85,101.5,101.65,5804,0
CBAPF,20200805,101.83,101.83,101.571,101.6,10358,0
CBAPF,20200806,101.83,101.93,101.6,101.79,6106,0
CBAPF,20200807,101.84,101.91,101.72,101.8,5024,0
CBAPF,20200810,101.8,102,101.75,101.75,9173,0
CBAPF,20200811,101.85,101.999,101.75,101.95,2909,0
CBAPF,20200812,101.91,102.1,101.91,102.05,6786,0
CBAPF,20200813,101.99,102.18,101.99,102.15,4663,0
CBAPF,20200814,102.15,102.62,102.05,102.22,6533,0
CBAPF,20200817,102.14,102.47,102.14,102.16,10613,0
CBAPF,20200818,102.16,102.5,102.16,102.4,7892,0
CBAPF,20200819,102.4,102.53,102,102.05,7100,0
CBAPF,20200820,102.05,102.48,102.05,102.42,8554,0
CBAPF,20200821,102.49,102.55,102.26,102.35,6102,0
CBAPF,20200824,102.45,103,102.45,103,11623,0
CBAPF,20200825,102.748,102.749,102.531,102.56,3919,0
CBAPF,20200826,102.56,102.8,102.4,102.8,8618,0
CBAPF,20200827,102.78,102.78,102.16,102.2,5185,0
CBAPF,20200828,102.1,102.2,101.93,102.001,14226,0
CBAPF,20200831,102,102.12,101.92,102,6318,0
CBAPF,20200901,101.93,102.75,101.93,102.3,5817,0
CBAPF,20200902,102.3,102.75,102.26,102.75,9443,0
CBAPF,20200903,102.4,102.7,102.35,102.699,7031,0
CBAPF,20200904,101.5,101.711,101.09,101.16,23052,0
CBAPF,20200907,101.16,101.68,101.14,101.16,13695,0
CBAPF,20200908,101.18,101.57,101.17,101.4,12285,0
CBAPF,20200909,101.4,101.59,101.279,101.5,8983,0
CBAPF,20200910,101.5,101.81,101.5,101.81,8411,0
CBAPF,20200911,101.75,101.9,101.71,101.72,11032,0
CBAPF,20200914,101.72,101.93,101.72,101.75,5676,0
CBAPF,20200915,101.81,101.98,101.753,101.77,3632,0
CBAPF,20200916,101.98,102.08,101.85,102,6402,0
CBAPF,20200917,102.05,102.37,102,102.37,6137,0
CBAPF,20200918,102.21,102.62,102.2,102.4,8049,0
CBAPF,20200921,102.7,102.7,102.4,102.4,11645,0
CBAPF,20200922,102.34,102.4,102.06,102.34,3290,0
CBAPF,20200923,102.06,102.32,102.05,102.2,7710,0
CBAPF,20200924,102.2,102.2,101.82,102,14686,0
CBAPF,20200925,102,102,101.65,101.97,8504,0
CBAPF,20200928,101.53,102,101.53,102,8900,0
CBAPF,20200929,101.87,101.89,101.66,101.75,6556,0
CBAPF,20200930,101.75,102.1,101.74,102.1,11859,0
CBAPF,20201001,101.691,102,101.68,101.711,4047,0
CBAPF,20201002,101.7,101.889,101.67,101.869,5215,0
CBAPF,20201005,101.69,101.73,101.68,101.68,1881,0
CBAPF,20201006,101.66,102.1,101.66,101.69,4508,0
CBAPF,20201007,101.7,102.28,101.67,102,8896,0
CBAPF,20201008,102.28,102.3,102,102.1,5675,0
CBAPF,20201009,102.03,102.31,101.82,101.82,5875,0
CBAPF,20201012,101.83,102.19,101.8,101.95,5008,0
CBAPF,20201013,101.95,102.05,101.75,101.75,23594,0
CBAPF,20201014,101.603,101.8,101.5,101.622,10604,0
CBAPF,20201015,101.68,101.94,101.65,101.75,4102,0
CBAPF,20201016,101.85,101.94,101.66,101.72,2790,0
CBAPF,20201019,101.94,101.99,101.78,101.8,4673,0
CBAPF,20201020,101.81,102,101.81,101.81,2799,0
CBAPF,20201021,101.98,102.08,101.8,101.85,4538,0
CBAPF,20201022,101.86,102.25,101.86,101.89,4184,0
CBAPF,20201023,101.901,102.21,101.9,102.19,5031,0
CBAPF,20201026,102.17,102.2,101.94,102.1,7176,0
CBAPF,20201027,102.05,102.051,101.85,101.86,4404,0
CBAPF,20201028,101.95,102.25,101.861,101.87,7757,0
CBAPF,20201029,101.9,102,101.69,101.69,4358,0
CBAPF,20201030,101.64,101.9,101.6,101.74,7023,0
CBAPF,20201102,101.74,101.9,101.67,101.7,8287,0
CBAPF,20201103,101.7,101.99,101.7,101.99,1809,0
CBAPF,20201104,101.99,102.16,101.9,102.16,2188,0
CBAPF,20201105,102,102.29,101.85,102.14,4487,0
CBAPF,20201106,101.802,102.1,101.702,102,11924,0
CBAPF,20201109,101.95,102.25,101.85,102.25,9063,0
CBAPF,20201110,102.25,102.26,102.04,102.2,4588,0
CBAPF,20201111,102.26,102.26,102,102,7005,0
CBAPF,20201112,102.01,102.268,102,102.09,6289,0
CBAPF,20201113,102.082,102.1,101.87,101.87,3701,0
CBAPF,20201116,101.703,101.703,101.703,101.703,833,0
CBAPF,20201117,101.75,101.953,101.662,101.68,14373,0
CBAPF,20201118,101.839,101.839,101.69,101.75,6468,0
CBAPF,20201119,101.8,102.19,101.75,102,10835,0
CBAPF,20201120,102,102.17,101.91,102.03,7270,0
CBAPF,20201123,102.1,102.24,102.09,102.218,5765,0
CBAPF,20201124,102.25,102.3,102,102.2,11583,0
CBAPF,20201125,102.07,102.3,101.91,102,19742,0
CBAPF,20201126,102.2,102.2,101.91,102.03,8796,0
CBAPF,20201127,101.92,102.03,101.91,101.99,10038,0
CBAPF,20201130,102.001,102.19,102,102.15,12785,0
CBAPF,20201201,102.15,102.25,102.1,102.2,7698,0
CBAPF,20201202,102.18,102.47,102.1,102.11,12193,0
CBAPF,20201203,102.11,102.51,102.11,102.35,20529,0
CBAPF,20201204,101.57,101.85,101.5,101.83,11464,0
CBAPF,20201207,101.7,101.7,101.26,101.61,8958,0
CBAPF,20201208,101.7,101.949,101.32,101.6,8350,0
CBAPF,20201209,101.65,101.99,101.5,101.5,17167,0
CBAPF,20201210,101.5,101.5,101.01,101.05,18329,0
CBAPF,20201211,101.03,101.24,101.01,101.011,21131,0
CBAPF,20201214,101.02,101.55,101.02,101.5,14330,0
CBAPF,20201215,101.5,101.83,101.18,101.72,7225,0
CBAPF,20201216,101.72,101.9,101.43,101.43,10437,0
CBAPF,20201217,101.74,101.85,101.2,101.3,13136,0
CBAPF,20201218,101.33,101.85,101.25,101.4,45789,0
CBAPF,20201221,101.39,101.68,101.39,101.62,13884,0
CBAPF,20201222,101.63,101.95,101.43,101.94,11085,0
CBAPF,20201223,101.9,101.96,101.85,101.85,7599,0
CBAPF,20201224,101.8,102,101.798,101.96,4421,0
CBAPF,20201225,101.96,101.96,101.96,101.96,0,0
CBAPF,20201228,101.96,101.96,101.96,101.96,0,0
CBAPF,20201229,102.18,102.219,101.86,101.86,6191,0
CBAPF,20201230,102.29,102.29,101.86,101.861,3280,0
CBAPF,20201231,101.94,102.001,101.9,101.92,2011,0
CBAPF,20210101,101.92,101.92,101.92,101.92,0,0
CBAPF,20210104,101.999,102.15,101.88,101.88,3786,0
CBAPF,20210105,101.88,102.19,101.88,102.01,2101,0
CBAPF,20210106,102.01,102.29,102,102.28,1831,0
CBAPF,20210107,102.07,102.2,102.02,102.02,8336,0
CBAPF,20210108,102.1,102.1,101.95,102.1,3239,0
CBAPF,20210111,102.05,102.19,102.05,102.07,6192,0
CBAPF,20210112,102.07,102.34,102.07,102.29,6381,0
CBAPF,20210113,102.32,102.439,102.1,102.1,10816,0
CBAPF,20210114,102.11,102.43,102.11,102.32,4449,0
CBAPF,20210115,102.439,102.49,102.37,102.37,4040,0
CBAPF,20210118,102.4,102.45,102.31,102.4,10305,0
CBAPF,20210119,102.4,102.64,102.4,102.551,3357,0
CBAPF,20210120,102.64,102.8,102.55,102.78,8736,0
CBAPF,20210121,102.66,102.79,102.65,102.76,3186,0
CBAPF,20210122,102.65,102.77,102.42,102.42,5366,0
CBAPF,20210125,102.5,102.8,102.4,102.8,5180,0
CBAPF,20210126,102.8,102.8,102.8,102.8,0,0
CBAPF,20210127,102.8,102.8,102.44,102.44,3366,0
CBAPF,20210128,102.6,102.7,102.4,102.5,9493,0
CBAPF,20210129,102.5,102.78,102.5,102.51,15545,0
CBAPF,20210201,102.51,102.86,102.51,102.85,6559,0
CBAPF,20210202,102.71,102.84,102.52,102.76,5709,0
CBAPF,20210203,102.7,102.83,102.61,102.8,7508,0
CBAPF,20210204,102.8,102.86,102.65,102.65,11755,0
CBAPF,20210205,102.61,102.649,102.5,102.5,10096,0
CBAPF,20210208,102.601,102.79,102.55,102.55,22402,0
CBAPF,20210209,102.69,102.79,102.5,102.79,8210,0
CBAPF,20210210,102.61,102.9,102.47,102.49,12545,0
CBAPF,20210211,102.511,102.9,102.511,102.65,10063,0
CBAPF,20210212,102.55,102.89,102.55,102.7,5539,0
CBAPF,20210215,102.65,102.75,102.52,102.62,5279,0
CBAPF,20210216,102.7,102.88,102.66,102.82,6516,0
CBAPF,20210217,102.8,102.84,102.65,102.8,3335,0
CBAPF,20210218,102.65,102.9,102.53,102.6,10016,0
CBAPF,20210219,102.7,102.86,102.61,102.8,5218,0
CBAPF,20210222,102.8,102.8,102.6,102.749,6989,0
CBAPF,20210223,102.6,102.71,102.5,102.5,7334,0
CBAPF,20210224,102.49,102.7,102.3,102.4,15312,0
CBAPF,20210225,102.37,102.59,102.36,102.53,8582,0
CBAPF,20210226,102.45,102.75,102.18,102.3,33876,0
CBAPF,20210301,102.3,102.41,102.15,102.2,10596,0
CBAPF,20210302,102.25,102.55,102.17,102.27,6521,0
CBAPF,20210303,102.54,102.79,102.27,102.45,4808,0
CBAPF,20210304,101.5,102,101.21,101.41,8714,0
CBAPF,20210305,101.42,101.69,101.39,101.69,10154,0
CBAPF,20210308,101.6,101.689,101.35,101.5,6681,0
CBAPF,20210309,101.5,101.64,101.35,101.62,5407,0
CBAPF,20210310,101.51,101.51,100.93,101.5,11318,0
CBAPF,20210311,101.41,101.65,101.4,101.6,4746,0
CBAPF,20210312,101.41,101.6,101.4,101.45,5857,0
CBAPF,20210315,101.44,101.5,101.29,101.34,12925,0
CBAPF,20210316,101.33,101.78,101.33,101.42,12191,0
CBAPF,20210317,101.42,101.73,101.31,101.34,18612,0
CBAPF,20210318,101.33,101.59,101.31,101.38,4084,0
CBAPF,20210319,101.38,101.4,101.25,101.301,6591,0
CBAPF,20210322,101.3,101.39,101.3,101.39,6808,0
CBAPF,20210323,101.315,101.74,101.315,101.37,16421,0
CBAPF,20210324,101.59,101.59,101.33,101.371,27407,0
CBAPF,20210325,101.4,101.57,101.4,101.43,4212,0
CBAPF,20210326,101.45,101.58,101.45,101.58,6048,0
CBAPF,20210329,101.69,101.78,101.44,101.45,7143,0
CBAPF,20210330,101.45,101.68,101.43,101.68,9345,0
CBAPF,20210331,101.57,101.79,101.56,101.79,9936,0
CBAPF,20210401,101.75,101.75,101.6,101.66,6616,0
CBAPF,20210402,101.66,101.66,101.66,101.66,0,0
CBAPF,20210405,101.66,101.66,101.66,101.66,0,0
CBAPF,20210406,101.7,101.84,101.7,101.7,7990,0
CBAPF,20210407,101.7,101.85,101.62,101.7,6080,0
CBAPF,20210408,101.7,101.87,101.6,101.71,13233,0
CBAPF,20210409,101.7,101.8,101.655,101.73,9045,0
CBAPF,20210412,101.751,101.76,101.701,101.74,4175,0
CBAPF,20210413,101.75,102,101.72,101.77,9128,0
CBAPF,20210414,101.78,101.8,101.75,101.75,5017,0
CBAPF,20210415,101.8,102.06,101.8,101.95,8333,0
CBAPF,20210416,101.95,102.149,101.92,102.05,7305,0
CBAPF,20210419,102.19,102.22,102.1,102.15,6555,0
CBAPF,20210420,102.15,102.2,102.079,102.18,9015,0
CBAPF,20210421,102.26,102.3,102.21,102.24,12360,0
CBAPF,20210422,102.24,102.349,101.99,102,6655,0
CBAPF,20210423,102.02,102.48,102.02,102.48,3273,0
CBAPF,20210426,102.47,102.5,102.18,102.2,9247,0
CBAPF,20210427,102.01,102.2,102.01,102.06,33947,0
CBAPF,20210428,102.03,102.5,102.02,102.32,49044,0
CBAPF,20210429,102.2,102.3,102.06,102.2,25680,0
CBAPF,20210430,102.2,102.95,102.2,102.78,5185,0
CBAPF,20210503,102.5,102.51,102.25,102.38,4145,0
CBAPF,20210504,102.38,102.5,102.22,102.3,10036,0
CBAPF,20210505,102.3,102.3,102.08,102.08,57546,0
CBAPF,20210506,102.07,102.41,102.07,102.09,7449,0
CBAPF,20210507,102.37,102.37,101.71,101.71,11509,0
CBAPF,20210510,101.81,102,101.81,102,10267,0
CBAPF,20210511,102,102,101.85,101.87,8517,0
CBAPF,20210512,101.999,102.1,101.87,101.951,4056,0
CBAPF,20210513,101.95,102.12,101.85,101.861,11944,0
CBAPF,20210514,101.9,102.09,101.86,102.09,14647,0
CBAPF,20210517,101.85,102.05,101.82,101.95,18784,0
CBAPF,20210518,101.91,102.1,101.9,102.1,7190,0
CBAPF,20210519,101.951,102.12,101.951,102,4337,0
CBAPF,20210520,102,102.15,101.96,102,5603,0
CBAPF,20210521,102.1,102.27,101.96,102.27,7695,0
CBAPF,20210524,102.05,102.25,102.05,102.09,4364,0
CBAPF,20210525,102.09,102.2,101.37,102.11,9068,0
CBAPF,20210526,101.8,102.19,101.8,102.19,5220,0
CBAPF,20210527,102.12,102.25,101.96,102,6021,0
CBAPF,20210528,102,102.26,101.961,101.961,9924,0
CBAPF,20210531,102,102.26,102,102.25,5687,0
CBAPF,20210601,102.3,102.3,102,102,9493,0
CBAPF,20210602,102,102.18,101.971,102.07,4697,0
CBAPF,20210603,102.07,102.25,102,102.1,8456,0
CBAPF,20210604,101.49,101.74,101.48,101.51,8155,0
CBAPF,20210607,101.5,101.65,101.2,101.22,5894,0
CBAPF,20210608,101.25,101.59,101.25,101.32,7939,0
CBAPF,20210609,101.26,101.54,101.25,101.36,8303,0
CBAPF,20210610,101.56,101.57,101.1,101.55,9798,0
CBAPF,20210611,101.4,101.75,101.4,101.6,13737,0
CBAPF,20210614,101.6,101.6,101.6,101.6,0,0
CBAPF,20210615,101.55,101.7,101.5,101.6,9165,0
CBAPF,20210616,101.65,101.7,101.21,101.21,11556,0
CBAPF,20210617,101.6,101.67,101.16,101.2,23356,0
CBAPF,20210618,101.11,101.35,101.1,101.15,9373,0
CBAPF,20210621,101.24,101.25,101.1,101.25,6472,0
CBAPF,20210622,101.3,101.33,101.13,101.13,13230,0
CBAPF,20210623,101.32,101.48,101.22,101.35,13264,0
CBAPF,20210624,101.3,101.85,101.3,101.44,10989,0
CBAPF,20210625,101.42,101.76,101.42,101.75,2271,0
CBAPF,20210628,101.5,102,101.5,101.78,12316,0
CBAPF,20210629,101.55,102,101.55,101.95,25356,0
CBAPF,20210630,101.75,102.18,101.75,102,8650,0
CBAPF,20210701,102,102.2,101.9,101.9,1033,0
