CIE,20150814,1.015,1.02,1.015,1.02,4000,0
CIE,20150817,1,1.015,1,1.015,58000,0
CIE,20150818,1,1,1,1,20000,0
CIE,20150819,1,1.015,1,1.015,20000,0
CIE,20150820,1,1,1,1,5000,0
CIE,20150821,1,1.01,0.99,1.01,38888,0
CIE,20150824,1,1,0.99,1,66112,0
CIE,20150825,1.015,1.015,0.99,0.99,14800,0
CIE,20150826,0.99,0.99,0.99,0.99,0,0
CIE,20150827,1,1.01,1,1.01,40000,0
CIE,20150828,1.01,1.01,1,1,28000,0
CIE,20150831,1,1,1,1,0,0
CIE,20150901,1,1,1,1,35800,0
CIE,20150902,1,1,1,1,20200,0
CIE,20150903,1,1,1,1,29415,0
CIE,20150904,1,1,1,1,27000,0
CIE,20150907,0.995,1,0.995,1,30500,0
CIE,20150908,1,1,1,1,0,0
CIE,20150909,1,1,1,1,2500,0
CIE,20150910,1,1,1,1,0,0
CIE,20150911,1,1.02,0.995,1.02,21500,0
CIE,20150914,0.995,1,0.995,1,10000,0
CIE,20150915,0.995,0.995,0.995,0.995,5000,0
CIE,20150916,0.995,0.995,0.995,0.995,0,0
CIE,20150917,1,1,1,1,27000,0
CIE,20150918,1,1,1,1,18000,0
CIE,20150921,1,1,1,1,0,0
CIE,20150922,1,1,0.995,0.995,12000,0
CIE,20150923,0.995,1,0.99,0.99,45000,0
CIE,20150924,1.01,1.01,1.01,1.01,4500,0
CIE,20150925,1,1,0.995,1,31000,0
CIE,20150928,0.995,0.995,0.995,0.995,5000,0
CIE,20150929,0.99,0.99,0.98,0.98,35000,0
CIE,20150930,1,1,0.975,0.975,29055,0
CIE,20151001,0.975,0.975,0.975,0.975,0,0
CIE,20151002,1,1,1,1,3000,0
CIE,20151005,1,1,1,1,1945,0
CIE,20151006,1,1,1,1,0,0
CIE,20151007,1,1,1,1,5000,0
CIE,20151008,1.01,1.02,1.01,1.02,50000,0
CIE,20151009,1.015,1.015,1.01,1.01,54000,0
CIE,20151012,1.01,1.01,1.01,1.01,15000,0
CIE,20151013,1.01,1.01,1.01,1.01,0,0
CIE,20151014,1,1,1,1,12000,0
CIE,20151015,1,1,1,1,15000,0
CIE,20151016,1,1,0.975,0.975,106055,0
CIE,20151019,0.975,0.975,0.97,0.97,26945,0
CIE,20151020,0.98,0.98,0.975,0.975,28000,0
CIE,20151021,0.975,0.975,0.975,0.975,0,0
CIE,20151022,0.975,0.975,0.975,0.975,0,0
CIE,20151023,1,1,1,1,10000,0
CIE,20151026,0.99,0.99,0.99,0.99,21500,0
CIE,20151027,1,1,1,1,24000,0
CIE,20151028,0.99,0.99,0.99,0.99,17089,0
CIE,20151029,0.99,0.99,0.99,0.99,0,0
CIE,20151030,0.99,0.99,0.99,0.99,4910,0
CIE,20151102,0.99,0.99,0.99,0.99,14000,0
CIE,20151103,0.99,0.99,0.99,0.99,0,0
CIE,20151104,0.99,0.99,0.99,0.99,10000,0
CIE,20151105,0.99,0.99,0.99,0.99,0,0
CIE,20151106,0.99,0.99,0.98,0.98,25151,0
CIE,20151109,0.99,0.99,0.99,0.99,1571,0
CIE,20151110,0.985,0.99,0.985,0.99,12010,0
CIE,20151111,0.99,0.99,0.99,0.99,10000,0
CIE,20151112,0.98,1,0.975,1,36000,0
CIE,20151113,1,1,1,1,0,0
CIE,20151116,1,1,1,1,0,0
CIE,20151117,1,1,1,1,15000,0
CIE,20151118,1,1.03,1,1,73811,0
CIE,20151119,1,1,1,1,0,0
CIE,20151120,1,1,1,1,0,0
CIE,20151123,1,1.01,1,1.01,20000,0
CIE,20151124,1,1,1,1,15000,0
CIE,20151125,1,1,1,1,2020,0
CIE,20151126,1,1,0.99,0.99,30000,0
CIE,20151127,0.99,0.99,0.99,0.99,0,0
CIE,20151130,0.99,0.99,0.99,0.99,0,0
CIE,20151201,0.99,1,0.99,1,85000,0
CIE,20151202,1,1,1,1,0,0
CIE,20151203,0.985,0.985,0.985,0.985,1500,0
CIE,20151204,0.985,0.985,0.985,0.985,18500,0
CIE,20151207,0.98,0.98,0.98,0.98,34000,0
CIE,20151208,0.975,0.98,0.975,0.98,20000,0
CIE,20151209,0.98,0.98,0.98,0.98,0,0
CIE,20151210,0.995,1.02,0.995,1.02,28500,0
CIE,20151211,1.015,1.015,1.015,1.015,10000,0
CIE,20151214,1.015,1.015,1.015,1.015,0,0
CIE,20151215,0.995,0.995,0.995,0.995,25000,0
CIE,20151216,0.995,0.995,0.995,0.995,0,0
CIE,20151217,0.99,1,0.99,1,91735,0
CIE,20151218,1,1,1,1,0,0
CIE,20151221,0.985,0.985,0.985,0.985,2000,0
CIE,20151222,0.99,0.99,0.985,0.985,13265,0
CIE,20151223,1,1,1,1,43839,0
CIE,20151224,1,1,1,1,0,0
CIE,20151225,1,1,1,1,0,0
CIE,20151228,1,1,1,1,0,0
CIE,20151229,1,1,1,1,0,0
CIE,20151230,1,1,0.985,0.985,39000,0
CIE,20151231,0.985,0.985,0.985,0.985,0,0
CIE,20160101,0.985,0.985,0.985,0.985,0,0
CIE,20160104,1,1,1,1,27000,0
CIE,20160105,1,1,1,1,0,0
CIE,20160106,0.985,0.985,0.985,0.985,4000,0
CIE,20160107,1,1,0.985,0.985,63000,0
CIE,20160108,0.985,0.99,0.985,0.99,30000,0
CIE,20160111,0.99,0.99,0.99,0.99,20456,0
CIE,20160112,0.99,0.99,0.99,0.99,0,0
CIE,20160113,1,1,1,1,15844,0
CIE,20160114,0.995,0.995,0.995,0.995,5000,0
CIE,20160115,0.995,0.995,0.995,0.995,4200,0
CIE,20160118,0.985,1,0.975,0.975,60019,0
CIE,20160119,1,1,1,1,5000,0
CIE,20160120,1,1,1,1,10000,0
CIE,20160121,0.985,0.985,0.985,0.985,30000,0
CIE,20160122,0.985,0.985,0.985,0.985,0,0
CIE,20160125,0.99,1,0.99,1,45565,0
CIE,20160126,1,1,1,1,0,0
CIE,20160127,1,1,1,1,38633,0
CIE,20160128,1,1.03,1,1.03,52502,0
CIE,20160129,1.03,1.03,1.03,1.03,0,0
CIE,20160201,1.05,1.05,1.05,1.05,13000,0
CIE,20160202,1.05,1.05,1.05,1.05,0,0
CIE,20160203,1.05,1.05,1.05,1.05,0,0
CIE,20160204,1.01,1.01,1.01,1.01,20000,0
CIE,20160205,1.01,1.01,1.01,1.01,27000,0
CIE,20160208,1,1,1,1,15000,0
CIE,20160209,1,1,0.99,1,59000,0
CIE,20160210,1,1,0.97,0.98,35736,0
CIE,20160211,0.98,0.98,0.97,0.98,36433,0
CIE,20160212,0.98,0.98,0.96,0.96,50406,0
CIE,20160215,0.96,0.96,0.96,0.96,67300,0
CIE,20160216,0.96,0.96,0.96,0.96,50000,0
CIE,20160217,0.96,0.96,0.96,0.96,3000,0
CIE,20160218,0.96,0.96,0.96,0.96,7500,0
CIE,20160219,0.96,0.96,0.96,0.96,0,0
CIE,20160222,0.96,0.96,0.95,0.95,21100,0
CIE,20160223,0.94,0.94,0.94,0.94,4500,0
CIE,20160224,0.96,0.96,0.96,0.96,5000,0
CIE,20160225,0.94,0.94,0.94,0.94,20000,0
CIE,20160226,0.95,0.95,0.93,0.93,18500,0
CIE,20160229,0.925,0.925,0.925,0.925,1500,0
CIE,20160301,0.925,0.925,0.925,0.925,0,0
CIE,20160302,0.925,0.925,0.925,0.925,0,0
CIE,20160303,0.925,0.925,0.925,0.925,0,0
CIE,20160304,0.925,0.925,0.925,0.925,0,0
CIE,20160307,0.925,0.925,0.925,0.925,0,0
CIE,20160308,0.94,0.94,0.94,0.94,5000,0
CIE,20160309,0.97,0.97,0.97,0.97,35745,0
CIE,20160310,0.965,0.975,0.965,0.975,72115,0
CIE,20160311,0.975,0.975,0.975,0.975,0,0
CIE,20160314,0.975,0.975,0.975,0.975,0,0
CIE,20160315,0.965,0.975,0.965,0.975,70140,0
CIE,20160316,0.975,0.975,0.975,0.975,0,0
CIE,20160317,0.975,0.975,0.975,0.975,0,0
CIE,20160318,0.975,0.975,0.975,0.975,0,0
CIE,20160321,0.95,0.975,0.94,0.975,42625,0
CIE,20160322,0.96,0.96,0.96,0.96,1999,0
CIE,20160323,0.96,0.96,0.96,0.96,52000,0
CIE,20160324,0.965,0.965,0.96,0.96,14824,0
CIE,20160325,0.96,0.96,0.96,0.96,0,0
CIE,20160328,0.96,0.96,0.96,0.96,0,0
CIE,20160329,0.945,0.945,0.925,0.925,100545,0
CIE,20160330,0.95,0.96,0.95,0.96,34350,0
CIE,20160331,0.96,0.96,0.96,0.96,20500,0
CIE,20160401,0.96,0.96,0.96,0.96,0,0
CIE,20160404,0.96,0.96,0.96,0.96,521,0
CIE,20160405,0.96,0.96,0.96,0.96,0,0
CIE,20160406,0.955,0.96,0.925,0.925,60833,0
CIE,20160407,0.96,0.96,0.96,0.96,2,0
CIE,20160408,0.925,0.925,0.925,0.925,16120,0
CIE,20160411,0.925,0.955,0.925,0.955,36200,0
CIE,20160412,0.94,0.94,0.94,0.94,10000,0
CIE,20160413,0.93,0.93,0.925,0.925,90980,0
CIE,20160414,0.925,0.925,0.925,0.925,0,0
CIE,20160415,0.94,0.94,0.93,0.93,20531,0
CIE,20160418,0.935,0.94,0.935,0.94,43000,0
CIE,20160419,0.95,0.95,0.94,0.94,11100,0
CIE,20160420,0.94,0.94,0.94,0.94,0,0
CIE,20160421,0.94,0.95,0.94,0.95,6000,0
CIE,20160422,0.95,0.95,0.95,0.95,0,0
CIE,20160425,0.95,0.95,0.95,0.95,0,0
CIE,20160426,0.95,0.95,0.95,0.95,0,0
CIE,20160427,0.95,0.95,0.95,0.95,20000,0
CIE,20160428,0.94,0.955,0.94,0.955,37298,0
CIE,20160429,0.955,0.955,0.955,0.955,0,0
CIE,20160502,0.955,0.955,0.955,0.955,0,0
CIE,20160503,0.93,0.96,0.915,0.96,53365,0
CIE,20160504,0.96,0.975,0.96,0.975,11460,0
CIE,20160505,0.96,0.97,0.96,0.96,62700,0
CIE,20160506,0.965,0.97,0.965,0.97,35000,0
CIE,20160509,0.96,0.97,0.96,0.97,15375,0
CIE,20160510,0.97,0.97,0.97,0.97,11430,0
CIE,20160511,0.97,0.97,0.97,0.97,0,0
CIE,20160512,0.965,0.97,0.965,0.97,10310,0
CIE,20160513,0.945,0.945,0.94,0.94,25000,0
CIE,20160516,0.95,0.95,0.92,0.92,70000,0
CIE,20160517,0.92,0.92,0.92,0.92,0,0
CIE,20160518,0.955,0.955,0.955,0.955,10000,0
CIE,20160519,0.955,0.955,0.955,0.955,0,0
CIE,20160520,0.955,0.955,0.955,0.955,0,0
CIE,20160523,0.94,0.94,0.94,0.94,10000,0
CIE,20160524,0.94,0.94,0.94,0.94,0,0
CIE,20160525,0.94,0.94,0.94,0.94,0,0
CIE,20160526,0.95,0.95,0.94,0.94,47000,0
CIE,20160527,0.935,0.935,0.935,0.935,12000,0
CIE,20160530,0.94,0.94,0.93,0.93,87000,0
CIE,20160531,0.935,0.935,0.93,0.93,21000,0
CIE,20160601,0.93,0.93,0.93,0.93,0,0
CIE,20160602,0.94,0.94,0.92,0.92,85663,0
CIE,20160603,0.935,0.94,0.935,0.94,31948,0
CIE,20160606,0.935,0.935,0.935,0.935,31500,0
CIE,20160607,0.925,0.935,0.925,0.925,113389,0
CIE,20160608,0.925,0.925,0.925,0.925,0,0
CIE,20160609,0.92,0.95,0.92,0.95,288000,0
CIE,20160610,0.93,0.93,0.93,0.93,50000,0
CIE,20160613,0.93,0.93,0.93,0.93,0,0
CIE,20160614,0.92,0.92,0.915,0.915,41696,0
CIE,20160615,0.945,0.945,0.945,0.945,73000,0
CIE,20160616,0.945,0.945,0.915,0.915,53000,0
CIE,20160617,0.915,0.94,0.915,0.94,22000,0
CIE,20160620,0.945,0.945,0.94,0.94,36400,0
CIE,20160621,0.94,0.94,0.94,0.94,0,0
CIE,20160622,0.93,0.93,0.92,0.93,48000,0
CIE,20160623,0.94,0.945,0.94,0.945,21500,0
CIE,20160624,0.93,0.93,0.92,0.92,36572,0
CIE,20160627,0.92,0.92,0.92,0.92,40000,0
CIE,20160628,0.92,0.92,0.91,0.91,21428,0
CIE,20160629,0.92,0.92,0.92,0.92,7000,0
CIE,20160630,0.925,0.925,0.92,0.92,75000,0
CIE,20160701,0.93,0.94,0.925,0.925,89500,0
CIE,20160704,0.94,0.945,0.94,0.945,3977,0
CIE,20160705,0.945,0.945,0.935,0.94,135875,0
CIE,20160706,0.935,0.935,0.93,0.93,29927,0
CIE,20160707,0.94,0.94,0.94,0.94,59000,0
CIE,20160708,0.94,0.95,0.94,0.95,231500,0
CIE,20160711,0.95,0.95,0.945,0.945,77900,0
CIE,20160712,0.945,0.95,0.945,0.95,55000,0
CIE,20160713,0.95,0.95,0.94,0.95,126300,0
CIE,20160714,0.95,0.95,0.95,0.95,117150,0
CIE,20160715,0.945,0.945,0.945,0.945,45960,0
CIE,20160718,0.945,0.945,0.945,0.945,11790,0
CIE,20160719,0.95,0.95,0.94,0.94,58500,0
CIE,20160720,0.94,0.94,0.94,0.94,23000,0
CIE,20160721,0.95,0.95,0.945,0.95,259510,0
CIE,20160722,0.95,0.96,0.95,0.95,74222,0
CIE,20160725,0.95,0.95,0.95,0.95,30000,0
CIE,20160726,0.955,0.955,0.95,0.95,25016,0
CIE,20160727,0.95,0.95,0.95,0.95,0,0
CIE,20160728,0.97,0.97,0.97,0.97,10435,0
CIE,20160729,0.96,0.97,0.96,0.97,32700,0
CIE,20160801,0.97,0.97,0.955,0.955,169305,0
CIE,20160802,0.955,0.955,0.955,0.955,0,0
CIE,20160803,0.955,0.98,0.955,0.98,60300,0
CIE,20160804,0.97,0.97,0.97,0.97,20465,0
CIE,20160805,0.965,0.98,0.955,0.955,57854,0
CIE,20160808,0.955,0.96,0.95,0.95,65000,0
CIE,20160809,0.95,0.95,0.95,0.95,0,0
CIE,20160810,0.955,0.98,0.955,0.96,89000,0
CIE,20160811,0.98,0.98,0.965,0.965,88000,0
CIE,20160812,0.97,0.97,0.97,0.97,50000,0
CIE,20160815,0.97,0.97,0.97,0.97,0,0
CIE,20160816,0.985,0.985,0.955,0.96,362751,0
CIE,20160817,0.96,0.96,0.96,0.96,55058,0
CIE,20160818,0.99,0.99,0.99,0.99,29600,0
CIE,20160819,0.975,0.99,0.97,0.97,38400,0
CIE,20160822,0.97,0.97,0.97,0.97,0,0
CIE,20160823,0.97,0.97,0.97,0.97,0,0
CIE,20160824,0.99,0.99,0.975,0.975,35115,0
CIE,20160825,0.975,0.975,0.975,0.975,50000,0
CIE,20160826,0.975,0.975,0.975,0.975,0,0
CIE,20160829,0.995,0.995,0.99,0.995,22200,0
CIE,20160830,0.99,1,0.99,0.995,117000,0
CIE,20160831,0.995,0.995,0.98,0.98,125264,0
CIE,20160901,0.98,0.98,0.975,0.98,59000,0
CIE,20160902,0.98,0.98,0.97,0.97,10000,0
CIE,20160905,0.975,0.975,0.975,0.975,101253,0
CIE,20160906,0.975,0.98,0.97,0.97,185280,0
CIE,20160907,0.975,0.98,0.975,0.977,185433,0
CIE,20160908,0.98,1,0.98,0.995,130716,0
CIE,20160909,0.995,0.995,0.99,0.995,94700,0
CIE,20160912,0.99,0.99,0.975,0.99,217393,0
CIE,20160913,0.99,0.99,0.99,0.99,0,0
CIE,20160914,0.96,0.96,0.96,0.96,25000,0
CIE,20160915,0.97,0.975,0.96,0.975,45675,0
CIE,20160916,0.975,0.975,0.965,0.965,33625,0
CIE,20160919,0.965,0.965,0.965,0.965,25000,0
CIE,20160920,0.965,0.965,0.965,0.965,0,0
CIE,20160921,0.965,0.965,0.965,0.965,0,0
CIE,20160922,0.975,0.99,0.97,0.99,91050,0
CIE,20160923,0.975,0.975,0.975,0.975,15000,0
CIE,20160926,0.975,0.975,0.975,0.975,0,0
CIE,20160927,0.985,0.985,0.985,0.985,55300,0
CIE,20160928,0.985,0.99,0.98,0.99,20254,0
CIE,20160929,0.975,0.975,0.95,0.95,391000,0
CIE,20160930,0.95,0.95,0.945,0.95,37923,0
CIE,20161003,0.95,0.955,0.945,0.955,178260,0
CIE,20161004,0.955,0.965,0.955,0.965,18500,0
CIE,20161005,0.965,0.97,0.945,0.97,87500,0
CIE,20161006,0.96,0.96,0.96,0.96,73000,0
CIE,20161007,0.97,0.97,0.96,0.96,50770,0
CIE,20161010,0.975,0.975,0.975,0.975,50000,0
CIE,20161011,0.965,0.97,0.96,0.97,82078,0
CIE,20161012,0.975,0.975,0.965,0.965,35815,0
CIE,20161013,0.96,0.97,0.96,0.96,18500,0
CIE,20161014,0.965,0.965,0.965,0.965,16281,0
CIE,20161017,0.965,0.965,0.965,0.965,0,0
CIE,20161018,0.965,0.97,0.965,0.97,54937,0
CIE,20161019,0.965,0.965,0.955,0.955,110916,0
CIE,20161020,0.955,0.96,0.945,0.945,211777,0
CIE,20161021,0.945,0.965,0.945,0.965,27328,0
CIE,20161024,0.96,0.96,0.96,0.96,41770,0
CIE,20161025,0.96,0.96,0.96,0.96,26000,0
CIE,20161026,0.96,0.96,0.95,0.96,37584,0
CIE,20161027,0.975,0.975,0.975,0.975,14587,0
CIE,20161028,0.975,0.975,0.975,0.975,26432,0
CIE,20161031,0.97,0.98,0.97,0.98,65119,0
CIE,20161101,0.975,0.975,0.975,0.975,2000,0
CIE,20161102,0.975,0.975,0.975,0.975,0,0
CIE,20161103,0.975,0.975,0.975,0.975,0,0
CIE,20161104,0.975,0.975,0.94,0.94,27334737,0
CIE,20161107,0.94,0.945,0.93,0.94,550820,0
CIE,20161108,0.94,0.945,0.937,0.94,160942,0
CIE,20161109,0.94,0.945,0.92,0.92,287992,0
CIE,20161110,0.94,0.96,0.94,0.95,160272,0
CIE,20161111,0.955,0.955,0.95,0.955,92872,0
CIE,20161114,0.955,0.96,0.94,0.94,268843,0
CIE,20161115,0.94,0.94,0.93,0.94,75970,0
CIE,20161116,0.94,0.94,0.925,0.93,61090,0
CIE,20161117,0.93,0.935,0.93,0.932,228945,0
CIE,20161118,0.93,0.932,0.93,0.93,110120,0
CIE,20161121,0.93,0.93,0.925,0.93,56460,0
CIE,20161122,0.93,0.935,0.915,0.92,256031,0
CIE,20161123,0.93,0.935,0.93,0.935,93810,0
CIE,20161124,0.93,0.935,0.93,0.93,184500,0
CIE,20161125,0.93,0.935,0.93,0.935,74650,0
CIE,20161128,0.94,0.945,0.93,0.935,162598,0
CIE,20161129,0.945,0.95,0.94,0.94,31333,0
CIE,20161130,0.945,0.95,0.942,0.95,26667,0
CIE,20161201,0.955,0.955,0.955,0.955,54688,0
CIE,20161202,0.955,0.955,0.95,0.95,44200,0
CIE,20161205,0.95,0.95,0.95,0.95,94082,0
CIE,20161206,0.955,0.96,0.95,0.96,106164,0
CIE,20161207,0.96,0.96,0.95,0.955,91380,0
CIE,20161208,0.955,0.965,0.955,0.96,58000,0
CIE,20161209,0.96,0.96,0.96,0.96,52204,0
CIE,20161212,0.96,0.965,0.96,0.965,160460,0
CIE,20161213,0.96,0.96,0.95,0.95,52900,0
CIE,20161214,0.96,0.96,0.96,0.96,44629,0
CIE,20161215,0.96,0.96,0.94,0.94,86348,0
CIE,20161216,0.95,0.965,0.95,0.96,107071,0
CIE,20161219,0.95,0.95,0.95,0.95,105780,0
CIE,20161220,0.95,0.95,0.945,0.945,192456,0
CIE,20161221,0.95,0.95,0.945,0.95,235193,0
CIE,20161222,0.95,0.975,0.95,0.955,208450,0
CIE,20161223,0.96,0.96,0.95,0.95,146101,0
CIE,20161226,0.95,0.95,0.95,0.95,0,0
CIE,20161227,0.95,0.95,0.95,0.95,0,0
CIE,20161228,0.95,0.95,0.945,0.95,154561,0
CIE,20161229,0.945,0.955,0.945,0.955,556000,0
CIE,20161230,0.95,0.95,0.95,0.95,59410,0
CIE,20170102,0.95,0.95,0.95,0.95,0,0
CIE,20170103,0.95,0.95,0.945,0.95,192908,0
CIE,20170104,0.95,0.95,0.94,0.95,307242,0
CIE,20170105,0.95,0.955,0.945,0.95,224614,0
CIE,20170106,0.95,0.96,0.945,0.96,168836,0
CIE,20170109,0.95,0.96,0.95,0.955,405004,0
CIE,20170110,0.955,0.96,0.955,0.96,548964,0
CIE,20170111,0.96,0.96,0.96,0.96,338772,0
CIE,20170112,0.96,0.965,0.96,0.965,481472,0
CIE,20170113,0.965,0.965,0.96,0.96,235101,0
CIE,20170116,0.965,0.965,0.96,0.96,423497,0
CIE,20170117,0.96,0.965,0.96,0.965,378290,0
CIE,20170118,0.96,0.965,0.96,0.96,341603,0
CIE,20170119,0.96,0.965,0.955,0.955,287500,0
CIE,20170120,0.96,0.96,0.95,0.95,368820,0
CIE,20170123,0.96,0.965,0.95,0.96,348082,0
CIE,20170124,0.96,0.96,0.96,0.96,151997,0
CIE,20170125,0.97,0.975,0.965,0.97,59015,0
CIE,20170126,0.97,0.97,0.97,0.97,0,0
CIE,20170127,0.965,0.97,0.96,0.965,188871,0
CIE,20170130,0.965,0.98,0.96,0.96,394608,0
CIE,20170131,0.97,0.97,0.96,0.96,299213,0
CIE,20170201,0.965,0.965,0.96,0.96,158525,0
CIE,20170202,0.97,0.975,0.96,0.96,272913,0
CIE,20170203,0.97,0.97,0.965,0.965,148151,0
CIE,20170206,0.97,0.97,0.96,0.965,298499,0
CIE,20170207,0.965,0.97,0.96,0.97,301802,0
CIE,20170208,0.965,0.99,0.965,0.99,333163,0
CIE,20170209,0.99,0.99,0.975,0.975,130518,0
CIE,20170210,0.975,0.975,0.975,0.975,200000,0
CIE,20170213,0.98,0.985,0.98,0.98,136512,0
CIE,20170214,0.98,0.98,0.97,0.97,116027,0
CIE,20170215,0.98,0.99,0.96,0.96,76110,0
CIE,20170216,0.98,0.98,0.96,0.98,90300,0
CIE,20170217,0.98,0.98,0.975,0.975,151603,0
CIE,20170220,0.97,0.975,0.965,0.975,206563,0
CIE,20170221,0.975,0.975,0.97,0.975,111033,0
CIE,20170222,0.97,0.975,0.97,0.975,111576,0
CIE,20170223,0.975,0.975,0.97,0.975,135112,0
CIE,20170224,0.97,0.975,0.97,0.975,73511,0
CIE,20170227,0.95,0.95,0.95,0.95,87530,0
CIE,20170228,0.95,0.95,0.93,0.95,174600,0
CIE,20170301,0.93,0.94,0.93,0.94,52366,0
CIE,20170302,0.94,0.95,0.94,0.95,182700,0
CIE,20170303,0.95,0.95,0.95,0.95,0,0
CIE,20170306,0.94,0.945,0.935,0.935,45150,0
CIE,20170307,0.945,0.95,0.935,0.945,148790,0
CIE,20170308,0.93,0.95,0.93,0.93,175696,0
CIE,20170309,0.93,0.95,0.93,0.95,16527,0
CIE,20170310,0.95,0.95,0.94,0.95,166841,0
CIE,20170313,0.945,0.945,0.925,0.925,53827,0
CIE,20170314,0.935,0.935,0.935,0.935,2000,0
CIE,20170315,0.935,0.95,0.935,0.95,88622,0
CIE,20170316,0.94,0.95,0.935,0.94,89712,0
CIE,20170317,0.94,0.955,0.935,0.955,41250,0
CIE,20170320,0.95,0.95,0.935,0.935,56141,0
CIE,20170321,0.945,0.945,0.945,0.945,2001,0
CIE,20170322,0.945,0.95,0.94,0.95,55499,0
CIE,20170323,0.95,0.955,0.945,0.955,55105,0
CIE,20170324,0.955,0.955,0.955,0.955,13904,0
CIE,20170327,0.955,0.96,0.955,0.96,40517,0
CIE,20170328,0.96,0.97,0.955,0.955,100150,0
CIE,20170329,0.955,0.955,0.945,0.955,157707,0
CIE,20170330,0.95,0.975,0.95,0.975,61116,0
CIE,20170331,0.975,0.975,0.97,0.97,23044,0
CIE,20170403,0.97,0.97,0.96,0.96,49553,0
CIE,20170404,0.955,0.97,0.955,0.965,95143,0
CIE,20170405,0.965,0.97,0.965,0.965,73084,0
CIE,20170406,0.965,0.965,0.965,0.965,57050,0
CIE,20170407,0.965,0.965,0.96,0.965,58313,0
CIE,20170410,0.96,0.965,0.96,0.96,103450,0
CIE,20170411,0.96,0.965,0.955,0.96,123155,0
CIE,20170412,0.96,0.96,0.95,0.96,31934,0
CIE,20170413,0.96,0.96,0.96,0.96,20780,0
CIE,20170414,0.96,0.96,0.96,0.96,0,0
CIE,20170417,0.96,0.96,0.96,0.96,0,0
CIE,20170418,0.95,0.96,0.945,0.95,57618,0
CIE,20170419,0.94,0.95,0.94,0.95,45107,0
CIE,20170420,0.95,0.96,0.95,0.95,51371,0
CIE,20170421,0.955,0.955,0.935,0.94,222684,0
CIE,20170424,0.94,0.95,0.94,0.95,69500,0
CIE,20170425,0.95,0.95,0.95,0.95,0,0
CIE,20170426,0.95,0.97,0.95,0.95,172947,0
CIE,20170427,0.96,0.965,0.96,0.965,33041,0
CIE,20170428,0.965,0.965,0.965,0.965,1000,0
CIE,20170501,0.97,0.97,0.95,0.95,67393,0
CIE,20170502,0.97,0.97,0.95,0.95,33370,0
CIE,20170503,0.955,0.955,0.95,0.95,20000,0
CIE,20170504,0.95,0.95,0.95,0.95,0,0
CIE,20170505,0.965,0.97,0.96,0.97,71258,0
CIE,20170508,0.97,0.98,0.96,0.96,125852,0
CIE,20170509,0.96,0.975,0.96,0.96,60698,0
CIE,20170510,0.975,0.975,0.975,0.975,5100,0
CIE,20170511,0.975,0.975,0.975,0.975,10200,0
CIE,20170512,0.975,0.975,0.975,0.975,22400,0
CIE,20170515,0.96,0.975,0.96,0.975,47605,0
CIE,20170516,0.975,0.975,0.97,0.97,66249,0
CIE,20170517,0.97,0.97,0.965,0.965,122777,0
CIE,20170518,0.96,0.975,0.95,0.975,104510,0
CIE,20170519,0.975,0.975,0.97,0.975,125900,0
CIE,20170522,0.965,0.97,0.965,0.97,20000,0
CIE,20170523,0.97,0.98,0.96,0.98,142149,0
CIE,20170524,0.97,0.97,0.94,0.95,156216,0
CIE,20170525,0.975,1,0.975,0.99,202422,0
CIE,20170526,0.98,0.98,0.975,0.975,39550,0
CIE,20170529,0.98,0.98,0.98,0.98,118470,0
CIE,20170530,0.975,0.975,0.95,0.95,189103,0
CIE,20170531,0.95,0.95,0.945,0.95,115157,0
CIE,20170601,0.95,0.95,0.95,0.95,69728,0
CIE,20170602,0.95,0.95,0.95,0.95,117050,0
CIE,20170605,0.95,0.95,0.945,0.95,81365,0
CIE,20170606,0.95,0.955,0.95,0.955,55450,0
CIE,20170607,0.945,0.955,0.945,0.955,35360,0
CIE,20170608,0.955,0.955,0.94,0.94,126709,0
CIE,20170609,0.945,0.955,0.945,0.955,53709,0
CIE,20170612,0.955,0.955,0.955,0.955,0,0
CIE,20170613,0.945,0.96,0.945,0.945,186033,0
CIE,20170614,0.95,0.95,0.945,0.95,112782,0
CIE,20170615,0.94,0.95,0.93,0.94,53605,0
CIE,20170616,0.96,0.965,0.945,0.95,35116,0
CIE,20170619,0.96,0.96,0.945,0.96,80825,0
CIE,20170620,0.95,0.95,0.94,0.94,117829,0
CIE,20170621,0.94,0.96,0.94,0.95,84986,0
CIE,20170622,0.95,0.95,0.95,0.95,0,0
CIE,20170623,0.96,0.96,0.96,0.96,26000,0
CIE,20170626,0.955,0.955,0.955,0.955,8000,0
CIE,20170627,0.955,0.96,0.955,0.955,98813,0
CIE,20170628,0.95,0.95,0.93,0.935,77251,0
CIE,20170629,0.935,0.95,0.93,0.95,130177,0
CIE,20170630,0.95,0.965,0.945,0.965,83899,0
CIE,20170703,0.965,0.99,0.95,0.95,87972,0
CIE,20170704,0.97,0.97,0.95,0.95,34372,0
CIE,20170705,0.95,0.965,0.935,0.95,53722,0
CIE,20170706,0.95,0.95,0.95,0.95,29330,0
CIE,20170707,0.96,0.96,0.96,0.96,24487,0
CIE,20170710,0.965,0.965,0.965,0.965,39126,0
CIE,20170711,0.99,0.99,0.96,0.96,70307,0
CIE,20170712,0.97,0.97,0.97,0.97,15679,0
CIE,20170713,0.97,0.97,0.97,0.97,0,0
CIE,20170714,0.98,0.98,0.98,0.98,17750,0
CIE,20170717,0.98,1,0.97,0.97,137862,0
CIE,20170718,0.97,0.97,0.97,0.97,0,0
CIE,20170719,0.98,0.98,0.98,0.98,20000,0
CIE,20170720,0.98,0.99,0.97,0.975,83021,0
CIE,20170721,0.975,0.99,0.97,0.97,232059,0
CIE,20170724,0.97,0.98,0.97,0.97,45110,0
CIE,20170725,0.98,0.98,0.98,0.98,12000,0
CIE,20170726,0.98,0.98,0.98,0.98,0,0
CIE,20170727,0.97,0.97,0.97,0.97,10413,0
CIE,20170728,0.97,0.98,0.97,0.98,79793,0
CIE,20170731,0.995,0.995,0.995,0.995,25000,0
CIE,20170801,0.995,0.995,0.985,0.985,36542,0
CIE,20170802,0.99,1,0.99,1,201417,0
CIE,20170803,0.995,0.995,0.98,0.995,88854,0
CIE,20170804,0.99,0.99,0.975,0.975,50820,0
CIE,20170807,0.98,0.98,0.98,0.98,25000,0
CIE,20170808,0.98,0.98,0.975,0.975,27300,0
CIE,20170809,0.975,0.99,0.975,0.99,82737,0
CIE,20170810,0.98,0.98,0.98,0.98,26000,0
CIE,20170811,0.98,0.99,0.98,0.99,176633,0
CIE,20170814,0.98,0.98,0.98,0.98,16184,0
CIE,20170815,0.995,0.995,0.98,0.98,17750,0
CIE,20170816,0.99,0.99,0.98,0.98,118144,0
CIE,20170817,0.975,0.975,0.975,0.975,6676,0
CIE,20170818,0.98,0.98,0.975,0.975,28006,0
CIE,20170821,0.99,0.99,0.99,0.99,23165,0
CIE,20170822,0.985,0.985,0.98,0.98,240934,0
CIE,20170823,0.98,0.985,0.98,0.98,92050,0
CIE,20170824,0.98,0.985,0.98,0.985,29673,0
CIE,20170825,0.985,0.985,0.985,0.985,76903,0
CIE,20170828,0.985,0.985,0.975,0.975,26264,0
CIE,20170829,0.975,0.985,0.975,0.985,32746,0
CIE,20170830,0.98,0.98,0.98,0.98,34000,0
CIE,20170831,0.97,0.98,0.97,0.98,49133,0
CIE,20170901,0.98,0.98,0.98,0.98,2000,0
CIE,20170904,0.99,0.995,0.975,0.975,181182,0
CIE,20170905,0.99,0.99,0.99,0.99,506,0
CIE,20170906,0.985,0.995,0.98,0.98,140222,0
CIE,20170907,0.995,1,0.98,0.98,52958,0
CIE,20170908,0.99,1,0.99,1,53650,0
CIE,20170911,1,1,0.99,0.99,127055,0
CIE,20170912,0.99,0.99,0.99,0.99,54559,0
CIE,20170913,0.985,1,0.98,0.98,133342,0
CIE,20170914,0.98,0.98,0.98,0.98,35000,0
CIE,20170915,0.99,1,0.985,0.985,36728,0
CIE,20170918,1,1,0.995,1,97246,0
CIE,20170919,0.995,1.005,0.995,1.005,132500,0
CIE,20170920,1.005,1.01,1,1,1191942,0
CIE,20170921,1,1,0.995,0.995,1124047,0
CIE,20170922,0.995,1,0.995,0.995,2287842,0
CIE,20170925,0.97,0.985,0.97,0.975,249115,0
CIE,20170926,0.98,1,0.98,1,33155,0
CIE,20170927,1,1,0.98,0.99,152925,0
CIE,20170928,0.99,0.99,0.99,0.99,46000,0
CIE,20170929,0.985,0.985,0.975,0.975,91200,0
CIE,20171002,0.985,0.99,0.975,0.975,135121,0
CIE,20171003,0.985,0.99,0.985,0.99,7000,0
CIE,20171004,0.99,0.99,0.985,0.985,72196,0
CIE,20171005,0.975,0.99,0.975,0.98,141593,0
CIE,20171006,0.99,0.99,0.98,0.99,111646,0
CIE,20171009,0.99,0.99,0.99,0.99,0,0
CIE,20171010,0.99,0.99,0.99,0.99,0,0
CIE,20171011,0.98,0.985,0.98,0.985,32029,0
CIE,20171012,0.985,0.99,0.985,0.99,122150,0
CIE,20171013,0.985,0.99,0.985,0.985,122111,0
CIE,20171016,0.985,0.985,0.985,0.985,0,0
CIE,20171017,0.985,0.99,0.985,0.99,177046,0
CIE,20171018,0.99,0.99,0.98,0.99,140446,0
CIE,20171019,0.985,0.985,0.98,0.98,124667,0
CIE,20171020,0.985,0.995,0.985,0.99,142175,0
CIE,20171023,0.985,0.99,0.98,0.985,189000,0
CIE,20171024,0.98,0.99,0.98,0.985,105397,0
CIE,20171025,0.985,0.99,0.98,0.98,89081,0
CIE,20171026,0.98,0.99,0.98,0.99,145396,0
CIE,20171027,0.99,0.99,0.97,0.975,230399,0
CIE,20171030,0.98,0.98,0.955,0.955,372601,0
CIE,20171031,0.955,0.965,0.945,0.95,444196,0
CIE,20171101,0.955,0.97,0.955,0.965,155917,0
CIE,20171102,0.97,0.98,0.965,0.97,406959,0
CIE,20171103,0.975,0.98,0.97,0.97,233135,0
CIE,20171106,0.975,0.985,0.975,0.98,200494,0
CIE,20171107,0.985,0.995,0.985,0.985,193748,0
CIE,20171108,0.98,0.98,0.97,0.975,104000,0
CIE,20171109,0.975,0.975,0.965,0.965,181868,0
CIE,20171110,0.965,0.975,0.965,0.97,26651,0
CIE,20171113,0.975,0.975,0.97,0.97,67023,0
CIE,20171114,0.97,0.97,0.96,0.96,170293,0
CIE,20171115,0.96,0.96,0.945,0.945,158184,0
CIE,20171116,0.945,0.975,0.945,0.97,178032,0
CIE,20171117,0.96,0.96,0.95,0.96,85225,0
CIE,20171120,0.95,0.96,0.95,0.96,92687,0
CIE,20171121,0.96,0.975,0.95,0.95,137905,0
CIE,20171122,0.96,0.96,0.95,0.96,81689,0
CIE,20171123,0.96,0.975,0.955,0.975,172182,0
CIE,20171124,0.96,0.975,0.95,0.955,106898,0
CIE,20171127,0.96,0.975,0.95,0.95,182646,0
CIE,20171128,0.96,0.96,0.955,0.955,166962,0
CIE,20171129,0.96,0.96,0.955,0.955,145580,0
CIE,20171130,0.96,0.96,0.955,0.96,112092,0
CIE,20171201,0.96,0.96,0.96,0.96,204144,0
CIE,20171204,0.965,0.98,0.96,0.96,199285,0
CIE,20171205,0.97,0.98,0.97,0.975,134629,0
CIE,20171206,0.975,0.98,0.975,0.975,32939,0
CIE,20171207,0.97,0.985,0.965,0.97,318373,0
CIE,20171208,0.965,0.98,0.965,0.98,369017,0
CIE,20171211,0.945,0.97,0.94,0.94,1340059,0
CIE,20171212,0.96,0.96,0.95,0.96,40265,0
CIE,20171213,0.95,0.955,0.945,0.955,36812,0
CIE,20171214,0.96,0.96,0.945,0.945,51872,0
CIE,20171215,0.96,0.96,0.95,0.96,160690,0
CIE,20171218,0.96,0.97,0.955,0.965,744302,0
CIE,20171219,0.965,0.965,0.965,0.965,69380,0
CIE,20171220,0.96,0.965,0.96,0.965,167411,0
CIE,20171221,0.965,0.975,0.96,0.96,238337,0
CIE,20171222,0.965,0.965,0.955,0.965,85721,0
CIE,20171225,0.965,0.965,0.965,0.965,0,0
CIE,20171226,0.965,0.965,0.965,0.965,0,0
CIE,20171227,0.97,0.97,0.96,0.96,7163,0
CIE,20171228,0.96,0.97,0.96,0.97,61061,0
CIE,20171229,0.97,0.97,0.97,0.97,18000,0
CIE,20180101,0.97,0.97,0.97,0.97,0,0
CIE,20180102,0.97,0.97,0.96,0.965,76537,0
CIE,20180103,0.97,0.97,0.97,0.97,50633,0
CIE,20180104,0.965,0.965,0.96,0.96,121890,0
CIE,20180105,0.97,0.97,0.96,0.97,55440,0
CIE,20180108,0.97,0.97,0.965,0.965,15181,0
CIE,20180109,0.965,0.965,0.96,0.965,46409,0
CIE,20180110,0.96,0.97,0.96,0.965,67283,0
CIE,20180111,0.965,0.97,0.955,0.97,102132,0
CIE,20180112,0.965,0.965,0.95,0.955,300072,0
CIE,20180115,0.955,0.98,0.955,0.965,177189,0
CIE,20180116,0.96,0.96,0.955,0.955,80053,0
CIE,20180117,0.955,0.965,0.955,0.965,12584,0
CIE,20180118,0.96,0.96,0.955,0.955,182291,0
CIE,20180119,0.96,0.96,0.95,0.95,44099,0
CIE,20180122,0.95,0.97,0.95,0.96,142932,0
CIE,20180123,0.95,0.97,0.95,0.97,73114,0
CIE,20180124,0.97,0.97,0.96,0.97,115588,0
CIE,20180125,0.965,0.97,0.96,0.97,100156,0
CIE,20180126,0.97,0.97,0.97,0.97,0,0
CIE,20180129,0.96,0.97,0.96,0.965,144364,0
CIE,20180130,0.965,0.97,0.96,0.96,100948,0
CIE,20180131,0.955,0.96,0.95,0.95,100461,0
CIE,20180201,0.97,0.97,0.955,0.955,143848,0
CIE,20180202,0.97,0.97,0.96,0.97,93968,0
CIE,20180205,0.965,0.965,0.955,0.955,161906,0
CIE,20180206,0.95,0.95,0.93,0.94,326797,0
CIE,20180207,0.96,0.96,0.935,0.96,180322,0
CIE,20180208,0.955,0.955,0.955,0.955,74414,0
CIE,20180209,0.955,0.955,0.94,0.95,90518,0
CIE,20180212,0.955,0.965,0.95,0.955,82543,0
CIE,20180213,0.955,0.965,0.95,0.96,115944,0
CIE,20180214,0.96,0.965,0.96,0.96,73052,0
CIE,20180215,0.97,0.975,0.965,0.965,85372,0
CIE,20180216,0.97,0.97,0.96,0.96,75205,0
CIE,20180219,0.965,0.97,0.965,0.97,20645,0
CIE,20180220,0.965,0.975,0.955,0.975,110462,0
CIE,20180221,0.97,0.97,0.96,0.96,30000,0
CIE,20180222,0.965,0.965,0.96,0.96,16000,0
CIE,20180223,0.955,0.96,0.955,0.96,77288,0
CIE,20180226,0.96,0.975,0.96,0.975,219206,0
CIE,20180227,0.975,0.975,0.975,0.975,0,0
CIE,20180228,0.97,0.97,0.965,0.965,1163936,0
CIE,20180301,0.96,0.975,0.955,0.975,59419,0
CIE,20180302,0.975,0.975,0.965,0.975,116960,0
CIE,20180305,0.96,0.96,0.96,0.96,51000,0
CIE,20180306,0.96,0.97,0.96,0.97,77649,0
CIE,20180307,0.97,0.97,0.95,0.95,95747,0
CIE,20180308,0.945,0.95,0.94,0.94,103340,0
CIE,20180309,0.95,0.95,0.94,0.94,52612,0
CIE,20180312,0.945,0.945,0.945,0.945,1000,0
CIE,20180313,0.96,0.97,0.95,0.97,152550,0
CIE,20180314,0.97,0.97,0.95,0.95,276675,0
CIE,20180315,0.955,0.97,0.95,0.965,126236,0
CIE,20180316,0.965,0.97,0.955,0.955,95999,0
CIE,20180319,0.955,0.97,0.95,0.95,141367,0
CIE,20180320,0.96,0.985,0.96,0.98,358390,0
CIE,20180321,0.98,1,0.975,0.99,685315,0
CIE,20180322,0.985,0.99,0.98,0.985,231793,0
CIE,20180323,0.98,0.98,0.97,0.975,369034,0
CIE,20180326,0.97,0.98,0.96,0.97,164502,0
CIE,20180327,0.98,0.98,0.97,0.97,421159,0
CIE,20180328,0.97,0.975,0.97,0.97,2585031,0
CIE,20180329,0.975,0.985,0.955,0.965,3088319,0
CIE,20180330,0.965,0.965,0.965,0.965,0,0
CIE,20180402,0.965,0.965,0.965,0.965,0,0
CIE,20180403,0.97,1,0.97,0.985,952510,0
CIE,20180404,0.98,0.98,0.96,0.96,78886,0
CIE,20180405,0.975,0.98,0.96,0.96,213978,0
CIE,20180406,0.96,0.975,0.95,0.97,323576,0
CIE,20180409,0.965,0.98,0.955,0.97,124354,0
CIE,20180410,0.965,0.965,0.96,0.96,88116,0
CIE,20180411,0.96,0.965,0.945,0.945,105149,0
CIE,20180412,0.945,0.96,0.945,0.96,244326,0
CIE,20180413,0.95,0.96,0.945,0.945,207591,0
CIE,20180416,0.96,0.97,0.96,0.965,224577,0
CIE,20180417,0.965,0.97,0.965,0.97,25000,0
CIE,20180418,0.965,0.965,0.965,0.965,41250,0
CIE,20180419,0.96,0.97,0.95,0.97,153473,0
CIE,20180420,0.95,0.95,0.93,0.93,450630,0
CIE,20180423,0.935,0.96,0.935,0.95,222834,0
CIE,20180424,0.97,0.97,0.955,0.955,172822,0
CIE,20180425,0.955,0.955,0.955,0.955,0,0
CIE,20180426,0.955,0.97,0.955,0.97,97313,0
CIE,20180427,0.97,0.97,0.95,0.97,129015,0
CIE,20180430,0.97,0.98,0.96,0.965,346255,0
CIE,20180501,0.96,0.985,0.96,0.98,257687,0
CIE,20180502,0.98,0.98,0.96,0.965,147850,0
CIE,20180503,0.965,0.975,0.95,0.975,290022,0
CIE,20180504,0.97,0.975,0.955,0.96,42614,0
CIE,20180507,0.96,0.97,0.95,0.97,114277,0
CIE,20180508,0.97,0.97,0.955,0.965,99925,0
CIE,20180509,0.96,0.96,0.95,0.95,114468,0
CIE,20180510,0.97,0.97,0.95,0.965,209121,0
CIE,20180511,0.955,0.96,0.95,0.955,43942,0
CIE,20180514,0.95,0.97,0.95,0.965,34910,0
CIE,20180515,0.965,0.965,0.955,0.955,63880,0
CIE,20180516,0.95,0.965,0.95,0.955,120050,0
CIE,20180517,0.96,0.96,0.95,0.95,57265,0
CIE,20180518,0.96,0.965,0.96,0.965,65681,0
CIE,20180521,0.965,0.965,0.96,0.96,80726,0
CIE,20180522,0.955,0.965,0.95,0.965,134725,0
CIE,20180523,0.955,0.955,0.95,0.95,10455,0
CIE,20180524,0.95,0.95,0.95,0.95,0,0
CIE,20180525,0.95,0.955,0.95,0.95,57065,0
CIE,20180528,0.965,0.965,0.95,0.965,143250,0
CIE,20180529,0.96,0.96,0.96,0.96,52500,0
CIE,20180530,0.96,0.96,0.95,0.95,36208,0
CIE,20180531,0.95,0.955,0.95,0.955,32543,0
CIE,20180601,0.95,0.955,0.945,0.955,80500,0
CIE,20180604,0.95,0.95,0.945,0.95,102151,0
CIE,20180605,0.95,0.965,0.95,0.965,96190,0
CIE,20180606,0.955,0.96,0.945,0.96,176259,0
CIE,20180607,0.96,0.96,0.95,0.95,60360,0
CIE,20180608,0.945,0.945,0.93,0.945,107980,0
CIE,20180611,0.945,0.945,0.945,0.945,0,0
CIE,20180612,0.945,0.945,0.935,0.935,263449,0
CIE,20180613,0.94,0.955,0.935,0.94,120750,0
CIE,20180614,0.94,0.95,0.94,0.95,31500,0
CIE,20180615,0.95,0.95,0.945,0.945,39090,0
CIE,20180618,0.94,0.94,0.94,0.94,12882,0
CIE,20180619,0.94,0.94,0.93,0.94,159997,0
CIE,20180620,0.93,0.94,0.93,0.93,96339,0
CIE,20180621,0.94,0.94,0.93,0.94,249664,0
CIE,20180622,0.94,0.94,0.93,0.93,18232,0
CIE,20180625,0.94,0.94,0.93,0.93,101617,0
CIE,20180626,0.925,0.93,0.92,0.93,34527,0
CIE,20180627,0.935,0.935,0.93,0.93,55000,0
CIE,20180628,0.93,0.935,0.93,0.935,50000,0
CIE,20180629,0.94,0.94,0.94,0.94,23236,0
CIE,20180702,0.94,0.94,0.935,0.935,111240,0
CIE,20180703,0.935,0.935,0.93,0.93,9508,0
CIE,20180704,0.935,0.935,0.93,0.93,44012,0
CIE,20180705,0.93,0.93,0.92,0.925,152266,0
CIE,20180706,0.935,0.935,0.93,0.935,20765,0
CIE,20180709,0.93,0.93,0.92,0.92,106698,0
CIE,20180710,0.925,0.935,0.92,0.93,142084,0
CIE,20180711,0.93,0.94,0.92,0.925,226196,0
CIE,20180712,0.925,0.925,0.92,0.92,64301,0
CIE,20180713,0.92,0.92,0.915,0.915,122186,0
CIE,20180716,0.92,0.92,0.91,0.91,56066,0
CIE,20180717,0.91,0.91,0.9,0.9,69409,0
CIE,20180718,0.905,0.905,0.89,0.89,214429,0
CIE,20180719,0.89,0.9,0.885,0.89,207933,0
CIE,20180720,0.895,0.925,0.885,0.925,154875,0
CIE,20180723,0.91,0.91,0.91,0.91,23427,0
CIE,20180724,0.91,0.91,0.905,0.905,75021,0
CIE,20180725,0.9,0.905,0.9,0.9,35600,0
CIE,20180726,0.905,0.905,0.905,0.905,40395,0
CIE,20180727,0.905,0.935,0.905,0.935,167153,0
CIE,20180730,0.915,0.915,0.905,0.91,53494,0
CIE,20180731,0.91,0.92,0.91,0.915,58480,0
CIE,20180801,0.92,0.92,0.915,0.915,197658,0
CIE,20180802,0.915,0.915,0.91,0.91,1093,0
CIE,20180803,0.915,0.92,0.915,0.92,72811,0
CIE,20180806,0.92,0.93,0.92,0.93,49000,0
CIE,20180807,0.92,0.92,0.92,0.92,24655,0
CIE,20180808,0.92,0.92,0.915,0.915,53558,0
CIE,20180809,0.915,0.915,0.915,0.915,102412,0
CIE,20180810,0.92,0.92,0.915,0.92,55648,0
CIE,20180813,0.92,0.92,0.91,0.92,75989,0
CIE,20180814,0.92,0.92,0.915,0.92,55343,0
CIE,20180815,0.925,0.93,0.91,0.91,117070,0
CIE,20180816,0.93,0.93,0.915,0.92,120821,0
CIE,20180817,0.93,0.93,0.925,0.93,71572,0
CIE,20180820,0.93,0.93,0.925,0.93,120761,0
CIE,20180821,0.925,0.93,0.925,0.93,103349,0
CIE,20180822,0.93,0.93,0.92,0.93,43000,0
CIE,20180823,0.93,0.93,0.925,0.925,43367,0
CIE,20180824,0.925,0.925,0.92,0.92,11526,0
CIE,20180827,0.925,0.925,0.92,0.92,135650,0
CIE,20180828,0.925,0.93,0.925,0.93,17085,0
CIE,20180829,0.935,0.935,0.935,0.935,11085,0
CIE,20180830,0.935,0.935,0.935,0.935,15900,0
CIE,20180831,0.93,0.945,0.93,0.945,264053,0
CIE,20180903,0.945,0.95,0.945,0.95,93315,0
CIE,20180904,0.945,0.95,0.935,0.94,86468,0
CIE,20180905,0.94,0.95,0.94,0.95,127500,0
CIE,20180906,0.92,0.93,0.915,0.92,68255,0
CIE,20180907,0.925,0.94,0.92,0.94,163618,0
CIE,20180910,0.93,0.945,0.93,0.93,37304,0
CIE,20180911,0.93,0.93,0.92,0.92,62168,0
CIE,20180912,0.925,0.925,0.92,0.92,50538,0
CIE,20180913,0.92,0.92,0.92,0.92,1800,0
CIE,20180914,0.92,0.93,0.92,0.92,107063,0
CIE,20180917,0.93,0.93,0.93,0.93,19014,0
CIE,20180918,0.925,0.925,0.92,0.925,33657,0
CIE,20180919,0.925,0.925,0.92,0.925,50000,0
CIE,20180920,0.93,0.93,0.925,0.93,15615,0
CIE,20180921,0.93,0.93,0.92,0.93,141531,0
CIE,20180924,0.92,0.92,0.92,0.92,47702,0
CIE,20180925,0.925,0.93,0.915,0.93,120432,0
CIE,20180926,0.92,0.93,0.915,0.93,90005,0
CIE,20180927,0.925,0.925,0.92,0.92,34069,0
CIE,20180928,0.92,0.92,0.915,0.92,55646,0
CIE,20181001,0.915,0.92,0.915,0.92,32833,0
CIE,20181002,0.92,0.92,0.92,0.92,154453,0
CIE,20181003,0.915,0.92,0.915,0.915,118002,0
CIE,20181004,0.92,0.92,0.91,0.91,180346,0
CIE,20181005,0.92,0.92,0.92,0.92,17923,0
CIE,20181008,0.925,0.925,0.91,0.91,22000,0
CIE,20181009,0.915,0.915,0.905,0.905,110594,0
CIE,20181010,0.91,0.91,0.89,0.895,86563,0
CIE,20181011,0.925,0.925,0.9,0.9,43407,0
CIE,20181012,0.9,0.9,0.88,0.885,60090,0
CIE,20181015,0.885,0.885,0.88,0.885,36645,0
CIE,20181016,0.895,0.91,0.895,0.91,23582,0
CIE,20181017,0.91,0.925,0.91,0.925,52745,0
CIE,20181018,0.92,0.92,0.91,0.91,49512,0
CIE,20181019,0.91,0.93,0.91,0.915,74497,0
CIE,20181022,0.92,0.92,0.91,0.91,63778,0
CIE,20181023,0.92,0.92,0.91,0.91,22580,0
CIE,20181024,0.925,0.925,0.925,0.925,3630,0
CIE,20181025,0.91,0.91,0.895,0.9,179712,0
CIE,20181026,0.92,0.92,0.885,0.905,81529,0
CIE,20181029,0.9,0.9,0.895,0.9,83259,0
CIE,20181030,0.89,0.9,0.89,0.9,34816,0
CIE,20181031,0.89,0.89,0.89,0.89,17865,0
CIE,20181101,0.89,0.91,0.89,0.91,3535,0
CIE,20181102,0.9,0.9,0.9,0.9,39186,0
CIE,20181105,0.895,0.9,0.895,0.9,5000,0
CIE,20181106,0.895,0.9,0.89,0.89,36199,0
CIE,20181107,0.9,0.9,0.89,0.9,26844,0
CIE,20181108,0.9,0.9,0.89,0.9,83917,0
CIE,20181109,0.9,0.9,0.88,0.885,73010,0
CIE,20181112,0.9,0.9,0.885,0.885,48327,0
CIE,20181113,0.89,0.89,0.885,0.885,7962,0
CIE,20181114,0.89,0.895,0.88,0.88,54431,0
CIE,20181115,0.89,0.89,0.875,0.88,62798,0
CIE,20181116,0.88,0.91,0.88,0.905,58901,0
CIE,20181119,0.9,0.9,0.9,0.9,10840,0
CIE,20181120,0.9,0.9,0.9,0.9,5000,0
CIE,20181121,0.88,0.885,0.87,0.885,93557,0
CIE,20181122,0.88,0.885,0.87,0.885,20453,0
CIE,20181123,0.885,0.885,0.86,0.86,37580,0
CIE,20181126,0.86,0.86,0.86,0.86,63,0
CIE,20181127,0.865,0.865,0.86,0.86,4645,0
CIE,20181128,0.845,0.845,0.83,0.83,45860,0
CIE,20181129,0.83,0.83,0.82,0.825,28129,0
CIE,20181130,0.83,0.83,0.81,0.81,5158,0
CIE,20181203,0.81,0.82,0.8,0.8,242878,0
CIE,20181204,0.8,0.815,0.79,0.79,76634,0
CIE,20181205,0.795,0.805,0.795,0.805,9970,0
CIE,20181206,0.815,0.815,0.81,0.81,25050,0
CIE,20181207,0.81,0.81,0.795,0.795,16878,0
CIE,20181210,0.8,0.8,0.76,0.76,76303,0
CIE,20181211,0.77,0.79,0.76,0.76,30824,0
CIE,20181212,0.77,0.79,0.77,0.78,139052,0
CIE,20181213,0.785,0.785,0.77,0.78,53069,0
CIE,20181214,0.77,0.78,0.77,0.78,52683,0
CIE,20181217,0.775,0.78,0.775,0.78,33906,0
CIE,20181218,0.77,0.77,0.75,0.75,43456,0
CIE,20181219,0.76,0.76,0.76,0.76,28486,0
CIE,20181220,0.78,0.78,0.78,0.78,7000,0
CIE,20181221,0.76,0.78,0.75,0.78,55830,0
CIE,20181224,0.78,0.78,0.78,0.78,0,0
CIE,20181225,0.78,0.78,0.78,0.78,0,0
CIE,20181226,0.78,0.78,0.78,0.78,0,0
CIE,20181227,0.78,0.78,0.78,0.78,0,0
CIE,20181228,0.78,0.79,0.78,0.78,35640,0
CIE,20181231,0.79,0.79,0.78,0.79,114771,0
CIE,20190101,0.79,0.79,0.79,0.79,0,0
CIE,20190102,0.79,0.79,0.78,0.79,57305,0
CIE,20190103,0.775,0.79,0.775,0.79,23856,0
CIE,20190104,0.8,0.8,0.8,0.8,52168,0
CIE,20190107,0.79,0.79,0.77,0.77,80424,0
CIE,20190108,0.77,0.78,0.77,0.78,31432,0
CIE,20190109,0.78,0.8,0.78,0.79,221539,0
CIE,20190110,0.8,0.8,0.765,0.8,72519,0
CIE,20190111,0.79,0.795,0.77,0.795,63604,0
CIE,20190114,0.78,0.795,0.75,0.795,91920,0
CIE,20190115,0.79,0.81,0.77,0.81,67854,0
CIE,20190116,0.8,0.8,0.785,0.785,20518,0
CIE,20190117,0.78,0.8,0.77,0.8,40323,0
CIE,20190118,0.8,0.8,0.8,0.8,13000,0
CIE,20190121,0.8,0.8,0.77,0.8,80995,0
CIE,20190122,0.78,0.78,0.76,0.76,12058,0
CIE,20190123,0.755,0.77,0.725,0.74,140412,0
CIE,20190124,0.75,0.75,0.74,0.75,82396,0
CIE,20190125,0.77,0.77,0.76,0.77,81666,0
CIE,20190128,0.77,0.77,0.77,0.77,0,0
CIE,20190129,0.765,0.77,0.76,0.76,23297,0
CIE,20190130,0.78,0.78,0.78,0.78,18601,0
CIE,20190131,0.77,0.77,0.76,0.76,84642,0
CIE,20190201,0.78,0.8,0.78,0.8,45020,0
CIE,20190204,0.8,0.8,0.76,0.76,103814,0
CIE,20190205,0.77,0.785,0.77,0.775,30196,0
CIE,20190206,0.775,0.78,0.77,0.78,31993,0
CIE,20190207,0.775,0.79,0.765,0.79,107673,0
CIE,20190208,0.77,0.77,0.77,0.77,10908,0
CIE,20190211,0.77,0.78,0.76,0.78,97356,0
CIE,20190212,0.77,0.775,0.77,0.77,79445,0
CIE,20190213,0.765,0.775,0.765,0.765,131609,0
CIE,20190214,0.765,0.795,0.765,0.775,52511,0
CIE,20190215,0.785,0.79,0.785,0.79,53034,0
CIE,20190218,0.79,0.79,0.76,0.76,50965,0
CIE,20190219,0.785,0.79,0.785,0.79,45500,0
CIE,20190220,0.78,0.83,0.78,0.82,499003,0
CIE,20190221,0.825,0.825,0.815,0.82,148995,0
CIE,20190222,0.82,0.83,0.81,0.81,247612,0
CIE,20190225,0.825,0.825,0.765,0.785,130135,0
CIE,20190226,0.785,0.8,0.785,0.8,17893,0
CIE,20190227,0.78,0.795,0.78,0.78,87114,0
CIE,20190228,0.78,0.79,0.775,0.79,42641,0
CIE,20190301,0.78,0.79,0.77,0.77,88816,0
CIE,20190304,0.77,0.795,0.765,0.795,77747,0
CIE,20190305,0.785,0.8,0.785,0.8,13150,0
CIE,20190306,0.785,0.785,0.785,0.785,51760,0
CIE,20190307,0.78,0.78,0.765,0.765,53844,0
CIE,20190308,0.79,0.79,0.79,0.79,2500,0
CIE,20190311,0.79,0.79,0.79,0.79,22135,0
CIE,20190312,0.78,0.79,0.775,0.775,60558,0
CIE,20190313,0.79,0.79,0.78,0.78,2500,0
CIE,20190314,0.78,0.78,0.765,0.77,78471,0
CIE,20190315,0.77,0.78,0.765,0.765,133523,0
CIE,20190318,0.765,0.77,0.76,0.77,68429,0
CIE,20190319,0.77,0.77,0.765,0.765,20815,0
CIE,20190320,0.76,0.76,0.76,0.76,27459,0
CIE,20190321,0.76,0.79,0.76,0.79,178109,0
CIE,20190322,0.78,0.79,0.76,0.765,67803,0
CIE,20190325,0.79,0.79,0.79,0.79,25500,0
CIE,20190326,0.785,0.785,0.765,0.765,23050,0
CIE,20190327,0.765,0.77,0.76,0.76,80096,0
CIE,20190328,0.76,0.76,0.76,0.76,50710,0
CIE,20190329,0.76,0.77,0.755,0.77,115227,0
CIE,20190401,0.77,0.77,0.77,0.77,26120,0
CIE,20190402,0.77,0.78,0.755,0.755,250583,0
CIE,20190403,0.77,0.77,0.755,0.755,27329,0
CIE,20190404,0.77,0.77,0.765,0.765,36516,0
CIE,20190405,0.77,0.77,0.75,0.75,75582,0
CIE,20190408,0.76,0.78,0.755,0.765,63304,0
CIE,20190409,0.75,0.765,0.75,0.75,25468,0
CIE,20190410,0.77,0.77,0.765,0.77,54306,0
CIE,20190411,0.77,0.77,0.755,0.755,58000,0
CIE,20190412,0.76,0.76,0.76,0.76,10000,0
CIE,20190415,0.76,0.78,0.755,0.78,72851,0
CIE,20190416,0.76,0.78,0.76,0.78,5217,0
CIE,20190417,0.76,0.765,0.76,0.765,18602,0
CIE,20190418,0.765,0.78,0.765,0.775,23525,0
CIE,20190419,0.775,0.775,0.775,0.775,0,0
CIE,20190422,0.775,0.775,0.775,0.775,0,0
CIE,20190423,0.775,0.775,0.775,0.775,0,0
CIE,20190424,0.78,0.78,0.78,0.78,10000,0
CIE,20190425,0.78,0.78,0.78,0.78,0,0
CIE,20190426,0.78,0.78,0.765,0.765,42887,0
CIE,20190429,0.79,0.79,0.775,0.785,153249,0
CIE,20190430,0.775,0.795,0.775,0.79,533124,0
CIE,20190501,0.775,0.79,0.775,0.79,816553,0
CIE,20190502,0.79,0.79,0.78,0.78,883951,0
CIE,20190503,0.79,0.795,0.77,0.78,568925,0
CIE,20190506,0.79,0.795,0.785,0.79,174493,0
CIE,20190507,0.795,0.8,0.79,0.8,99138,0
CIE,20190508,0.795,0.795,0.795,0.795,55995,0
CIE,20190509,0.795,0.8,0.78,0.8,60111,0
CIE,20190510,0.795,0.8,0.775,0.8,107535,0
CIE,20190513,0.8,0.8,0.8,0.8,0,0
CIE,20190514,0.76,0.775,0.76,0.77,167386,0
CIE,20190515,0.77,0.77,0.755,0.76,133794,0
CIE,20190516,0.76,0.765,0.76,0.76,279979,0
CIE,20190517,0.76,0.765,0.76,0.76,66871,0
CIE,20190520,0.765,0.795,0.765,0.79,212263,0
CIE,20190521,0.79,0.795,0.78,0.795,27428,0
CIE,20190522,0.795,0.795,0.785,0.79,500193,0
CIE,20190523,0.79,0.79,0.78,0.78,67035,0
CIE,20190524,0.78,0.78,0.775,0.78,28766,0
CIE,20190527,0.79,0.79,0.79,0.79,10000,0
CIE,20190528,0.77,0.79,0.77,0.77,115587,0
CIE,20190529,0.77,0.78,0.77,0.78,28010,0
CIE,20190530,0.77,0.77,0.77,0.77,20865,0
CIE,20190531,0.77,0.77,0.755,0.765,118534,0
CIE,20190603,0.765,0.765,0.76,0.76,85619,0
CIE,20190604,0.76,0.77,0.76,0.76,106858,0
CIE,20190605,0.77,0.775,0.76,0.76,189401,0
CIE,20190606,0.76,0.76,0.76,0.76,263168,0
CIE,20190607,0.77,0.775,0.77,0.775,37011,0
CIE,20190610,0.775,0.775,0.775,0.775,0,0
CIE,20190611,0.77,0.77,0.765,0.77,189945,0
CIE,20190612,0.77,0.775,0.77,0.77,456451,0
CIE,20190613,0.77,0.775,0.77,0.77,67887,0
CIE,20190614,0.77,0.77,0.765,0.77,336593,0
CIE,20190617,0.765,0.765,0.76,0.76,58592,0
CIE,20190618,0.765,0.765,0.75,0.75,269486,0
CIE,20190619,0.765,0.765,0.755,0.755,67400,0
CIE,20190620,0.76,0.765,0.76,0.76,327945,0
CIE,20190621,0.76,0.76,0.75,0.75,211951,0
CIE,20190624,0.75,0.75,0.75,0.75,0,0
CIE,20190625,0.755,0.785,0.755,0.755,189486,0
CIE,20190626,0.775,0.775,0.75,0.75,208850,0
CIE,20190627,0.752,0.755,0.74,0.75,257392,0
CIE,20190628,0.76,0.76,0.755,0.76,161300,0
CIE,20190701,0.76,0.76,0.75,0.76,138350,0
CIE,20190702,0.76,0.785,0.76,0.78,230561,0
CIE,20190703,0.78,0.78,0.765,0.765,87137,0
CIE,20190704,0.765,0.785,0.765,0.775,96465,0
CIE,20190705,0.78,0.78,0.775,0.775,97554,0
CIE,20190708,0.775,0.78,0.775,0.78,36737,0
CIE,20190709,0.78,0.785,0.77,0.785,104502,0
CIE,20190710,0.785,0.79,0.785,0.79,140126,0
CIE,20190711,0.79,0.79,0.775,0.775,75669,0
CIE,20190712,0.79,0.79,0.79,0.79,33709,0
CIE,20190715,0.79,0.79,0.775,0.775,61429,0
CIE,20190716,0.775,0.79,0.775,0.79,195637,0
CIE,20190717,0.79,0.795,0.78,0.78,90207,0
CIE,20190718,0.79,0.79,0.77,0.77,79144,0
CIE,20190719,0.795,0.795,0.795,0.795,15514,0
CIE,20190722,0.785,0.795,0.785,0.795,135266,0
CIE,20190723,0.785,0.785,0.785,0.785,25000,0
CIE,20190724,0.795,0.795,0.785,0.785,58913,0
CIE,20190725,0.785,0.79,0.78,0.78,294699,0
CIE,20190726,0.785,0.8,0.785,0.795,132999,0
CIE,20190729,0.8,0.805,0.795,0.795,177838,0
CIE,20190730,0.795,0.805,0.795,0.8,234129,0
CIE,20190731,0.8,0.815,0.8,0.815,86084,0
CIE,20190801,0.82,0.835,0.81,0.82,217294,0
CIE,20190802,0.81,0.81,0.8,0.8,73169,0
CIE,20190805,0.805,0.82,0.8,0.805,86543,0
CIE,20190806,0.79,0.79,0.78,0.78,314048,0
CIE,20190807,0.8,0.8,0.79,0.79,8500,0
CIE,20190808,0.8,0.82,0.8,0.82,139620,0
CIE,20190809,0.81,0.825,0.81,0.815,61058,0
CIE,20190812,0.83,0.83,0.82,0.82,47950,0
CIE,20190813,0.815,0.82,0.81,0.81,155337,0
CIE,20190814,0.8,0.815,0.79,0.795,22885,0
CIE,20190815,0.785,0.785,0.78,0.785,103609,0
CIE,20190816,0.78,0.78,0.78,0.78,4786,0
CIE,20190819,0.785,0.795,0.785,0.785,47926,0
CIE,20190820,0.785,0.79,0.75,0.765,461054,0
CIE,20190821,0.76,0.76,0.75,0.75,420651,0
CIE,20190822,0.76,0.775,0.76,0.765,80182,0
CIE,20190823,0.765,0.765,0.76,0.76,82769,0
CIE,20190826,0.76,0.765,0.755,0.765,48933,0
CIE,20190827,0.78,0.79,0.775,0.785,150691,0
CIE,20190828,0.775,0.79,0.775,0.79,64013,0
CIE,20190829,0.79,0.79,0.79,0.79,55737,0
CIE,20190830,0.78,0.8,0.78,0.8,188713,0
CIE,20190902,0.8,0.805,0.79,0.8,77250,0
CIE,20190903,0.8,0.8,0.785,0.785,170189,0
CIE,20190904,0.78,0.78,0.775,0.775,249466,0
CIE,20190905,0.78,0.795,0.78,0.795,46140,0
CIE,20190906,0.795,0.8,0.79,0.79,166192,0
CIE,20190909,0.77,0.81,0.77,0.8,170015,0
CIE,20190910,0.79,0.8,0.78,0.795,165406,0
CIE,20190911,0.79,0.79,0.785,0.785,56659,0
CIE,20190912,0.79,0.83,0.79,0.83,127682,0
CIE,20190913,0.83,0.83,0.815,0.825,73673,0
CIE,20190916,0.82,0.83,0.82,0.83,27400,0
CIE,20190917,0.825,0.825,0.815,0.815,108565,0
CIE,20190918,0.82,0.85,0.815,0.815,142860,0
CIE,20190919,0.81,0.83,0.81,0.81,48768,0
CIE,20190920,0.83,0.83,0.81,0.82,31839,0
CIE,20190923,0.83,0.84,0.82,0.84,135731,0
CIE,20190924,0.83,0.84,0.83,0.84,60028,0
CIE,20190925,0.825,0.825,0.82,0.825,90873,0
CIE,20190926,0.82,0.82,0.815,0.815,87035,0
CIE,20190927,0.82,0.85,0.82,0.85,90903,0
CIE,20190930,0.825,0.845,0.825,0.84,85454,0
CIE,20191001,0.845,0.85,0.84,0.84,49850,0
CIE,20191002,0.84,0.84,0.82,0.82,150280,0
CIE,20191003,0.825,0.85,0.825,0.85,57350,0
CIE,20191004,0.85,0.85,0.83,0.845,118606,0
CIE,20191007,0.845,0.845,0.835,0.835,87500,0
CIE,20191008,0.83,0.84,0.83,0.83,109055,0
CIE,20191009,0.83,0.83,0.83,0.83,45441,0
CIE,20191010,0.835,0.835,0.807,0.83,769673,0
CIE,20191011,0.815,0.835,0.815,0.835,143525,0
CIE,20191014,0.835,0.845,0.835,0.845,186028,0
CIE,20191015,0.845,0.86,0.845,0.86,73367,0
CIE,20191016,0.86,0.87,0.85,0.87,88151,0
CIE,20191017,0.87,0.87,0.85,0.87,43484,0
CIE,20191018,0.86,0.86,0.85,0.85,5794306,0
CIE,20191021,0.85,0.855,0.845,0.855,115713,0
CIE,20191022,0.86,0.865,0.85,0.85,50645,0
CIE,20191023,0.865,0.895,0.865,0.88,198700,0
CIE,20191024,0.88,0.885,0.875,0.885,39219,0
CIE,20191025,0.88,0.88,0.865,0.865,119230,0
CIE,20191028,0.87,0.89,0.87,0.89,126889,0
CIE,20191029,0.89,0.89,0.89,0.89,7323,0
CIE,20191030,0.875,0.875,0.865,0.865,213651,0
CIE,20191031,0.87,0.87,0.855,0.865,92134,0
CIE,20191101,0.865,0.865,0.86,0.86,25000,0
CIE,20191104,0.87,0.87,0.86,0.87,38585,0
CIE,20191105,0.87,0.87,0.865,0.865,18500,0
CIE,20191106,0.865,0.865,0.86,0.86,16282,0
CIE,20191107,0.865,0.865,0.865,0.865,10000,0
CIE,20191108,0.86,0.875,0.86,0.875,23568,0
CIE,20191111,0.875,0.885,0.865,0.865,76237,0
CIE,20191112,0.865,0.865,0.865,0.865,0,0
CIE,20191113,0.87,0.88,0.865,0.865,74003,0
CIE,20191114,0.865,0.87,0.86,0.86,140431,0
CIE,20191115,0.87,0.875,0.86,0.865,43162,0
CIE,20191118,0.865,0.88,0.855,0.855,85819,0
CIE,20191119,0.865,0.865,0.865,0.865,10000,0
CIE,20191120,0.87,0.87,0.86,0.86,19154,0
CIE,20191121,0.87,0.88,0.87,0.88,13800,0
CIE,20191122,0.86,0.88,0.86,0.875,29863,0
CIE,20191125,0.86,0.875,0.855,0.875,53357,0
CIE,20191126,0.865,0.865,0.865,0.865,22288,0
CIE,20191127,0.875,0.875,0.87,0.875,210822,0
CIE,20191128,0.875,0.88,0.875,0.875,117164,0
CIE,20191129,0.88,0.88,0.87,0.875,67568,0
CIE,20191202,0.88,0.88,0.87,0.87,97884,0
CIE,20191203,0.87,0.87,0.865,0.865,157680,0
CIE,20191204,0.86,0.865,0.855,0.86,114708,0
CIE,20191205,0.865,0.865,0.86,0.865,61858,0
CIE,20191206,0.87,0.89,0.87,0.89,132000,0
CIE,20191209,0.885,0.885,0.86,0.86,38876,0
CIE,20191210,0.875,0.875,0.875,0.875,14740,0
CIE,20191211,0.87,0.87,0.86,0.86,54030,0
CIE,20191212,0.885,0.885,0.84,0.84,59914,0
CIE,20191213,0.84,0.855,0.84,0.845,45773,0
CIE,20191216,0.845,0.86,0.845,0.86,39087,0
CIE,20191217,0.86,0.87,0.86,0.86,247832,0
CIE,20191218,0.86,0.865,0.86,0.865,55865,0
CIE,20191219,0.87,0.885,0.87,0.87,132016,0
CIE,20191220,0.87,0.875,0.87,0.87,24940,0
CIE,20191223,0.87,0.87,0.87,0.87,3840,0
CIE,20191224,0.87,0.87,0.87,0.87,0,0
CIE,20191225,0.87,0.87,0.87,0.87,0,0
CIE,20191226,0.87,0.87,0.87,0.87,0,0
CIE,20191227,0.87,0.875,0.87,0.875,2259,0
CIE,20191230,0.875,0.875,0.86,0.86,44674,0
CIE,20191231,0.86,0.86,0.86,0.86,80000,0
CIE,20200101,0.86,0.86,0.86,0.86,0,0
CIE,20200102,0.87,0.87,0.87,0.87,33977,0
CIE,20200103,0.865,0.87,0.865,0.87,16156,0
CIE,20200106,0.87,0.87,0.87,0.87,0,0
CIE,20200107,0.86,0.87,0.86,0.865,36087,0
CIE,20200108,0.87,0.87,0.865,0.865,135498,0
CIE,20200109,0.87,0.87,0.865,0.865,41149,0
CIE,20200110,0.865,0.87,0.86,0.87,59269,0
CIE,20200113,0.875,0.88,0.87,0.875,90107,0
CIE,20200114,0.88,0.88,0.88,0.88,60726,0
CIE,20200115,0.88,0.88,0.875,0.875,71586,0
CIE,20200116,0.88,0.885,0.875,0.875,46635,0
CIE,20200117,0.875,0.885,0.87,0.87,143897,0
CIE,20200120,0.87,0.87,0.87,0.87,120776,0
CIE,20200121,0.875,0.875,0.86,0.86,134106,0
CIE,20200122,0.86,0.87,0.86,0.87,96737,0
CIE,20200123,0.87,0.87,0.87,0.87,140000,0
CIE,20200124,0.87,0.875,0.87,0.87,322578,0
CIE,20200127,0.87,0.87,0.87,0.87,0,0
CIE,20200128,0.87,0.87,0.84,0.845,406211,0
CIE,20200129,0.85,0.86,0.85,0.85,46997,0
CIE,20200130,0.85,0.865,0.85,0.86,88030,0
CIE,20200131,0.85,0.85,0.85,0.85,27804,0
CIE,20200203,0.85,0.85,0.83,0.83,177341,0
CIE,20200204,0.845,0.86,0.83,0.83,96630,0
CIE,20200205,0.835,0.855,0.835,0.855,53686,0
CIE,20200206,0.84,0.855,0.84,0.84,120083,0
CIE,20200207,0.84,0.855,0.835,0.855,205658,0
CIE,20200210,0.85,0.855,0.835,0.835,110102,0
CIE,20200211,0.84,0.845,0.84,0.845,19561,0
CIE,20200212,0.85,0.87,0.85,0.855,65841,0
CIE,20200213,0.845,0.845,0.835,0.84,82560,0
CIE,20200214,0.84,0.855,0.84,0.845,431876,0
CIE,20200217,0.845,0.845,0.84,0.84,181509,0
CIE,20200218,0.84,0.84,0.835,0.84,269113,0
CIE,20200219,0.845,0.855,0.845,0.845,80868,0
CIE,20200220,0.85,0.85,0.845,0.845,162124,0
CIE,20200221,0.855,0.87,0.855,0.86,182445,0
CIE,20200224,0.87,0.89,0.855,0.855,313698,0
CIE,20200225,0.845,0.875,0.84,0.865,55146,0
CIE,20200226,0.84,0.85,0.83,0.85,180852,0
CIE,20200227,0.84,0.84,0.84,0.84,7600,0
CIE,20200228,0.815,0.835,0.78,0.78,96191,0
CIE,20200302,0.75,0.75,0.71,0.75,265172,0
CIE,20200303,0.75,0.78,0.75,0.78,243390,0
CIE,20200304,0.76,0.765,0.745,0.745,103721,0
CIE,20200305,0.755,0.78,0.755,0.765,32566,0
CIE,20200306,0.755,0.76,0.725,0.75,109984,0
CIE,20200309,0.745,0.745,0.71,0.71,134034,0
CIE,20200310,0.71,0.72,0.66,0.7,267878,0
CIE,20200311,0.73,0.74,0.72,0.72,44995,0
CIE,20200312,0.7,0.7,0.67,0.67,85733,0
CIE,20200313,0.655,0.665,0.63,0.665,231780,0
CIE,20200316,0.67,0.67,0.635,0.635,35785,0
CIE,20200317,0.635,0.66,0.61,0.66,86639,0
CIE,20200318,0.67,0.67,0.655,0.66,27346,0
CIE,20200319,0.71,0.71,0.62,0.62,68032,0
CIE,20200320,0.625,0.625,0.585,0.6,138119,0
CIE,20200323,0.595,0.595,0.515,0.515,156227,0
CIE,20200324,0.555,0.555,0.555,0.555,9009,0
CIE,20200325,0.55,0.565,0.515,0.515,77818,0
CIE,20200326,0.545,0.55,0.53,0.55,84493,0
CIE,20200327,0.55,0.55,0.535,0.54,109725,0
CIE,20200330,0.54,0.55,0.52,0.55,58315,0
CIE,20200331,0.565,0.565,0.545,0.545,26424,0
CIE,20200401,0.53,0.55,0.525,0.55,75174,0
CIE,20200402,0.535,0.54,0.535,0.54,33665,0
CIE,20200403,0.55,0.55,0.53,0.53,26763,0
CIE,20200406,0.53,0.53,0.505,0.51,346125,0
CIE,20200407,0.53,0.545,0.515,0.52,159433,0
CIE,20200408,0.52,0.52,0.51,0.52,195245,0
CIE,20200409,0.525,0.535,0.52,0.535,48742,0
CIE,20200410,0.535,0.535,0.535,0.535,0,0
CIE,20200413,0.535,0.535,0.535,0.535,0,0
CIE,20200414,0.535,0.55,0.53,0.53,187559,0
CIE,20200415,0.545,0.55,0.54,0.545,100788,0
CIE,20200416,0.535,0.535,0.535,0.535,73778,0
CIE,20200417,0.55,0.57,0.55,0.56,105899,0
CIE,20200420,0.56,0.565,0.55,0.565,122711,0
CIE,20200421,0.55,0.55,0.51,0.51,163384,0
CIE,20200422,0.51,0.51,0.495,0.495,173387,0
CIE,20200423,0.505,0.52,0.495,0.495,175666,0
CIE,20200424,0.555,0.555,0.495,0.495,155171,0
CIE,20200427,0.51,0.53,0.51,0.53,57748,0
CIE,20200428,0.53,0.535,0.5,0.5,70033,0
CIE,20200429,0.51,0.53,0.51,0.53,29972,0
CIE,20200430,0.53,0.545,0.53,0.54,146958,0
CIE,20200501,0.52,0.54,0.52,0.525,216587,0
CIE,20200504,0.52,0.525,0.52,0.525,59618,0
CIE,20200505,0.525,0.54,0.52,0.52,337418,0
CIE,20200506,0.52,0.54,0.515,0.53,240203,0
CIE,20200507,0.525,0.55,0.525,0.55,458441,0
CIE,20200508,0.545,0.55,0.54,0.54,70575,0
CIE,20200511,0.54,0.555,0.54,0.545,23351,0
CIE,20200512,0.545,0.545,0.53,0.535,158497,0
CIE,20200513,0.535,0.54,0.53,0.53,11500,0
CIE,20200514,0.53,0.53,0.52,0.52,58890,0
CIE,20200515,0.53,0.53,0.53,0.53,179095,0
CIE,20200518,0.54,0.545,0.53,0.545,37464,0
CIE,20200519,0.54,0.56,0.54,0.56,241434,0
CIE,20200520,0.575,0.58,0.57,0.57,193678,0
CIE,20200521,0.58,0.6,0.58,0.58,486246,0
CIE,20200522,0.59,0.62,0.59,0.6,224859,0
CIE,20200525,0.59,0.605,0.59,0.6,88419,0
CIE,20200526,0.6,0.6,0.58,0.6,281057,0
CIE,20200527,0.61,0.61,0.575,0.605,95433,0
CIE,20200528,0.6,0.605,0.585,0.59,238575,0
CIE,20200529,0.59,0.6,0.585,0.59,86487,0
CIE,20200601,0.59,0.6,0.59,0.6,44867,0
CIE,20200602,0.6,0.6,0.595,0.595,130897,0
CIE,20200603,0.595,0.66,0.595,0.62,163770,0
CIE,20200604,0.63,0.63,0.61,0.63,224564,0
CIE,20200605,0.62,0.625,0.62,0.62,127169,0
CIE,20200608,0.62,0.62,0.62,0.62,0,0
CIE,20200609,0.64,0.685,0.64,0.645,208982,0
CIE,20200610,0.655,0.675,0.655,0.67,157348,0
CIE,20200611,0.67,0.68,0.665,0.665,461376,0
CIE,20200612,0.65,0.65,0.615,0.635,454865,0
CIE,20200615,0.635,0.635,0.635,0.635,0,0
CIE,20200616,0.65,0.65,0.64,0.64,46644,0
CIE,20200617,0.645,0.645,0.635,0.635,143786,0
CIE,20200618,0.635,0.635,0.635,0.635,0,0
CIE,20200619,0.63,0.645,0.625,0.63,74793,0
CIE,20200622,0.64,0.64,0.64,0.64,3100,0
CIE,20200623,0.645,0.65,0.635,0.65,25728,0
CIE,20200624,0.645,0.66,0.645,0.65,140073,0
CIE,20200625,0.64,0.65,0.64,0.64,162737,0
CIE,20200626,0.64,0.65,0.64,0.64,165806,0
CIE,20200629,0.635,0.64,0.635,0.635,263963,0
CIE,20200630,0.65,0.655,0.64,0.65,65434,0
CIE,20200701,0.655,0.655,0.655,0.655,150,0
CIE,20200702,0.64,0.655,0.635,0.655,33921,0
CIE,20200703,0.655,0.655,0.64,0.64,45120,0
CIE,20200706,0.64,0.64,0.64,0.64,18000,0
CIE,20200707,0.645,0.645,0.635,0.645,154692,0
CIE,20200708,0.65,0.65,0.645,0.65,222782,0
CIE,20200709,0.655,0.655,0.65,0.65,62898,0
CIE,20200710,0.655,0.655,0.65,0.65,11897,0
CIE,20200713,0.645,0.65,0.645,0.645,110947,0
CIE,20200714,0.65,0.655,0.645,0.645,72551,0
CIE,20200715,0.645,0.655,0.645,0.655,56375,0
CIE,20200716,0.64,0.64,0.64,0.64,79418,0
CIE,20200717,0.64,0.64,0.64,0.64,0,0
CIE,20200720,0.645,0.645,0.645,0.645,35958,0
CIE,20200721,0.64,0.645,0.64,0.645,68750,0
CIE,20200722,0.645,0.65,0.645,0.65,20860,0
CIE,20200723,0.645,0.645,0.645,0.645,26306,0
CIE,20200724,0.65,0.65,0.65,0.65,32152,0
CIE,20200727,0.65,0.65,0.65,0.65,0,0
CIE,20200728,0.65,0.65,0.645,0.65,112498,0
CIE,20200729,0.65,0.65,0.645,0.645,22000,0
CIE,20200730,0.655,0.655,0.655,0.655,18376,0
CIE,20200731,0.645,0.65,0.645,0.645,63260,0
CIE,20200803,0.64,0.64,0.64,0.64,40000,0
CIE,20200804,0.645,0.65,0.64,0.645,47864,0
CIE,20200805,0.645,0.65,0.635,0.635,43789,0
CIE,20200806,0.635,0.635,0.635,0.635,0,0
CIE,20200807,0.645,0.655,0.645,0.655,91682,0
CIE,20200810,0.655,0.655,0.655,0.655,0,0
CIE,20200811,0.655,0.655,0.655,0.655,0,0
CIE,20200812,0.655,0.655,0.615,0.635,258695,0
CIE,20200813,0.635,0.635,0.625,0.625,30290,0
CIE,20200814,0.625,0.63,0.625,0.625,4510,0
CIE,20200817,0.625,0.645,0.62,0.625,169000,0
CIE,20200818,0.627,0.63,0.627,0.63,99828,0
CIE,20200819,0.63,0.645,0.625,0.63,246503,0
CIE,20200820,0.63,0.64,0.625,0.64,142713,0
CIE,20200821,0.64,0.64,0.632,0.632,74974,0
CIE,20200824,0.63,0.635,0.63,0.63,150409,0
CIE,20200825,0.63,0.635,0.63,0.63,255274,0
CIE,20200826,0.63,0.63,0.625,0.625,89719,0
CIE,20200827,0.625,0.63,0.625,0.63,179826,0
CIE,20200828,0.63,0.635,0.63,0.63,70859,0
CIE,20200831,0.625,0.625,0.625,0.625,111219,0
CIE,20200901,0.625,0.63,0.625,0.63,176612,0
CIE,20200902,0.63,0.63,0.63,0.63,65145,0
CIE,20200903,0.63,0.635,0.63,0.635,331937,0
CIE,20200904,0.63,0.63,0.63,0.63,97436,0
CIE,20200907,0.63,0.63,0.63,0.63,88944,0
CIE,20200908,0.64,0.645,0.64,0.645,19953,0
CIE,20200909,0.63,0.64,0.63,0.64,202000,0
CIE,20200910,0.63,0.64,0.625,0.625,187232,0
CIE,20200911,0.635,0.645,0.625,0.645,955715,0
CIE,20200914,0.64,0.645,0.635,0.645,49992,0
CIE,20200915,0.645,0.65,0.635,0.635,100138,0
CIE,20200916,0.635,0.635,0.625,0.625,93797,0
CIE,20200917,0.625,0.63,0.625,0.625,339788,0
CIE,20200918,0.64,0.65,0.63,0.635,351803,0
CIE,20200921,0.63,0.63,0.625,0.625,513463,0
CIE,20200922,0.625,0.63,0.62,0.625,145094,0
CIE,20200923,0.63,0.63,0.625,0.625,142319,0
CIE,20200924,0.625,0.625,0.625,0.625,27482,0
CIE,20200925,0.63,0.635,0.63,0.635,15000,0
CIE,20200928,0.635,0.635,0.635,0.635,38874,0
CIE,20200929,0.69,0.7,0.69,0.69,540832,0
CIE,20200930,0.69,0.69,0.675,0.685,119728,0
CIE,20201001,0.69,0.69,0.68,0.685,123181,0
CIE,20201002,0.68,0.68,0.665,0.68,81366,0
CIE,20201005,0.685,0.685,0.67,0.68,103757,0
CIE,20201006,0.685,0.685,0.675,0.675,342980,0
CIE,20201007,0.68,0.68,0.67,0.675,309530,0
CIE,20201008,0.68,0.68,0.68,0.68,172440,0
CIE,20201009,0.68,0.685,0.68,0.68,54339,0
CIE,20201012,0.685,0.685,0.68,0.68,135080,0
CIE,20201013,0.685,0.685,0.685,0.685,125077,0
CIE,20201014,0.685,0.695,0.675,0.675,803667,0
CIE,20201015,0.685,0.685,0.675,0.685,155863,0
CIE,20201016,0.68,0.685,0.68,0.685,149671,0
CIE,20201019,0.685,0.735,0.685,0.73,1086616,0
CIE,20201020,0.75,0.75,0.735,0.74,1682920,0
CIE,20201021,0.745,0.75,0.74,0.745,421518,0
CIE,20201022,0.745,0.75,0.74,0.745,617013,0
CIE,20201023,0.745,0.745,0.73,0.735,928765,0
CIE,20201026,0.74,0.75,0.735,0.75,481600,0
CIE,20201027,0.74,0.745,0.725,0.725,387388,0
CIE,20201028,0.73,0.74,0.725,0.73,330812,0
CIE,20201029,0.71,0.725,0.71,0.72,310449,0
CIE,20201030,0.735,0.735,0.725,0.725,495604,0
CIE,20201102,0.72,0.73,0.72,0.72,211101,0
CIE,20201103,0.725,0.73,0.72,0.73,365952,0
CIE,20201104,0.73,0.74,0.73,0.735,82500,0
CIE,20201105,0.74,0.745,0.735,0.735,245159,0
CIE,20201106,0.74,0.745,0.735,0.74,354699,0
CIE,20201109,0.735,0.75,0.735,0.74,295590,0
CIE,20201110,0.745,0.745,0.73,0.735,1415954,0
CIE,20201111,0.735,0.735,0.735,0.735,282912,0
CIE,20201112,0.73,0.73,0.72,0.73,216369,0
CIE,20201113,0.72,0.73,0.71,0.73,371229,0
CIE,20201116,0.73,0.73,0.73,0.73,0,0
CIE,20201117,0.73,0.73,0.72,0.72,16441,0
CIE,20201118,0.72,0.72,0.715,0.715,27206,0
CIE,20201119,0.715,0.715,0.715,0.715,0,0
CIE,20201120,0.695,0.7,0.695,0.7,38797,0
CIE,20201123,0.7,0.7,0.695,0.695,16000,0
CIE,20201124,0.69,0.69,0.69,0.69,30000,0
CIE,20201125,0.685,0.695,0.67,0.67,47815,0
CIE,20201126,0.67,0.695,0.67,0.695,55668,0
CIE,20201127,0.69,0.69,0.69,0.69,13000,0
CIE,20201130,0.69,0.69,0.69,0.69,0,0
CIE,20201201,0.69,0.69,0.69,0.69,0,0
CIE,20201202,0.685,0.685,0.685,0.685,12760,0
CIE,20201203,0.675,0.675,0.67,0.67,39221,0
CIE,20201204,0.675,0.675,0.675,0.675,20000,0
CIE,20201207,0.675,0.675,0.675,0.675,0,0
CIE,20201208,0.675,0.675,0.675,0.675,4168,0
CIE,20201209,0.69,0.69,0.67,0.67,23225,0
CIE,20201210,0.675,0.68,0.665,0.665,103948,0
CIE,20201211,0.665,0.665,0.665,0.665,0,0
CIE,20201214,0.675,0.675,0.675,0.675,23000,0
CIE,20201215,0.675,0.675,0.675,0.675,14042,0
CIE,20201216,0.67,0.67,0.66,0.67,114027,0
CIE,20201217,0.67,0.67,0.67,0.67,30587,0
CIE,20201218,0.67,0.67,0.67,0.67,17183,0
CIE,20201221,0.66,0.675,0.66,0.675,38002,0
CIE,20201222,0.675,0.675,0.675,0.675,0,0
CIE,20201223,0.66,0.67,0.65,0.67,88977,0
CIE,20201224,0.66,0.66,0.65,0.65,37100,0
CIE,20201225,0.65,0.65,0.65,0.65,0,0
CIE,20201228,0.65,0.65,0.65,0.65,0,0
CIE,20201229,0.655,0.665,0.65,0.65,50017,0
CIE,20201230,0.65,0.65,0.65,0.65,0,0
CIE,20201231,0.665,0.67,0.665,0.67,8000,0
CIE,20210101,0.67,0.67,0.67,0.67,0,0
CIE,20210104,0.67,0.67,0.67,0.67,0,0
CIE,20210105,0.67,0.67,0.66,0.66,8540,0
CIE,20210106,0.67,0.675,0.655,0.675,43252,0
CIE,20210107,0.65,0.65,0.65,0.65,2000,0
CIE,20210108,0.65,0.67,0.635,0.67,129081,0
CIE,20210111,0.67,0.67,0.67,0.67,0,0
CIE,20210112,0.67,0.67,0.67,0.67,0,0
CIE,20210113,0.65,0.65,0.645,0.65,65194,0
CIE,20210114,0.65,0.65,0.65,0.65,0,0
CIE,20210115,0.66,0.68,0.645,0.645,153245,0
CIE,20210118,0.645,0.65,0.63,0.635,143644,0
CIE,20210119,0.635,0.64,0.635,0.635,127887,0
CIE,20210120,0.64,0.64,0.63,0.64,230613,0
CIE,20210121,0.64,0.64,0.62,0.64,108896,0
CIE,20210122,0.64,0.64,0.64,0.64,10000,0
CIE,20210125,0.625,0.64,0.625,0.625,70433,0
CIE,20210126,0.625,0.625,0.625,0.625,0,0
CIE,20210127,0.63,0.64,0.625,0.625,12203,0
CIE,20210128,0.625,0.625,0.62,0.62,62000,0
CIE,20210129,0.62,0.62,0.62,0.62,41701,0
CIE,20210201,0.62,0.62,0.62,0.62,2500,0
CIE,20210202,0.63,0.63,0.625,0.625,7417,0
CIE,20210203,0.63,0.64,0.615,0.615,109442,0
CIE,20210204,0.615,0.615,0.61,0.61,10172,0
CIE,20210205,0.62,0.62,0.61,0.61,22000,0
CIE,20210208,0.61,0.61,0.61,0.61,11028,0
CIE,20210209,0.62,0.62,0.615,0.615,55000,0
CIE,20210210,0.61,0.615,0.61,0.61,36429,0
CIE,20210211,0.61,0.61,0.605,0.61,40240,0
CIE,20210212,0.605,0.605,0.58,0.6,105935,0
CIE,20210215,0.61,0.615,0.61,0.615,42043,0
CIE,20210216,0.605,0.605,0.6,0.6,17050,0
CIE,20210217,0.6,0.6,0.6,0.6,47500,0
CIE,20210218,0.6,0.6,0.6,0.6,10150,0
CIE,20210219,0.6,0.61,0.6,0.605,96205,0
CIE,20210222,0.605,0.635,0.605,0.635,22858,0
CIE,20210223,0.635,0.665,0.62,0.64,60331,0
CIE,20210224,0.64,0.65,0.635,0.635,67974,0
CIE,20210225,0.635,0.635,0.635,0.635,0,0
CIE,20210226,0.635,0.635,0.615,0.63,35398,0
CIE,20210301,0.62,0.62,0.615,0.615,35600,0
CIE,20210302,0.61,0.62,0.61,0.61,15625,0
CIE,20210303,0.62,0.62,0.61,0.61,36560,0
CIE,20210304,0.615,0.615,0.6,0.6,99800,0
CIE,20210305,0.6,0.6,0.595,0.595,4076,0
CIE,20210308,0.595,0.6,0.595,0.6,22000,0
CIE,20210309,0.6,0.6,0.59,0.59,60308,0
CIE,20210310,0.6,0.6,0.6,0.6,16771,0
CIE,20210311,0.595,0.595,0.595,0.595,14868,0
CIE,20210312,0.6,0.605,0.595,0.595,43000,0
CIE,20210315,0.6,0.61,0.6,0.61,231800,0
CIE,20210316,0.6,0.61,0.6,0.61,36312,0
CIE,20210317,0.58,0.58,0.58,0.58,6410,0
CIE,20210318,0.605,0.605,0.59,0.605,21742,0
CIE,20210319,0.59,0.59,0.59,0.59,8736,0
CIE,20210322,0.59,0.6,0.585,0.59,47868,0
CIE,20210323,0.59,0.6,0.59,0.6,15057,0
CIE,20210324,0.59,0.6,0.59,0.6,116500,0
CIE,20210325,0.6,0.6,0.6,0.6,16666,0
CIE,20210326,0.6,0.6,0.6,0.6,2740,0
CIE,20210329,0.6,0.6,0.6,0.6,0,0
CIE,20210330,0.6,0.6,0.6,0.6,5499,0
CIE,20210331,0.6,0.6,0.6,0.6,242328,0
CIE,20210401,0.6,0.6,0.6,0.6,5700,0
CIE,20210402,0.6,0.6,0.6,0.6,0,0
CIE,20210405,0.6,0.6,0.6,0.6,0,0
CIE,20210406,0.6,0.61,0.6,0.61,20000,0
CIE,20210407,0.61,0.62,0.61,0.62,79648,0
CIE,20210408,0.625,0.64,0.625,0.64,55892,0
CIE,20210409,0.64,0.65,0.64,0.65,53957,0
CIE,20210412,0.625,0.625,0.61,0.61,81399,0
CIE,20210413,0.615,0.62,0.61,0.615,65199,0
CIE,20210414,0.615,0.615,0.615,0.615,0,0
CIE,20210415,0.62,0.62,0.605,0.605,122923,0
CIE,20210416,0.605,0.605,0.605,0.605,0,0
CIE,20210419,0.605,0.605,0.605,0.605,0,0
CIE,20210420,0.61,0.61,0.6,0.6,87100,0
CIE,20210421,0.615,0.63,0.615,0.63,35503,0
CIE,20210422,0.62,0.62,0.6,0.6,48053,0
CIE,20210423,0.61,0.61,0.605,0.605,5101,0
CIE,20210426,0.605,0.605,0.605,0.605,0,0
CIE,20210427,0.61,0.61,0.605,0.605,9795,0
CIE,20210428,0.61,0.61,0.61,0.61,58417,0
CIE,20210429,0.61,0.61,0.61,0.61,29500,0
CIE,20210430,0.615,0.615,0.605,0.605,30425,0
CIE,20210503,0.61,0.61,0.61,0.61,400000,0
CIE,20210504,0.615,0.62,0.615,0.615,60744,0
CIE,20210505,0.615,0.62,0.615,0.615,93200,0
CIE,20210506,0.61,0.61,0.61,0.61,12600,0
CIE,20210507,0.615,0.63,0.615,0.63,41813,0
CIE,20210510,0.63,0.63,0.63,0.63,0,0
CIE,20210511,0.615,0.62,0.615,0.62,2214,0
CIE,20210512,0.62,0.63,0.62,0.625,101850,0
CIE,20210513,0.62,0.62,0.61,0.62,39378,0
CIE,20210514,0.62,0.635,0.62,0.635,17247,0
CIE,20210517,0.625,0.625,0.62,0.62,31958,0
CIE,20210518,0.63,0.63,0.62,0.62,2815,0
CIE,20210519,0.615,0.615,0.615,0.615,35999,0
CIE,20210520,0.615,0.615,0.61,0.615,41976,0
CIE,20210521,0.615,0.615,0.615,0.615,15958,0
CIE,20210524,0.61,0.615,0.61,0.615,5900,0
CIE,20210525,0.625,0.63,0.615,0.615,56697,0
CIE,20210526,0.62,0.63,0.62,0.63,76827,0
CIE,20210527,0.63,0.63,0.625,0.625,22794,0
CIE,20210528,0.625,0.625,0.62,0.62,224513,0
CIE,20210531,0.62,0.62,0.62,0.62,0,0
CIE,20210601,0.625,0.63,0.625,0.63,25000,0
CIE,20210602,0.63,0.63,0.63,0.63,0,0
CIE,20210603,0.625,0.635,0.625,0.625,71842,0
CIE,20210604,0.625,0.625,0.62,0.625,7918,0
CIE,20210607,0.63,0.635,0.595,0.62,634494,0
CIE,20210608,0.62,0.62,0.61,0.62,54101,0
CIE,20210609,0.62,0.62,0.615,0.615,146678,0
CIE,20210610,0.615,0.615,0.615,0.615,60000,0
CIE,20210611,0.62,0.625,0.62,0.625,63333,0
CIE,20210614,0.625,0.625,0.625,0.625,0,0
CIE,20210615,0.625,0.625,0.62,0.62,101288,0
CIE,20210616,0.62,0.62,0.615,0.615,124402,0
CIE,20210617,0.615,0.615,0.605,0.61,182941,0
CIE,20210618,0.61,0.635,0.61,0.635,123685,0
CIE,20210621,0.615,0.615,0.61,0.61,8512,0
CIE,20210622,0.62,0.62,0.62,0.62,1238,0
CIE,20210623,0.62,0.635,0.62,0.63,50472,0
CIE,20210624,0.62,0.635,0.62,0.635,61192,0
CIE,20210625,0.63,0.63,0.63,0.63,16000,0
CIE,20210628,0.62,0.62,0.615,0.615,122158,0
CIE,20210629,0.615,0.625,0.615,0.62,56023,0
CIE,20210630,0.625,0.625,0.62,0.62,129800,0
