CNW,20140703,0.032,0.032,0.032,0.032,100000,0
CNW,20140704,0.032,0.032,0.032,0.032,0,0
CNW,20140707,0.032,0.032,0.032,0.032,0,0
CNW,20140708,0.032,0.032,0.032,0.032,0,0
CNW,20140709,0.032,0.032,0.032,0.032,0,0
CNW,20140710,0.032,0.032,0.032,0.032,0,0
CNW,20140711,0.032,0.032,0.032,0.032,0,0
CNW,20140714,0.032,0.032,0.032,0.032,0,0
CNW,20140715,0.04,0.04,0.04,0.04,107166.5,0
CNW,20140716,0.044,0.044,0.044,0.044,74666.5,0
CNW,20140717,0.044,0.044,0.044,0.044,113515,0
CNW,20140718,0.044,0.044,0.044,0.044,0,0
CNW,20140721,0.04,0.04,0.038,0.038,61498,0
CNW,20140722,0.038,0.038,0.038,0.038,0,0
CNW,20140723,0.044,0.044,0.044,0.044,121,0
CNW,20140724,0.044,0.044,0.044,0.044,226932.5,0
CNW,20140725,0.04,0.04,0.038,0.038,245241.5,0
CNW,20140728,0.038,0.038,0.038,0.038,0,0
CNW,20140729,0.038,0.038,0.038,0.038,0,0
CNW,20140730,0.038,0.038,0.038,0.038,0,0
CNW,20140731,0.038,0.038,0.038,0.038,0,0
CNW,20140801,0.046,0.046,0.046,0.046,11000,0
CNW,20140804,0.046,0.046,0.046,0.046,0,0
CNW,20140805,0.046,0.046,0.046,0.046,0,0
CNW,20140806,0.046,0.046,0.046,0.046,0,0
CNW,20140807,0.038,0.038,0.03,0.03,58970,0
CNW,20140808,0.03,0.03,0.03,0.03,0,0
CNW,20140811,0.03,0.03,0.03,0.03,0,0
CNW,20140812,0.032,0.032,0.032,0.032,34975,0
CNW,20140813,0.032,0.032,0.03,0.03,22340,0
CNW,20140814,0.03,0.03,0.03,0.03,0,0
CNW,20140815,0.03,0.03,0.03,0.03,0,0
CNW,20140818,0.03,0.03,0.03,0.03,0,0
CNW,20140819,0.03,0.03,0.03,0.03,0,0
CNW,20140820,0.032,0.032,0.03,0.03,25000,0
CNW,20140821,0.03,0.03,0.03,0.03,0,0
CNW,20140822,0.03,0.03,0.03,0.03,0,0
CNW,20140825,0.03,0.03,0.03,0.03,0,0
CNW,20140826,0.034,0.034,0.034,0.034,5875,0
CNW,20140827,0.034,0.034,0.034,0.034,0,0
CNW,20140828,0.04,0.04,0.04,0.04,44000,0
CNW,20140829,0.04,0.04,0.04,0.04,281000,0
CNW,20140901,0.04,0.044,0.04,0.042,262043,0
CNW,20140902,0.042,0.042,0.042,0.042,13000,0
CNW,20140903,0.042,0.042,0.042,0.042,0,0
CNW,20140904,0.042,0.042,0.04,0.04,126437.5,0
CNW,20140905,0.04,0.04,0.04,0.04,0,0
CNW,20140908,0.04,0.04,0.04,0.04,0,0
CNW,20140909,0.04,0.04,0.04,0.04,0,0
CNW,20140910,0.038,0.04,0.038,0.038,80605,0
CNW,20140911,0.038,0.038,0.038,0.038,0,0
CNW,20140912,0.038,0.038,0.038,0.038,20000,0
CNW,20140915,0.038,0.038,0.038,0.038,0,0
CNW,20140916,0.038,0.038,0.038,0.038,0,0
CNW,20140917,0.034,0.034,0.034,0.034,25000,0
CNW,20140918,0.034,0.034,0.034,0.034,0,0
CNW,20140919,0.034,0.034,0.034,0.034,17500,0
CNW,20140922,0.034,0.034,0.034,0.034,0,0
CNW,20140923,0.034,0.034,0.034,0.034,46029,0
CNW,20140924,0.03,0.03,0.03,0.03,173500,0
CNW,20140925,0.03,0.03,0.03,0.03,100000,0
CNW,20140926,0.028,0.028,0.028,0.028,260860,0
CNW,20140929,0.028,0.034,0.028,0.034,144925,0
CNW,20140930,0.028,0.028,0.028,0.028,6250,0
CNW,20141001,0.028,0.028,0.028,0.028,0,0
CNW,20141002,0.03,0.034,0.03,0.034,158500,0
CNW,20141003,0.03,0.03,0.03,0.03,205715,0
CNW,20141006,0.03,0.03,0.03,0.03,0,0
CNW,20141007,0.028,0.028,0.028,0.028,25000,0
CNW,20141008,0.028,0.028,0.028,0.028,25000,0
CNW,20141009,0.028,0.028,0.028,0.028,34509.5,0
CNW,20141010,0.028,0.028,0.028,0.028,15490.5,0
CNW,20141013,0.026,0.026,0.026,0.026,12000,0
CNW,20141014,0.026,0.026,0.026,0.026,0,0
CNW,20141015,0.026,0.026,0.026,0.026,74000,0
CNW,20141016,0.028,0.028,0.028,0.028,18000,0
CNW,20141017,0.028,0.028,0.028,0.028,0,0
CNW,20141020,0.028,0.028,0.024,0.024,137429.5,0
CNW,20141021,0.026,0.026,0.026,0.026,207000,0
CNW,20141022,0.026,0.026,0.026,0.026,100000,0
CNW,20141023,0.026,0.026,0.026,0.026,0,0
CNW,20141024,0.03,0.03,0.03,0.03,275000,0
CNW,20141027,0.03,0.03,0.03,0.03,0,0
CNW,20141028,0.028,0.038,0.028,0.036,431971,0
CNW,20141029,0.036,0.036,0.036,0.036,0,0
CNW,20141030,0.028,0.03,0.028,0.03,160000,0
CNW,20141031,0.03,0.03,0.03,0.03,30000,0
CNW,20141103,0.026,0.026,0.026,0.026,200000,0
CNW,20141104,0.026,0.026,0.026,0.026,57000,0
CNW,20141105,0.026,0.026,0.026,0.026,0,0
CNW,20141106,0.026,0.026,0.026,0.026,0,0
CNW,20141107,0.026,0.026,0.026,0.026,0,0
CNW,20141110,0.026,0.026,0.026,0.026,0,0
CNW,20141111,0.03,0.03,0.03,0.03,70000,0
CNW,20141112,0.026,0.03,0.026,0.03,108057.5,0
CNW,20141113,0.03,0.03,0.03,0.03,0,0
CNW,20141114,0.03,0.03,0.03,0.03,0,0
CNW,20141117,0.03,0.03,0.03,0.03,20000,0
CNW,20141118,0.03,0.03,0.03,0.03,0,0
CNW,20141119,0.032,0.032,0.03,0.03,165000,0
CNW,20141120,0.032,0.032,0.03,0.03,338386,0
CNW,20141121,0.034,0.034,0.034,0.034,250000,0
CNW,20141124,0.034,0.034,0.034,0.034,0,0
CNW,20141125,0.034,0.034,0.034,0.034,0,0
CNW,20141126,0.034,0.034,0.034,0.034,0,0
CNW,20141127,0.036,0.04,0.036,0.038,204462.5,0
CNW,20141128,0.038,0.038,0.038,0.038,497296,0
CNW,20141201,0.038,0.04,0.032,0.032,72704,0
CNW,20141202,0.032,0.032,0.032,0.032,50000,0
CNW,20141203,0.034,0.034,0.032,0.032,107300,0
CNW,20141204,0.034,0.034,0.034,0.034,5625,0
CNW,20141205,0.034,0.034,0.03,0.03,100000,0
CNW,20141208,0.03,0.03,0.03,0.03,4312.5,0
CNW,20141209,0.034,0.036,0.034,0.036,67500,0
CNW,20141210,0.036,0.036,0.036,0.036,103889,0
CNW,20141211,0.036,0.036,0.036,0.036,0,0
CNW,20141212,0.036,0.036,0.036,0.036,0,0
CNW,20141215,0.03,0.03,0.03,0.03,115000,0
CNW,20141216,0.03,0.03,0.03,0.03,65000,0
CNW,20141217,0.032,0.032,0.028,0.028,152091.5,0
CNW,20141218,0.03,0.03,0.03,0.03,77087.5,0
CNW,20141219,0.03,0.03,0.03,0.03,90750,0
CNW,20141222,0.03,0.03,0.03,0.03,15000,0
CNW,20141223,0.03,0.03,0.03,0.03,0,0
CNW,20141224,0.028,0.028,0.028,0.028,250000,0
CNW,20141225,0.028,0.028,0.028,0.028,0,0
CNW,20141226,0.028,0.028,0.028,0.028,0,0
CNW,20141229,0.028,0.028,0.028,0.028,0,0
CNW,20141230,0.028,0.028,0.028,0.028,0,0
CNW,20141231,0.028,0.028,0.028,0.028,0,0
CNW,20150101,0.028,0.028,0.028,0.028,0,0
CNW,20150102,0.028,0.028,0.028,0.028,0,0
CNW,20150105,0.03,0.03,0.028,0.028,29564.5,0
CNW,20150106,0.028,0.028,0.028,0.028,0,0
CNW,20150107,0.028,0.028,0.028,0.028,0,0
CNW,20150108,0.028,0.028,0.028,0.028,0,0
CNW,20150109,0.028,0.028,0.028,0.028,350000,0
CNW,20150112,0.028,0.028,0.026,0.026,250000,0
CNW,20150113,0.028,0.028,0.028,0.028,70000,0
CNW,20150114,0.028,0.028,0.028,0.028,5000,0
CNW,20150115,0.028,0.028,0.028,0.028,0,0
CNW,20150116,0.028,0.028,0.028,0.028,0,0
CNW,20150119,0.028,0.028,0.028,0.028,20194,0
CNW,20150120,0.028,0.028,0.026,0.026,186852.5,0
CNW,20150121,0.026,0.026,0.026,0.026,0,0
CNW,20150122,0.026,0.026,0.026,0.026,0,0
CNW,20150123,0.028,0.028,0.028,0.028,15625,0
CNW,20150126,0.028,0.028,0.028,0.028,0,0
CNW,20150127,0.032,0.036,0.032,0.036,323116.5,0
CNW,20150128,0.034,0.034,0.03,0.03,382272,0
CNW,20150129,0.034,0.034,0.03,0.03,600000,0
CNW,20150130,0.03,0.03,0.03,0.03,0,0
CNW,20150202,0.03,0.03,0.03,0.03,0,0
CNW,20150203,0.03,0.03,0.03,0.03,115000,0
CNW,20150204,0.03,0.03,0.03,0.03,0,0
CNW,20150205,0.03,0.03,0.03,0.03,27756.5,0
CNW,20150206,0.028,0.036,0.028,0.032,588627.5,0
CNW,20150209,0.034,0.034,0.034,0.034,423435,0
CNW,20150210,0.034,0.034,0.034,0.034,75000,0
CNW,20150211,0.034,0.034,0.032,0.034,475000,0
CNW,20150212,0.036,0.036,0.036,0.036,36351.5,0
CNW,20150213,0.034,0.034,0.034,0.034,35735,0
CNW,20150216,0.032,0.034,0.032,0.034,486565,0
CNW,20150217,0.034,0.034,0.034,0.034,0,0
CNW,20150218,0.032,0.032,0.032,0.032,200000,0
CNW,20150219,0.032,0.032,0.032,0.032,0,0
CNW,20150220,0.032,0.032,0.032,0.032,117137.5,0
CNW,20150223,0.03,0.032,0.03,0.032,199000,0
CNW,20150224,0.032,0.032,0.032,0.032,0,0
CNW,20150225,0.034,0.034,0.034,0.034,12500,0
CNW,20150226,0.034,0.034,0.034,0.034,0,0
CNW,20150227,0.032,0.032,0.03,0.03,415625,0
CNW,20150302,0.03,0.03,0.03,0.03,82125,0
CNW,20150303,0.03,0.03,0.03,0.03,0,0
CNW,20150304,0.03,0.03,0.03,0.03,0,0
CNW,20150305,0.03,0.03,0.03,0.03,0,0
CNW,20150306,0.03,0.03,0.028,0.028,166667,0
CNW,20150309,0.028,0.028,0.028,0.028,544761.5,0
CNW,20150310,0.028,0.028,0.028,0.028,0,0
CNW,20150311,0.028,0.028,0.028,0.028,100000,0
CNW,20150312,0.028,0.028,0.028,0.028,89286,0
CNW,20150313,0.028,0.028,0.028,0.028,0,0
CNW,20150316,0.028,0.028,0.028,0.028,57387.5,0
CNW,20150317,0.028,0.028,0.028,0.028,0,0
CNW,20150318,0.028,0.028,0.028,0.028,0,0
CNW,20150319,0.026,0.026,0.026,0.026,24000,0
CNW,20150320,0.03,0.03,0.028,0.028,407387.5,0
CNW,20150323,0.028,0.028,0.028,0.028,60000,0
CNW,20150324,0.028,0.028,0.028,0.028,0,0
CNW,20150325,0.028,0.028,0.028,0.028,0,0
CNW,20150326,0.028,0.028,0.028,0.028,110000,0
CNW,20150327,0.028,0.028,0.028,0.028,0,0
CNW,20150330,0.034,0.048,0.034,0.038,6090503,0
CNW,20150331,0.04,0.044,0.034,0.038,9148618,0
CNW,20150401,0.036,0.036,0.032,0.036,1037500,0
CNW,20150402,0.034,0.034,0.03,0.03,608950,0
CNW,20150403,0.03,0.03,0.03,0.03,0,0
CNW,20150406,0.03,0.03,0.03,0.03,0,0
CNW,20150407,0.032,0.034,0.032,0.032,631410,0
CNW,20150408,0.034,0.036,0.034,0.036,200000.5,0
CNW,20150409,0.034,0.036,0.03,0.036,368705,0
CNW,20150410,0.036,0.036,0.036,0.036,119029,0
CNW,20150413,0.036,0.036,0.034,0.034,404702.5,0
CNW,20150414,0.036,0.036,0.032,0.036,715378,0
CNW,20150415,0.034,0.034,0.032,0.032,129411.5,0
CNW,20150416,0.034,0.034,0.032,0.032,356498.5,0
CNW,20150417,0.034,0.034,0.032,0.032,93640.5,0
CNW,20150420,0.034,0.034,0.034,0.034,123018,0
CNW,20150421,0.036,0.036,0.032,0.032,564702.5,0
CNW,20150422,0.032,0.034,0.032,0.032,368095,0
CNW,20150423,0.032,0.034,0.032,0.034,300000,0
CNW,20150424,0.032,0.032,0.032,0.032,420000,0
CNW,20150427,0.032,0.032,0.032,0.032,0,0
CNW,20150428,0.034,0.036,0.032,0.034,1200000,0
CNW,20150429,0.032,0.034,0.03,0.032,1099309,0
CNW,20150430,0.032,0.032,0.032,0.032,150780.5,0
CNW,20150501,0.03,0.03,0.03,0.03,77500,0
CNW,20150504,0.032,0.032,0.032,0.032,328893,0
CNW,20150505,0.032,0.032,0.032,0.032,94702.5,0
CNW,20150506,0.03,0.032,0.03,0.03,561393,0
CNW,20150507,0.03,0.03,0.03,0.03,508255,0
CNW,20150508,0.032,0.032,0.032,0.032,50000,0
CNW,20150511,0.03,0.03,0.03,0.03,250000,0
CNW,20150512,0.032,0.032,0.032,0.032,399812.5,0
CNW,20150513,0.032,0.034,0.03,0.034,370426,0
CNW,20150514,0.034,0.038,0.034,0.038,833947.5,0
CNW,20150515,0.04,0.04,0.036,0.036,3140224.5,0
CNW,20150518,0.036,0.038,0.034,0.036,2283185.5,0
CNW,20150519,0.036,0.036,0.036,0.036,199513,0
CNW,20150520,0.036,0.036,0.034,0.034,116845,0
CNW,20150521,0.034,0.034,0.034,0.034,110000,0
CNW,20150522,0.034,0.034,0.034,0.034,0,0
CNW,20150525,0.034,0.034,0.034,0.034,0,0
CNW,20150526,0.034,0.034,0.034,0.034,0,0
CNW,20150527,0.034,0.034,0.034,0.034,0,0
CNW,20150528,0.034,0.034,0.034,0.034,0,0
CNW,20150529,0.034,0.034,0.034,0.034,0,0
CNW,20150601,0.034,0.034,0.034,0.034,0,0
CNW,20150602,0.034,0.034,0.034,0.034,0,0
CNW,20150603,0.034,0.034,0.034,0.034,0,0
CNW,20150604,0.034,0.034,0.034,0.034,0,0
CNW,20150605,0.034,0.034,0.034,0.034,0,0
CNW,20150608,0.034,0.034,0.034,0.034,0,0
CNW,20150609,0.034,0.034,0.034,0.034,0,0
CNW,20150610,0.034,0.034,0.034,0.034,0,0
CNW,20150611,0.034,0.034,0.034,0.034,0,0
CNW,20150612,0.034,0.034,0.034,0.034,0,0
CNW,20150615,0.034,0.034,0.034,0.034,0,0
CNW,20150616,0.034,0.034,0.034,0.034,0,0
CNW,20150617,0.034,0.034,0.034,0.034,0,0
CNW,20150618,0.034,0.034,0.034,0.034,0,0
CNW,20150619,0.034,0.034,0.034,0.034,0,0
CNW,20150622,0.034,0.034,0.034,0.034,0,0
CNW,20150623,0.034,0.034,0.034,0.034,0,0
CNW,20150624,0.034,0.034,0.034,0.034,0,0
CNW,20150625,0.034,0.034,0.034,0.034,0,0
CNW,20150626,0.034,0.034,0.034,0.034,0,0
CNW,20150629,0.034,0.034,0.034,0.034,0,0
CNW,20150630,0.034,0.034,0.034,0.034,0,0
CNW,20150701,0.034,0.034,0.034,0.034,0,0
CNW,20150702,0.034,0.034,0.034,0.034,0,0
CNW,20150703,0.034,0.034,0.034,0.034,0,0
CNW,20150706,0.034,0.034,0.034,0.034,0,0
CNW,20150707,0.034,0.034,0.034,0.034,0,0
CNW,20150708,0.031,0.035,0.028,0.028,12519398,0
CNW,20150709,0.027,0.03,0.027,0.03,4160810,0
CNW,20150710,0.03,0.03,0.029,0.029,3133558,0
CNW,20150713,0.03,0.037,0.03,0.036,25208948,0
CNW,20150714,0.036,0.036,0.033,0.034,10920047,0
CNW,20150715,0.035,0.037,0.033,0.036,9851887,0
CNW,20150716,0.035,0.037,0.035,0.037,10200612,0
CNW,20150717,0.037,0.039,0.035,0.035,8289941,0
CNW,20150720,0.035,0.036,0.034,0.034,5815092,0
CNW,20150721,0.035,0.035,0.031,0.031,5150722,0
CNW,20150722,0.03,0.031,0.029,0.031,1695000,0
CNW,20150723,0.031,0.031,0.029,0.029,474119,0
CNW,20150724,0.03,0.032,0.03,0.032,2021019,0
CNW,20150727,0.031,0.031,0.03,0.03,1753483,0
CNW,20150728,0.033,0.034,0.027,0.027,18741574,0
CNW,20150729,0.028,0.031,0.027,0.031,17126963,0
CNW,20150730,0.031,0.031,0.029,0.029,4706014,0
CNW,20150731,0.03,0.03,0.027,0.027,7104700,0
CNW,20150803,0.028,0.028,0.026,0.026,3105737,0
CNW,20150804,0.026,0.027,0.026,0.027,1215387,0
CNW,20150805,0.028,0.028,0.027,0.027,2230155,0
CNW,20150806,0.027,0.028,0.027,0.027,698717,0
CNW,20150807,0.027,0.027,0.026,0.026,1387472,0
CNW,20150810,0.027,0.027,0.025,0.025,2234600,0
CNW,20150811,0.026,0.027,0.026,0.026,857750,0
CNW,20150812,0.026,0.026,0.025,0.025,2526337,0
CNW,20150813,0.025,0.026,0.024,0.025,1329403,0
CNW,20150814,0.026,0.026,0.026,0.026,1421795,0
CNW,20150817,0.027,0.027,0.027,0.027,1092219,0
CNW,20150818,0.028,0.029,0.028,0.028,1782880,0
CNW,20150819,0.028,0.028,0.026,0.026,1499880,0
CNW,20150820,0.028,0.029,0.027,0.028,594148,0
CNW,20150821,0.027,0.027,0.027,0.027,585000,0
CNW,20150824,0.026,0.026,0.023,0.024,3200260,0
CNW,20150825,0.023,0.024,0.023,0.024,825221,0
CNW,20150826,0.025,0.025,0.024,0.024,160000,0
CNW,20150827,0.025,0.027,0.025,0.026,1230949,0
CNW,20150828,0.027,0.027,0.026,0.026,282307,0
CNW,20150831,0.025,0.025,0.024,0.024,700000,0
CNW,20150901,0.024,0.024,0.024,0.024,100000,0
CNW,20150902,0.024,0.024,0.024,0.024,148328,0
CNW,20150903,0.023,0.023,0.021,0.023,1525140,0
CNW,20150904,0.024,0.024,0.023,0.023,548000,0
CNW,20150907,0.022,0.022,0.021,0.021,391117,0
CNW,20150908,0.022,0.023,0.022,0.023,1100590,0
CNW,20150909,0.021,0.022,0.021,0.022,653272,0
CNW,20150910,0.022,0.022,0.022,0.022,114476,0
CNW,20150911,0.022,0.022,0.021,0.021,1389438,0
CNW,20150914,0.022,0.022,0.022,0.022,1225000,0
CNW,20150915,0.024,0.024,0.022,0.022,2080611,0
CNW,20150916,0.023,0.023,0.022,0.022,1228000,0
CNW,20150917,0.023,0.024,0.022,0.024,1082215,0
CNW,20150918,0.024,0.025,0.023,0.024,1660874,0
CNW,20150921,0.024,0.024,0.024,0.024,170000,0
CNW,20150922,0.025,0.026,0.025,0.026,157500,0
CNW,20150923,0.026,0.026,0.026,0.026,1651667,0
CNW,20150924,0.026,0.028,0.026,0.027,5597115,0
CNW,20150925,0.027,0.028,0.026,0.026,2243847,0
CNW,20150928,0.027,0.028,0.026,0.026,1070051,0
CNW,20150929,0.027,0.029,0.027,0.027,1769186,0
CNW,20150930,0.028,0.028,0.026,0.028,501447,0
CNW,20151001,0.027,0.027,0.026,0.026,1160000,0
CNW,20151002,0.026,0.026,0.026,0.026,581967,0
CNW,20151005,0.026,0.027,0.026,0.026,659000,0
CNW,20151006,0.026,0.026,0.025,0.025,419250,0
CNW,20151007,0.025,0.026,0.025,0.026,380000,0
CNW,20151008,0.026,0.026,0.026,0.026,106350,0
CNW,20151009,0.025,0.026,0.025,0.026,201428,0
CNW,20151012,0.025,0.025,0.024,0.024,1037142,0
CNW,20151013,0.024,0.024,0.023,0.023,2000000,0
CNW,20151014,0.023,0.023,0.023,0.023,833174,0
CNW,20151015,0.024,0.024,0.024,0.024,76515,0
CNW,20151016,0.026,0.027,0.024,0.024,3543901,0
CNW,20151019,0.024,0.025,0.024,0.025,690000,0
CNW,20151020,0.024,0.024,0.024,0.024,485000,0
CNW,20151021,0.023,0.024,0.022,0.023,471899,0
CNW,20151022,0.024,0.024,0.024,0.024,180700,0
CNW,20151023,0.024,0.025,0.023,0.025,1000967,0
CNW,20151026,0.025,0.025,0.024,0.024,313483,0
CNW,20151027,0.024,0.025,0.024,0.025,825000,0
CNW,20151028,0.025,0.026,0.024,0.025,522500,0
CNW,20151029,0.025,0.025,0.024,0.025,3454835,0
CNW,20151030,0.024,0.024,0.021,0.022,7250242,0
CNW,20151102,0.021,0.023,0.021,0.023,2750092,0
CNW,20151103,0.023,0.023,0.022,0.022,4480474,0
CNW,20151104,0.023,0.024,0.023,0.024,2707017,0
CNW,20151105,0.023,0.024,0.022,0.022,1279500,0
CNW,20151106,0.022,0.023,0.022,0.022,1481539,0
CNW,20151109,0.022,0.022,0.021,0.021,4452319,0
CNW,20151110,0.021,0.024,0.021,0.023,3409425,0
CNW,20151111,0.023,0.024,0.021,0.022,3999169,0
CNW,20151112,0.023,0.023,0.022,0.022,3338081,0
CNW,20151113,0.022,0.023,0.021,0.021,6081818,0
CNW,20151116,0.022,0.022,0.022,0.022,1515000,0
CNW,20151117,0.022,0.022,0.021,0.022,848000,0
CNW,20151118,0.022,0.03,0.022,0.03,23470788,0
CNW,20151119,0.03,0.032,0.028,0.028,12737942,0
CNW,20151120,0.028,0.03,0.026,0.03,7929184,0
CNW,20151123,0.029,0.031,0.026,0.026,17360669,0
CNW,20151124,0.027,0.028,0.026,0.027,2811091,0
CNW,20151125,0.027,0.035,0.027,0.033,19777504,0
CNW,20151126,0.032,0.039,0.031,0.034,32419863,0
CNW,20151127,0.036,0.037,0.033,0.034,16315742,0
CNW,20151130,0.034,0.036,0.034,0.036,7622279,0
CNW,20151201,0.038,0.043,0.038,0.041,23529937,0
CNW,20151202,0.041,0.041,0.041,0.041,0,0
CNW,20151203,0.041,0.041,0.041,0.041,0,0
CNW,20151204,0.048,0.053,0.042,0.043,74788803,0
CNW,20151207,0.043,0.047,0.041,0.041,10652010,0
CNW,20151208,0.041,0.042,0.037,0.038,9278700,0
CNW,20151209,0.039,0.041,0.037,0.041,6528817,0
CNW,20151210,0.042,0.042,0.04,0.04,3370768,0
CNW,20151211,0.04,0.043,0.039,0.043,5552095,0
CNW,20151214,0.041,0.044,0.04,0.04,2943873,0
CNW,20151215,0.043,0.05,0.04,0.048,14288773,0
CNW,20151216,0.048,0.054,0.042,0.045,32779725,0
CNW,20151217,0.043,0.047,0.042,0.042,4379863,0
CNW,20151218,0.042,0.042,0.036,0.037,9358118,0
CNW,20151221,0.035,0.04,0.033,0.039,3375756,0
CNW,20151222,0.038,0.04,0.038,0.038,1336342,0
CNW,20151223,0.037,0.039,0.035,0.039,1510000,0
CNW,20151224,0.039,0.04,0.038,0.04,656748,0
CNW,20151225,0.04,0.04,0.04,0.04,0,0
CNW,20151228,0.04,0.04,0.04,0.04,0,0
CNW,20151229,0.04,0.041,0.035,0.035,5023718,0
CNW,20151230,0.035,0.037,0.034,0.036,4141678,0
CNW,20151231,0.036,0.037,0.036,0.036,1115416,0
CNW,20160101,0.036,0.036,0.036,0.036,0,0
CNW,20160104,0.037,0.039,0.037,0.039,1685140,0
CNW,20160105,0.04,0.04,0.038,0.038,1039766,0
CNW,20160106,0.038,0.038,0.037,0.038,916992,0
CNW,20160107,0.038,0.038,0.036,0.037,1508084,0
CNW,20160108,0.037,0.037,0.034,0.035,1407212,0
CNW,20160111,0.035,0.04,0.035,0.038,1136422,0
CNW,20160112,0.04,0.043,0.037,0.037,3998516,0
CNW,20160113,0.039,0.039,0.036,0.037,1849035,0
CNW,20160114,0.037,0.038,0.035,0.036,599174,0
CNW,20160115,0.037,0.037,0.036,0.036,1360000,0
CNW,20160118,0.035,0.035,0.034,0.034,1419330,0
CNW,20160119,0.035,0.038,0.035,0.038,2260351,0
CNW,20160120,0.037,0.037,0.036,0.036,393678,0
CNW,20160121,0.036,0.037,0.036,0.037,1027437,0
CNW,20160122,0.039,0.039,0.036,0.036,512021,0
CNW,20160125,0.037,0.043,0.037,0.042,3084919,0
CNW,20160126,0.042,0.042,0.042,0.042,0,0
CNW,20160127,0.041,0.041,0.037,0.039,2162149,0
CNW,20160128,0.04,0.041,0.037,0.038,4615778,0
CNW,20160129,0.039,0.041,0.036,0.037,3306843,0
CNW,20160201,0.036,0.036,0.032,0.033,5177650,0
CNW,20160202,0.033,0.034,0.032,0.032,1344052,0
CNW,20160203,0.032,0.033,0.03,0.033,3423472,0
CNW,20160204,0.033,0.033,0.03,0.03,2329853,0
CNW,20160205,0.03,0.033,0.029,0.033,2398041,0
CNW,20160208,0.032,0.032,0.031,0.031,744866,0
CNW,20160209,0.031,0.031,0.029,0.03,2064402,0
CNW,20160210,0.03,0.03,0.028,0.029,1501493,0
CNW,20160211,0.029,0.03,0.028,0.029,1262744,0
CNW,20160212,0.028,0.03,0.028,0.03,1479129,0
CNW,20160215,0.031,0.032,0.03,0.032,1086257,0
CNW,20160216,0.03,0.031,0.03,0.03,843809,0
CNW,20160217,0.031,0.031,0.03,0.03,1206266,0
CNW,20160218,0.032,0.032,0.028,0.03,7603952,0
CNW,20160219,0.03,0.03,0.028,0.029,480313,0
CNW,20160222,0.029,0.03,0.029,0.03,452070,0
CNW,20160223,0.03,0.03,0.03,0.03,0,0
CNW,20160224,0.028,0.03,0.028,0.029,1383857,0
CNW,20160225,0.027,0.028,0.026,0.027,7003641,0
CNW,20160226,0.027,0.027,0.026,0.026,600000,0
CNW,20160229,0.027,0.027,0.025,0.025,872742,0
CNW,20160301,0.025,0.025,0.023,0.023,2795498,0
CNW,20160302,0.024,0.025,0.024,0.025,1728566,0
CNW,20160303,0.026,0.026,0.025,0.025,815348,0
CNW,20160304,0.025,0.026,0.024,0.024,795604,0
CNW,20160307,0.025,0.025,0.025,0.025,899089,0
CNW,20160308,0.025,0.025,0.025,0.025,350211,0
CNW,20160309,0.025,0.025,0.023,0.025,5784246,0
CNW,20160310,0.025,0.026,0.025,0.026,383573,0
CNW,20160311,0.025,0.025,0.025,0.025,82031,0
CNW,20160314,0.025,0.025,0.025,0.025,0,0
CNW,20160315,0.024,0.024,0.024,0.024,1215650,0
CNW,20160316,0.024,0.024,0.023,0.023,348783,0
CNW,20160317,0.024,0.026,0.024,0.026,1110806,0
CNW,20160318,0.029,0.034,0.027,0.034,19205837,0
CNW,20160321,0.034,0.034,0.028,0.028,4014468,0
CNW,20160322,0.03,0.03,0.029,0.03,528000,0
CNW,20160323,0.033,0.034,0.031,0.032,1659159,0
CNW,20160324,0.031,0.031,0.03,0.031,1158181,0
CNW,20160325,0.031,0.031,0.031,0.031,0,0
CNW,20160328,0.031,0.031,0.031,0.031,0,0
CNW,20160329,0.03,0.032,0.03,0.032,708202,0
CNW,20160330,0.031,0.031,0.03,0.03,803507,0
CNW,20160331,0.03,0.031,0.03,0.03,451000,0
CNW,20160401,0.03,0.03,0.029,0.03,1224700,0
CNW,20160404,0.03,0.03,0.029,0.029,346729,0
CNW,20160405,0.029,0.03,0.029,0.029,450000,0
CNW,20160406,0.029,0.03,0.029,0.029,951962,0
CNW,20160407,0.029,0.03,0.029,0.03,603260,0
CNW,20160408,0.03,0.035,0.03,0.033,1886869,0
CNW,20160411,0.033,0.033,0.029,0.029,1747855,0
CNW,20160412,0.029,0.031,0.028,0.031,860445,0
CNW,20160413,0.031,0.031,0.029,0.029,273849,0
CNW,20160414,0.03,0.031,0.03,0.03,88186,0
CNW,20160415,0.03,0.03,0.029,0.03,59765,0
CNW,20160418,0.03,0.035,0.03,0.033,5996481,0
CNW,20160419,0.032,0.032,0.03,0.03,2512579,0
CNW,20160420,0.03,0.03,0.028,0.028,2708517,0
CNW,20160421,0.028,0.03,0.028,0.03,994108,0
CNW,20160422,0.03,0.03,0.03,0.03,1383735,0
CNW,20160425,0.03,0.03,0.03,0.03,0,0
CNW,20160426,0.03,0.032,0.03,0.031,603901,0
CNW,20160427,0.031,0.031,0.03,0.03,1305940,0
CNW,20160428,0.03,0.031,0.03,0.03,318653,0
CNW,20160429,0.031,0.031,0.03,0.03,435600,0
CNW,20160502,0.03,0.03,0.03,0.03,589250,0
CNW,20160503,0.03,0.03,0.03,0.03,45055,0
CNW,20160504,0.03,0.031,0.03,0.03,810324,0
CNW,20160505,0.03,0.03,0.03,0.03,875000,0
CNW,20160506,0.03,0.031,0.03,0.031,431448,0
CNW,20160509,0.03,0.031,0.03,0.03,1688269,0
CNW,20160510,0.03,0.034,0.03,0.034,1905769,0
CNW,20160511,0.032,0.033,0.031,0.033,1955422,0
CNW,20160512,0.031,0.031,0.031,0.031,30000,0
CNW,20160513,0.032,0.033,0.032,0.033,85491,0
CNW,20160516,0.032,0.032,0.031,0.031,531250,0
CNW,20160517,0.031,0.031,0.031,0.031,210041,0
CNW,20160518,0.032,0.036,0.032,0.035,9033576,0
CNW,20160519,0.034,0.039,0.034,0.036,4904495,0
CNW,20160520,0.035,0.035,0.033,0.034,2076129,0
CNW,20160523,0.034,0.034,0.033,0.034,472732,0
CNW,20160524,0.033,0.034,0.033,0.034,314182,0
CNW,20160525,0.034,0.035,0.033,0.035,134445,0
CNW,20160526,0.034,0.035,0.034,0.034,899448,0
CNW,20160527,0.033,0.034,0.033,0.034,180193,0
CNW,20160530,0.033,0.034,0.033,0.033,824313,0
CNW,20160531,0.032,0.033,0.032,0.033,1126250,0
CNW,20160601,0.032,0.032,0.031,0.031,1250439,0
CNW,20160602,0.033,0.033,0.033,0.033,376877,0
CNW,20160603,0.033,0.036,0.033,0.036,2744770,0
CNW,20160606,0.034,0.034,0.032,0.032,1271715,0
CNW,20160607,0.033,0.033,0.032,0.033,1148079,0
CNW,20160608,0.032,0.032,0.031,0.031,1279350,0
CNW,20160609,0.032,0.032,0.031,0.031,806450,0
CNW,20160610,0.031,0.031,0.03,0.03,1134587,0
CNW,20160613,0.03,0.03,0.03,0.03,0,0
CNW,20160614,0.029,0.03,0.029,0.03,620610,0
CNW,20160615,0.03,0.03,0.029,0.029,175482,0
CNW,20160616,0.029,0.029,0.029,0.029,400000,0
CNW,20160617,0.029,0.03,0.028,0.03,1287809,0
CNW,20160620,0.03,0.03,0.03,0.03,0,0
CNW,20160621,0.03,0.03,0.028,0.029,201167,0
CNW,20160622,0.028,0.028,0.028,0.028,373333,0
CNW,20160623,0.028,0.03,0.027,0.029,1011948,0
CNW,20160624,0.028,0.028,0.027,0.028,843181,0
CNW,20160627,0.028,0.028,0.027,0.027,404800,0
CNW,20160628,0.027,0.027,0.024,0.026,1450000,0
CNW,20160629,0.026,0.026,0.026,0.026,0,0
CNW,20160630,0.027,0.027,0.027,0.027,431600,0
CNW,20160701,0.027,0.027,0.027,0.027,198000,0
CNW,20160704,0.027,0.028,0.027,0.027,307769,0
CNW,20160705,0.027,0.028,0.027,0.028,204948,0
CNW,20160706,0.028,0.033,0.028,0.029,2355094,0
CNW,20160707,0.03,0.03,0.029,0.029,562658,0
CNW,20160708,0.029,0.029,0.029,0.029,0,0
CNW,20160711,0.029,0.029,0.029,0.029,399999,0
CNW,20160712,0.029,0.03,0.029,0.03,440000,0
CNW,20160713,0.031,0.031,0.031,0.031,190973,0
CNW,20160714,0.03,0.03,0.028,0.028,175469,0
CNW,20160715,0.028,0.03,0.028,0.03,177000,0
CNW,20160718,0.03,0.03,0.029,0.03,468541,0
CNW,20160719,0.03,0.03,0.03,0.03,50000,0
CNW,20160720,0.028,0.028,0.028,0.028,88400,0
CNW,20160721,0.028,0.028,0.028,0.028,100000,0
CNW,20160722,0.031,0.032,0.031,0.032,2101316,0
CNW,20160725,0.032,0.032,0.031,0.031,422675,0
CNW,20160726,0.03,0.031,0.03,0.03,939832,0
CNW,20160727,0.031,0.031,0.028,0.029,1677534,0
CNW,20160728,0.029,0.029,0.029,0.029,142800,0
CNW,20160729,0.029,0.029,0.028,0.028,1192723,0
CNW,20160801,0.028,0.028,0.028,0.028,785766,0
CNW,20160802,0.028,0.032,0.028,0.031,4795207,0
CNW,20160803,0.029,0.03,0.027,0.028,1416652,0
CNW,20160804,0.029,0.029,0.027,0.029,4049184,0
CNW,20160805,0.028,0.029,0.028,0.028,892865,0
CNW,20160808,0.028,0.029,0.028,0.029,691783,0
CNW,20160809,0.029,0.029,0.028,0.029,428699,0
CNW,20160810,0.028,0.029,0.028,0.028,479392,0
CNW,20160811,0.029,0.029,0.028,0.028,931381,0
CNW,20160812,0.028,0.029,0.028,0.028,530000,0
CNW,20160815,0.028,0.028,0.027,0.027,1653704,0
CNW,20160816,0.027,0.028,0.027,0.028,554800,0
CNW,20160817,0.028,0.029,0.028,0.029,739610,0
CNW,20160818,0.029,0.029,0.029,0.029,513182,0
CNW,20160819,0.03,0.03,0.03,0.03,374000,0
CNW,20160822,0.03,0.03,0.029,0.029,213411,0
CNW,20160823,0.03,0.03,0.029,0.029,141003,0
CNW,20160824,0.029,0.029,0.029,0.029,0,0
CNW,20160825,0.029,0.029,0.028,0.028,789580,0
CNW,20160826,0.028,0.028,0.028,0.028,891740,0
CNW,20160829,0.028,0.029,0.028,0.029,432634,0
CNW,20160830,0.028,0.029,0.027,0.027,1760307,0
CNW,20160831,0.027,0.028,0.027,0.027,872685,0
CNW,20160901,0.028,0.028,0.028,0.028,729833,0
CNW,20160902,0.028,0.028,0.028,0.028,0,0
CNW,20160905,0.028,0.029,0.028,0.028,34810,0
CNW,20160906,0.028,0.028,0.028,0.028,71110,0
CNW,20160907,0.028,0.028,0.028,0.028,355888,0
CNW,20160908,0.028,0.028,0.028,0.028,61650,0
CNW,20160909,0.028,0.028,0.028,0.028,304960,0
CNW,20160912,0.028,0.028,0.028,0.028,91733,0
CNW,20160913,0.028,0.028,0.028,0.028,178571,0
CNW,20160914,0.03,0.031,0.029,0.029,3794530,0
CNW,20160915,0.03,0.034,0.03,0.032,3576266,0
CNW,20160916,0.034,0.034,0.03,0.032,8702488,0
CNW,20160919,0.032,0.032,0.032,0.032,600000,0
CNW,20160920,0.03,0.03,0.029,0.029,280181,0
CNW,20160921,0.029,0.029,0.028,0.029,1117169,0
CNW,20160922,0.029,0.029,0.029,0.029,385712,0
CNW,20160923,0.028,0.029,0.028,0.029,418300,0
CNW,20160926,0.028,0.028,0.028,0.028,483308,0
CNW,20160927,0.028,0.029,0.028,0.029,673538,0
CNW,20160928,0.029,0.029,0.029,0.029,63000,0
CNW,20160929,0.029,0.029,0.029,0.029,0,0
CNW,20160930,0.029,0.029,0.029,0.029,0,0
CNW,20161003,0.028,0.029,0.028,0.029,819468,0
CNW,20161004,0.029,0.029,0.028,0.029,202256,0
CNW,20161005,0.029,0.029,0.029,0.029,0,0
CNW,20161006,0.029,0.033,0.029,0.033,2947869,0
CNW,20161007,0.033,0.033,0.031,0.032,661300,0
CNW,20161010,0.033,0.034,0.031,0.031,1689588,0
CNW,20161011,0.031,0.032,0.03,0.03,802353,0
CNW,20161012,0.031,0.031,0.03,0.03,618812,0
CNW,20161013,0.03,0.03,0.029,0.029,322770,0
CNW,20161014,0.029,0.029,0.028,0.028,269565,0
CNW,20161017,0.029,0.029,0.029,0.029,128063,0
CNW,20161018,0.03,0.03,0.028,0.028,510877,0
CNW,20161019,0.028,0.028,0.028,0.028,1164739,0
CNW,20161020,0.028,0.028,0.027,0.027,290062,0
CNW,20161021,0.028,0.028,0.028,0.028,70000,0
CNW,20161024,0.028,0.028,0.028,0.028,67229,0
CNW,20161025,0.028,0.028,0.024,0.026,8169113,0
CNW,20161026,0.026,0.026,0.024,0.024,681331,0
CNW,20161027,0.026,0.026,0.025,0.025,303423,0
CNW,20161028,0.028,0.028,0.027,0.028,314339,0
CNW,20161031,0.028,0.028,0.026,0.026,588645,0
CNW,20161101,0.025,0.025,0.025,0.025,202950,0
CNW,20161102,0.025,0.025,0.025,0.025,685006,0
CNW,20161103,0.025,0.026,0.025,0.026,351115,0
CNW,20161104,0.026,0.026,0.026,0.026,0,0
CNW,20161107,0.025,0.025,0.025,0.025,100000,0
CNW,20161108,0.024,0.024,0.024,0.024,641736,0
CNW,20161109,0.024,0.025,0.024,0.024,272130,0
CNW,20161110,0.024,0.024,0.023,0.023,543618,0
CNW,20161111,0.024,0.024,0.024,0.024,89124,0
CNW,20161114,0.024,0.024,0.024,0.024,0,0
CNW,20161115,0.025,0.025,0.025,0.025,20000,0
CNW,20161116,0.024,0.024,0.021,0.021,2771638,0
CNW,20161117,0.023,0.023,0.023,0.023,1183689,0
CNW,20161118,0.023,0.023,0.023,0.023,141464,0
CNW,20161121,0.025,0.025,0.025,0.025,99078,0
CNW,20161122,0.025,0.026,0.023,0.023,282614,0
CNW,20161123,0.024,0.025,0.024,0.025,203214,0
CNW,20161124,0.025,0.025,0.023,0.023,385656,0
CNW,20161125,0.024,0.024,0.024,0.024,449681,0
CNW,20161128,0.023,0.023,0.022,0.022,1348515,0
CNW,20161129,0.022,0.022,0.022,0.022,95418,0
CNW,20161130,0.022,0.022,0.021,0.021,1002204,0
CNW,20161201,0.021,0.021,0.02,0.02,2183470,0
CNW,20161202,0.021,0.021,0.021,0.021,338808,0
CNW,20161205,0.021,0.021,0.02,0.02,3353066,0
CNW,20161206,0.02,0.023,0.02,0.02,867489,0
CNW,20161207,0.02,0.022,0.019,0.021,2397757,0
CNW,20161208,0.022,0.022,0.022,0.022,150485,0
CNW,20161209,0.023,0.024,0.023,0.024,735391,0
CNW,20161212,0.024,0.024,0.024,0.024,0,0
CNW,20161213,0.023,0.023,0.023,0.023,19451,0
CNW,20161214,0.022,0.025,0.022,0.023,1380626,0
CNW,20161215,0.023,0.023,0.023,0.023,43758,0
CNW,20161216,0.023,0.023,0.022,0.023,328567,0
CNW,20161219,0.023,0.023,0.023,0.023,0,0
CNW,20161220,0.022,0.023,0.022,0.023,972000,0
CNW,20161221,0.023,0.023,0.023,0.023,0,0
CNW,20161222,0.023,0.023,0.023,0.023,0,0
CNW,20161223,0.023,0.023,0.023,0.023,0,0
CNW,20161226,0.023,0.023,0.023,0.023,0,0
CNW,20161227,0.023,0.023,0.023,0.023,0,0
CNW,20161228,0.023,0.023,0.023,0.023,0,0
CNW,20161229,0.02,0.022,0.02,0.022,1139339,0
CNW,20161230,0.023,0.023,0.022,0.023,420154,0
CNW,20170102,0.023,0.023,0.023,0.023,0,0
CNW,20170103,0.023,0.023,0.023,0.023,0,0
CNW,20170104,0.022,0.022,0.022,0.022,305674,0
CNW,20170105,0.022,0.022,0.022,0.022,112500,0
CNW,20170106,0.022,0.023,0.021,0.023,552828,0
CNW,20170109,0.022,0.022,0.022,0.022,250000,0
CNW,20170110,0.022,0.022,0.022,0.022,200000,0
CNW,20170111,0.022,0.022,0.022,0.022,210313,0
CNW,20170112,0.022,0.022,0.021,0.021,1989508,0
CNW,20170113,0.021,0.021,0.021,0.021,608389,0
CNW,20170116,0.022,0.022,0.022,0.022,163345,0
CNW,20170117,0.022,0.022,0.022,0.022,22772,0
CNW,20170118,0.022,0.024,0.021,0.024,1517138,0
CNW,20170119,0.025,0.025,0.024,0.024,1715734,0
CNW,20170120,0.024,0.024,0.022,0.023,2792713,0
CNW,20170123,0.022,0.022,0.021,0.021,2175578,0
CNW,20170124,0.021,0.021,0.021,0.021,303787,0
CNW,20170125,0.021,0.021,0.021,0.021,0,0
CNW,20170126,0.021,0.021,0.021,0.021,0,0
CNW,20170127,0.021,0.021,0.02,0.02,2042620,0
CNW,20170130,0.02,0.02,0.019,0.019,1402631,0
CNW,20170131,0.019,0.02,0.018,0.02,2128092,0
CNW,20170201,0.02,0.02,0.02,0.02,516391,0
CNW,20170202,0.02,0.021,0.02,0.02,765405,0
CNW,20170203,0.022,0.022,0.021,0.021,731801,0
CNW,20170206,0.021,0.021,0.02,0.02,495104,0
CNW,20170207,0.021,0.022,0.021,0.022,173346,0
CNW,20170208,0.02,0.021,0.02,0.021,399380,0
CNW,20170209,0.021,0.021,0.021,0.021,450000,0
CNW,20170210,0.021,0.021,0.02,0.02,511862,0
CNW,20170213,0.02,0.02,0.019,0.019,533333,0
CNW,20170214,0.019,0.019,0.019,0.019,0,0
CNW,20170215,0.021,0.022,0.021,0.022,868008,0
CNW,20170216,0.023,0.023,0.023,0.023,1028900,0
CNW,20170217,0.023,0.023,0.023,0.023,767415,0
CNW,20170220,0.023,0.023,0.022,0.022,357563,0
CNW,20170221,0.022,0.022,0.021,0.021,573613,0
CNW,20170222,0.02,0.02,0.02,0.02,630170,0
CNW,20170223,0.021,0.021,0.02,0.021,2089692,0
CNW,20170224,0.021,0.023,0.021,0.023,747952,0
CNW,20170227,0.023,0.024,0.022,0.022,1530578,0
CNW,20170228,0.022,0.022,0.022,0.022,212002,0
CNW,20170301,0.022,0.022,0.022,0.022,219809,0
CNW,20170302,0.021,0.022,0.021,0.022,137334,0
CNW,20170303,0.023,0.023,0.022,0.022,183734,0
CNW,20170306,0.022,0.022,0.022,0.022,306253,0
CNW,20170307,0.021,0.021,0.021,0.021,461254,0
CNW,20170308,0.021,0.021,0.021,0.021,292307,0
CNW,20170309,0.021,0.021,0.021,0.021,383850,0
CNW,20170310,0.021,0.022,0.021,0.022,585170,0
CNW,20170313,0.022,0.022,0.021,0.021,522779,0
CNW,20170314,0.022,0.022,0.022,0.022,300000,0
CNW,20170315,0.023,0.023,0.023,0.023,300000,0
CNW,20170316,0.023,0.023,0.023,0.023,0,0
CNW,20170317,0.023,0.024,0.023,0.024,1202397,0
CNW,20170320,0.024,0.024,0.024,0.024,0,0
CNW,20170321,0.024,0.024,0.024,0.024,0,0
CNW,20170322,0.023,0.023,0.023,0.023,174008,0
CNW,20170323,0.023,0.023,0.023,0.023,66479,0
CNW,20170324,0.023,0.024,0.023,0.024,325000,0
CNW,20170327,0.024,0.024,0.024,0.024,0,0
CNW,20170328,0.024,0.024,0.024,0.024,665228,0
CNW,20170329,0.023,0.023,0.022,0.022,1083842,0
CNW,20170330,0.022,0.022,0.022,0.022,60000,0
CNW,20170331,0.022,0.022,0.022,0.022,520000,0
CNW,20170403,0.022,0.022,0.022,0.022,1063500,0
CNW,20170404,0.022,0.022,0.021,0.021,131756,0
CNW,20170405,0.021,0.021,0.021,0.021,1500,0
CNW,20170406,0.021,0.021,0.021,0.021,0,0
CNW,20170407,0.022,0.022,0.021,0.021,316475,0
CNW,20170410,0.022,0.022,0.022,0.022,23000,0
CNW,20170411,0.022,0.022,0.022,0.022,45457,0
CNW,20170412,0.022,0.022,0.022,0.022,0,0
CNW,20170413,0.021,0.021,0.021,0.021,482036,0
CNW,20170414,0.021,0.021,0.021,0.021,0,0
CNW,20170417,0.021,0.021,0.021,0.021,0,0
CNW,20170418,0.021,0.021,0.021,0.021,363752,0
CNW,20170419,0.02,0.02,0.02,0.02,658346,0
CNW,20170420,0.02,0.02,0.02,0.02,0,0
CNW,20170421,0.021,0.021,0.021,0.021,112556,0
CNW,20170424,0.022,0.022,0.02,0.021,477417,0
CNW,20170425,0.021,0.021,0.021,0.021,0,0
CNW,20170426,0.022,0.022,0.02,0.02,619657,0
CNW,20170427,0.02,0.02,0.017,0.017,3224503,0
CNW,20170428,0.019,0.019,0.017,0.017,1352984,0
CNW,20170501,0.018,0.019,0.018,0.019,476308,0
CNW,20170502,0.019,0.019,0.018,0.018,425303,0
CNW,20170503,0.018,0.018,0.018,0.018,50000,0
CNW,20170504,0.018,0.018,0.017,0.017,234840,0
CNW,20170505,0.018,0.018,0.018,0.018,25000,0
CNW,20170508,0.018,0.018,0.018,0.018,0,0
CNW,20170509,0.018,0.018,0.018,0.018,168921,0
CNW,20170510,0.018,0.018,0.017,0.017,734666,0
CNW,20170511,0.017,0.017,0.016,0.016,1196166,0
CNW,20170512,0.017,0.018,0.017,0.017,376712,0
CNW,20170515,0.017,0.018,0.017,0.018,639359,0
CNW,20170516,0.018,0.018,0.018,0.018,10000,0
CNW,20170517,0.018,0.018,0.017,0.017,95000,0
CNW,20170518,0.017,0.018,0.017,0.018,969588,0
CNW,20170519,0.019,0.02,0.018,0.019,1226760,0
CNW,20170522,0.019,0.019,0.019,0.019,0,0
CNW,20170523,0.02,0.021,0.019,0.019,579174,0
CNW,20170524,0.019,0.019,0.019,0.019,0,0
CNW,20170525,0.02,0.02,0.02,0.02,134174,0
CNW,20170526,0.02,0.02,0.019,0.019,117600,0
CNW,20170529,0.019,0.019,0.019,0.019,357119,0
CNW,20170530,0.018,0.018,0.018,0.018,166888,0
CNW,20170531,0.019,0.019,0.018,0.018,341593,0
CNW,20170601,0.018,0.018,0.018,0.018,479191,0
CNW,20170602,0.019,0.019,0.018,0.019,615002,0
CNW,20170605,0.019,0.019,0.018,0.018,202952,0
CNW,20170606,0.018,0.018,0.018,0.018,136266,0
CNW,20170607,0.017,0.017,0.017,0.017,184418,0
CNW,20170608,0.017,0.017,0.017,0.017,0,0
CNW,20170609,0.018,0.018,0.018,0.018,49687,0
CNW,20170612,0.018,0.018,0.018,0.018,0,0
CNW,20170613,0.017,0.018,0.017,0.017,1040305,0
CNW,20170614,0.018,0.018,0.018,0.018,350389,0
CNW,20170615,0.018,0.018,0.018,0.018,254350,0
CNW,20170616,0.018,0.018,0.018,0.018,0,0
CNW,20170619,0.018,0.018,0.018,0.018,19088,0
CNW,20170620,0.018,0.018,0.018,0.018,61412,0
CNW,20170621,0.018,0.018,0.017,0.017,355350,0
CNW,20170622,0.017,0.017,0.017,0.017,904536,0
CNW,20170623,0.017,0.017,0.016,0.016,170000,0
CNW,20170626,0.016,0.017,0.016,0.017,364742,0
CNW,20170627,0.017,0.017,0.017,0.017,0,0
CNW,20170628,0.016,0.016,0.016,0.016,333288,0
CNW,20170629,0.016,0.016,0.015,0.015,491002,0
CNW,20170630,0.019,0.024,0.019,0.023,8453480,0
CNW,20170703,0.023,0.023,0.02,0.02,2360952,0
CNW,20170704,0.021,0.021,0.02,0.02,588788,0
CNW,20170705,0.021,0.022,0.021,0.022,513636,0
CNW,20170706,0.022,0.022,0.022,0.022,85422,0
CNW,20170707,0.023,0.023,0.021,0.021,984939,0
CNW,20170710,0.02,0.02,0.017,0.017,8050158,0
CNW,20170711,0.017,0.018,0.016,0.017,2081207,0
CNW,20170712,0.017,0.018,0.017,0.018,739500,0
CNW,20170713,0.018,0.018,0.017,0.017,377323,0
CNW,20170714,0.017,0.018,0.017,0.018,1058809,0
CNW,20170717,0.017,0.018,0.017,0.018,1128631,0
CNW,20170718,0.017,0.017,0.017,0.017,1179447,0
CNW,20170719,0.017,0.017,0.017,0.017,984635,0
CNW,20170720,0.018,0.018,0.018,0.018,872127,0
CNW,20170721,0.018,0.018,0.018,0.018,251978,0
CNW,20170724,0.018,0.02,0.018,0.019,6713131,0
CNW,20170725,0.021,0.021,0.02,0.02,2976184,0
CNW,20170726,0.02,0.02,0.019,0.019,761258,0
CNW,20170727,0.02,0.02,0.019,0.019,4180070,0
CNW,20170728,0.019,0.022,0.019,0.019,8458710,0
CNW,20170731,0.019,0.019,0.017,0.017,3149397,0
CNW,20170801,0.017,0.018,0.017,0.018,3795718,0
CNW,20170802,0.017,0.017,0.017,0.017,525172,0
CNW,20170803,0.017,0.017,0.017,0.017,51512,0
CNW,20170804,0.017,0.017,0.017,0.017,0,0
CNW,20170807,0.017,0.017,0.017,0.017,300000,0
CNW,20170808,0.017,0.017,0.017,0.017,1000000,0
CNW,20170809,0.017,0.017,0.017,0.017,327573,0
CNW,20170810,0.017,0.017,0.017,0.017,790160,0
CNW,20170811,0.017,0.017,0.017,0.017,900000,0
CNW,20170814,0.017,0.017,0.017,0.017,268235,0
CNW,20170815,0.017,0.017,0.017,0.017,0,0
CNW,20170816,0.017,0.017,0.017,0.017,989509,0
CNW,20170817,0.017,0.017,0.017,0.017,472976,0
CNW,20170818,0.017,0.017,0.017,0.017,1100000,0
CNW,20170821,0.017,0.017,0.017,0.017,456509,0
CNW,20170822,0.017,0.017,0.016,0.016,961467,0
CNW,20170823,0.017,0.017,0.017,0.017,600000,0
CNW,20170824,0.018,0.018,0.018,0.018,132579,0
CNW,20170825,0.018,0.018,0.017,0.017,107108,0
CNW,20170828,0.017,0.017,0.017,0.017,1541127,0
CNW,20170829,0.017,0.023,0.017,0.023,9121262,0
CNW,20170830,0.024,0.025,0.021,0.021,6670756,0
CNW,20170831,0.022,0.022,0.019,0.019,4227519,0
CNW,20170901,0.02,0.02,0.02,0.02,508356,0
CNW,20170904,0.02,0.021,0.02,0.02,1838809,0
CNW,20170905,0.022,0.023,0.021,0.022,2689842,0
CNW,20170906,0.023,0.026,0.023,0.024,8676905,0
CNW,20170907,0.025,0.025,0.021,0.022,6815046,0
CNW,20170908,0.022,0.023,0.022,0.023,1088848,0
CNW,20170911,0.023,0.023,0.023,0.023,0,0
CNW,20170912,0.023,0.023,0.021,0.021,2708020,0
CNW,20170913,0.021,0.021,0.021,0.021,1310733,0
CNW,20170914,0.021,0.021,0.021,0.021,100000,0
CNW,20170915,0.022,0.022,0.021,0.021,1246888,0
CNW,20170918,0.022,0.023,0.022,0.023,1900000,0
CNW,20170919,0.021,0.022,0.021,0.022,300700,0
CNW,20170920,0.023,0.024,0.021,0.021,2671952,0
CNW,20170921,0.022,0.023,0.022,0.022,245271,0
CNW,20170922,0.021,0.021,0.021,0.021,1002001,0
CNW,20170925,0.021,0.021,0.021,0.021,189275,0
CNW,20170926,0.021,0.021,0.021,0.021,0,0
CNW,20170927,0.022,0.022,0.021,0.021,770687,0
CNW,20170928,0.021,0.021,0.021,0.021,245765,0
CNW,20170929,0.022,0.022,0.021,0.021,2018834,0
CNW,20171002,0.021,0.021,0.021,0.021,0,0
CNW,20171003,0.022,0.022,0.022,0.022,90000,0
CNW,20171004,0.021,0.022,0.021,0.021,1001259,0
CNW,20171005,0.022,0.023,0.021,0.022,1037974,0
CNW,20171006,0.022,0.022,0.021,0.021,2498678,0
CNW,20171009,0.021,0.021,0.021,0.021,0,0
CNW,20171010,0.021,0.021,0.021,0.021,0,0
CNW,20171011,0.023,0.023,0.023,0.023,315693,0
CNW,20171012,0.023,0.025,0.023,0.024,4170150,0
CNW,20171013,0.023,0.023,0.022,0.022,4039268,0
CNW,20171016,0.022,0.022,0.022,0.022,0,0
CNW,20171017,0.022,0.022,0.022,0.022,90490,0
CNW,20171018,0.021,0.022,0.021,0.021,2180336,0
CNW,20171019,0.022,0.022,0.022,0.022,120799,0
CNW,20171020,0.022,0.022,0.022,0.022,601784,0
CNW,20171023,0.022,0.022,0.021,0.021,44239816,0
CNW,20171024,0.021,0.021,0.021,0.021,639321,0
CNW,20171025,0.021,0.022,0.02,0.02,2091405,0
CNW,20171026,0.02,0.02,0.019,0.019,1821440,0
CNW,20171027,0.02,0.02,0.019,0.019,186192,0
CNW,20171030,0.02,0.02,0.02,0.02,99250,0
CNW,20171031,0.02,0.02,0.019,0.019,2950281,0
CNW,20171101,0.019,0.019,0.019,0.019,371430,0
CNW,20171102,0.019,0.019,0.019,0.019,0,0
CNW,20171103,0.019,0.019,0.019,0.019,0,0
CNW,20171106,0.019,0.021,0.018,0.021,1133738,0
CNW,20171107,0.02,0.02,0.02,0.02,1003319,0
CNW,20171108,0.019,0.02,0.019,0.02,170000,0
CNW,20171109,0.019,0.02,0.019,0.02,159252,0
CNW,20171110,0.02,0.021,0.02,0.02,99335,0
CNW,20171113,0.021,0.021,0.021,0.021,1971341,0
CNW,20171114,0.021,0.021,0.019,0.02,1596800,0
CNW,20171115,0.019,0.019,0.018,0.018,5314603,0
CNW,20171116,0.019,0.019,0.018,0.019,3882428,0
CNW,20171117,0.018,0.018,0.018,0.018,865144,0
CNW,20171120,0.018,0.018,0.018,0.018,0,0
CNW,20171121,0.019,0.019,0.019,0.019,648847,0
CNW,20171122,0.018,0.018,0.016,0.017,2766192,0
CNW,20171123,0.018,0.018,0.017,0.017,259295,0
CNW,20171124,0.018,0.018,0.018,0.018,250000,0
CNW,20171127,0.018,0.018,0.018,0.018,0,0
CNW,20171128,0.018,0.018,0.018,0.018,100000,0
CNW,20171129,0.018,0.018,0.017,0.017,2541331,0
CNW,20171130,0.018,0.018,0.017,0.017,1635301,0
CNW,20171201,0.017,0.018,0.017,0.018,195455,0
CNW,20171204,0.018,0.018,0.018,0.018,500000,0
CNW,20171205,0.018,0.018,0.018,0.018,11700,0
CNW,20171206,0.02,0.02,0.019,0.019,911759,0
CNW,20171207,0.019,0.019,0.019,0.019,0,0
CNW,20171208,0.018,0.018,0.018,0.018,11000,0
CNW,20171211,0.018,0.018,0.018,0.018,551908,0
CNW,20171212,0.018,0.018,0.018,0.018,216000,0
CNW,20171213,0.019,0.019,0.019,0.019,117393,0
CNW,20171214,0.019,0.019,0.019,0.019,0,0
CNW,20171215,0.018,0.018,0.017,0.017,2178327,0
CNW,20171218,0.017,0.017,0.017,0.017,176547,0
CNW,20171219,0.017,0.017,0.016,0.017,1363598,0
CNW,20171220,0.018,0.018,0.017,0.017,2585597,0
CNW,20171221,0.017,0.017,0.017,0.017,828261,0
CNW,20171222,0.017,0.017,0.017,0.017,6939,0
CNW,20171225,0.017,0.017,0.017,0.017,0,0
CNW,20171226,0.017,0.017,0.017,0.017,0,0
CNW,20171227,0.017,0.017,0.017,0.017,1421103,0
CNW,20171228,0.018,0.018,0.018,0.018,1923924,0
CNW,20171229,0.018,0.018,0.017,0.017,2672067,0
CNW,20180101,0.017,0.017,0.017,0.017,0,0
CNW,20180102,0.017,0.017,0.017,0.017,0,0
CNW,20180103,0.018,0.018,0.018,0.018,1092368,0
CNW,20180104,0.018,0.021,0.017,0.021,5365113,0
CNW,20180105,0.02,0.02,0.018,0.019,3368443,0
CNW,20180108,0.018,0.018,0.018,0.018,2514114,0
CNW,20180109,0.018,0.018,0.018,0.018,15000,0
CNW,20180110,0.018,0.018,0.017,0.017,6952899,0
CNW,20180111,0.017,0.018,0.017,0.018,614060,0
CNW,20180112,0.018,0.018,0.017,0.017,690432,0
CNW,20180115,0.018,0.02,0.018,0.018,2780031,0
CNW,20180116,0.019,0.019,0.018,0.018,1673473,0
CNW,20180117,0.018,0.018,0.018,0.018,27496,0
CNW,20180118,0.018,0.019,0.018,0.019,95224,0
CNW,20180119,0.018,0.018,0.018,0.018,518682,0
CNW,20180122,0.018,0.018,0.018,0.018,891318,0
CNW,20180123,0.017,0.017,0.017,0.017,340062,0
CNW,20180124,0.018,0.018,0.018,0.018,321347,0
CNW,20180125,0.018,0.019,0.017,0.017,1295300,0
CNW,20180126,0.017,0.017,0.017,0.017,0,0
CNW,20180129,0.018,0.019,0.018,0.018,401250,0
CNW,20180130,0.018,0.018,0.018,0.018,306489,0
CNW,20180131,0.019,0.019,0.018,0.018,2920854,0
CNW,20180201,0.018,0.018,0.018,0.018,182225,0
CNW,20180202,0.018,0.018,0.018,0.018,0,0
CNW,20180205,0.018,0.018,0.017,0.017,1092964,0
CNW,20180206,0.017,0.017,0.016,0.017,3379786,0
CNW,20180207,0.017,0.017,0.017,0.017,1139650,0
CNW,20180208,0.017,0.017,0.017,0.017,724414,0
CNW,20180209,0.016,0.017,0.016,0.017,416669,0
CNW,20180212,0.017,0.017,0.017,0.017,57941,0
CNW,20180213,0.017,0.017,0.017,0.017,160000,0
CNW,20180214,0.017,0.018,0.017,0.017,510750,0
CNW,20180215,0.017,0.017,0.017,0.017,300000,0
CNW,20180216,0.017,0.017,0.017,0.017,0,0
CNW,20180219,0.018,0.018,0.018,0.018,25750,0
CNW,20180220,0.017,0.017,0.017,0.017,2066666,0
CNW,20180221,0.017,0.017,0.017,0.017,1383054,0
CNW,20180222,0.017,0.017,0.017,0.017,461765,0
CNW,20180223,0.017,0.017,0.017,0.017,91250,0
CNW,20180226,0.017,0.017,0.017,0.017,686049,0
CNW,20180227,0.018,0.018,0.018,0.018,500000,0
CNW,20180228,0.017,0.017,0.016,0.016,2616529,0
CNW,20180301,0.016,0.016,0.016,0.016,425000,0
CNW,20180302,0.016,0.016,0.016,0.016,100000,0
CNW,20180305,0.017,0.017,0.017,0.017,40000,0
CNW,20180306,0.017,0.017,0.017,0.017,30000,0
CNW,20180307,0.017,0.017,0.016,0.016,325151,0
CNW,20180308,0.017,0.017,0.017,0.017,32941,0
CNW,20180309,0.017,0.017,0.017,0.017,510324,0
CNW,20180312,0.016,0.016,0.016,0.016,1893944,0
CNW,20180313,0.016,0.016,0.016,0.016,1643486,0
CNW,20180314,0.016,0.016,0.016,0.016,311872,0
CNW,20180315,0.016,0.016,0.016,0.016,0,0
CNW,20180316,0.016,0.017,0.015,0.016,2712038,0
CNW,20180319,0.016,0.016,0.015,0.015,178042,0
CNW,20180320,0.015,0.016,0.014,0.014,5143617,0
CNW,20180321,0.014,0.015,0.014,0.015,1276328,0
CNW,20180322,0.015,0.015,0.015,0.015,237309,0
CNW,20180323,0.015,0.015,0.015,0.015,90001,0
CNW,20180326,0.014,0.014,0.014,0.014,99999,0
CNW,20180327,0.014,0.014,0.014,0.014,0,0
CNW,20180328,0.014,0.014,0.014,0.014,0,0
CNW,20180329,0.015,0.015,0.015,0.015,2285277,0
CNW,20180330,0.015,0.015,0.015,0.015,0,0
CNW,20180402,0.015,0.015,0.015,0.015,0,0
CNW,20180403,0.015,0.015,0.015,0.015,545000,0
CNW,20180404,0.015,0.015,0.015,0.015,0,0
CNW,20180405,0.015,0.015,0.015,0.015,1675948,0
CNW,20180406,0.015,0.015,0.015,0.015,75666,0
CNW,20180409,0.015,0.015,0.015,0.015,2930,0
CNW,20180410,0.015,0.015,0.015,0.015,635661,0
CNW,20180411,0.015,0.015,0.015,0.015,0,0
CNW,20180412,0.015,0.015,0.015,0.015,0,0
CNW,20180413,0.015,0.015,0.015,0.015,626739,0
CNW,20180416,0.015,0.015,0.015,0.015,493261,0
CNW,20180417,0.015,0.015,0.015,0.015,0,0
CNW,20180418,0.014,0.014,0.014,0.014,1,0
CNW,20180419,0.014,0.014,0.014,0.014,0,0
CNW,20180420,0.015,0.015,0.015,0.015,68375,0
CNW,20180423,0.017,0.024,0.017,0.021,50502568,0
CNW,20180424,0.02,0.021,0.019,0.02,11268873,0
CNW,20180425,0.02,0.02,0.02,0.02,0,0
CNW,20180426,0.02,0.021,0.019,0.019,5550752,0
CNW,20180427,0.019,0.02,0.019,0.019,3673435,0
CNW,20180430,0.019,0.019,0.018,0.018,2759240,0
CNW,20180501,0.018,0.021,0.018,0.02,4379649,0
CNW,20180502,0.02,0.02,0.019,0.019,4255469,0
CNW,20180503,0.02,0.021,0.02,0.021,3152967,0
CNW,20180504,0.022,0.022,0.02,0.02,1212293,0
CNW,20180507,0.02,0.02,0.02,0.02,86040913,0
CNW,20180508,0.02,0.023,0.02,0.022,7693574,0
CNW,20180509,0.022,0.022,0.02,0.02,2228212,0
CNW,20180510,0.02,0.02,0.019,0.02,1848792,0
CNW,20180511,0.021,0.021,0.019,0.021,2671352,0
CNW,20180514,0.02,0.022,0.02,0.022,1004973,0
CNW,20180515,0.022,0.023,0.022,0.023,6274054,0
CNW,20180516,0.022,0.023,0.022,0.023,3988601,0
CNW,20180517,0.023,0.024,0.023,0.024,11312705,0
CNW,20180518,0.023,0.023,0.023,0.023,4215918,0
CNW,20180521,0.023,0.023,0.022,0.022,3966545,0
CNW,20180522,0.021,0.021,0.021,0.021,1656255,0
CNW,20180523,0.021,0.023,0.021,0.021,5671110,0
CNW,20180524,0.021,0.021,0.021,0.021,957729,0
CNW,20180525,0.022,0.022,0.021,0.021,792514,0
CNW,20180528,0.021,0.021,0.021,0.021,236501,0
CNW,20180529,0.022,0.022,0.021,0.021,115267,0
CNW,20180530,0.021,0.021,0.021,0.021,78268,0
CNW,20180531,0.022,0.022,0.022,0.022,200000,0
CNW,20180601,0.022,0.023,0.022,0.022,316210,0
CNW,20180604,0.022,0.022,0.022,0.022,782418,0
CNW,20180605,0.023,0.023,0.023,0.023,22000,0
CNW,20180606,0.023,0.023,0.023,0.023,0,0
CNW,20180607,0.023,0.023,0.023,0.023,0,0
CNW,20180608,0.022,0.022,0.021,0.022,1815885,0
CNW,20180611,0.022,0.022,0.022,0.022,0,0
CNW,20180612,0.021,0.021,0.021,0.021,109518,0
CNW,20180613,0.021,0.022,0.021,0.021,1526509,0
CNW,20180614,0.022,0.023,0.022,0.023,4348819,0
CNW,20180615,0.023,0.023,0.023,0.023,27174,0
CNW,20180618,0.023,0.023,0.022,0.022,607750,0
CNW,20180619,0.022,0.022,0.022,0.022,782490,0
CNW,20180620,0.021,0.021,0.021,0.021,494500,0
CNW,20180621,0.021,0.021,0.021,0.021,1142754,0
CNW,20180622,0.021,0.021,0.021,0.021,108226,0
CNW,20180625,0.021,0.021,0.02,0.02,5952510,0
CNW,20180626,0.021,0.021,0.021,0.021,564793,0
CNW,20180627,0.021,0.021,0.02,0.021,1557392,0
CNW,20180628,0.022,0.022,0.022,0.022,676947,0
CNW,20180629,0.022,0.022,0.022,0.022,330248,0
CNW,20180702,0.021,0.022,0.021,0.022,724167,0
CNW,20180703,0.022,0.022,0.022,0.022,170909,0
CNW,20180704,0.023,0.023,0.023,0.023,450000,0
CNW,20180705,0.024,0.024,0.023,0.023,2128128,0
CNW,20180706,0.024,0.024,0.023,0.023,6602861,0
CNW,20180709,0.023,0.023,0.023,0.023,520181,0
CNW,20180710,0.022,0.022,0.022,0.022,1856063,0
CNW,20180711,0.022,0.022,0.022,0.022,123000,0
CNW,20180712,0.022,0.022,0.022,0.022,0,0
CNW,20180713,0.022,0.022,0.022,0.022,29062,0
CNW,20180716,0.022,0.022,0.022,0.022,336226,0
CNW,20180717,0.023,0.023,0.023,0.023,787658,0
CNW,20180718,0.023,0.023,0.023,0.023,460549,0
CNW,20180719,0.023,0.023,0.023,0.023,227550,0
CNW,20180720,0.023,0.023,0.023,0.023,500000,0
CNW,20180723,0.023,0.023,0.023,0.023,424472,0
CNW,20180724,0.023,0.023,0.022,0.022,3227272,0
CNW,20180725,0.023,0.023,0.02,0.022,6481205,0
CNW,20180726,0.021,0.021,0.021,0.021,1207984,0
CNW,20180727,0.022,0.022,0.022,0.022,271820,0
CNW,20180730,0.021,0.021,0.021,0.021,10450,0
CNW,20180731,0.02,0.02,0.02,0.02,3233418,0
CNW,20180801,0.02,0.02,0.019,0.019,49999,0
CNW,20180802,0.02,0.02,0.02,0.02,500000,0
CNW,20180803,0.02,0.02,0.02,0.02,1016089,0
CNW,20180806,0.02,0.022,0.02,0.022,4250000,0
CNW,20180807,0.022,0.022,0.022,0.022,50000,0
CNW,20180808,0.021,0.021,0.021,0.021,1335038,0
CNW,20180809,0.021,0.021,0.021,0.021,1119637,0
CNW,20180810,0.021,0.021,0.021,0.021,87808,0
CNW,20180813,0.022,0.022,0.021,0.021,807987,0
CNW,20180814,0.021,0.021,0.021,0.021,241013,0
CNW,20180815,0.021,0.021,0.021,0.021,100000,0
CNW,20180816,0.021,0.021,0.021,0.021,650017,0
CNW,20180817,0.021,0.021,0.021,0.021,460003,0
CNW,20180820,0.02,0.021,0.02,0.021,205020,0
CNW,20180821,0.021,0.021,0.02,0.021,682168,0
CNW,20180822,0.02,0.02,0.02,0.02,4159550,0
CNW,20180823,0.019,0.019,0.018,0.019,2494562,0
CNW,20180824,0.02,0.021,0.02,0.021,438038,0
CNW,20180827,0.019,0.021,0.019,0.019,28316,0
CNW,20180828,0.021,0.021,0.019,0.019,3231195,0
CNW,20180829,0.019,0.019,0.017,0.019,6790187,0
CNW,20180830,0.019,0.019,0.019,0.019,500000,0
CNW,20180831,0.019,0.019,0.019,0.019,0,0
CNW,20180903,0.018,0.019,0.018,0.019,2530424,0
CNW,20180904,0.018,0.018,0.018,0.018,423075,0
CNW,20180905,0.017,0.018,0.017,0.018,4520739,0
CNW,20180906,0.018,0.018,0.017,0.017,1322425,0
CNW,20180907,0.019,0.019,0.019,0.019,292109,0
CNW,20180910,0.018,0.018,0.018,0.018,121086,0
CNW,20180911,0.018,0.018,0.018,0.018,486435,0
CNW,20180912,0.018,0.018,0.018,0.018,175039,0
CNW,20180913,0.018,0.018,0.017,0.017,2399272,0
CNW,20180914,0.02,0.02,0.02,0.02,3538378,0
CNW,20180917,0.02,0.02,0.018,0.018,134964,0
CNW,20180918,0.018,0.018,0.018,0.018,871832,0
CNW,20180919,0.02,0.02,0.019,0.019,574125,0
CNW,20180920,0.02,0.02,0.019,0.02,713977,0
CNW,20180921,0.02,0.02,0.02,0.02,50001,0
CNW,20180924,0.02,0.02,0.02,0.02,750000,0
CNW,20180925,0.02,0.02,0.02,0.02,573750,0
CNW,20180926,0.02,0.02,0.02,0.02,300000,0
CNW,20180927,0.02,0.02,0.02,0.02,0,0
CNW,20180928,0.019,0.019,0.019,0.019,2306990,0
CNW,20181001,0.019,0.019,0.018,0.018,222000,0
CNW,20181002,0.018,0.019,0.018,0.019,1579510,0
CNW,20181003,0.019,0.019,0.019,0.019,0,0
CNW,20181004,0.018,0.019,0.018,0.019,25969,0
CNW,20181005,0.019,0.019,0.019,0.019,504475,0
CNW,20181008,0.019,0.019,0.019,0.019,27500,0
CNW,20181009,0.018,0.018,0.018,0.018,1106692,0
CNW,20181010,0.018,0.018,0.017,0.017,4071163,0
CNW,20181011,0.017,0.017,0.017,0.017,1586687,0
CNW,20181012,0.016,0.017,0.015,0.017,1851494,0
CNW,20181015,0.017,0.017,0.017,0.017,0,0
CNW,20181016,0.017,0.018,0.017,0.018,1125169,0
CNW,20181017,0.018,0.018,0.018,0.018,0,0
CNW,20181018,0.018,0.018,0.017,0.018,1373304,0
CNW,20181019,0.019,0.019,0.018,0.018,333155,0
CNW,20181022,0.018,0.018,0.018,0.018,1123778,0
CNW,20181023,0.018,0.018,0.017,0.017,1214415,0
CNW,20181024,0.017,0.017,0.017,0.017,200000,0
CNW,20181025,0.017,0.018,0.016,0.016,1389460,0
CNW,20181026,0.016,0.017,0.016,0.017,1460172,0
CNW,20181029,0.017,0.017,0.017,0.017,1000050,0
CNW,20181030,0.017,0.017,0.017,0.017,125000,0
CNW,20181031,0.017,0.017,0.016,0.016,375000,0
CNW,20181101,0.017,0.017,0.017,0.017,250000,0
CNW,20181102,0.016,0.016,0.016,0.016,2730903,0
CNW,20181105,0.017,0.017,0.016,0.016,205885,0
CNW,20181106,0.016,0.016,0.016,0.016,0,0
CNW,20181107,0.016,0.017,0.016,0.017,380310,0
CNW,20181108,0.016,0.016,0.016,0.016,50000,0
CNW,20181109,0.017,0.019,0.017,0.019,2842635,0
CNW,20181112,0.019,0.019,0.018,0.019,1319607,0
CNW,20181113,0.019,0.019,0.019,0.019,0,0
CNW,20181114,0.018,0.018,0.017,0.017,2889492,0
CNW,20181115,0.017,0.017,0.017,0.017,22092,0
CNW,20181116,0.018,0.018,0.018,0.018,135280,0
CNW,20181119,0.017,0.017,0.017,0.017,2239580,0
CNW,20181120,0.017,0.017,0.017,0.017,0,0
CNW,20181121,0.018,0.018,0.018,0.018,55000,0
CNW,20181122,0.017,0.017,0.017,0.017,79999,0
CNW,20181123,0.017,0.017,0.017,0.017,295808,0
CNW,20181126,0.017,0.017,0.016,0.016,48386,0
CNW,20181127,0.016,0.016,0.016,0.016,0,0
CNW,20181128,0.016,0.016,0.016,0.016,0,0
CNW,20181129,0.017,0.017,0.016,0.016,205000,0
CNW,20181130,0.017,0.018,0.017,0.018,839670,0
CNW,20181203,0.017,0.017,0.017,0.017,165575,0
CNW,20181204,0.017,0.017,0.017,0.017,67000,0
CNW,20181205,0.017,0.017,0.017,0.017,488000,0
CNW,20181206,0.016,0.016,0.016,0.016,309550,0
CNW,20181207,0.016,0.016,0.016,0.016,687932,0
CNW,20181210,0.016,0.016,0.016,0.016,254687,0
CNW,20181211,0.016,0.016,0.016,0.016,0,0
CNW,20181212,0.016,0.016,0.016,0.016,67819,0
CNW,20181213,0.016,0.016,0.016,0.016,50000,0
CNW,20181214,0.017,0.017,0.017,0.017,6209777,0
CNW,20181217,0.017,0.017,0.017,0.017,0,0
CNW,20181218,0.017,0.017,0.017,0.017,0,0
CNW,20181219,0.017,0.017,0.017,0.017,3697179,0
CNW,20181220,0.017,0.017,0.016,0.016,273728,0
CNW,20181221,0.016,0.016,0.016,0.016,100000,0
CNW,20181224,0.016,0.016,0.016,0.016,300667,0
CNW,20181225,0.016,0.016,0.016,0.016,0,0
CNW,20181226,0.016,0.016,0.016,0.016,0,0
CNW,20181227,0.017,0.017,0.017,0.017,17648,0
CNW,20181228,0.017,0.017,0.017,0.017,30000,0
CNW,20181231,0.017,0.017,0.017,0.017,0,0
CNW,20190101,0.017,0.017,0.017,0.017,0,0
CNW,20190102,0.017,0.017,0.017,0.017,0,0
CNW,20190103,0.017,0.017,0.017,0.017,0,0
CNW,20190104,0.017,0.017,0.017,0.017,0,0
CNW,20190107,0.017,0.017,0.017,0.017,155000,0
CNW,20190108,0.017,0.017,0.017,0.017,7000,0
CNW,20190109,0.017,0.017,0.017,0.017,207550,0
CNW,20190110,0.017,0.017,0.017,0.017,0,0
CNW,20190111,0.017,0.017,0.017,0.017,0,0
CNW,20190114,0.018,0.018,0.017,0.018,2679517,0
CNW,20190115,0.018,0.018,0.018,0.018,46473,0
CNW,20190116,0.018,0.018,0.018,0.018,0,0
CNW,20190117,0.018,0.019,0.018,0.018,724520,0
CNW,20190118,0.018,0.018,0.018,0.018,20640,0
CNW,20190121,0.018,0.018,0.018,0.018,0,0
CNW,20190122,0.018,0.018,0.018,0.018,687412,0
CNW,20190123,0.018,0.018,0.017,0.017,550000,0
CNW,20190124,0.018,0.018,0.017,0.017,805378,0
CNW,20190125,0.018,0.019,0.018,0.019,1680217,0
CNW,20190128,0.019,0.019,0.019,0.019,0,0
CNW,20190129,0.018,0.019,0.018,0.019,4864687,0
CNW,20190130,0.019,0.019,0.019,0.019,0,0
CNW,20190131,0.02,0.02,0.019,0.019,4900000,0
CNW,20190201,0.019,0.019,0.019,0.019,1800000,0
CNW,20190204,0.02,0.021,0.02,0.021,5050000,0
CNW,20190205,0.021,0.021,0.021,0.021,2183249,0
CNW,20190206,0.022,0.023,0.022,0.023,5385541,0
CNW,20190207,0.024,0.025,0.023,0.024,7268054,0
CNW,20190208,0.024,0.024,0.024,0.024,2188909,0
CNW,20190211,0.024,0.024,0.024,0.024,7715353,0
CNW,20190212,0.024,0.026,0.024,0.025,5394132,0
CNW,20190213,0.025,0.025,0.024,0.025,8995907,0
CNW,20190214,0.027,0.033,0.027,0.028,27849076,0
CNW,20190215,0.028,0.028,0.025,0.027,4023348,0
CNW,20190218,0.027,0.028,0.027,0.028,878732,0
CNW,20190219,0.027,0.028,0.026,0.026,1895896,0
CNW,20190220,0.026,0.026,0.026,0.026,1001053,0
CNW,20190221,0.025,0.025,0.024,0.024,792701,0
CNW,20190222,0.029,0.038,0.027,0.038,71935433,0
CNW,20190225,0.037,0.04,0.033,0.033,29039858,0
CNW,20190226,0.034,0.034,0.031,0.033,5705269,0
CNW,20190227,0.034,0.034,0.032,0.034,7132589,0
CNW,20190228,0.034,0.036,0.033,0.035,13268316,0
CNW,20190301,0.035,0.037,0.034,0.035,8110292,0
CNW,20190304,0.036,0.036,0.033,0.033,9301168,0
CNW,20190305,0.033,0.033,0.032,0.033,789353,0
CNW,20190306,0.033,0.033,0.033,0.033,1402578,0
CNW,20190307,0.033,0.035,0.033,0.034,4138653,0
CNW,20190308,0.034,0.037,0.034,0.037,4442112,0
CNW,20190311,0.036,0.037,0.035,0.035,1817727,0
CNW,20190312,0.035,0.041,0.035,0.04,17031742,0
CNW,20190313,0.04,0.041,0.038,0.038,2903464,0
CNW,20190314,0.038,0.038,0.037,0.038,1611515,0
CNW,20190315,0.038,0.04,0.036,0.04,6154599,0
CNW,20190318,0.039,0.044,0.039,0.043,14324243,0
CNW,20190319,0.043,0.045,0.042,0.043,6378699,0
CNW,20190320,0.044,0.044,0.042,0.042,8994128,0
CNW,20190321,0.042,0.042,0.039,0.041,6404672,0
CNW,20190322,0.04,0.041,0.039,0.041,586313,0
CNW,20190325,0.041,0.041,0.04,0.04,2107060,0
CNW,20190326,0.04,0.04,0.039,0.04,7081075,0
CNW,20190327,0.04,0.043,0.04,0.043,2639949,0
CNW,20190328,0.042,0.043,0.042,0.043,1928451,0
CNW,20190329,0.043,0.044,0.043,0.044,2090687,0
CNW,20190401,0.044,0.045,0.044,0.044,492353,0
CNW,20190402,0.044,0.047,0.044,0.046,11823657,0
CNW,20190403,0.045,0.045,0.044,0.044,3559880,0
CNW,20190404,0.044,0.046,0.044,0.046,5582488,0
CNW,20190405,0.046,0.047,0.046,0.047,5816200,0
CNW,20190408,0.048,0.048,0.047,0.047,7711167,0
CNW,20190409,0.048,0.049,0.047,0.048,18381731,0
CNW,20190410,0.048,0.05,0.048,0.049,5330194,0
CNW,20190411,0.048,0.048,0.045,0.047,2971216,0
CNW,20190412,0.049,0.053,0.049,0.052,9179951,0
CNW,20190415,0.053,0.055,0.053,0.053,7546042,0
CNW,20190416,0.054,0.055,0.053,0.053,4861309,0
CNW,20190417,0.054,0.054,0.049,0.049,2203477,0
CNW,20190418,0.05,0.052,0.049,0.052,2392062,0
CNW,20190419,0.052,0.052,0.052,0.052,0,0
CNW,20190422,0.052,0.052,0.052,0.052,0,0
CNW,20190423,0.051,0.052,0.05,0.051,1506745,0
CNW,20190424,0.05,0.052,0.05,0.052,3657487,0
CNW,20190425,0.052,0.052,0.052,0.052,0,0
CNW,20190426,0.053,0.058,0.052,0.058,10970088,0
CNW,20190429,0.058,0.062,0.058,0.059,10213575,0
CNW,20190430,0.059,0.059,0.057,0.057,1131320,0
CNW,20190501,0.059,0.06,0.057,0.058,1379336,0
CNW,20190502,0.057,0.057,0.053,0.053,2609910,0
CNW,20190503,0.053,0.054,0.051,0.051,3120841,0
CNW,20190506,0.051,0.051,0.048,0.049,3865315,0
CNW,20190507,0.048,0.05,0.047,0.049,2358638,0
CNW,20190508,0.047,0.049,0.047,0.049,1161706,0
CNW,20190509,0.049,0.052,0.049,0.05,1458145,0
CNW,20190510,0.05,0.05,0.048,0.049,384755,0
CNW,20190513,0.049,0.049,0.049,0.049,0,0
CNW,20190514,0.04,0.044,0.04,0.043,9343380,0
CNW,20190515,0.044,0.045,0.044,0.045,2996779,0
CNW,20190516,0.046,0.047,0.045,0.045,1463286,0
CNW,20190517,0.045,0.045,0.044,0.045,682964,0
CNW,20190520,0.048,0.049,0.046,0.049,677316,0
CNW,20190521,0.047,0.047,0.045,0.046,856541,0
CNW,20190522,0.044,0.046,0.043,0.046,272085,0
CNW,20190523,0.044,0.044,0.041,0.044,1402107,0
CNW,20190524,0.042,0.046,0.041,0.045,1944489,0
CNW,20190527,0.044,0.047,0.044,0.047,2137333,0
CNW,20190528,0.047,0.049,0.046,0.047,974458,0
CNW,20190529,0.047,0.047,0.045,0.045,1070826,0
CNW,20190530,0.046,0.046,0.041,0.043,1438548,0
CNW,20190531,0.042,0.043,0.038,0.042,5356872,0
CNW,20190603,0.042,0.042,0.037,0.037,1271982,0
CNW,20190604,0.037,0.039,0.037,0.038,905183,0
CNW,20190605,0.038,0.038,0.034,0.036,1563674,0
CNW,20190606,0.037,0.039,0.034,0.037,10620067,0
CNW,20190607,0.037,0.038,0.037,0.038,533790,0
CNW,20190610,0.038,0.038,0.038,0.038,0,0
CNW,20190611,0.037,0.04,0.037,0.04,2011221,0
CNW,20190612,0.04,0.04,0.035,0.036,3917775,0
CNW,20190613,0.036,0.037,0.033,0.034,1556360,0
CNW,20190614,0.034,0.036,0.034,0.034,1495646,0
CNW,20190617,0.034,0.039,0.034,0.037,1407287,0
CNW,20190618,0.037,0.042,0.036,0.039,6173121,0
CNW,20190619,0.04,0.04,0.038,0.038,2537416,0
CNW,20190620,0.04,0.042,0.04,0.042,2864793,0
CNW,20190621,0.043,0.044,0.042,0.044,2443394,0
CNW,20190624,0.044,0.044,0.044,0.044,0,0
CNW,20190625,0.038,0.039,0.037,0.038,2303504,0
CNW,20190626,0.038,0.041,0.038,0.04,2242102,0
CNW,20190627,0.04,0.04,0.037,0.037,297781,0
CNW,20190628,0.038,0.04,0.036,0.04,891480,0
CNW,20190701,0.04,0.04,0.038,0.038,408314,0
CNW,20190702,0.038,0.038,0.038,0.038,1366038,0
CNW,20190703,0.037,0.037,0.037,0.037,33791,0
CNW,20190704,0.037,0.038,0.036,0.036,2117608,0
CNW,20190705,0.036,0.039,0.036,0.037,75845,0
CNW,20190708,0.037,0.037,0.037,0.037,597895,0
CNW,20190709,0.04,0.041,0.039,0.04,845059,0
CNW,20190710,0.039,0.039,0.039,0.039,129487,0
CNW,20190711,0.04,0.043,0.04,0.042,1792163,0
CNW,20190712,0.044,0.044,0.04,0.04,681651,0
CNW,20190715,0.041,0.043,0.041,0.042,1123658,0
CNW,20190716,0.042,0.042,0.041,0.041,810930,0
CNW,20190717,0.041,0.043,0.04,0.043,321623,0
CNW,20190718,0.043,0.043,0.04,0.041,595288,0
CNW,20190719,0.042,0.046,0.042,0.046,1767442,0
CNW,20190722,0.048,0.049,0.046,0.046,2443256,0
CNW,20190723,0.045,0.046,0.045,0.045,491850,0
CNW,20190724,0.047,0.047,0.038,0.041,12020218,0
CNW,20190725,0.041,0.042,0.04,0.041,1485309,0
CNW,20190726,0.041,0.042,0.041,0.041,3365766,0
CNW,20190729,0.041,0.041,0.04,0.041,1754921,0
CNW,20190730,0.041,0.045,0.041,0.045,2740171,0
CNW,20190731,0.045,0.046,0.043,0.046,4153716,0
CNW,20190801,0.046,0.046,0.044,0.046,2676455,0
CNW,20190802,0.045,0.045,0.043,0.044,578494,0
CNW,20190805,0.043,0.043,0.039,0.04,4255662,0
CNW,20190806,0.04,0.04,0.035,0.038,4665700,0
CNW,20190807,0.037,0.039,0.037,0.038,1922145,0
CNW,20190808,0.04,0.042,0.039,0.041,4691626,0
CNW,20190809,0.041,0.043,0.041,0.043,1441579,0
CNW,20190812,0.042,0.042,0.041,0.041,672410,0
CNW,20190813,0.041,0.042,0.039,0.039,2695503,0
CNW,20190814,0.039,0.039,0.038,0.039,2154537,0
CNW,20190815,0.038,0.038,0.038,0.038,1052626,0
CNW,20190816,0.038,0.038,0.038,0.038,569418,0
CNW,20190819,0.039,0.041,0.038,0.038,665059,0
CNW,20190820,0.042,0.042,0.042,0.042,326389,0
CNW,20190821,0.042,0.042,0.041,0.042,362157,0
CNW,20190822,0.042,0.042,0.039,0.041,2139758,0
CNW,20190823,0.041,0.041,0.041,0.041,330000,0
CNW,20190826,0.039,0.041,0.039,0.04,659670,0
CNW,20190827,0.04,0.042,0.04,0.042,1698171,0
CNW,20190828,0.04,0.04,0.039,0.039,3289652,0
CNW,20190829,0.04,0.041,0.039,0.041,1492884,0
CNW,20190830,0.041,0.041,0.041,0.041,971963,0
CNW,20190902,0.041,0.041,0.039,0.039,469900,0
CNW,20190903,0.039,0.039,0.037,0.038,2662539,0
CNW,20190904,0.038,0.038,0.038,0.038,0,0
CNW,20190905,0.038,0.038,0.035,0.038,5323813,0
CNW,20190906,0.038,0.039,0.038,0.038,153562,0
CNW,20190909,0.039,0.04,0.039,0.04,1432756,0
CNW,20190910,0.038,0.038,0.038,0.038,52107,0
CNW,20190911,0.038,0.04,0.038,0.04,279107,0
CNW,20190912,0.04,0.04,0.04,0.04,74376,0
CNW,20190913,0.038,0.04,0.037,0.04,1148678,0
CNW,20190916,0.04,0.041,0.04,0.04,1187803,0
CNW,20190917,0.04,0.04,0.037,0.037,2585482,0
CNW,20190918,0.038,0.038,0.035,0.036,3287117,0
CNW,20190919,0.036,0.038,0.034,0.035,880402,0
CNW,20190920,0.036,0.036,0.035,0.035,7548715,0
CNW,20190923,0.036,0.036,0.035,0.035,2116840,0
CNW,20190924,0.034,0.035,0.032,0.035,2955711,0
CNW,20190925,0.035,0.036,0.035,0.036,807900,0
CNW,20190926,0.037,0.039,0.036,0.038,1850538,0
CNW,20190927,0.038,0.039,0.038,0.038,1889619,0
CNW,20190930,0.04,0.04,0.04,0.04,2019495,0
CNW,20191001,0.04,0.041,0.04,0.041,1438196,0
CNW,20191002,0.041,0.041,0.038,0.04,911908,0
CNW,20191003,0.04,0.04,0.038,0.039,497474,0
CNW,20191004,0.038,0.04,0.038,0.04,2009698,0
CNW,20191007,0.04,0.04,0.04,0.04,0,0
CNW,20191008,0.038,0.038,0.038,0.038,606422,0
CNW,20191009,0.038,0.039,0.038,0.039,2248845,0
CNW,20191010,0.038,0.038,0.038,0.038,172841,0
CNW,20191011,0.038,0.038,0.038,0.038,135501,0
CNW,20191014,0.038,0.038,0.038,0.038,469516,0
CNW,20191015,0.038,0.04,0.038,0.04,804702,0
CNW,20191016,0.039,0.04,0.039,0.039,2460918,0
CNW,20191017,0.04,0.041,0.039,0.04,1384140,0
CNW,20191018,0.039,0.039,0.039,0.039,255000,0
CNW,20191021,0.039,0.04,0.039,0.04,3207541,0
CNW,20191022,0.041,0.044,0.041,0.043,5476366,0
CNW,20191023,0.043,0.043,0.041,0.041,3332665,0
CNW,20191024,0.041,0.041,0.041,0.041,1011062,0
CNW,20191025,0.042,0.042,0.041,0.041,507137,0
CNW,20191028,0.041,0.042,0.04,0.041,1130905,0
CNW,20191029,0.041,0.041,0.039,0.039,2011476,0
CNW,20191030,0.039,0.04,0.038,0.04,3468001,0
CNW,20191031,0.04,0.04,0.04,0.04,1365780,0
CNW,20191101,0.04,0.04,0.039,0.04,1131691,0
CNW,20191104,0.04,0.041,0.04,0.04,1206149,0
CNW,20191105,0.04,0.041,0.04,0.041,421658,0
CNW,20191106,0.041,0.042,0.04,0.041,1735425,0
CNW,20191107,0.042,0.042,0.041,0.041,1148009,0
CNW,20191108,0.043,0.044,0.042,0.042,7033259,0
CNW,20191111,0.042,0.044,0.042,0.043,2741014,0
CNW,20191112,0.042,0.042,0.042,0.042,66003,0
CNW,20191113,0.043,0.043,0.042,0.042,322533,0
CNW,20191114,0.042,0.042,0.042,0.042,502339,0
CNW,20191115,0.043,0.043,0.042,0.043,1276341,0
CNW,20191118,0.043,0.044,0.043,0.043,1023054,0
CNW,20191119,0.042,0.044,0.042,0.044,657971,0
CNW,20191120,0.044,0.044,0.043,0.043,388399,0
CNW,20191121,0.043,0.043,0.043,0.043,78280,0
CNW,20191122,0.043,0.044,0.043,0.043,726342,0
CNW,20191125,0.043,0.043,0.043,0.043,239208,0
CNW,20191126,0.042,0.043,0.039,0.04,6243364,0
CNW,20191127,0.04,0.04,0.04,0.04,186008,0
CNW,20191128,0.04,0.04,0.039,0.039,569670,0
CNW,20191129,0.039,0.04,0.039,0.04,707644,0
CNW,20191202,0.039,0.04,0.039,0.039,931070,0
CNW,20191203,0.039,0.04,0.038,0.04,858508,0
CNW,20191204,0.039,0.039,0.039,0.039,91166,0
CNW,20191205,0.039,0.039,0.039,0.039,514337,0
CNW,20191206,0.039,0.039,0.037,0.037,5579658,0
CNW,20191209,0.038,0.038,0.037,0.038,1855559,0
CNW,20191210,0.038,0.038,0.038,0.038,750250,0
CNW,20191211,0.038,0.038,0.037,0.037,1514941,0
CNW,20191212,0.037,0.038,0.036,0.037,2349582,0
CNW,20191213,0.038,0.038,0.037,0.037,2292085,0
CNW,20191216,0.038,0.04,0.038,0.04,2193324,0
CNW,20191217,0.04,0.04,0.04,0.04,913592,0
CNW,20191218,0.04,0.04,0.04,0.04,0,0
CNW,20191219,0.039,0.039,0.038,0.038,568725,0
CNW,20191220,0.039,0.039,0.038,0.038,977318,0
CNW,20191223,0.037,0.037,0.037,0.037,1321467,0
CNW,20191224,0.038,0.038,0.038,0.038,380206,0
CNW,20191225,0.038,0.038,0.038,0.038,0,0
CNW,20191226,0.038,0.038,0.038,0.038,0,0
CNW,20191227,0.038,0.038,0.038,0.038,0,0
CNW,20191230,0.039,0.04,0.039,0.04,482142,0
CNW,20191231,0.04,0.04,0.038,0.04,140423,0
CNW,20200101,0.04,0.04,0.04,0.04,0,0
CNW,20200102,0.039,0.04,0.039,0.04,504542,0
CNW,20200103,0.04,0.04,0.04,0.04,200000,0
CNW,20200106,0.04,0.04,0.04,0.04,0,0
CNW,20200107,0.039,0.039,0.039,0.039,50000,0
CNW,20200108,0.039,0.039,0.039,0.039,0,0
CNW,20200109,0.039,0.039,0.038,0.038,119632,0
CNW,20200110,0.039,0.039,0.039,0.039,22414,0
CNW,20200113,0.038,0.038,0.038,0.038,500000,0
CNW,20200114,0.038,0.038,0.037,0.037,1192412,0
CNW,20200115,0.038,0.038,0.037,0.038,504214,0
CNW,20200116,0.038,0.038,0.037,0.037,1586149,0
CNW,20200117,0.038,0.039,0.038,0.038,1287387,0
CNW,20200120,0.039,0.039,0.038,0.038,465002,0
CNW,20200121,0.038,0.038,0.037,0.038,897653,0
CNW,20200122,0.038,0.038,0.037,0.038,981938,0
CNW,20200123,0.038,0.038,0.037,0.037,101834,0
CNW,20200124,0.038,0.038,0.038,0.038,222217,0
CNW,20200127,0.038,0.038,0.038,0.038,0,0
CNW,20200128,0.038,0.038,0.037,0.037,1355873,0
CNW,20200129,0.037,0.037,0.036,0.036,1359093,0
CNW,20200130,0.036,0.036,0.036,0.036,1027040,0
CNW,20200131,0.036,0.036,0.035,0.035,1547274,0
CNW,20200203,0.035,0.035,0.031,0.032,1695896,0
CNW,20200204,0.033,0.035,0.033,0.034,1155801,0
CNW,20200205,0.034,0.034,0.034,0.034,122860,0
CNW,20200206,0.034,0.035,0.034,0.035,82436,0
CNW,20200207,0.035,0.036,0.035,0.035,737010,0
CNW,20200210,0.034,0.035,0.034,0.035,232550,0
CNW,20200211,0.035,0.035,0.035,0.035,45000,0
CNW,20200212,0.034,0.034,0.03,0.031,2767817,0
CNW,20200213,0.033,0.033,0.033,0.033,400000,0
CNW,20200214,0.033,0.033,0.031,0.032,1363382,0
CNW,20200217,0.032,0.032,0.031,0.031,413900,0
CNW,20200218,0.031,0.033,0.031,0.032,1699999,0
CNW,20200219,0.031,0.032,0.031,0.031,1391490,0
CNW,20200220,0.031,0.032,0.031,0.032,1985016,0
CNW,20200221,0.032,0.032,0.032,0.032,1088088,0
CNW,20200224,0.032,0.032,0.03,0.03,1008100,0
CNW,20200225,0.026,0.028,0.025,0.027,6033011,0
CNW,20200226,0.027,0.027,0.023,0.023,786872,0
CNW,20200227,0.024,0.026,0.023,0.025,2038977,0
CNW,20200228,0.023,0.026,0.021,0.025,1329939,0
CNW,20200302,0.023,0.023,0.023,0.023,3500000,0
CNW,20200303,0.026,0.026,0.025,0.026,411600,0
CNW,20200304,0.026,0.026,0.024,0.025,258265,0
CNW,20200305,0.027,0.027,0.026,0.026,916825,0
CNW,20200306,0.025,0.025,0.023,0.024,2600869,0
CNW,20200309,0.023,0.023,0.017,0.019,4074984,0
CNW,20200310,0.018,0.02,0.018,0.019,1527270,0
CNW,20200311,0.02,0.021,0.019,0.019,341052,0
CNW,20200312,0.018,0.02,0.018,0.018,363158,0
CNW,20200313,0.017,0.019,0.016,0.019,1042009,0
CNW,20200316,0.017,0.017,0.016,0.016,688470,0
CNW,20200317,0.017,0.017,0.017,0.017,141330,0
CNW,20200318,0.017,0.019,0.017,0.017,429232,0
CNW,20200319,0.018,0.018,0.016,0.016,1090070,0
CNW,20200320,0.016,0.017,0.016,0.016,517400,0
CNW,20200323,0.016,0.016,0.014,0.015,877827,0
CNW,20200324,0.015,0.015,0.015,0.015,20000,0
CNW,20200325,0.015,0.015,0.015,0.015,100000,0
CNW,20200326,0.016,0.016,0.016,0.016,39394,0
CNW,20200327,0.017,0.018,0.017,0.018,292011,0
CNW,20200330,0.018,0.018,0.015,0.015,525000,0
CNW,20200331,0.015,0.017,0.015,0.017,570000,0
CNW,20200401,0.017,0.017,0.016,0.017,1452378,0
CNW,20200402,0.017,0.018,0.017,0.018,280931,0
CNW,20200403,0.019,0.02,0.019,0.019,615000,0
CNW,20200406,0.02,0.02,0.02,0.02,233333,0
CNW,20200407,0.02,0.02,0.02,0.02,0,0
CNW,20200408,0.02,0.02,0.02,0.02,0,0
CNW,20200409,0.02,0.02,0.02,0.02,298148,0
CNW,20200410,0.02,0.02,0.02,0.02,0,0
CNW,20200413,0.02,0.02,0.02,0.02,0,0
CNW,20200414,0.02,0.022,0.02,0.022,302500,0
CNW,20200415,0.02,0.02,0.02,0.02,295926,0
CNW,20200416,0.021,0.021,0.021,0.021,24000,0
CNW,20200417,0.021,0.026,0.021,0.023,2118285,0
CNW,20200420,0.022,0.023,0.022,0.023,332947,0
CNW,20200421,0.023,0.023,0.022,0.022,300000,0
CNW,20200422,0.022,0.022,0.022,0.022,787890,0
CNW,20200423,0.024,0.026,0.024,0.026,200100,0
CNW,20200424,0.026,0.026,0.023,0.024,2212749,0
CNW,20200427,0.024,0.024,0.024,0.024,0,0
CNW,20200428,0.024,0.024,0.024,0.024,0,0
CNW,20200429,0.025,0.025,0.024,0.024,1675407,0
CNW,20200430,0.025,0.025,0.023,0.024,576078,0
CNW,20200501,0.024,0.024,0.023,0.023,865000,0
CNW,20200504,0.022,0.022,0.021,0.022,468920,0
CNW,20200505,0.022,0.022,0.022,0.022,110869,0
CNW,20200506,0.022,0.022,0.022,0.022,519766,0
CNW,20200507,0.021,0.021,0.021,0.021,1223108,0
CNW,20200508,0.02,0.021,0.02,0.021,1308351,0
CNW,20200511,0.02,0.02,0.02,0.02,1829543,0
CNW,20200512,0.02,0.02,0.02,0.02,37667,0
CNW,20200513,0.02,0.02,0.02,0.02,0,0
CNW,20200514,0.021,0.021,0.02,0.021,1060190,0
CNW,20200515,0.022,0.022,0.021,0.021,645634,0
CNW,20200518,0.021,0.021,0.021,0.021,361454,0
CNW,20200519,0.021,0.022,0.021,0.022,48238,0
CNW,20200520,0.02,0.022,0.02,0.022,27089,0
CNW,20200521,0.021,0.021,0.021,0.021,263500,0
CNW,20200522,0.021,0.021,0.021,0.021,0,0
CNW,20200525,0.02,0.022,0.02,0.021,1255703,0
CNW,20200526,0.022,0.022,0.022,0.022,476909,0
CNW,20200527,0.022,0.022,0.022,0.022,0,0
CNW,20200528,0.022,0.023,0.021,0.023,1378111,0
CNW,20200529,0.023,0.023,0.023,0.023,592980,0
CNW,20200601,0.022,0.022,0.021,0.022,384766,0
CNW,20200602,0.022,0.022,0.021,0.021,164043,0
CNW,20200603,0.02,0.02,0.019,0.02,2690365,0
CNW,20200604,0.02,0.022,0.02,0.022,1552194,0
CNW,20200605,0.022,0.022,0.022,0.022,654043,0
CNW,20200608,0.022,0.022,0.022,0.022,0,0
CNW,20200609,0.022,0.022,0.022,0.022,250000,0
CNW,20200610,0.023,0.024,0.023,0.024,906682,0
CNW,20200611,0.023,0.024,0.023,0.023,1412860,0
CNW,20200612,0.023,0.023,0.021,0.022,1341659,0
CNW,20200615,0.022,0.022,0.022,0.022,0,0
CNW,20200616,0.022,0.022,0.022,0.022,0,0
CNW,20200617,0.022,0.022,0.022,0.022,0,0
CNW,20200618,0.023,0.023,0.022,0.022,575090,0
CNW,20200619,0.023,0.024,0.022,0.022,365793,0
CNW,20200622,0.022,0.022,0.019,0.02,2300598,0
CNW,20200623,0.02,0.02,0.02,0.02,518691,0
CNW,20200624,0.021,0.021,0.021,0.021,515000,0
CNW,20200625,0.021,0.021,0.02,0.02,1110288,0
CNW,20200626,0.021,0.021,0.021,0.021,9000,0
CNW,20200629,0.021,0.021,0.02,0.02,1824002,0
CNW,20200630,0.02,0.02,0.02,0.02,193387,0
CNW,20200701,0.02,0.02,0.02,0.02,0,0
CNW,20200702,0.021,0.021,0.021,0.021,100000,0
CNW,20200703,0.021,0.021,0.021,0.021,0,0
CNW,20200706,0.021,0.021,0.021,0.021,0,0
CNW,20200707,0.033,0.037,0.026,0.028,19824668,0
CNW,20200708,0.028,0.028,0.024,0.025,3245693,0
CNW,20200709,0.025,0.025,0.024,0.024,488184,0
CNW,20200710,0.023,0.024,0.023,0.023,536040,0
CNW,20200713,0.022,0.024,0.021,0.023,2155929,0
CNW,20200714,0.023,0.024,0.023,0.024,588521,0
CNW,20200715,0.024,0.024,0.024,0.024,0,0
CNW,20200716,0.024,0.024,0.024,0.024,0,0
CNW,20200717,0.024,0.024,0.024,0.024,0,0
CNW,20200720,0.024,0.024,0.024,0.024,0,0
CNW,20200721,0.028,0.031,0.027,0.028,7573497,0
CNW,20200722,0.027,0.027,0.025,0.026,2733288,0
CNW,20200723,0.026,0.03,0.026,0.029,1680468,0
CNW,20200724,0.03,0.03,0.029,0.029,764940,0
CNW,20200727,0.028,0.028,0.027,0.027,1262280,0
CNW,20200728,0.027,0.027,0.027,0.027,173676,0
CNW,20200729,0.027,0.027,0.027,0.027,178093,0
CNW,20200730,0.027,0.029,0.027,0.029,22007,0
CNW,20200731,0.028,0.028,0.028,0.028,13750,0
CNW,20200803,0.027,0.027,0.027,0.027,95000,0
CNW,20200804,0.027,0.027,0.026,0.026,1499955,0
CNW,20200805,0.027,0.027,0.026,0.026,121713,0
CNW,20200806,0.027,0.028,0.026,0.026,1411335,0
CNW,20200807,0.027,0.028,0.027,0.027,763373,0
CNW,20200810,0.028,0.028,0.028,0.028,1071160,0
CNW,20200811,0.029,0.031,0.029,0.029,1650000,0
CNW,20200812,0.029,0.03,0.028,0.03,214696,0
CNW,20200813,0.031,0.032,0.03,0.03,1144775,0
CNW,20200814,0.03,0.03,0.03,0.03,100000,0
CNW,20200817,0.03,0.03,0.03,0.03,88180,0
CNW,20200818,0.029,0.029,0.029,0.029,822432,0
CNW,20200819,0.032,0.038,0.03,0.033,21806608,0
CNW,20200820,0.033,0.034,0.032,0.032,7470490,0
CNW,20200821,0.032,0.032,0.03,0.032,3421718,0
CNW,20200824,0.032,0.033,0.032,0.032,1123390,0
CNW,20200825,0.032,0.033,0.032,0.032,3478612,0
CNW,20200826,0.032,0.033,0.031,0.032,158746,0
CNW,20200827,0.032,0.033,0.032,0.033,656312,0
CNW,20200828,0.033,0.033,0.032,0.032,63636,0
CNW,20200831,0.032,0.033,0.032,0.032,613145,0
CNW,20200901,0.032,0.032,0.031,0.031,1370743,0
CNW,20200902,0.031,0.031,0.03,0.03,1799339,0
CNW,20200903,0.032,0.032,0.03,0.032,816420,0
CNW,20200904,0.03,0.03,0.029,0.029,2231501,0
CNW,20200907,0.03,0.03,0.029,0.03,954440,0
CNW,20200908,0.03,0.03,0.029,0.029,203385,0
CNW,20200909,0.029,0.029,0.029,0.029,138080,0
CNW,20200910,0.029,0.029,0.029,0.029,0,0
CNW,20200911,0.029,0.029,0.027,0.027,1008817,0
CNW,20200914,0.028,0.03,0.028,0.029,358622,0
CNW,20200915,0.03,0.03,0.029,0.029,499999,0
CNW,20200916,0.029,0.029,0.029,0.029,0,0
CNW,20200917,0.03,0.03,0.029,0.029,220002,0
CNW,20200918,0.03,0.03,0.03,0.03,100000,0
CNW,20200921,0.029,0.029,0.029,0.029,244523,0
CNW,20200922,0.029,0.03,0.029,0.03,2719137,0
CNW,20200923,0.031,0.031,0.03,0.03,882096,0
CNW,20200924,0.03,0.031,0.03,0.03,1396731,0
CNW,20200925,0.03,0.03,0.03,0.03,149346,0
CNW,20200928,0.03,0.032,0.03,0.032,197413,0
CNW,20200929,0.03,0.03,0.03,0.03,115041,0
CNW,20200930,0.031,0.033,0.031,0.031,478822,0
CNW,20201001,0.032,0.033,0.03,0.031,1458519,0
CNW,20201002,0.031,0.031,0.03,0.03,2126473,0
CNW,20201005,0.03,0.03,0.029,0.03,1122104,0
CNW,20201006,0.03,0.031,0.03,0.031,437464,0
CNW,20201007,0.031,0.031,0.029,0.029,1040687,0
CNW,20201008,0.03,0.03,0.03,0.03,290222,0
CNW,20201009,0.03,0.03,0.03,0.03,350029,0
CNW,20201012,0.03,0.03,0.029,0.03,364674,0
CNW,20201013,0.03,0.03,0.029,0.03,1654486,0
CNW,20201014,0.03,0.03,0.03,0.03,363767,0
CNW,20201015,0.03,0.031,0.029,0.03,1366977,0
CNW,20201016,0.03,0.03,0.029,0.029,182010,0
CNW,20201019,0.03,0.03,0.029,0.03,588965,0
CNW,20201020,0.03,0.03,0.029,0.029,281666,0
CNW,20201021,0.03,0.03,0.029,0.029,7337760,0
CNW,20201022,0.029,0.029,0.029,0.029,533303,0
CNW,20201023,0.029,0.029,0.029,0.029,66963,0
CNW,20201026,0.029,0.029,0.029,0.029,273970,0
CNW,20201027,0.028,0.028,0.027,0.028,1418683,0
CNW,20201028,0.028,0.028,0.028,0.028,224726,0
CNW,20201029,0.028,0.028,0.027,0.027,447473,0
CNW,20201030,0.027,0.028,0.026,0.028,1316083,0
CNW,20201102,0.028,0.028,0.028,0.028,20000,0
CNW,20201103,0.028,0.029,0.028,0.029,18203,0
CNW,20201104,0.029,0.029,0.029,0.029,0,0
CNW,20201105,0.027,0.027,0.027,0.027,660585,0
CNW,20201106,0.027,0.028,0.027,0.028,3595960,0
CNW,20201109,0.028,0.028,0.028,0.028,269644,0
CNW,20201110,0.029,0.029,0.028,0.028,719127,0
CNW,20201111,0.027,0.027,0.027,0.027,36556,0
CNW,20201112,0.027,0.027,0.027,0.027,149156,0
CNW,20201113,0.027,0.028,0.027,0.028,588932,0
CNW,20201116,0.028,0.029,0.028,0.029,110001,0
CNW,20201117,0.029,0.029,0.027,0.028,2363964,0
CNW,20201118,0.029,0.029,0.027,0.029,712605,0
CNW,20201119,0.029,0.029,0.029,0.029,1890880,0
CNW,20201120,0.029,0.03,0.029,0.03,2427548,0
CNW,20201123,0.031,0.033,0.031,0.032,6201348,0
CNW,20201124,0.037,0.037,0.034,0.034,11001597,0
CNW,20201125,0.034,0.035,0.033,0.033,2852557,0
CNW,20201126,0.034,0.034,0.033,0.034,614887,0
CNW,20201127,0.034,0.035,0.033,0.033,10470326,0
CNW,20201130,0.033,0.033,0.032,0.032,3068972,0
CNW,20201201,0.033,0.033,0.031,0.032,954313,0
CNW,20201202,0.032,0.033,0.031,0.033,4135000,0
CNW,20201203,0.033,0.034,0.033,0.034,1418016,0
CNW,20201204,0.034,0.034,0.033,0.033,1055876,0
CNW,20201207,0.033,0.033,0.033,0.033,577756,0
CNW,20201208,0.034,0.034,0.033,0.033,813948,0
CNW,20201209,0.033,0.033,0.033,0.033,1531933,0
CNW,20201210,0.033,0.033,0.03,0.03,1199564,0
CNW,20201211,0.031,0.031,0.031,0.031,393194,0
CNW,20201214,0.033,0.033,0.031,0.031,321850,0
CNW,20201215,0.031,0.032,0.031,0.032,9250647,0
CNW,20201216,0.033,0.033,0.032,0.032,50971,0
CNW,20201217,0.032,0.032,0.032,0.032,165000,0
CNW,20201218,0.031,0.031,0.031,0.031,492353,0
CNW,20201221,0.031,0.031,0.031,0.031,50000,0
CNW,20201222,0.031,0.031,0.03,0.031,653970,0
CNW,20201223,0.031,0.031,0.031,0.031,959392,0
CNW,20201224,0.031,0.033,0.03,0.033,586589,0
CNW,20201225,0.033,0.033,0.033,0.033,0,0
CNW,20201228,0.033,0.033,0.033,0.033,0,0
CNW,20201229,0.033,0.033,0.031,0.031,80000,0
CNW,20201230,0.031,0.031,0.031,0.031,403325,0
CNW,20201231,0.032,0.032,0.032,0.032,31250,0
CNW,20210101,0.032,0.032,0.032,0.032,0,0
CNW,20210104,0.031,0.031,0.031,0.031,69352,0
CNW,20210105,0.033,0.033,0.031,0.032,894908,0
CNW,20210106,0.031,0.031,0.031,0.031,1216205,0
CNW,20210107,0.032,0.032,0.031,0.031,369681,0
CNW,20210108,0.032,0.034,0.032,0.034,1404877,0
CNW,20210111,0.035,0.036,0.033,0.033,2250849,0
CNW,20210112,0.034,0.034,0.034,0.034,58383,0
CNW,20210113,0.033,0.034,0.033,0.034,50001,0
CNW,20210114,0.034,0.035,0.033,0.035,959833,0
CNW,20210115,0.034,0.035,0.034,0.034,381000,0
CNW,20210118,0.034,0.034,0.033,0.033,310854,0
CNW,20210119,0.033,0.033,0.032,0.032,2047306,0
CNW,20210120,0.032,0.033,0.032,0.032,511250,0
CNW,20210121,0.032,0.034,0.032,0.032,268896,0
CNW,20210122,0.034,0.034,0.033,0.033,232496,0
CNW,20210125,0.033,0.033,0.032,0.032,920824,0
CNW,20210126,0.032,0.032,0.032,0.032,0,0
CNW,20210127,0.033,0.033,0.032,0.032,309075,0
CNW,20210128,0.032,0.033,0.032,0.032,1485888,0
CNW,20210129,0.033,0.033,0.03,0.031,3258933,0
CNW,20210201,0.03,0.03,0.029,0.029,1914401,0
CNW,20210202,0.029,0.03,0.029,0.03,564846,0
CNW,20210203,0.03,0.03,0.03,0.03,118897,0
CNW,20210204,0.031,0.031,0.03,0.03,582933,0
CNW,20210205,0.03,0.031,0.0295,0.031,3143624,0
CNW,20210208,0.032,0.033,0.031,0.033,1069410,0
CNW,20210209,0.033,0.033,0.032,0.032,55625,0
CNW,20210210,0.032,0.033,0.032,0.032,287208,0
CNW,20210211,0.032,0.034,0.032,0.034,1093551,0
CNW,20210212,0.033,0.033,0.033,0.033,960606,0
CNW,20210215,0.033,0.033,0.033,0.033,1023187,0
CNW,20210216,0.032,0.035,0.032,0.035,1636406,0
CNW,20210217,0.036,0.037,0.031,0.032,19211540,0
CNW,20210218,0.032,0.032,0.03,0.031,4427357,0
CNW,20210219,0.029,0.03,0.029,0.03,713297,0
CNW,20210222,0.03,0.03,0.03,0.03,350168,0
CNW,20210223,0.03,0.03,0.03,0.03,843911,0
CNW,20210224,0.03,0.03,0.029,0.03,484923,0
CNW,20210225,0.029,0.03,0.029,0.03,1580969,0
CNW,20210226,0.03,0.03,0.029,0.03,665199,0
CNW,20210301,0.03,0.03,0.029,0.029,1249828,0
CNW,20210302,0.03,0.03,0.029,0.029,587026,0
CNW,20210303,0.03,0.03,0.029,0.029,1232936,0
CNW,20210304,0.029,0.03,0.028,0.029,541860,0
CNW,20210305,0.028,0.028,0.026,0.028,2883819,0
CNW,20210308,0.028,0.028,0.026,0.026,156787,0
CNW,20210309,0.028,0.028,0.028,0.028,499606,0
CNW,20210310,0.028,0.028,0.028,0.028,0,0
CNW,20210311,0.028,0.03,0.028,0.029,415238,0
CNW,20210312,0.033,0.036,0.031,0.031,32779545,0
CNW,20210315,0.032,0.032,0.031,0.031,4072830,0
CNW,20210316,0.031,0.033,0.031,0.031,2756767,0
CNW,20210317,0.031,0.031,0.03,0.03,1440600,0
CNW,20210318,0.031,0.031,0.03,0.03,880553,0
CNW,20210319,0.03,0.03,0.029,0.029,3853804,0
CNW,20210322,0.03,0.03,0.03,0.03,855000,0
CNW,20210323,0.031,0.031,0.031,0.031,208015,0
CNW,20210324,0.031,0.031,0.03,0.031,633237,0
CNW,20210325,0.032,0.032,0.03,0.03,741483,0
CNW,20210326,0.03,0.03,0.03,0.03,3050,0
CNW,20210329,0.03,0.031,0.03,0.03,706838,0
CNW,20210330,0.031,0.031,0.03,0.03,284683,0
CNW,20210331,0.031,0.031,0.03,0.031,925273,0
CNW,20210401,0.031,0.031,0.029,0.029,894576,0
CNW,20210402,0.029,0.029,0.029,0.029,0,0
CNW,20210405,0.029,0.029,0.029,0.029,0,0
CNW,20210406,0.03,0.03,0.03,0.03,683213,0
CNW,20210407,0.03,0.03,0.029,0.029,500134,0
CNW,20210408,0.03,0.031,0.03,0.031,1377115,0
CNW,20210409,0.031,0.032,0.031,0.032,763715,0
CNW,20210412,0.032,0.033,0.031,0.031,2080444,0
CNW,20210413,0.032,0.032,0.031,0.032,244520,0
CNW,20210414,0.031,0.031,0.031,0.031,418159,0
CNW,20210415,0.031,0.031,0.031,0.031,24419,0
CNW,20210416,0.03,0.03,0.03,0.03,1601795,0
CNW,20210419,0.031,0.031,0.03,0.03,76148,0
CNW,20210420,0.03,0.031,0.029,0.031,4029384,0
CNW,20210421,0.029,0.03,0.029,0.03,724000,0
CNW,20210422,0.03,0.03,0.03,0.03,650000,0
CNW,20210423,0.031,0.031,0.031,0.031,1189687,0
CNW,20210426,0.032,0.032,0.03,0.031,292290,0
CNW,20210427,0.03,0.031,0.03,0.031,513796,0
CNW,20210428,0.03,0.031,0.03,0.031,38200,0
CNW,20210429,0.031,0.031,0.03,0.03,542718,0
CNW,20210430,0.03,0.03,0.03,0.03,745192,0
CNW,20210503,0.03,0.031,0.03,0.031,713906,0
CNW,20210504,0.03,0.03,0.029,0.03,2712831,0
CNW,20210505,0.03,0.03,0.03,0.03,80000,0
CNW,20210506,0.031,0.031,0.03,0.03,2506216,0
CNW,20210507,0.03,0.03,0.03,0.03,393455,0
CNW,20210510,0.03,0.03,0.03,0.03,468413,0
CNW,20210511,0.03,0.031,0.03,0.03,1472559,0
CNW,20210512,0.031,0.031,0.03,0.03,143939,0
CNW,20210513,0.03,0.03,0.029,0.03,269472,0
CNW,20210514,0.03,0.03,0.029,0.03,563130,0
CNW,20210517,0.03,0.031,0.03,0.031,339855,0
CNW,20210518,0.031,0.031,0.031,0.031,129032,0
CNW,20210519,0.031,0.031,0.031,0.031,0,0
CNW,20210520,0.03,0.031,0.03,0.031,235655,0
CNW,20210521,0.031,0.031,0.03,0.03,448097,0
CNW,20210524,0.03,0.031,0.03,0.031,2235192,0
CNW,20210525,0.031,0.031,0.031,0.031,1884971,0
CNW,20210526,0.031,0.032,0.03,0.03,1880354,0
CNW,20210527,0.03,0.03,0.03,0.03,2483152,0
CNW,20210528,0.031,0.031,0.03,0.03,110000,0
CNW,20210531,0.031,0.031,0.031,0.031,401284,0
CNW,20210601,0.031,0.031,0.03,0.031,2273083,0
CNW,20210602,0.031,0.031,0.03,0.03,10810000,0
CNW,20210603,0.03,0.03,0.03,0.03,829346,0
CNW,20210604,0.03,0.03,0.03,0.03,200000,0
CNW,20210607,0.03,0.03,0.029,0.029,3086000,0
CNW,20210608,0.029,0.029,0.026,0.029,2664586,0
CNW,20210609,0.029,0.029,0.027,0.027,1925281,0
CNW,20210610,0.028,0.028,0.028,0.028,698305,0
CNW,20210611,0.028,0.028,0.028,0.028,16000,0
CNW,20210614,0.028,0.028,0.028,0.028,0,0
CNW,20210615,0.0295,0.0295,0.029,0.029,541869,0
CNW,20210616,0.029,0.029,0.028,0.028,490700,0
CNW,20210617,0.029,0.029,0.029,0.029,35000,0
CNW,20210618,0.029,0.029,0.029,0.029,13628,0
CNW,20210621,0.029,0.029,0.029,0.029,428650,0
CNW,20210622,0.028,0.028,0.028,0.028,1510000,0
CNW,20210623,0.028,0.028,0.028,0.028,198571,0
CNW,20210624,0.028,0.029,0.028,0.029,1842266,0
CNW,20210625,0.029,0.029,0.029,0.029,717158,0
CNW,20210628,0.03,0.03,0.029,0.029,59303,0
CNW,20210629,0.03,0.03,0.026,0.026,4667710,0
CNW,20210630,0.027,0.0285,0.027,0.028,4691873,0
CNW,20210701,0.029,0.029,0.029,0.029,300000,0
