EMA,20080523,0.54,0.61,0.46,0.6,1417699,0
EMA,20080526,0.66,0.8,0.65,0.76,1181354,0
EMA,20080527,0.83,0.85,0.65,0.655,849021,0
EMA,20080528,0.67,0.73,0.67,0.67,526234,0
EMA,20080529,0.7,0.7,0.65,0.7,239697,0
EMA,20080530,0.7,0.71,0.69,0.71,272250,0
EMA,20080602,0.71,0.71,0.69,0.69,67125,0
EMA,20080603,0.7,0.72,0.68,0.68,176224,0
EMA,20080604,0.68,0.7,0.68,0.685,96500,0
EMA,20080605,0.68,0.685,0.64,0.64,48596,0
EMA,20080606,0.645,0.685,0.6,0.675,154992,0
EMA,20080609,0.675,0.675,0.675,0.675,0,0
EMA,20080610,0.68,0.68,0.62,0.62,121652,0
EMA,20080611,0.62,0.68,0.62,0.64,171018,0
EMA,20080612,0.67,0.67,0.6,0.615,147965,0
EMA,20080613,0.61,0.625,0.6,0.6,99101,0
EMA,20080616,0.625,0.68,0.6,0.62,150700,0
EMA,20080617,0.62,0.62,0.55,0.6,102408,0
EMA,20080618,0.65,0.65,0.56,0.56,166361,0
EMA,20080619,0.59,0.59,0.55,0.55,83639,0
EMA,20080620,0.55,0.55,0.55,0.55,628,0
EMA,20080623,0.53,0.53,0.52,0.52,30000,0
EMA,20080624,0.505,0.505,0.49,0.49,48602,0
EMA,20080625,0.49,0.5,0.48,0.5,21026,0
EMA,20080626,0.49,0.49,0.45,0.47,48000,0
EMA,20080627,0.475,0.5,0.47,0.495,70785,0
EMA,20080630,0.55,0.55,0.48,0.48,38300,0
EMA,20080701,0.49,0.55,0.49,0.53,158818,0
EMA,20080702,0.55,0.585,0.55,0.55,119244,0
EMA,20080703,0.55,0.55,0.52,0.53,292875,0
EMA,20080704,0.53,0.53,0.525,0.53,95000,0
EMA,20080707,0.54,0.54,0.51,0.53,161000,0
EMA,20080708,0.53,0.54,0.51,0.525,123870,0
EMA,20080709,0.525,0.525,0.485,0.51,37000,0
EMA,20080710,0.5,0.53,0.5,0.5,93000,0
EMA,20080711,0.51,0.53,0.51,0.53,1039000,0
EMA,20080714,0.54,0.55,0.51,0.53,229300,0
EMA,20080715,0.53,0.53,0.53,0.53,0,0
EMA,20080716,0.515,0.515,0.5,0.5,814314,0
EMA,20080717,0.5,0.5,0.48,0.48,17500,0
EMA,20080718,0.48,0.5,0.48,0.49,52500,0
EMA,20080721,0.51,0.52,0.5,0.52,122425,0
EMA,20080722,0.51,0.52,0.5,0.52,74712,0
EMA,20080723,0.52,0.55,0.52,0.55,149962,0
EMA,20080724,0.55,0.55,0.52,0.55,154997,0
EMA,20080725,0.54,0.54,0.505,0.505,12500,0
EMA,20080728,0.51,0.51,0.505,0.51,19000,0
EMA,20080729,0.52,0.52,0.495,0.52,92500,0
EMA,20080730,0.5,0.5,0.5,0.5,30000,0
EMA,20080731,0.5,0.5,0.49,0.5,64769,0
EMA,20080801,0.49,0.49,0.49,0.49,30000,0
EMA,20080804,0.48,0.48,0.44,0.48,103000,0
EMA,20080805,0.44,0.46,0.41,0.44,149890,0
EMA,20080806,0.435,0.435,0.435,0.435,22900,0
EMA,20080807,0.435,0.435,0.435,0.435,0,0
EMA,20080808,0.41,0.41,0.38,0.4,71490,0
EMA,20080811,0.435,0.435,0.435,0.435,17910,0
EMA,20080812,0.38,0.38,0.38,0.38,20000,0
EMA,20080813,0.38,0.38,0.38,0.38,0,0
EMA,20080814,0.395,0.4,0.38,0.38,92501,0
EMA,20080815,0.38,0.38,0.38,0.38,45000,0
EMA,20080818,0.4,0.43,0.385,0.385,35204,0
EMA,20080819,0.385,0.4,0.38,0.4,55000,0
EMA,20080820,0.39,0.39,0.39,0.39,10000,0
EMA,20080821,0.39,0.39,0.38,0.38,12500,0
EMA,20080822,0.38,0.38,0.38,0.38,0,0
EMA,20080825,0.38,0.38,0.38,0.38,12500,0
EMA,20080826,0.385,0.385,0.35,0.355,131390,0
EMA,20080827,0.355,0.365,0.35,0.35,221681,0
EMA,20080828,0.365,0.37,0.355,0.355,67544,0
EMA,20080829,0.355,0.37,0.35,0.35,280000,0
EMA,20080901,0.38,0.38,0.37,0.37,56352,0
EMA,20080902,0.36,0.36,0.35,0.35,70000,0
EMA,20080903,0.365,0.365,0.34,0.34,43181,0
EMA,20080904,0.315,0.34,0.315,0.34,97559,0
EMA,20080905,0.35,0.35,0.35,0.35,20000,0
EMA,20080908,0.55,0.59,0.45,0.495,523844,0
EMA,20080909,0.5,0.5,0.4,0.415,317500,0
EMA,20080910,0.42,0.48,0.42,0.46,106000,0
EMA,20080911,0.44,0.44,0.4,0.4,308963,0
EMA,20080912,0.395,0.45,0.395,0.45,120000,0
EMA,20080915,0.55,0.6,0.48,0.48,2349353,0
EMA,20080916,0.49,0.49,0.46,0.465,374682,0
EMA,20080917,0.49,0.5,0.475,0.49,315662,0
EMA,20080918,0.44,0.45,0.4,0.45,172426,0
EMA,20080919,0.46,0.46,0.42,0.43,143550,0
EMA,20080922,0.46,0.47,0.44,0.47,326300,0
EMA,20080923,0.44,0.45,0.43,0.445,378535,0
EMA,20080924,0.445,0.445,0.435,0.445,42000,0
EMA,20080925,0.435,0.45,0.43,0.43,22650,0
EMA,20080926,0.45,0.45,0.435,0.45,25549,0
EMA,20080929,0.45,0.48,0.45,0.48,207363,0
EMA,20080930,0.45,0.465,0.43,0.43,180450,0
EMA,20081001,0.45,0.45,0.43,0.435,18200,0
EMA,20081002,0.44,0.44,0.42,0.42,100000,0
EMA,20081003,0.4,0.4,0.4,0.4,29070,0
EMA,20081006,0.42,0.42,0.39,0.41,27161,0
EMA,20081007,0.4,0.4,0.375,0.39,96135,0
EMA,20081008,0.385,0.385,0.335,0.335,101350,0
EMA,20081009,0.34,0.34,0.32,0.33,56341,0
EMA,20081010,0.32,0.32,0.295,0.3,151350,0
EMA,20081013,0.32,0.33,0.305,0.315,40647,0
EMA,20081014,0.325,0.345,0.325,0.33,102468,0
EMA,20081015,0.335,0.335,0.33,0.33,64600,0
EMA,20081016,0.32,0.32,0.28,0.3,213495,0
EMA,20081017,0.29,0.3,0.28,0.28,59605,0
EMA,20081020,0.3,0.32,0.28,0.28,46500,0
EMA,20081021,0.29,0.3,0.29,0.3,27000,0
EMA,20081022,0.3,0.3,0.3,0.3,0,0
EMA,20081023,0.295,0.295,0.275,0.28,116500,0
EMA,20081024,0.285,0.285,0.275,0.275,23000,0
EMA,20081027,0.26,0.26,0.23,0.235,141000,0
EMA,20081028,0.235,0.235,0.235,0.235,45000,0
EMA,20081029,0.235,0.235,0.21,0.22,218855,0
EMA,20081030,0.255,0.255,0.21,0.25,152000,0
EMA,20081031,0.215,0.22,0.2,0.2,192000,0
EMA,20081103,0.23,0.255,0.22,0.23,514850,0
EMA,20081104,0.25,0.25,0.24,0.24,28200,0
EMA,20081105,0.24,0.24,0.205,0.205,276172,0
EMA,20081106,0.21,0.21,0.19,0.19,267899,0
EMA,20081107,0.19,0.19,0.19,0.19,84650,0
EMA,20081110,0.2,0.2,0.19,0.195,54272,0
EMA,20081111,0.2,0.2,0.2,0.2,94000,0
EMA,20081112,0.2,0.2,0.19,0.2,135500,0
EMA,20081113,0.2,0.2,0.18,0.18,163240,0
EMA,20081114,0.18,0.18,0.18,0.18,130000,0
EMA,20081117,0.18,0.2,0.17,0.19,148000,0
EMA,20081118,0.25,0.25,0.21,0.22,331059,0
EMA,20081119,0.245,0.245,0.2,0.2,516577,0
EMA,20081120,0.21,0.21,0.2,0.21,107120,0
EMA,20081121,0.2,0.22,0.195,0.2,87034,0
EMA,20081124,0.22,0.22,0.22,0.22,90595,0
EMA,20081125,0.215,0.215,0.19,0.19,117000,0
EMA,20081126,0.2,0.2,0.19,0.19,110915,0
EMA,20081127,0.185,0.185,0.18,0.18,107000,0
EMA,20081128,0.185,0.185,0.18,0.18,58600,0
EMA,20081201,0.19,0.21,0.185,0.185,1450978,0
EMA,20081202,0.185,0.19,0.185,0.19,248320,0
EMA,20081203,0.19,0.19,0.175,0.175,90000,0
EMA,20081204,0.175,0.175,0.175,0.175,0,0
EMA,20081205,0.18,0.18,0.17,0.17,154000,0
EMA,20081208,0.17,0.19,0.17,0.185,157100,0
EMA,20081209,0.185,0.185,0.185,0.185,182500,0
EMA,20081210,0.185,0.185,0.175,0.175,189500,0
EMA,20081211,0.18,0.18,0.175,0.175,36800,0
EMA,20081212,0.18,0.18,0.17,0.17,405460,0
EMA,20081215,0.175,0.175,0.175,0.175,45928,0
EMA,20081216,0.175,0.175,0.175,0.175,5886,0
EMA,20081217,0.175,0.175,0.17,0.175,106000,0
EMA,20081218,0.175,0.175,0.17,0.17,81428,0
EMA,20081219,0.175,0.18,0.175,0.175,76258,0
EMA,20081222,0.18,0.18,0.18,0.18,20670,0
EMA,20081223,0.175,0.175,0.175,0.175,35803,0
EMA,20081224,0.175,0.18,0.175,0.18,20000,0
EMA,20081225,0.18,0.18,0.18,0.18,0,0
EMA,20081226,0.18,0.18,0.18,0.18,0,0
EMA,20081229,0.18,0.19,0.18,0.19,203490,0
EMA,20081230,0.175,0.175,0.17,0.17,90841,0
EMA,20081231,0.18,0.18,0.17,0.17,42284,0
EMA,20090101,0.17,0.17,0.17,0.17,0,0
EMA,20090102,0.18,0.2,0.18,0.195,307402,0
EMA,20090105,0.215,0.25,0.215,0.22,775742,0
EMA,20090106,0.23,0.29,0.23,0.28,235150,0
EMA,20090107,0.285,0.295,0.275,0.295,114455,0
EMA,20090108,0.28,0.28,0.245,0.25,211500,0
EMA,20090109,0.26,0.27,0.255,0.255,52928,0
EMA,20090112,0.255,0.255,0.255,0.255,0,0
EMA,20090113,0.29,0.29,0.2,0.22,809589,0
EMA,20090114,0.225,0.23,0.185,0.21,787825,0
EMA,20090115,0.2,0.2,0.185,0.2,142293,0
EMA,20090116,0.2,0.205,0.2,0.205,10000,0
EMA,20090119,0.2,0.2,0.19,0.2,42500,0
EMA,20090120,0.2,0.2,0.185,0.185,186000,0
EMA,20090121,0.185,0.185,0.18,0.18,95500,0
EMA,20090122,0.18,0.185,0.18,0.185,95750,0
EMA,20090123,0.18,0.18,0.175,0.175,16000,0
EMA,20090126,0.175,0.175,0.175,0.175,0,0
EMA,20090127,0.18,0.18,0.175,0.18,53000,0
EMA,20090128,0.18,0.18,0.17,0.18,167425,0
EMA,20090129,0.18,0.18,0.18,0.18,22000,0
EMA,20090130,0.18,0.18,0.18,0.18,0,0
EMA,20090202,0.18,0.18,0.18,0.18,78150,0
EMA,20090203,0.18,0.18,0.18,0.18,44825,0
EMA,20090204,0.18,0.18,0.18,0.18,0,0
EMA,20090205,0.18,0.185,0.18,0.185,51110,0
EMA,20090206,0.185,0.185,0.17,0.18,95830,0
EMA,20090209,0.18,0.18,0.18,0.18,15900,0
EMA,20090210,0.19,0.21,0.19,0.21,104950,0
EMA,20090211,0.21,0.21,0.21,0.21,15000,0
EMA,20090212,0.19,0.19,0.19,0.19,50000,0
EMA,20090213,0.19,0.19,0.19,0.19,11733,0
EMA,20090216,0.21,0.22,0.21,0.22,12267,0
EMA,20090217,0.22,0.22,0.22,0.22,0,0
EMA,20090218,0.22,0.22,0.22,0.22,0,0
EMA,20090219,0.19,0.19,0.185,0.185,37000,0
EMA,20090220,0.19,0.19,0.185,0.185,29000,0
EMA,20090223,0.18,0.18,0.18,0.18,40000,0
EMA,20090224,0.18,0.18,0.18,0.18,5000,0
EMA,20090225,0.18,0.18,0.18,0.18,92658,0
EMA,20090226,0.19,0.19,0.19,0.19,5000,0
EMA,20090227,0.18,0.18,0.18,0.18,11000,0
EMA,20090302,0.195,0.22,0.195,0.22,461569,0
EMA,20090303,0.215,0.22,0.2,0.22,140500,0
EMA,20090304,0.22,0.22,0.185,0.22,160950,0
EMA,20090305,0.23,0.23,0.21,0.21,109970,0
EMA,20090306,0.205,0.21,0.18,0.2,250652,0
EMA,20090309,0.2,0.2,0.195,0.195,33000,0
EMA,20090310,0.195,0.195,0.195,0.195,100000,0
EMA,20090311,0.19,0.19,0.185,0.185,28500,0
EMA,20090312,0.19,0.19,0.19,0.19,20000,0
EMA,20090313,0.19,0.19,0.19,0.19,0,0
EMA,20090316,0.19,0.2,0.175,0.2,340000,0
EMA,20090317,0.2,0.2,0.2,0.2,0,0
EMA,20090318,0.18,0.2,0.18,0.2,93300,0
EMA,20090319,0.2,0.2,0.2,0.2,9000,0
EMA,20090320,0.2,0.2,0.2,0.2,0,0
EMA,20090323,0.18,0.185,0.175,0.185,115000,0
EMA,20090324,0.185,0.19,0.185,0.185,41000,0
EMA,20090325,0.19,0.195,0.19,0.195,20000,0
EMA,20090326,0.195,0.195,0.195,0.195,0,0
EMA,20090327,0.195,0.2,0.195,0.2,89208,0
EMA,20090330,0.2,0.22,0.2,0.22,130000,0
EMA,20090331,0.21,0.21,0.19,0.19,124000,0
EMA,20090401,0.2,0.2,0.2,0.2,100000,0
EMA,20090402,0.21,0.21,0.2,0.2,32000,0
EMA,20090403,0.21,0.21,0.2,0.2,52393,0
EMA,20090406,0.21,0.21,0.18,0.2,347000,0
EMA,20090407,0.19,0.19,0.19,0.19,12000,0
EMA,20090408,0.195,0.2,0.195,0.2,15000,0
EMA,20090409,0.2,0.21,0.2,0.2,61455,0
EMA,20090410,0.2,0.2,0.2,0.2,0,0
EMA,20090413,0.2,0.2,0.2,0.2,0,0
EMA,20090414,0.2,0.2,0.2,0.2,14727,0
EMA,20090415,0.2,0.2,0.2,0.2,30000,0
EMA,20090416,0.205,0.205,0.2,0.2,101937,0
EMA,20090417,0.195,0.21,0.195,0.21,74851,0
EMA,20090420,0.21,0.215,0.21,0.215,87049,0
EMA,20090421,0.22,0.22,0.22,0.22,59600,0
EMA,20090422,0.22,0.28,0.22,0.25,462972,0
EMA,20090423,0.27,0.29,0.26,0.29,743580,0
EMA,20090424,0.29,0.31,0.26,0.28,422750,0
EMA,20090427,0.275,0.275,0.25,0.25,138000,0
EMA,20090428,0.25,0.25,0.24,0.24,86676,0
EMA,20090429,0.24,0.275,0.24,0.275,85000,0
EMA,20090430,0.27,0.32,0.27,0.29,97043,0
EMA,20090501,0.29,0.32,0.29,0.31,212450,0
EMA,20090504,0.33,0.36,0.33,0.35,406400,0
EMA,20090505,0.37,0.39,0.35,0.35,409522,0
EMA,20090506,0.35,0.35,0.3,0.325,152948,0
EMA,20090507,0.35,0.35,0.34,0.34,81000,0
EMA,20090508,0.35,0.35,0.325,0.325,136221,0
EMA,20090511,0.33,0.33,0.32,0.33,72481,0
EMA,20090512,0.33,0.33,0.29,0.29,159500,0
EMA,20090513,0.29,0.29,0.29,0.29,0,0
EMA,20090514,0.34,0.4,0.34,0.34,655000,0
EMA,20090515,0.37,0.37,0.37,0.37,98641,0
EMA,20090518,0.37,0.37,0.37,0.37,29700,0
EMA,20090519,0.38,0.38,0.31,0.31,128500,0
EMA,20090520,0.315,0.35,0.295,0.295,127962,0
EMA,20090521,0.315,0.335,0.305,0.335,51538,0
EMA,20090522,0.33,0.33,0.32,0.325,127481,0
EMA,20090525,0.325,0.35,0.32,0.35,70019,0
EMA,20090526,0.36,0.38,0.35,0.38,484179,0
EMA,20090527,0.4,0.41,0.37,0.37,296435,0
EMA,20090528,0.35,0.395,0.35,0.355,15000,0
EMA,20090529,0.365,0.385,0.365,0.385,98460,0
EMA,20090601,0.385,0.39,0.37,0.37,123420,0
EMA,20090602,0.37,0.39,0.37,0.39,34360,0
EMA,20090603,0.35,0.35,0.32,0.33,780356,0
EMA,20090604,0.32,0.32,0.32,0.32,120000,0
EMA,20090605,0.34,0.37,0.34,0.37,182650,0
EMA,20090608,0.37,0.37,0.37,0.37,0,0
EMA,20090609,0.37,0.37,0.35,0.35,87950,0
EMA,20090610,0.33,0.35,0.33,0.35,82849,0
EMA,20090611,0.325,0.33,0.32,0.325,121000,0
EMA,20090612,0.33,0.34,0.33,0.34,93530,0
EMA,20090615,0.34,0.34,0.32,0.325,129002,0
EMA,20090616,0.325,0.335,0.32,0.32,42907,0
EMA,20090617,0.32,0.32,0.31,0.31,111530,0
EMA,20090618,0.33,0.33,0.305,0.305,105000,0
EMA,20090619,0.305,0.305,0.29,0.29,379402,0
EMA,20090622,0.3,0.3,0.28,0.28,14606,0
EMA,20090623,0.26,0.29,0.23,0.29,311599,0
EMA,20090624,0.25,0.3,0.25,0.255,105600,0
EMA,20090625,0.3,0.3,0.26,0.26,50330,0
EMA,20090626,0.3,0.3,0.29,0.29,131670,0
EMA,20090629,0.29,0.29,0.27,0.27,14010,0
EMA,20090630,0.27,0.27,0.265,0.265,78700,0
EMA,20090701,0.285,0.29,0.285,0.29,7980,0
EMA,20090702,0.29,0.29,0.28,0.28,37020,0
EMA,20090703,0.28,0.28,0.27,0.275,40184,0
EMA,20090706,0.275,0.275,0.275,0.275,0,0
EMA,20090707,0.275,0.275,0.27,0.27,17000,0
EMA,20090708,0.27,0.275,0.27,0.275,40066,0
EMA,20090709,0.275,0.275,0.25,0.25,50000,0
EMA,20090710,0.265,0.28,0.265,0.28,65000,0
EMA,20090713,0.28,0.28,0.28,0.28,0,0
EMA,20090714,0.28,0.28,0.28,0.28,0,0
EMA,20090715,0.305,0.305,0.25,0.275,1429806,0
EMA,20090716,0.275,0.345,0.27,0.335,676045,0
EMA,20090717,0.34,0.35,0.325,0.34,1270643,0
EMA,20090720,0.335,0.335,0.28,0.28,309574,0
EMA,20090721,0.29,0.29,0.25,0.265,1257873,0
EMA,20090722,0.265,0.275,0.25,0.26,879805,0
EMA,20090723,0.255,0.265,0.25,0.26,399056,0
EMA,20090724,0.275,0.285,0.26,0.265,785283,0
EMA,20090727,0.265,0.27,0.265,0.265,128763,0
EMA,20090728,0.265,0.27,0.255,0.27,263962,0
EMA,20090729,0.27,0.28,0.255,0.265,301026,0
EMA,20090730,0.265,0.265,0.26,0.26,162196,0
EMA,20090731,0.26,0.26,0.255,0.26,299990,0
EMA,20090803,0.26,0.265,0.25,0.26,427127,0
EMA,20090804,0.26,0.26,0.255,0.255,342324,0
EMA,20090805,0.26,0.26,0.255,0.255,58164,0
EMA,20090806,0.255,0.255,0.255,0.255,50584,0
EMA,20090807,0.26,0.265,0.26,0.26,59096,0
EMA,20090810,0.26,0.265,0.255,0.265,129495,0
EMA,20090811,0.26,0.265,0.255,0.255,89900,0
EMA,20090812,0.265,0.27,0.25,0.255,225000,0
EMA,20090813,0.26,0.265,0.255,0.255,101954,0
EMA,20090814,0.255,0.255,0.245,0.25,207800,0
EMA,20090817,0.255,0.255,0.25,0.25,4440,0
EMA,20090818,0.25,0.25,0.245,0.245,46428,0
EMA,20090819,0.245,0.245,0.24,0.245,75000,0
EMA,20090820,0.245,0.25,0.245,0.25,51477,0
EMA,20090821,0.25,0.25,0.24,0.24,129888,0
EMA,20090824,0.24,0.245,0.24,0.24,85050,0
EMA,20090825,0.24,0.24,0.235,0.235,13500,0
EMA,20090826,0.235,0.245,0.235,0.235,17400,0
EMA,20090827,0.24,0.245,0.24,0.245,183950,0
EMA,20090828,0.25,0.25,0.235,0.235,187472,0
EMA,20090831,0.235,0.24,0.235,0.24,71589,0
EMA,20090901,0.23,0.23,0.23,0.23,47988,0
EMA,20090902,0.23,0.23,0.225,0.225,38868,0
EMA,20090903,0.225,0.24,0.225,0.225,94854,0
EMA,20090904,0.225,0.23,0.21,0.21,295000,0
EMA,20090907,0.21,0.22,0.205,0.205,460287,0
EMA,20090908,0.215,0.22,0.21,0.22,377448,0
EMA,20090909,0.24,0.255,0.23,0.25,953718,0
EMA,20090910,0.265,0.295,0.265,0.295,2007408,0
EMA,20090911,0.3,0.305,0.28,0.29,933151,0
EMA,20090914,0.29,0.29,0.28,0.28,289729,0
EMA,20090915,0.28,0.29,0.28,0.28,893596,0
EMA,20090916,0.29,0.295,0.275,0.275,492429,0
EMA,20090917,0.28,0.28,0.275,0.275,123753,0
EMA,20090918,0.245,0.26,0.23,0.255,1905539,0
EMA,20090921,0.25,0.26,0.25,0.26,800368,0
EMA,20090922,0.255,0.255,0.25,0.25,1054319,0
EMA,20090923,0.25,0.25,0.245,0.25,576187,0
EMA,20090924,0.25,0.25,0.245,0.25,274485,0
EMA,20090925,0.245,0.245,0.23,0.245,682869,0
EMA,20090928,0.245,0.245,0.24,0.24,53298,0
EMA,20090929,0.245,0.255,0.245,0.245,606298,0
EMA,20090930,0.24,0.25,0.235,0.245,273255,0
EMA,20091001,0.235,0.245,0.235,0.24,138500,0
EMA,20091002,0.235,0.245,0.235,0.235,323593,0
EMA,20091005,0.235,0.25,0.225,0.245,251191,0
EMA,20091006,0.245,0.245,0.24,0.24,331576,0
EMA,20091007,0.24,0.25,0.24,0.24,303672,0
EMA,20091008,0.235,0.235,0.23,0.23,47452,0
EMA,20091009,0.24,0.26,0.24,0.25,1086428,0
EMA,20091012,0.25,0.26,0.245,0.26,390168,0
EMA,20091013,0.25,0.26,0.245,0.25,374340,0
EMA,20091014,0.265,0.265,0.25,0.255,282024,0
EMA,20091015,0.265,0.27,0.26,0.265,369960,0
EMA,20091016,0.27,0.285,0.265,0.285,659976,0
EMA,20091019,0.285,0.285,0.27,0.27,152448,0
EMA,20091020,0.27,0.285,0.27,0.27,249658,0
EMA,20091021,0.275,0.28,0.275,0.275,165988,0
EMA,20091022,0.27,0.28,0.27,0.275,447500,0
EMA,20091023,0.27,0.275,0.255,0.26,249300,0
EMA,20091026,0.26,0.275,0.26,0.265,178014,0
EMA,20091027,0.275,0.275,0.265,0.27,198655,0
EMA,20091028,0.275,0.275,0.265,0.265,241922,0
EMA,20091029,0.26,0.26,0.255,0.26,339231,0
EMA,20091030,0.26,0.265,0.26,0.265,51888,0
EMA,20091102,0.26,0.26,0.24,0.24,302752,0
EMA,20091103,0.23,0.255,0.23,0.23,191740,0
EMA,20091104,0.23,0.23,0.23,0.23,112754,0
EMA,20091105,0.23,0.235,0.225,0.225,420140,0
EMA,20091106,0.22,0.23,0.21,0.22,866072,0
EMA,20091109,0.225,0.24,0.225,0.23,271564,0
EMA,20091110,0.235,0.245,0.235,0.245,144626,0
EMA,20091111,0.24,0.24,0.23,0.24,77000,0
EMA,20091112,0.24,0.24,0.225,0.23,512815,0
EMA,20091113,0.23,0.24,0.23,0.24,8000,0
EMA,20091116,0.225,0.225,0.225,0.225,71337,0
EMA,20091117,0.23,0.23,0.225,0.23,74500,0
EMA,20091118,0.225,0.24,0.225,0.23,251903,0
EMA,20091119,0.235,0.24,0.235,0.24,184850,0
EMA,20091120,0.24,0.24,0.23,0.235,59547,0
EMA,20091123,0.23,0.235,0.23,0.23,130898,0
EMA,20091124,0.235,0.24,0.225,0.23,384160,0
EMA,20091125,0.235,0.235,0.23,0.23,268829,0
EMA,20091126,0.235,0.24,0.23,0.24,163883,0
EMA,20091127,0.24,0.24,0.235,0.235,80117,0
EMA,20091130,0.235,0.245,0.23,0.245,357000,0
EMA,20091201,0.235,0.245,0.235,0.24,132597,0
EMA,20091202,0.24,0.24,0.235,0.24,78480,0
EMA,20091203,0.245,0.245,0.23,0.23,524470,0
EMA,20091204,0.23,0.235,0.23,0.235,80635,0
EMA,20091207,0.235,0.235,0.23,0.235,209139,0
EMA,20091208,0.235,0.235,0.23,0.23,94545,0
EMA,20091209,0.225,0.23,0.225,0.225,18424,0
EMA,20091210,0.23,0.23,0.215,0.225,551658,0
EMA,20091211,0.215,0.215,0.215,0.215,10000,0
EMA,20091214,0.215,0.215,0.2,0.205,290842,0
EMA,20091215,0.205,0.215,0.2,0.205,612672,0
EMA,20091216,0.21,0.225,0.21,0.22,235306,0
EMA,20091217,0.22,0.23,0.21,0.22,259432,0
EMA,20091218,0.225,0.225,0.21,0.21,255702,0
EMA,20091221,0.21,0.225,0.21,0.225,141252,0
EMA,20091222,0.22,0.22,0.215,0.215,173000,0
EMA,20091223,0.215,0.22,0.215,0.22,20000,0
EMA,20091224,0.215,0.22,0.215,0.22,157595,0
EMA,20091225,0.22,0.22,0.22,0.22,0,0
EMA,20091228,0.22,0.22,0.22,0.22,0,0
EMA,20091229,0.22,0.22,0.215,0.215,74000,0
EMA,20091230,0.215,0.22,0.215,0.22,68755,0
EMA,20091231,0.215,0.22,0.215,0.22,87000,0
EMA,20100101,0.22,0.22,0.22,0.22,0,0
EMA,20100104,0.215,0.22,0.215,0.22,81000,0
EMA,20100105,0.22,0.22,0.215,0.215,381126,0
EMA,20100106,0.22,0.22,0.215,0.215,134243,0
EMA,20100107,0.215,0.22,0.215,0.22,300757,0
EMA,20100108,0.22,0.245,0.22,0.225,502315,0
EMA,20100111,0.23,0.23,0.215,0.215,272514,0
EMA,20100112,0.22,0.225,0.22,0.225,211799,0
EMA,20100113,0.22,0.22,0.22,0.22,95874,0
EMA,20100114,0.22,0.245,0.22,0.235,288208,0
EMA,20100115,0.235,0.24,0.235,0.235,152829,0
EMA,20100118,0.235,0.245,0.235,0.235,145500,0
EMA,20100119,0.24,0.24,0.235,0.235,77701,0
EMA,20100120,0.235,0.25,0.235,0.25,250842,0
EMA,20100121,0.245,0.25,0.24,0.24,198631,0
EMA,20100122,0.24,0.24,0.23,0.235,349423,0
EMA,20100125,0.235,0.24,0.235,0.24,54000,0
EMA,20100126,0.24,0.24,0.24,0.24,0,0
EMA,20100127,0.235,0.235,0.23,0.235,70684,0
EMA,20100128,0.23,0.235,0.23,0.235,50000,0
EMA,20100129,0.23,0.23,0.22,0.23,357500,0
EMA,20100201,0.205,0.21,0.205,0.205,213058,0
EMA,20100202,0.205,0.215,0.2,0.2,57889,0
EMA,20100203,0.22,0.22,0.215,0.215,59197,0
EMA,20100204,0.205,0.21,0.205,0.205,91875,0
EMA,20100205,0.2,0.21,0.2,0.21,284011,0
EMA,20100208,0.21,0.21,0.205,0.21,215687,0
EMA,20100209,0.21,0.215,0.21,0.215,234414,0
EMA,20100210,0.21,0.21,0.21,0.21,220929,0
EMA,20100211,0.21,0.21,0.21,0.21,36200,0
EMA,20100212,0.21,0.22,0.205,0.205,216724,0
EMA,20100215,0.205,0.21,0.2,0.2,229916,0
EMA,20100216,0.2,0.2,0.2,0.2,10000,0
EMA,20100217,0.21,0.22,0.205,0.22,132592,0
EMA,20100218,0.22,0.24,0.22,0.24,306165,0
EMA,20100219,0.23,0.23,0.23,0.23,10000,0
EMA,20100222,0.23,0.23,0.215,0.215,179743,0
EMA,20100223,0.215,0.215,0.215,0.215,34243,0
EMA,20100224,0.215,0.22,0.215,0.215,110257,0
EMA,20100225,0.22,0.23,0.215,0.23,412273,0
EMA,20100226,0.22,0.22,0.21,0.21,22756,0
EMA,20100301,0.21,0.22,0.205,0.205,109399,0
EMA,20100302,0.22,0.22,0.21,0.21,63828,0
EMA,20100303,0.22,0.22,0.2,0.2,260000,0
EMA,20100304,0.2,0.21,0.2,0.21,51000,0
EMA,20100305,0.21,0.215,0.2,0.2,115000,0
EMA,20100308,0.215,0.215,0.2,0.2,96165,0
EMA,20100309,0.2,0.2,0.2,0.2,94345,0
EMA,20100310,0.21,0.21,0.21,0.21,31685,0
EMA,20100311,0.21,0.215,0.205,0.205,14500,0
EMA,20100312,0.205,0.205,0.205,0.205,0,0
EMA,20100315,0.21,0.21,0.21,0.21,11000,0
EMA,20100316,0.21,0.215,0.21,0.21,203224,0
EMA,20100317,0.215,0.22,0.215,0.215,161900,0
EMA,20100318,0.215,0.22,0.21,0.22,201042,0
EMA,20100319,0.22,0.225,0.22,0.225,210000,0
EMA,20100322,0.22,0.22,0.215,0.215,20000,0
EMA,20100323,0.215,0.225,0.215,0.22,185000,0
EMA,20100324,0.215,0.23,0.215,0.22,167901,0
EMA,20100325,0.225,0.225,0.22,0.22,256970,0
EMA,20100326,0.22,0.22,0.215,0.215,33000,0
EMA,20100329,0.22,0.225,0.22,0.225,189554,0
EMA,20100330,0.225,0.225,0.215,0.22,271789,0
EMA,20100331,0.22,0.23,0.22,0.225,408443,0
EMA,20100401,0.22,0.235,0.22,0.235,236498,0
EMA,20100402,0.235,0.235,0.235,0.235,0,0
EMA,20100405,0.235,0.235,0.235,0.235,0,0
EMA,20100406,0.235,0.25,0.235,0.25,769429,0
EMA,20100407,0.255,0.255,0.25,0.25,375000,0
EMA,20100408,0.245,0.25,0.235,0.25,111645,0
EMA,20100409,0.235,0.235,0.23,0.235,129076,0
EMA,20100412,0.24,0.24,0.225,0.225,156164,0
EMA,20100413,0.23,0.235,0.23,0.235,100000,0
EMA,20100414,0.24,0.245,0.235,0.24,276666,0
EMA,20100415,0.24,0.245,0.24,0.24,82041,0
EMA,20100416,0.23,0.23,0.22,0.22,409192,0
EMA,20100419,0.215,0.22,0.215,0.22,54116,0
EMA,20100420,0.22,0.22,0.22,0.22,117250,0
EMA,20100421,0.215,0.22,0.21,0.21,211090,0
EMA,20100422,0.21,0.22,0.21,0.21,1684425,0
EMA,20100423,0.215,0.215,0.215,0.215,12500,0
EMA,20100426,0.215,0.215,0.215,0.215,0,0
EMA,20100427,0.215,0.215,0.2,0.2,664938,0
EMA,20100428,0.19,0.2,0.19,0.19,22740,0
EMA,20100429,0.19,0.2,0.175,0.175,195384,0
EMA,20100430,0.19,0.19,0.19,0.19,69633,0
EMA,20100503,0.19,0.19,0.18,0.19,121179,0
EMA,20100504,0.2,0.2,0.2,0.2,85000,0
EMA,20100505,0.2,0.205,0.18,0.205,442520,0
EMA,20100506,0.205,0.205,0.185,0.185,245000,0
EMA,20100507,0.18,0.19,0.175,0.18,127910,0
EMA,20100510,0.18,0.19,0.18,0.18,64000,0
EMA,20100511,0.19,0.195,0.19,0.195,9438,0
EMA,20100512,0.17,0.17,0.17,0.17,103220,0
EMA,20100513,0.185,0.185,0.185,0.185,30000,0
EMA,20100514,0.18,0.18,0.18,0.18,53000,0
EMA,20100517,0.18,0.18,0.18,0.18,9243,0
EMA,20100518,0.18,0.18,0.18,0.18,50000,0
EMA,20100519,0.175,0.175,0.17,0.175,189818,0
EMA,20100520,0.18,0.18,0.165,0.165,27082,0
EMA,20100521,0.17,0.17,0.15,0.15,255549,0
EMA,20100524,0.16,0.16,0.15,0.15,47000,0
EMA,20100525,0.15,0.15,0.15,0.15,7000,0
EMA,20100526,0.155,0.155,0.155,0.155,2000,0
EMA,20100527,0.155,0.155,0.155,0.155,30500,0
EMA,20100528,0.17,0.18,0.17,0.18,91018,0
EMA,20100531,0.18,0.18,0.18,0.18,0,0
EMA,20100601,0.17,0.17,0.16,0.16,30000,0
EMA,20100602,0.16,0.16,0.16,0.16,70000,0
EMA,20100603,0.17,0.17,0.17,0.17,50000,0
EMA,20100604,0.16,0.16,0.16,0.16,61243,0
EMA,20100607,0.16,0.16,0.15,0.15,25800,0
EMA,20100608,0.15,0.15,0.15,0.15,56600,0
EMA,20100609,0.15,0.15,0.15,0.15,13169,0
EMA,20100610,0.145,0.145,0.145,0.145,53500,0
EMA,20100611,0.14,0.16,0.13,0.16,318000,0
EMA,20100614,0.16,0.16,0.16,0.16,0,0
EMA,20100615,0.16,0.16,0.16,0.16,26225,0
EMA,20100616,0.16,0.16,0.16,0.16,10000,0
EMA,20100617,0.16,0.175,0.16,0.175,127821,0
EMA,20100618,0.16,0.16,0.16,0.16,37550,0
EMA,20100621,0.16,0.16,0.16,0.16,50600,0
EMA,20100622,0.16,0.165,0.16,0.165,72500,0
EMA,20100623,0.16,0.16,0.16,0.16,25268,0
EMA,20100624,0.16,0.16,0.15,0.16,105000,0
EMA,20100625,0.16,0.16,0.16,0.16,28400,0
EMA,20100628,0.16,0.16,0.145,0.145,83270,0
EMA,20100629,0.145,0.145,0.14,0.14,160019,0
EMA,20100630,0.135,0.135,0.115,0.115,161750,0
EMA,20100701,0.13,0.135,0.13,0.13,24516,0
EMA,20100702,0.13,0.13,0.13,0.13,23944,0
EMA,20100705,0.13,0.13,0.13,0.13,0,0
EMA,20100706,0.13,0.13,0.13,0.13,0,0
EMA,20100707,0.14,0.14,0.14,0.14,22450,0
EMA,20100708,0.145,0.145,0.14,0.14,276010,0
EMA,20100709,0.14,0.145,0.14,0.145,10446,0
EMA,20100712,0.145,0.145,0.145,0.145,0,0
EMA,20100713,0.16,0.195,0.16,0.18,775400,0
EMA,20100714,0.18,0.185,0.18,0.185,886418,0
EMA,20100715,0.17,0.17,0.17,0.17,5450,0
EMA,20100716,0.17,0.17,0.17,0.17,10929,0
EMA,20100719,0.17,0.18,0.17,0.18,47970,0
EMA,20100720,0.18,0.185,0.18,0.18,132000,0
EMA,20100721,0.19,0.21,0.19,0.2,397688,0
EMA,20100722,0.2,0.2,0.18,0.185,230857,0
EMA,20100723,0.19,0.2,0.19,0.2,322393,0
EMA,20100726,0.2,0.22,0.2,0.215,557285,0
EMA,20100727,0.21,0.22,0.21,0.22,285908,0
EMA,20100728,0.215,0.23,0.215,0.23,2722714,0
EMA,20100729,0.235,0.255,0.225,0.245,1179110,0
EMA,20100730,0.24,0.24,0.235,0.235,420000,0
EMA,20100802,0.22,0.24,0.22,0.23,268679,0
EMA,20100803,0.23,0.24,0.23,0.24,141970,0
EMA,20100804,0.24,0.25,0.21,0.25,343530,0
EMA,20100805,0.225,0.245,0.22,0.245,33199,0
EMA,20100806,0.24,0.245,0.225,0.245,233320,0
EMA,20100809,0.245,0.26,0.235,0.26,753495,0
EMA,20100810,0.26,0.26,0.24,0.25,305865,0
EMA,20100811,0.25,0.25,0.24,0.24,242550,0
EMA,20100812,0.23,0.24,0.22,0.24,408877,0
EMA,20100813,0.24,0.24,0.24,0.24,43018,0
EMA,20100816,0.245,0.25,0.24,0.245,180482,0
EMA,20100817,0.245,0.25,0.245,0.25,213554,0
EMA,20100818,0.25,0.26,0.25,0.255,566557,0
EMA,20100819,0.255,0.255,0.23,0.235,582161,0
EMA,20100820,0.235,0.235,0.225,0.225,162000,0
EMA,20100823,0.215,0.215,0.2,0.2,327305,0
EMA,20100824,0.19,0.19,0.185,0.19,123624,0
EMA,20100825,0.19,0.19,0.175,0.18,82500,0
EMA,20100826,0.185,0.185,0.185,0.185,40000,0
EMA,20100827,0.185,0.185,0.185,0.185,0,0
EMA,20100830,0.185,0.185,0.185,0.185,0,0
EMA,20100831,0.185,0.185,0.185,0.185,0,0
EMA,20100901,0.19,0.19,0.19,0.19,104085,0
EMA,20100902,0.19,0.19,0.19,0.19,0,0
EMA,20100903,0.18,0.18,0.18,0.18,78311,0
EMA,20100906,0.18,0.18,0.18,0.18,0,0
EMA,20100907,0.18,0.18,0.16,0.16,52500,0
EMA,20100908,0.16,0.16,0.16,0.16,37455,0
EMA,20100909,0.15,0.15,0.15,0.15,3000,0
EMA,20100910,0.15,0.15,0.15,0.15,130000,0
EMA,20100913,0.155,0.155,0.155,0.155,50000,0
EMA,20100914,0.16,0.175,0.155,0.165,81939,0
EMA,20100915,0.165,0.165,0.165,0.165,0,0
EMA,20100916,0.165,0.165,0.165,0.165,64000,0
EMA,20100917,0.18,0.19,0.18,0.19,120484,0
EMA,20100920,0.19,0.19,0.19,0.19,0,0
EMA,20100921,0.185,0.185,0.17,0.175,157273,0
EMA,20100922,0.18,0.2,0.18,0.18,309889,0
EMA,20100923,0.2,0.205,0.185,0.205,19268,0
EMA,20100924,0.205,0.205,0.205,0.205,0,0
EMA,20100927,0.205,0.205,0.205,0.205,0,0
EMA,20100928,0.21,0.215,0.21,0.215,130318,0
EMA,20100929,0.21,0.215,0.21,0.215,23500,0
EMA,20100930,0.215,0.215,0.215,0.215,0,0
EMA,20101001,0.19,0.19,0.19,0.19,32245,0
EMA,20101004,0.19,0.19,0.19,0.19,0,0
EMA,20101005,0.195,0.2,0.195,0.2,48809,0
EMA,20101006,0.2,0.2,0.19,0.19,186000,0
EMA,20101007,0.2,0.2,0.2,0.2,138979,0
EMA,20101008,0.195,0.195,0.195,0.195,27000,0
EMA,20101011,0.19,0.2,0.19,0.2,78322,0
EMA,20101012,0.195,0.2,0.195,0.2,100023,0
EMA,20101013,0.2,0.2,0.195,0.195,88000,0
EMA,20101014,0.2,0.2,0.2,0.2,85000,0
EMA,20101015,0.2,0.2,0.2,0.2,0,0
EMA,20101018,0.19,0.19,0.19,0.19,203400,0
EMA,20101019,0.2,0.205,0.2,0.205,61692,0
EMA,20101020,0.2,0.2,0.19,0.19,3781,0
EMA,20101021,0.205,0.205,0.2,0.205,57000,0
EMA,20101022,0.195,0.2,0.195,0.195,600000,0
EMA,20101025,0.205,0.225,0.2,0.2,343792,0
EMA,20101026,0.21,0.21,0.2,0.2,206708,0
EMA,20101027,0.195,0.21,0.195,0.21,515160,0
EMA,20101028,0.21,0.21,0.2,0.2,191808,0
EMA,20101029,0.195,0.2,0.195,0.2,209814,0
EMA,20101101,0.2,0.23,0.2,0.22,338325,0
EMA,20101102,0.22,0.22,0.2,0.21,199229,0
EMA,20101103,0.22,0.23,0.22,0.23,100000,0
EMA,20101104,0.23,0.24,0.225,0.225,204905,0
EMA,20101105,0.23,0.23,0.22,0.22,381218,0
EMA,20101108,0.21,0.22,0.21,0.22,94376,0
EMA,20101109,0.22,0.25,0.22,0.245,840190,0
EMA,20101110,0.245,0.245,0.22,0.23,236274,0
EMA,20101111,0.225,0.255,0.225,0.255,384681,0
EMA,20101112,0.255,0.27,0.255,0.265,587446,0
EMA,20101115,0.265,0.265,0.25,0.25,81243,0
EMA,20101116,0.255,0.255,0.25,0.25,182977,0
EMA,20101117,0.25,0.25,0.235,0.24,118461,0
EMA,20101118,0.24,0.24,0.235,0.235,151243,0
EMA,20101119,0.245,0.245,0.235,0.235,18744,0
EMA,20101122,0.24,0.24,0.235,0.235,110000,0
EMA,20101123,0.235,0.235,0.235,0.235,80664,0
EMA,20101124,0.235,0.25,0.235,0.25,47800,0
EMA,20101125,0.25,0.25,0.24,0.24,53670,0
EMA,20101126,0.24,0.24,0.24,0.24,102020,0
EMA,20101129,0.24,0.24,0.24,0.24,14395,0
EMA,20101130,0.24,0.24,0.23,0.23,61800,0
EMA,20101201,0.23,0.23,0.22,0.23,102243,0
EMA,20101202,0.225,0.23,0.22,0.22,40800,0
EMA,20101203,0.22,0.22,0.22,0.22,50000,0
EMA,20101206,0.225,0.23,0.225,0.225,84121,0
EMA,20101207,0.225,0.225,0.225,0.225,55000,0
EMA,20101208,0.23,0.23,0.22,0.22,127379,0
EMA,20101209,0.22,0.24,0.22,0.23,296722,0
EMA,20101210,0.225,0.225,0.22,0.22,21048,0
EMA,20101213,0.22,0.22,0.22,0.22,100357,0
EMA,20101214,0.22,0.22,0.2,0.21,35469,0
EMA,20101215,0.21,0.21,0.21,0.21,1925,0
EMA,20101216,0.215,0.22,0.215,0.22,32002,0
EMA,20101217,0.22,0.22,0.205,0.205,265799,0
EMA,20101220,0.22,0.225,0.21,0.21,390000,0
EMA,20101221,0.21,0.225,0.21,0.215,120100,0
EMA,20101222,0.21,0.225,0.21,0.215,86608,0
EMA,20101223,0.225,0.225,0.215,0.22,110000,0
EMA,20101224,0.215,0.22,0.205,0.22,302139,0
EMA,20101227,0.22,0.22,0.22,0.22,0,0
EMA,20101228,0.22,0.22,0.22,0.22,0,0
EMA,20101229,0.205,0.22,0.2,0.2,249000,0
EMA,20101230,0.2,0.21,0.2,0.2,47199,0
EMA,20101231,0.2,0.2,0.2,0.2,60000,0
EMA,20110103,0.2,0.2,0.2,0.2,0,0
EMA,20110104,0.205,0.22,0.205,0.22,217300,0
EMA,20110105,0.22,0.22,0.22,0.22,114614,0
EMA,20110106,0.225,0.24,0.22,0.23,207908,0
EMA,20110107,0.235,0.235,0.235,0.235,37000,0
EMA,20110110,0.23,0.23,0.215,0.215,99000,0
EMA,20110111,0.215,0.215,0.215,0.215,0,0
EMA,20110112,0.23,0.23,0.23,0.23,39900,0
EMA,20110113,0.23,0.23,0.22,0.22,47391,0
EMA,20110114,0.22,0.22,0.22,0.22,27709,0
EMA,20110117,0.23,0.25,0.23,0.245,812770,0
EMA,20110118,0.245,0.25,0.245,0.25,103651,0
EMA,20110119,0.25,0.25,0.235,0.24,60848,0
EMA,20110120,0.24,0.24,0.235,0.235,56250,0
EMA,20110121,0.23,0.23,0.225,0.23,220000,0
EMA,20110124,0.25,0.25,0.235,0.235,214670,0
EMA,20110125,0.23,0.23,0.23,0.23,1830,0
EMA,20110126,0.23,0.23,0.23,0.23,0,0
EMA,20110127,0.23,0.23,0.23,0.23,2000,0
EMA,20110128,0.24,0.245,0.23,0.23,425387,0
EMA,20110131,0.23,0.23,0.22,0.22,10000,0
EMA,20110201,0.22,0.22,0.22,0.22,0,0
EMA,20110202,0.225,0.235,0.225,0.225,286097,0
EMA,20110203,0.23,0.23,0.23,0.23,7000,0
EMA,20110204,0.23,0.23,0.23,0.23,90507,0
EMA,20110207,0.23,0.23,0.23,0.23,5000,0
EMA,20110208,0.23,0.235,0.225,0.235,70000,0
EMA,20110209,0.235,0.235,0.23,0.23,81576,0
EMA,20110210,0.23,0.25,0.23,0.24,359254,0
EMA,20110211,0.245,0.245,0.24,0.245,146622,0
EMA,20110214,0.24,0.24,0.235,0.24,180000,0
EMA,20110215,0.24,0.265,0.24,0.265,657600,0
EMA,20110216,0.265,0.28,0.255,0.28,461634,0
EMA,20110217,0.28,0.295,0.275,0.275,557394,0
EMA,20110218,0.275,0.28,0.275,0.28,103450,0
EMA,20110221,0.275,0.275,0.25,0.265,260635,0
EMA,20110222,0.255,0.265,0.25,0.265,128489,0
EMA,20110223,0.265,0.265,0.265,0.265,0,0
EMA,20110224,0.25,0.25,0.24,0.25,133170,0
EMA,20110225,0.26,0.26,0.25,0.25,23500,0
EMA,20110228,0.25,0.25,0.25,0.25,31000,0
EMA,20110301,0.245,0.245,0.245,0.245,130000,0
EMA,20110302,0.245,0.245,0.24,0.24,90881,0
EMA,20110303,0.24,0.24,0.235,0.235,25000,0
EMA,20110304,0.24,0.245,0.23,0.23,272662,0
EMA,20110307,0.23,0.23,0.23,0.23,19010,0
EMA,20110308,0.23,0.23,0.23,0.23,11920,0
EMA,20110309,0.23,0.23,0.23,0.23,0,0
EMA,20110310,0.23,0.23,0.23,0.23,33720,0
EMA,20110311,0.22,0.24,0.22,0.24,24012,0
EMA,20110314,0.22,0.22,0.18,0.19,460700,0
EMA,20110315,0.18,0.18,0.14,0.14,844449,0
EMA,20110316,0.13,0.175,0.13,0.155,659225,0
EMA,20110317,0.155,0.175,0.15,0.175,316806,0
EMA,20110318,0.18,0.195,0.18,0.185,222709,0
EMA,20110321,0.185,0.205,0.18,0.195,170880,0
EMA,20110322,0.2,0.2,0.195,0.195,85220,0
EMA,20110323,0.19,0.19,0.18,0.19,154200,0
EMA,20110324,0.19,0.2,0.19,0.195,104999,0
EMA,20110325,0.195,0.195,0.195,0.195,39638,0
EMA,20110328,0.195,0.2,0.195,0.2,33770,0
EMA,20110329,0.195,0.195,0.18,0.18,146647,0
EMA,20110330,0.18,0.18,0.18,0.18,6250,0
EMA,20110331,0.195,0.195,0.195,0.195,12800,0
EMA,20110401,0.185,0.185,0.18,0.18,45830,0
EMA,20110404,0.185,0.185,0.185,0.185,61019,0
EMA,20110405,0.185,0.195,0.185,0.19,61020,0
EMA,20110406,0.18,0.19,0.18,0.18,17826,0
EMA,20110407,0.19,0.2,0.175,0.2,260124,0
EMA,20110408,0.215,0.25,0.215,0.23,1143018,0
EMA,20110411,0.24,0.25,0.225,0.225,623493,0
EMA,20110412,0.225,0.225,0.205,0.205,197641,0
EMA,20110413,0.21,0.225,0.21,0.225,50000,0
EMA,20110414,0.225,0.225,0.225,0.225,0,0
EMA,20110415,0.225,0.225,0.225,0.225,0,0
EMA,20110418,0.19,0.19,0.175,0.18,104999,0
EMA,20110419,0.18,0.18,0.18,0.18,0,0
EMA,20110420,0.18,0.18,0.175,0.175,50281,0
EMA,20110421,0.18,0.18,0.18,0.18,1500,0
EMA,20110422,0.18,0.18,0.18,0.18,0,0
EMA,20110425,0.18,0.18,0.18,0.18,0,0
EMA,20110426,0.18,0.18,0.18,0.18,0,0
EMA,20110427,0.18,0.18,0.18,0.18,27696,0
EMA,20110428,0.18,0.18,0.18,0.18,0,0
EMA,20110429,0.18,0.18,0.18,0.18,163273,0
EMA,20110502,0.18,0.18,0.18,0.18,3127,0
EMA,20110503,0.18,0.18,0.155,0.16,60254,0
EMA,20110504,0.16,0.16,0.16,0.16,13200,0
EMA,20110505,0.155,0.155,0.155,0.155,53000,0
EMA,20110506,0.16,0.16,0.16,0.16,56800,0
EMA,20110509,0.155,0.155,0.155,0.155,5000,0
EMA,20110510,0.16,0.16,0.16,0.16,20700,0
EMA,20110511,0.16,0.16,0.16,0.16,0,0
EMA,20110512,0.17,0.17,0.17,0.17,1000,0
EMA,20110513,0.175,0.18,0.175,0.18,57000,0
EMA,20110516,0.18,0.18,0.18,0.18,0,0
EMA,20110517,0.18,0.18,0.18,0.18,99099,0
EMA,20110518,0.18,0.18,0.18,0.18,0,0
EMA,20110519,0.18,0.18,0.18,0.18,23980,0
EMA,20110520,0.18,0.18,0.18,0.18,0,0
EMA,20110523,0.17,0.17,0.16,0.16,16020,0
EMA,20110524,0.16,0.16,0.155,0.155,65432,0
EMA,20110525,0.155,0.155,0.155,0.155,40000,0
EMA,20110526,0.155,0.155,0.155,0.155,12500,0
EMA,20110527,0.155,0.17,0.155,0.17,39112,0
EMA,20110530,0.16,0.16,0.15,0.15,27961,0
EMA,20110531,0.15,0.15,0.15,0.15,76255,0
EMA,20110601,0.15,0.15,0.15,0.15,42779,0
EMA,20110602,0.17,0.17,0.17,0.17,58283,0
EMA,20110603,0.15,0.15,0.15,0.15,100000,0
EMA,20110606,0.15,0.15,0.15,0.15,76400,0
EMA,20110607,0.15,0.15,0.15,0.15,0,0
EMA,20110608,0.145,0.145,0.14,0.145,166786,0
EMA,20110609,0.14,0.14,0.135,0.135,40000,0
EMA,20110610,0.135,0.14,0.135,0.135,53243,0
EMA,20110613,0.135,0.135,0.135,0.135,0,0
EMA,20110614,0.135,0.135,0.12,0.12,209243,0
EMA,20110615,0.12,0.12,0.12,0.12,0,0
EMA,20110616,0.12,0.12,0.12,0.12,0,0
EMA,20110617,0.12,0.12,0.12,0.12,33000,0
EMA,20110620,0.12,0.12,0.12,0.12,0,0
EMA,20110621,0.11,0.12,0.1,0.11,410500,0
EMA,20110622,0.105,0.105,0.1,0.1,73500,0
EMA,20110623,0.1,0.1,0.095,0.095,48286,0
EMA,20110624,0.1,0.1,0.1,0.1,100000,0
EMA,20110627,0.1,0.12,0.1,0.12,500000,0
EMA,20110628,0.11,0.11,0.11,0.11,211550,0
EMA,20110629,0.11,0.11,0.1,0.1,110000,0
EMA,20110630,0.1,0.115,0.1,0.1,289000,0
EMA,20110701,0.11,0.115,0.11,0.115,116105,0
EMA,20110704,0.115,0.115,0.11,0.11,101286,0
EMA,20110705,0.115,0.115,0.11,0.11,35000,0
EMA,20110706,0.115,0.125,0.115,0.125,69089,0
EMA,20110707,0.145,0.145,0.145,0.145,10000,0
EMA,20110708,0.135,0.135,0.13,0.13,14225,0
EMA,20110711,0.13,0.13,0.13,0.13,0,0
EMA,20110712,0.13,0.13,0.13,0.13,30500,0
EMA,20110713,0.125,0.125,0.12,0.125,128291,0
EMA,20110714,0.12,0.12,0.12,0.12,15000,0
EMA,20110715,0.12,0.14,0.12,0.14,82000,0
EMA,20110718,0.14,0.14,0.14,0.14,83000,0
EMA,20110719,0.135,0.135,0.13,0.13,75000,0
EMA,20110720,0.13,0.13,0.13,0.13,0,0
EMA,20110721,0.13,0.13,0.13,0.13,3591,0
EMA,20110722,0.115,0.115,0.105,0.105,105000,0
EMA,20110725,0.11,0.12,0.11,0.12,12043,0
EMA,20110726,0.13,0.13,0.13,0.13,94957,0
EMA,20110727,0.13,0.13,0.13,0.13,2952,0
EMA,20110728,0.13,0.13,0.13,0.13,0,0
EMA,20110729,0.13,0.13,0.13,0.13,15048,0
EMA,20110801,0.13,0.13,0.13,0.13,0,0
EMA,20110802,0.13,0.13,0.13,0.13,4500,0
EMA,20110803,0.125,0.125,0.12,0.12,140266,0
EMA,20110804,0.11,0.11,0.11,0.11,23000,0
EMA,20110805,0.11,0.11,0.1,0.1,80000,0
EMA,20110808,0.095,0.095,0.085,0.085,80000,0
EMA,20110809,0.09,0.09,0.09,0.09,25000,0
EMA,20110810,0.093,0.095,0.093,0.095,40000,0
EMA,20110811,0.099,0.1,0.099,0.1,14740,0
EMA,20110812,0.115,0.115,0.115,0.115,10000,0
EMA,20110815,0.115,0.115,0.115,0.115,0,0
EMA,20110816,0.115,0.115,0.1,0.1,90500,0
EMA,20110817,0.1,0.1,0.1,0.1,24500,0
EMA,20110818,0.1,0.1,0.1,0.1,0,0
EMA,20110819,0.1,0.1,0.1,0.1,0,0
EMA,20110822,0.1,0.1,0.1,0.1,0,0
EMA,20110823,0.115,0.115,0.115,0.115,5060,0
EMA,20110824,0.115,0.115,0.115,0.115,0,0
EMA,20110825,0.115,0.115,0.115,0.115,0,0
EMA,20110826,0.115,0.115,0.115,0.115,0,0
EMA,20110829,0.115,0.115,0.115,0.115,0,0
EMA,20110830,0.11,0.13,0.11,0.13,65000,0
EMA,20110831,0.11,0.11,0.11,0.11,2000,0
EMA,20110901,0.11,0.11,0.11,0.11,0,0
EMA,20110902,0.115,0.115,0.115,0.115,3000,0
EMA,20110905,0.115,0.115,0.115,0.115,0,0
EMA,20110906,0.1,0.1,0.1,0.1,2700,0
EMA,20110907,0.1,0.1,0.1,0.1,24500,0
EMA,20110908,0.1,0.1,0.1,0.1,0,0
EMA,20110909,0.1,0.1,0.1,0.1,5000,0
EMA,20110912,0.1,0.1,0.1,0.1,68851,0
EMA,20110913,0.1,0.1,0.1,0.1,7400,0
EMA,20110914,0.1,0.1,0.1,0.1,26549,0
EMA,20110915,0.1,0.1,0.1,0.1,0,0
EMA,20110916,0.09,0.1,0.09,0.1,69999,0
EMA,20110919,0.1,0.1,0.1,0.1,0,0
EMA,20110920,0.1,0.1,0.1,0.1,0,0
EMA,20110921,0.1,0.1,0.1,0.1,0,0
EMA,20110922,0.1,0.1,0.1,0.1,0,0
EMA,20110923,0.1,0.1,0.1,0.1,0,0
EMA,20110926,0.09,0.09,0.08,0.08,130240,0
EMA,20110927,0.08,0.08,0.08,0.08,22829,0
EMA,20110928,0.1,0.1,0.1,0.1,111422,0
EMA,20110929,0.1,0.1,0.1,0.1,0,0
EMA,20110930,0.1,0.1,0.1,0.1,0,0
EMA,20111003,0.1,0.1,0.1,0.1,0,0
EMA,20111004,0.1,0.1,0.1,0.1,0,0
EMA,20111005,0.08,0.08,0.076,0.076,12000,0
EMA,20111006,0.095,0.1,0.095,0.1,152500,0
EMA,20111007,0.105,0.105,0.105,0.105,77500,0
EMA,20111010,0.105,0.105,0.105,0.105,0,0
EMA,20111011,0.105,0.105,0.105,0.105,0,0
EMA,20111012,0.105,0.105,0.105,0.105,0,0
EMA,20111013,0.105,0.105,0.105,0.105,0,0
EMA,20111014,0.096,0.096,0.096,0.096,5000,0
EMA,20111017,0.096,0.096,0.096,0.096,0,0
EMA,20111018,0.096,0.096,0.096,0.096,0,0
EMA,20111019,0.096,0.096,0.096,0.096,0,0
EMA,20111020,0.1,0.1,0.1,0.1,10000,0
EMA,20111021,0.1,0.1,0.096,0.096,72500,0
EMA,20111024,0.096,0.096,0.096,0.096,17799,0
EMA,20111025,0.1,0.1,0.1,0.1,10000,0
EMA,20111026,0.12,0.12,0.12,0.12,10500,0
EMA,20111027,0.12,0.12,0.12,0.12,0,0
EMA,20111028,0.12,0.12,0.12,0.12,0,0
EMA,20111031,0.12,0.12,0.12,0.12,22000,0
EMA,20111101,0.12,0.12,0.12,0.12,0,0
EMA,20111102,0.12,0.12,0.12,0.12,0,0
EMA,20111103,0.12,0.12,0.12,0.12,16000,0
EMA,20111104,0.12,0.12,0.12,0.12,0,0
EMA,20111107,0.11,0.11,0.11,0.11,15780,0
EMA,20111108,0.11,0.11,0.11,0.11,0,0
EMA,20111109,0.11,0.11,0.11,0.11,4220,0
EMA,20111110,0.11,0.11,0.11,0.11,0,0
EMA,20111111,0.11,0.11,0.11,0.11,0,0
EMA,20111114,0.1,0.1,0.1,0.1,5000,0
EMA,20111115,0.12,0.13,0.12,0.13,105933,0
EMA,20111116,0.12,0.12,0.12,0.12,19000,0
EMA,20111117,0.12,0.12,0.12,0.12,2000,0
EMA,20111118,0.12,0.12,0.12,0.12,0,0
EMA,20111121,0.12,0.12,0.12,0.12,0,0
EMA,20111122,0.12,0.12,0.098,0.098,36255,0
EMA,20111123,0.098,0.098,0.098,0.098,0,0
EMA,20111124,0.098,0.098,0.098,0.098,0,0
EMA,20111125,0.098,0.098,0.098,0.098,0,0
EMA,20111128,0.098,0.098,0.098,0.098,0,0
EMA,20111129,0.098,0.098,0.098,0.098,0,0
EMA,20111130,0.098,0.098,0.098,0.098,0,0
EMA,20111201,0.095,0.095,0.095,0.095,6255,0
EMA,20111202,0.095,0.095,0.095,0.095,0,0
EMA,20111205,0.091,0.091,0.091,0.091,16255,0
EMA,20111206,0.091,0.091,0.091,0.091,0,0
EMA,20111207,0.091,0.091,0.091,0.091,90000,0
EMA,20111208,0.091,0.091,0.091,0.091,50000,0
EMA,20111209,0.091,0.091,0.091,0.091,0,0
EMA,20111212,0.091,0.091,0.091,0.091,281243,0
EMA,20111213,0.09,0.09,0.09,0.09,76556,0
EMA,20111214,0.09,0.09,0.09,0.09,0,0
EMA,20111215,0.09,0.09,0.09,0.09,0,0
EMA,20111216,0.089,0.089,0.089,0.089,72306,0
EMA,20111219,0.08,0.08,0.08,0.08,27979,0
EMA,20111220,0.081,0.081,0.08,0.08,110000,0
EMA,20111221,0.08,0.08,0.08,0.08,0,0
EMA,20111222,0.08,0.08,0.08,0.08,62738,0
EMA,20111223,0.081,0.083,0.081,0.083,172262,0
EMA,20111226,0.083,0.083,0.083,0.083,0,0
EMA,20111227,0.083,0.083,0.083,0.083,0,0
EMA,20111228,0.083,0.083,0.083,0.083,0,0
EMA,20111229,0.083,0.083,0.083,0.083,57500,0
EMA,20111230,0.083,0.083,0.083,0.083,0,0
EMA,20120102,0.083,0.083,0.083,0.083,0,0
EMA,20120103,0.085,0.085,0.085,0.085,25000,0
EMA,20120104,0.083,0.083,0.083,0.083,3000,0
EMA,20120105,0.083,0.083,0.083,0.083,30000,0
EMA,20120106,0.083,0.083,0.083,0.083,0,0
EMA,20120109,0.083,0.083,0.083,0.083,0,0
EMA,20120110,0.083,0.083,0.083,0.083,0,0
EMA,20120111,0.083,0.083,0.083,0.083,0,0
EMA,20120112,0.085,0.085,0.083,0.083,139811,0
EMA,20120113,0.083,0.083,0.083,0.083,0,0
EMA,20120116,0.083,0.083,0.083,0.083,0,0
EMA,20120117,0.083,0.085,0.083,0.085,22699,0
EMA,20120118,0.085,0.085,0.085,0.085,22000,0
EMA,20120119,0.085,0.085,0.085,0.085,0,0
EMA,20120120,0.085,0.085,0.085,0.085,0,0
EMA,20120123,0.085,0.085,0.085,0.085,0,0
EMA,20120124,0.085,0.085,0.085,0.085,0,0
EMA,20120125,0.085,0.085,0.085,0.085,0,0
EMA,20120126,0.085,0.085,0.085,0.085,0,0
EMA,20120127,0.085,0.085,0.085,0.085,54000,0
EMA,20120130,0.085,0.085,0.085,0.085,107389,0
EMA,20120131,0.085,0.085,0.085,0.085,0,0
EMA,20120201,0.082,0.082,0.082,0.082,8300,0
EMA,20120202,0.082,0.082,0.082,0.082,0,0
EMA,20120203,0.085,0.085,0.085,0.085,30000,0
EMA,20120206,0.083,0.083,0.083,0.083,22500,0
EMA,20120207,0.083,0.083,0.083,0.083,12500,0
EMA,20120208,0.083,0.083,0.083,0.083,0,0
EMA,20120209,0.083,0.083,0.083,0.083,0,0
EMA,20120210,0.085,0.085,0.085,0.085,49844,0
EMA,20120213,0.085,0.085,0.085,0.085,0,0
EMA,20120214,0.085,0.085,0.08,0.08,6900,0
EMA,20120215,0.08,0.08,0.08,0.08,0,0
EMA,20120216,0.08,0.08,0.08,0.08,56456,0
EMA,20120217,0.08,0.08,0.08,0.08,0,0
EMA,20120220,0.076,0.076,0.076,0.076,100000,0
EMA,20120221,0.076,0.076,0.076,0.076,30000,0
EMA,20120222,0.076,0.076,0.076,0.076,0,0
EMA,20120223,0.076,0.076,0.076,0.076,0,0
EMA,20120224,0.076,0.076,0.076,0.076,0,0
EMA,20120227,0.078,0.078,0.078,0.078,5500,0
EMA,20120228,0.078,0.078,0.078,0.078,0,0
EMA,20120229,0.078,0.078,0.078,0.078,0,0
EMA,20120301,0.078,0.078,0.078,0.078,0,0
EMA,20120302,0.078,0.078,0.077,0.078,261385,0
EMA,20120305,0.078,0.078,0.078,0.078,0,0
EMA,20120306,0.078,0.078,0.078,0.078,10115,0
EMA,20120307,0.078,0.078,0.078,0.078,0,0
EMA,20120308,0.077,0.08,0.077,0.08,200000,0
EMA,20120309,0.08,0.08,0.08,0.08,0,0
EMA,20120312,0.075,0.075,0.071,0.071,30000,0
EMA,20120313,0.075,0.075,0.075,0.075,10000,0
EMA,20120314,0.075,0.08,0.07,0.08,115628,0
EMA,20120315,0.08,0.08,0.08,0.08,0,0
EMA,20120316,0.08,0.08,0.08,0.08,30000,0
EMA,20120319,0.083,0.083,0.083,0.083,2327,0
EMA,20120320,0.083,0.083,0.083,0.083,29099,0
EMA,20120321,0.083,0.083,0.083,0.083,1200,0
EMA,20120322,0.083,0.083,0.083,0.083,0,0
EMA,20120323,0.083,0.083,0.083,0.083,0,0
EMA,20120326,0.085,0.085,0.085,0.085,87374,0
EMA,20120327,0.085,0.085,0.085,0.085,0,0
EMA,20120328,0.085,0.085,0.085,0.085,36838,0
EMA,20120329,0.085,0.085,0.085,0.085,0,0
EMA,20120330,0.085,0.085,0.085,0.085,0,0
EMA,20120402,0.085,0.11,0.085,0.092,262901,0
EMA,20120403,0.092,0.092,0.092,0.092,0,0
EMA,20120404,0.095,0.1,0.095,0.1,177345,0
EMA,20120405,0.095,0.095,0.094,0.094,117830,0
EMA,20120406,0.094,0.094,0.094,0.094,0,0
EMA,20120409,0.094,0.094,0.094,0.094,0,0
EMA,20120410,0.094,0.094,0.09,0.09,15920,0
EMA,20120411,0.09,0.09,0.09,0.09,18000,0
EMA,20120412,0.09,0.09,0.09,0.09,60000,0
EMA,20120413,0.09,0.09,0.09,0.09,45556,0
EMA,20120416,0.082,0.082,0.082,0.082,15000,0
EMA,20120417,0.082,0.082,0.082,0.082,0,0
EMA,20120418,0.08,0.08,0.08,0.08,3500,0
EMA,20120419,0.08,0.08,0.08,0.08,117872,0
EMA,20120420,0.081,0.081,0.081,0.081,30500,0
EMA,20120423,0.081,0.085,0.081,0.085,152098,0
EMA,20120424,0.085,0.085,0.085,0.085,0,0
EMA,20120425,0.085,0.085,0.085,0.085,0,0
EMA,20120426,0.081,0.081,0.081,0.081,7071,0
EMA,20120427,0.081,0.081,0.081,0.081,0,0
EMA,20120430,0.081,0.081,0.081,0.081,0,0
EMA,20120501,0.081,0.081,0.081,0.081,0,0
EMA,20120502,0.081,0.081,0.081,0.081,0,0
EMA,20120503,0.081,0.081,0.081,0.081,3500,0
EMA,20120504,0.09,0.09,0.09,0.09,70000,0
EMA,20120507,0.089,0.089,0.089,0.089,1,0
EMA,20120508,0.089,0.089,0.089,0.089,0,0
EMA,20120509,0.081,0.081,0.081,0.081,5556,0
EMA,20120510,0.081,0.081,0.081,0.081,5000,0
EMA,20120511,0.081,0.081,0.08,0.08,314817,0
EMA,20120514,0.08,0.08,0.08,0.08,0,0
EMA,20120515,0.075,0.075,0.07,0.07,180000,0
EMA,20120516,0.07,0.07,0.07,0.07,0,0
EMA,20120517,0.07,0.07,0.07,0.07,0,0
EMA,20120518,0.07,0.07,0.07,0.07,0,0
EMA,20120521,0.07,0.07,0.07,0.07,0,0
EMA,20120522,0.07,0.07,0.07,0.07,0,0
EMA,20120523,0.07,0.07,0.07,0.07,0,0
EMA,20120524,0.07,0.07,0.07,0.07,0,0
EMA,20120525,0.06,0.06,0.06,0.06,33293,0
EMA,20120528,0.06,0.06,0.06,0.06,0,0
EMA,20120529,0.06,0.06,0.06,0.06,0,0
EMA,20120530,0.06,0.06,0.06,0.06,16707,0
EMA,20120531,0.053,0.053,0.053,0.053,30000,0
EMA,20120601,0.053,0.053,0.053,0.053,0,0
EMA,20120604,0.053,0.053,0.053,0.053,0,0
EMA,20120605,0.053,0.053,0.053,0.053,3500,0
EMA,20120606,0.055,0.055,0.055,0.055,9000,0
EMA,20120607,0.055,0.055,0.055,0.055,0,0
EMA,20120608,0.053,0.053,0.05,0.05,515299,0
EMA,20120611,0.05,0.05,0.05,0.05,0,0
EMA,20120612,0.055,0.055,0.055,0.055,82500,0
EMA,20120613,0.055,0.055,0.055,0.055,0,0
EMA,20120614,0.055,0.055,0.055,0.055,57137,0
EMA,20120615,0.055,0.055,0.055,0.055,0,0
EMA,20120618,0.055,0.055,0.055,0.055,44180,0
EMA,20120619,0.055,0.055,0.055,0.055,0,0
EMA,20120620,0.05,0.051,0.05,0.051,27201,0
EMA,20120621,0.051,0.051,0.051,0.051,0,0
EMA,20120622,0.05,0.051,0.047,0.047,35855,0
EMA,20120625,0.048,0.048,0.045,0.045,43000,0
EMA,20120626,0.045,0.045,0.045,0.045,0,0
EMA,20120627,0.045,0.045,0.045,0.045,0,0
EMA,20120628,0.045,0.048,0.042,0.048,1258678,0
EMA,20120629,0.046,0.051,0.046,0.051,22562,0
EMA,20120702,0.051,0.051,0.051,0.051,0,0
EMA,20120703,0.051,0.051,0.051,0.051,0,0
EMA,20120704,0.051,0.051,0.051,0.051,0,0
EMA,20120705,0.051,0.051,0.051,0.051,0,0
EMA,20120706,0.051,0.051,0.051,0.051,0,0
EMA,20120709,0.051,0.051,0.051,0.051,0,0
EMA,20120710,0.051,0.051,0.051,0.051,1438,0
EMA,20120711,0.051,0.051,0.051,0.051,0,0
EMA,20120712,0.051,0.051,0.05,0.05,29023,0
EMA,20120713,0.05,0.05,0.05,0.05,0,0
EMA,20120716,0.05,0.05,0.05,0.05,0,0
EMA,20120717,0.05,0.05,0.05,0.05,0,0
EMA,20120718,0.062,0.083,0.062,0.071,777000,0
EMA,20120719,0.078,0.088,0.078,0.081,152972,0
EMA,20120720,0.085,0.095,0.082,0.09,638298,0
EMA,20120723,0.085,0.09,0.085,0.09,91300,0
EMA,20120724,0.09,0.09,0.086,0.086,118700,0
EMA,20120725,0.083,0.086,0.082,0.086,70000,0
EMA,20120726,0.086,0.086,0.086,0.086,0,0
EMA,20120727,0.09,0.09,0.09,0.09,10000,0
EMA,20120730,0.09,0.09,0.09,0.09,0,0
EMA,20120731,0.09,0.09,0.09,0.09,0,0
EMA,20120801,0.09,0.09,0.084,0.084,75000,0
EMA,20120802,0.083,0.085,0.082,0.085,70000,0
EMA,20120803,0.085,0.085,0.085,0.085,0,0
EMA,20120806,0.077,0.077,0.077,0.077,2000,0
EMA,20120807,0.075,0.075,0.072,0.072,90243,0
EMA,20120808,0.072,0.072,0.072,0.072,0,0
EMA,20120809,0.072,0.072,0.072,0.072,0,0
EMA,20120810,0.075,0.08,0.075,0.08,132062,0
EMA,20120813,0.08,0.08,0.08,0.08,0,0
EMA,20120814,0.08,0.08,0.08,0.08,0,0
EMA,20120815,0.075,0.075,0.075,0.075,2038,0
EMA,20120816,0.075,0.075,0.075,0.075,24000,0
EMA,20120817,0.075,0.075,0.075,0.075,0,0
EMA,20120820,0.075,0.075,0.075,0.075,0,0
EMA,20120821,0.073,0.073,0.073,0.073,50000,0
EMA,20120822,0.072,0.074,0.065,0.066,486988,0
EMA,20120823,0.067,0.067,0.067,0.067,51444,0
EMA,20120824,0.067,0.067,0.067,0.067,0,0
EMA,20120827,0.067,0.067,0.067,0.067,0,0
EMA,20120828,0.068,0.069,0.068,0.069,38000,0
EMA,20120829,0.069,0.069,0.069,0.069,0,0
EMA,20120830,0.069,0.069,0.069,0.069,0,0
EMA,20120831,0.07,0.07,0.07,0.07,16125,0
EMA,20120903,0.071,0.071,0.071,0.071,49115,0
EMA,20120904,0.072,0.072,0.07,0.07,22671,0
EMA,20120905,0.07,0.07,0.07,0.07,0,0
EMA,20120906,0.072,0.072,0.069,0.069,32471,0
EMA,20120907,0.073,0.073,0.071,0.071,153503,0
EMA,20120910,0.071,0.071,0.071,0.071,0,0
EMA,20120911,0.071,0.071,0.071,0.071,0,0
EMA,20120912,0.075,0.075,0.075,0.075,10000,0
EMA,20120913,0.075,0.075,0.075,0.075,0,0
EMA,20120914,0.077,0.077,0.077,0.077,33969,0
EMA,20120917,0.077,0.077,0.077,0.077,0,0
EMA,20120918,0.075,0.075,0.075,0.075,68750,0
EMA,20120919,0.075,0.075,0.075,0.075,0,0
EMA,20120920,0.077,0.077,0.074,0.074,8925,0
EMA,20120921,0.076,0.076,0.074,0.074,48000,0
EMA,20120924,0.076,0.076,0.075,0.075,76175,0
EMA,20120925,0.075,0.075,0.075,0.075,0,0
EMA,20120926,0.071,0.071,0.069,0.071,150000,0
EMA,20120927,0.071,0.071,0.071,0.071,0,0
EMA,20120928,0.071,0.071,0.071,0.071,0,0
EMA,20121001,0.066,0.066,0.066,0.066,18000,0
EMA,20121002,0.066,0.066,0.066,0.066,0,0
EMA,20121003,0.067,0.067,0.065,0.065,155000,0
EMA,20121004,0.065,0.065,0.065,0.065,0,0
EMA,20121005,0.065,0.065,0.065,0.065,0,0
EMA,20121008,0.065,0.065,0.065,0.065,0,0
EMA,20121009,0.065,0.065,0.065,0.065,0,0
EMA,20121010,0.066,0.067,0.066,0.067,100333,0
EMA,20121011,0.067,0.067,0.067,0.067,0,0
EMA,20121012,0.067,0.067,0.067,0.067,9500,0
EMA,20121015,0.067,0.067,0.067,0.067,0,0
EMA,20121016,0.067,0.067,0.067,0.067,0,0
EMA,20121017,0.067,0.067,0.067,0.067,0,0
EMA,20121018,0.067,0.067,0.067,0.067,0,0
EMA,20121019,0.067,0.067,0.067,0.067,0,0
EMA,20121022,0.067,0.067,0.067,0.067,0,0
EMA,20121023,0.069,0.069,0.067,0.067,22500,0
EMA,20121024,0.067,0.067,0.067,0.067,0,0
EMA,20121025,0.067,0.067,0.064,0.064,200000,0
EMA,20121026,0.063,0.063,0.063,0.063,25000,0
EMA,20121029,0.063,0.063,0.063,0.063,0,0
EMA,20121030,0.063,0.063,0.062,0.062,17500,0
EMA,20121031,0.062,0.062,0.062,0.062,90000,0
EMA,20121101,0.064,0.064,0.064,0.064,6000,0
EMA,20121102,0.064,0.064,0.064,0.064,0,0
EMA,20121105,0.063,0.064,0.06,0.06,190543,0
EMA,20121106,0.06,0.06,0.06,0.06,0,0
EMA,20121107,0.06,0.06,0.06,0.06,0,0
EMA,20121108,0.063,0.063,0.06,0.06,43907,0
EMA,20121109,0.06,0.062,0.06,0.062,80000,0
EMA,20121112,0.062,0.062,0.062,0.062,0,0
EMA,20121113,0.062,0.062,0.06,0.062,123379,0
EMA,20121114,0.062,0.062,0.062,0.062,0,0
EMA,20121115,0.062,0.062,0.062,0.062,23329,0
EMA,20121116,0.062,0.062,0.062,0.062,0,0
EMA,20121119,0.063,0.063,0.063,0.063,6000,0
EMA,20121120,0.068,0.07,0.068,0.07,42000,0
EMA,20121121,0.07,0.07,0.065,0.065,150000,0
EMA,20121122,0.065,0.065,0.065,0.065,0,0
EMA,20121123,0.065,0.065,0.065,0.065,22333,0
EMA,20121126,0.065,0.065,0.065,0.065,0,0
EMA,20121127,0.063,0.063,0.063,0.063,1800,0
EMA,20121128,0.062,0.062,0.062,0.062,7790,0
EMA,20121129,0.063,0.063,0.063,0.063,10000,0
EMA,20121130,0.063,0.063,0.063,0.063,0,0
EMA,20121203,0.063,0.063,0.063,0.063,0,0
EMA,20121204,0.063,0.063,0.063,0.063,0,0
EMA,20121205,0.062,0.062,0.062,0.062,1002,0
EMA,20121206,0.062,0.062,0.062,0.062,0,0
EMA,20121207,0.062,0.062,0.062,0.062,0,0
EMA,20121210,0.055,0.055,0.055,0.055,133969,0
EMA,20121211,0.055,0.055,0.055,0.055,43998,0
EMA,20121212,0.062,0.062,0.062,0.062,22033,0
EMA,20121213,0.062,0.062,0.062,0.062,0,0
EMA,20121214,0.06,0.06,0.06,0.06,15000,0
EMA,20121217,0.06,0.06,0.06,0.06,10640,0
EMA,20121218,0.062,0.062,0.062,0.062,10000,0
EMA,20121219,0.062,0.062,0.06,0.06,70000,0
EMA,20121220,0.06,0.06,0.06,0.06,0,0
EMA,20121221,0.06,0.06,0.06,0.06,0,0
EMA,20121224,0.06,0.06,0.06,0.06,0,0
EMA,20121225,0.06,0.06,0.06,0.06,0,0
EMA,20121226,0.06,0.06,0.06,0.06,0,0
EMA,20121227,0.06,0.06,0.06,0.06,0,0
EMA,20121228,0.06,0.06,0.06,0.06,0,0
EMA,20121231,0.06,0.06,0.06,0.06,0,0
EMA,20130101,0.06,0.06,0.06,0.06,0,0
EMA,20130102,0.061,0.061,0.061,0.061,6500,0
EMA,20130103,0.061,0.061,0.061,0.061,0,0
EMA,20130104,0.061,0.061,0.061,0.061,0,0
EMA,20130107,0.061,0.061,0.06,0.06,14949,0
EMA,20130108,0.06,0.06,0.06,0.06,31911,0
EMA,20130109,0.06,0.06,0.06,0.06,61885,0
EMA,20130110,0.06,0.06,0.06,0.06,17150,0
EMA,20130111,0.06,0.06,0.06,0.06,0,0
EMA,20130114,0.06,0.06,0.06,0.06,21702,0
EMA,20130115,0.057,0.057,0.057,0.057,33000,0
EMA,20130116,0.057,0.057,0.057,0.057,0,0
EMA,20130117,0.057,0.057,0.057,0.057,0,0
EMA,20130118,0.055,0.055,0.055,0.055,43000,0
EMA,20130121,0.055,0.055,0.055,0.055,0,0
EMA,20130122,0.048,0.048,0.048,0.048,120484,0
EMA,20130123,0.048,0.048,0.048,0.048,0,0
EMA,20130124,0.048,0.048,0.048,0.048,0,0
EMA,20130125,0.048,0.048,0.048,0.048,0,0
EMA,20130128,0.048,0.048,0.048,0.048,0,0
EMA,20130129,0.056,0.056,0.056,0.056,10000,0
EMA,20130130,0.056,0.056,0.056,0.056,0,0
EMA,20130131,0.056,0.056,0.056,0.056,0,0
EMA,20130201,0.051,0.051,0.051,0.051,35000,0
EMA,20130204,0.051,0.051,0.051,0.051,0,0
EMA,20130205,0.051,0.051,0.051,0.051,0,0
EMA,20130206,0.051,0.051,0.051,0.051,0,0
EMA,20130207,0.049,0.049,0.049,0.049,21000,0
EMA,20130208,0.049,0.049,0.049,0.049,0,0
EMA,20130211,0.049,0.049,0.049,0.049,0,0
EMA,20130212,0.049,0.049,0.049,0.049,0,0
EMA,20130213,0.049,0.049,0.049,0.049,0,0
EMA,20130214,0.051,0.051,0.05,0.05,38250,0
EMA,20130215,0.05,0.05,0.05,0.05,0,0
EMA,20130218,0.05,0.05,0.05,0.05,0,0
EMA,20130219,0.05,0.05,0.05,0.05,0,0
EMA,20130220,0.05,0.05,0.05,0.05,0,0
EMA,20130221,0.05,0.05,0.05,0.05,0,0
EMA,20130222,0.051,0.051,0.05,0.05,63100,0
EMA,20130225,0.05,0.05,0.05,0.05,0,0
EMA,20130226,0.05,0.05,0.05,0.05,2500,0
EMA,20130227,0.05,0.05,0.05,0.05,0,0
EMA,20130228,0.05,0.05,0.05,0.05,0,0
EMA,20130301,0.05,0.05,0.05,0.05,0,0
EMA,20130304,0.05,0.05,0.05,0.05,15000,0
EMA,20130305,0.05,0.05,0.05,0.05,0,0
EMA,20130306,0.05,0.05,0.05,0.05,0,0
EMA,20130307,0.05,0.05,0.05,0.05,0,0
EMA,20130308,0.05,0.05,0.05,0.05,149401,0
EMA,20130311,0.05,0.05,0.05,0.05,0,0
EMA,20130312,0.05,0.05,0.05,0.05,0,0
EMA,20130313,0.049,0.05,0.045,0.05,189516,0
EMA,20130314,0.049,0.051,0.049,0.051,503248,0
EMA,20130315,0.051,0.06,0.05,0.06,188303,0
EMA,20130318,0.059,0.059,0.059,0.059,123333,0
EMA,20130319,0.059,0.059,0.059,0.059,42372,0
EMA,20130320,0.055,0.055,0.055,0.055,184295,0
EMA,20130321,0.055,0.055,0.055,0.055,20000,0
EMA,20130322,0.055,0.055,0.055,0.055,10000,0
EMA,20130325,0.055,0.055,0.055,0.055,368705,0
EMA,20130326,0.055,0.055,0.055,0.055,35727,0
EMA,20130327,0.053,0.053,0.053,0.053,80000,0
EMA,20130328,0.053,0.053,0.053,0.053,19000,0
EMA,20130329,0.053,0.053,0.053,0.053,0,0
EMA,20130401,0.053,0.053,0.053,0.053,0,0
EMA,20130402,0.053,0.053,0.052,0.052,82000,0
EMA,20130403,0.052,0.052,0.052,0.052,128333,0
EMA,20130404,0.052,0.052,0.052,0.052,0,0
EMA,20130405,0.052,0.052,0.052,0.052,0,0
EMA,20130408,0.052,0.052,0.052,0.052,105299,0
EMA,20130409,0.052,0.052,0.052,0.052,0,0
EMA,20130410,0.054,0.054,0.054,0.054,250000,0
EMA,20130411,0.054,0.054,0.054,0.054,0,0
EMA,20130412,0.054,0.054,0.054,0.054,0,0
EMA,20130415,0.054,0.054,0.054,0.054,0,0
EMA,20130416,0.054,0.054,0.054,0.054,0,0
EMA,20130417,0.052,0.052,0.05,0.05,120000,0
EMA,20130418,0.052,0.052,0.052,0.052,20000,0
EMA,20130419,0.052,0.052,0.052,0.052,0,0
EMA,20130422,0.052,0.052,0.052,0.052,0,0
EMA,20130423,0.052,0.052,0.052,0.052,0,0
EMA,20130424,0.052,0.052,0.052,0.052,0,0
EMA,20130425,0.052,0.052,0.052,0.052,0,0
EMA,20130426,0.052,0.052,0.052,0.052,0,0
EMA,20130429,0.048,0.048,0.048,0.048,15000,0
EMA,20130430,0.048,0.048,0.048,0.048,0,0
EMA,20130501,0.036,0.037,0.036,0.037,46280,0
EMA,20130502,0.037,0.037,0.037,0.037,0,0
EMA,20130503,0.037,0.037,0.037,0.037,0,0
EMA,20130506,0.037,0.037,0.037,0.037,0,0
EMA,20130507,0.037,0.037,0.037,0.037,0,0
EMA,20130508,0.037,0.037,0.037,0.037,0,0
EMA,20130509,0.037,0.037,0.037,0.037,0,0
EMA,20130510,0.037,0.037,0.037,0.037,0,0
EMA,20130513,0.037,0.037,0.037,0.037,0,0
EMA,20130514,0.037,0.037,0.037,0.037,0,0
EMA,20130515,0.04,0.04,0.04,0.04,263000,0
EMA,20130516,0.04,0.04,0.04,0.04,0,0
EMA,20130517,0.04,0.04,0.04,0.04,0,0
EMA,20130520,0.04,0.04,0.04,0.04,0,0
EMA,20130521,0.04,0.04,0.04,0.04,159228,0
EMA,20130522,0.04,0.04,0.04,0.04,772,0
EMA,20130523,0.04,0.04,0.04,0.04,149228,0
EMA,20130524,0.04,0.04,0.04,0.04,0,0
EMA,20130527,0.04,0.04,0.04,0.04,45772,0
EMA,20130528,0.035,0.035,0.035,0.035,4800,0
EMA,20130529,0.035,0.035,0.035,0.035,0,0
EMA,20130530,0.035,0.035,0.035,0.035,10000,0
EMA,20130531,0.035,0.035,0.035,0.035,0,0
EMA,20130603,0.035,0.035,0.035,0.035,0,0
EMA,20130604,0.035,0.035,0.035,0.035,75000,0
EMA,20130605,0.035,0.035,0.035,0.035,0,0
EMA,20130606,0.035,0.035,0.035,0.035,10200,0
EMA,20130607,0.031,0.031,0.031,0.031,1300,0
EMA,20130610,0.031,0.031,0.031,0.031,0,0
EMA,20130611,0.031,0.031,0.025,0.025,114945,0
EMA,20130612,0.026,0.026,0.026,0.026,30000,0
EMA,20130613,0.026,0.026,0.025,0.025,130000,0
EMA,20130614,0.025,0.025,0.02,0.02,301757,0
EMA,20130617,0.02,0.021,0.02,0.021,105400,0
EMA,20130618,0.021,0.025,0.021,0.025,521639,0
EMA,20130619,0.024,0.025,0.021,0.021,895485,0
EMA,20130620,0.024,0.024,0.024,0.024,152372,0
EMA,20130621,0.024,0.026,0.024,0.026,25000,0
EMA,20130624,0.03,0.031,0.03,0.031,80000,0
EMA,20130625,0.035,0.035,0.035,0.035,14000,0
EMA,20130626,0.038,0.04,0.038,0.04,55773,0
EMA,20130627,0.04,0.04,0.04,0.04,211000,0
EMA,20130628,0.03,0.03,0.03,0.03,41265,0
EMA,20130701,0.03,0.03,0.03,0.03,7500,0
EMA,20130702,0.04,0.04,0.04,0.04,150000,0
EMA,20130703,0.041,0.041,0.041,0.041,13000,0
EMA,20130704,0.041,0.041,0.041,0.041,0,0
EMA,20130705,0.044,0.044,0.044,0.044,37701,0
EMA,20130708,0.044,0.044,0.044,0.044,0,0
EMA,20130709,0.044,0.044,0.044,0.044,0,0
EMA,20130710,0.044,0.044,0.044,0.044,0,0
EMA,20130711,0.044,0.044,0.044,0.044,0,0
EMA,20130712,0.044,0.044,0.044,0.044,0,0
EMA,20130715,0.044,0.044,0.044,0.044,0,0
EMA,20130716,0.044,0.044,0.044,0.044,0,0
EMA,20130717,0.044,0.044,0.044,0.044,0,0
EMA,20130718,0.044,0.044,0.044,0.044,0,0
EMA,20130719,0.044,0.044,0.044,0.044,0,0
EMA,20130722,0.044,0.044,0.044,0.044,0,0
EMA,20130723,0.044,0.044,0.044,0.044,0,0
EMA,20130724,0.038,0.038,0.038,0.038,50000,0
EMA,20130725,0.038,0.038,0.038,0.038,0,0
EMA,20130726,0.038,0.038,0.038,0.038,0,0
EMA,20130729,0.036,0.036,0.036,0.036,10000,0
EMA,20130730,0.036,0.036,0.036,0.036,60000,0
EMA,20130731,0.036,0.036,0.035,0.035,100000,0
EMA,20130801,0.035,0.035,0.035,0.035,0,0
EMA,20130802,0.035,0.035,0.035,0.035,0,0
EMA,20130805,0.036,0.036,0.036,0.036,1708595,0
EMA,20130806,0.036,0.036,0.036,0.036,0,0
EMA,20130807,0.04,0.04,0.036,0.036,2411168,0
EMA,20130808,0.036,0.036,0.036,0.036,3000,0
EMA,20130809,0.036,0.036,0.036,0.036,0,0
EMA,20130812,0.036,0.036,0.036,0.036,0,0
EMA,20130813,0.036,0.036,0.036,0.036,0,0
EMA,20130814,0.04,0.04,0.04,0.04,28332,0
EMA,20130815,0.04,0.04,0.04,0.04,72333,0
EMA,20130816,0.044,0.045,0.044,0.045,30000,0
EMA,20130819,0.05,0.05,0.05,0.05,103878,0
EMA,20130820,0.05,0.05,0.05,0.05,0,0
EMA,20130821,0.05,0.05,0.05,0.05,120000,0
EMA,20130822,0.05,0.05,0.05,0.05,62233,0
EMA,20130823,0.05,0.05,0.05,0.05,0,0
EMA,20130826,0.05,0.05,0.05,0.05,0,0
EMA,20130827,0.05,0.05,0.05,0.05,0,0
EMA,20130828,0.05,0.05,0.05,0.05,0,0
EMA,20130829,0.05,0.05,0.05,0.05,0,0
EMA,20130830,0.05,0.05,0.05,0.05,0,0
EMA,20130902,0.045,0.05,0.045,0.05,49000,0
EMA,20130903,0.05,0.05,0.05,0.05,0,0
EMA,20130904,0.05,0.05,0.05,0.05,10196,0
EMA,20130905,0.045,0.045,0.045,0.045,30000,0
EMA,20130906,0.045,0.045,0.045,0.045,0,0
EMA,20130909,0.05,0.05,0.05,0.05,1804,0
EMA,20130910,0.05,0.05,0.05,0.05,30000,0
EMA,20130911,0.05,0.05,0.05,0.05,41196,0
EMA,20130912,0.05,0.05,0.05,0.05,0,0
EMA,20130913,0.047,0.047,0.044,0.044,224500,0
EMA,20130916,0.044,0.044,0.044,0.044,0,0
EMA,20130917,0.044,0.044,0.044,0.044,0,0
EMA,20130918,0.04,0.04,0.04,0.04,81980,0
EMA,20130919,0.04,0.04,0.04,0.04,0,0
EMA,20130920,0.04,0.04,0.04,0.04,0,0
EMA,20130923,0.04,0.04,0.04,0.04,10000,0
EMA,20130924,0.035,0.035,0.035,0.035,47636,0
EMA,20130925,0.035,0.035,0.035,0.035,0,0
EMA,20130926,0.034,0.04,0.034,0.04,14000,0
EMA,20130927,0.04,0.04,0.04,0.04,0,0
EMA,20130930,0.04,0.04,0.04,0.04,0,0
EMA,20131001,0.04,0.04,0.04,0.04,0,0
EMA,20131002,0.04,0.04,0.04,0.04,0,0
EMA,20131003,0.04,0.04,0.04,0.04,5000,0
EMA,20131004,0.04,0.04,0.04,0.04,0,0
EMA,20131007,0.04,0.04,0.04,0.04,10000,0
EMA,20131008,0.04,0.04,0.04,0.04,0,0
EMA,20131009,0.04,0.04,0.04,0.04,11000,0
EMA,20131010,0.04,0.04,0.04,0.04,7626,0
EMA,20131011,0.035,0.035,0.035,0.035,119374,0
EMA,20131014,0.035,0.035,0.035,0.035,0,0
EMA,20131015,0.035,0.035,0.035,0.035,0,0
EMA,20131016,0.035,0.035,0.035,0.035,0,0
EMA,20131017,0.04,0.045,0.04,0.045,120000,0
EMA,20131018,0.045,0.045,0.045,0.045,0,0
EMA,20131021,0.041,0.041,0.041,0.041,60000,0
EMA,20131022,0.04,0.04,0.04,0.04,20000,0
EMA,20131023,0.04,0.04,0.04,0.04,0,0
EMA,20131024,0.04,0.04,0.04,0.04,0,0
EMA,20131025,0.04,0.04,0.04,0.04,0,0
EMA,20131028,0.04,0.04,0.04,0.04,0,0
EMA,20131029,0.041,0.041,0.041,0.041,25000,0
EMA,20131030,0.041,0.041,0.041,0.041,0,0
EMA,20131031,0.041,0.041,0.04,0.04,130000,0
EMA,20131101,0.04,0.04,0.04,0.04,20000,0
EMA,20131104,0.04,0.05,0.04,0.05,23700,0
EMA,20131105,0.048,0.048,0.042,0.042,18800,0
EMA,20131106,0.04,0.04,0.04,0.04,114316,0
EMA,20131107,0.04,0.04,0.04,0.04,0,0
EMA,20131108,0.04,0.04,0.04,0.04,0,0
EMA,20131111,0.048,0.048,0.048,0.048,12500,0
EMA,20131112,0.048,0.048,0.048,0.048,0,0
EMA,20131113,0.048,0.048,0.048,0.048,19126,0
EMA,20131114,0.048,0.048,0.048,0.048,59000,0
EMA,20131115,0.048,0.048,0.048,0.048,148874,0
EMA,20131118,0.047,0.047,0.047,0.047,12500,0
EMA,20131119,0.048,0.048,0.048,0.048,50000,0
EMA,20131120,0.048,0.048,0.048,0.048,0,0
EMA,20131121,0.048,0.048,0.048,0.048,0,0
EMA,20131122,0.048,0.048,0.048,0.048,0,0
EMA,20131125,0.048,0.048,0.048,0.048,0,0
EMA,20131126,0.048,0.048,0.048,0.048,0,0
EMA,20131127,0.048,0.048,0.048,0.048,0,0
EMA,20131128,0.048,0.048,0.048,0.048,0,0
EMA,20131129,0.05,0.05,0.049,0.049,215000,0
EMA,20131202,0.049,0.05,0.049,0.05,122362,0
EMA,20131203,0.045,0.045,0.04,0.04,231535,0
EMA,20131204,0.04,0.04,0.04,0.04,0,0
EMA,20131205,0.04,0.04,0.04,0.04,0,0
EMA,20131206,0.04,0.04,0.04,0.04,0,0
EMA,20131209,0.042,0.042,0.04,0.042,270000,0
EMA,20131210,0.042,0.042,0.042,0.042,0,0
EMA,20131211,0.042,0.042,0.042,0.042,0,0
EMA,20131212,0.04,0.04,0.04,0.04,20000,0
EMA,20131213,0.04,0.04,0.04,0.04,0,0
EMA,20131216,0.04,0.04,0.04,0.04,5000,0
EMA,20131217,0.04,0.04,0.035,0.035,289727,0
EMA,20131218,0.04,0.04,0.04,0.04,30000,0
EMA,20131219,0.04,0.04,0.04,0.04,32273,0
EMA,20131220,0.04,0.04,0.04,0.04,412794,0
EMA,20131223,0.04,0.04,0.04,0.04,40000,0
EMA,20131224,0.04,0.04,0.04,0.04,0,0
EMA,20131225,0.04,0.04,0.04,0.04,0,0
EMA,20131226,0.04,0.04,0.04,0.04,0,0
EMA,20131227,0.04,0.04,0.04,0.04,0,0
EMA,20131230,0.04,0.04,0.04,0.04,0,0
EMA,20131231,0.04,0.04,0.04,0.04,0,0
EMA,20140101,0.04,0.04,0.04,0.04,0,0
EMA,20140102,0.04,0.04,0.04,0.04,0,0
EMA,20140103,0.04,0.04,0.04,0.04,0,0
EMA,20140106,0.04,0.04,0.04,0.04,0,0
EMA,20140107,0.04,0.04,0.04,0.04,0,0
EMA,20140108,0.04,0.04,0.04,0.04,0,0
EMA,20140109,0.04,0.04,0.04,0.04,0,0
EMA,20140110,0.04,0.04,0.04,0.04,0,0
EMA,20140113,0.041,0.041,0.04,0.04,93750,0
EMA,20140114,0.04,0.04,0.04,0.04,0,0
EMA,20140115,0.04,0.04,0.04,0.04,0,0
EMA,20140116,0.04,0.04,0.04,0.04,0,0
EMA,20140117,0.035,0.035,0.035,0.035,1,0
EMA,20140120,0.035,0.035,0.035,0.035,0,0
EMA,20140121,0.035,0.035,0.035,0.035,0,0
EMA,20140122,0.035,0.035,0.035,0.035,0,0
EMA,20140123,0.035,0.035,0.035,0.035,0,0
EMA,20140124,0.035,0.035,0.035,0.035,0,0
EMA,20140127,0.035,0.035,0.035,0.035,0,0
EMA,20140128,0.035,0.035,0.035,0.035,0,0
EMA,20140129,0.04,0.04,0.04,0.04,50000,0
EMA,20140130,0.04,0.04,0.04,0.04,0,0
EMA,20140131,0.04,0.04,0.04,0.04,0,0
EMA,20140203,0.035,0.035,0.035,0.035,89999,0
EMA,20140204,0.035,0.035,0.035,0.035,0,0
EMA,20140205,0.03,0.035,0.03,0.035,44700,0
EMA,20140206,0.035,0.035,0.035,0.035,0,0
EMA,20140207,0.035,0.035,0.035,0.035,0,0
EMA,20140210,0.035,0.035,0.035,0.035,0,0
EMA,20140211,0.032,0.032,0.03,0.03,500000,0
EMA,20140212,0.03,0.03,0.03,0.03,0,0
EMA,20140213,0.03,0.03,0.03,0.03,0,0
EMA,20140214,0.028,0.03,0.025,0.03,57835,0
EMA,20140217,0.03,0.03,0.03,0.03,217165,0
EMA,20140218,0.032,0.035,0.032,0.035,348501,0
EMA,20140219,0.036,0.04,0.035,0.04,949747,0
EMA,20140220,0.04,0.04,0.04,0.04,104000,0
EMA,20140221,0.04,0.041,0.04,0.041,124500,0
EMA,20140224,0.041,0.041,0.04,0.04,50000,0
EMA,20140225,0.04,0.04,0.04,0.04,450000,0
EMA,20140226,0.04,0.045,0.04,0.04,5802213,0
EMA,20140227,0.043,0.048,0.04,0.043,1404713,0
EMA,20140228,0.045,0.045,0.042,0.042,350713,0
EMA,20140303,0.045,0.045,0.043,0.043,475636,0
EMA,20140304,0.045,0.046,0.045,0.046,177212,0
EMA,20140305,0.047,0.048,0.047,0.047,650000,0
EMA,20140306,0.047,0.047,0.047,0.047,20852,0
EMA,20140307,0.047,0.047,0.047,0.047,40816,0
EMA,20140310,0.046,0.046,0.046,0.046,220000,0
EMA,20140311,0.046,0.046,0.045,0.045,77000,0
EMA,20140312,0.045,0.045,0.043,0.043,264788,0
EMA,20140313,0.05,0.05,0.043,0.043,547491,0
EMA,20140314,0.043,0.043,0.043,0.043,0,0
EMA,20140317,0.045,0.048,0.045,0.048,94489,0
EMA,20140318,0.048,0.048,0.048,0.048,0,0
EMA,20140319,0.048,0.048,0.048,0.048,0,0
EMA,20140320,0.048,0.048,0.048,0.048,0,0
EMA,20140321,0.047,0.047,0.043,0.043,37866,0
EMA,20140324,0.043,0.043,0.043,0.043,0,0
EMA,20140325,0.043,0.043,0.043,0.043,0,0
EMA,20140326,0.044,0.044,0.044,0.044,54450,0
EMA,20140327,0.044,0.044,0.044,0.044,0,0
EMA,20140328,0.044,0.044,0.044,0.044,0,0
EMA,20140331,0.044,0.044,0.044,0.044,2174,0
EMA,20140401,0.044,0.047,0.044,0.044,315234,0
EMA,20140402,0.044,0.044,0.044,0.044,0,0
EMA,20140403,0.048,0.05,0.048,0.049,581301,0
EMA,20140404,0.049,0.049,0.049,0.049,100000,0
EMA,20140407,0.049,0.049,0.049,0.049,0,0
EMA,20140408,0.046,0.046,0.045,0.045,50428,0
EMA,20140409,0.046,0.046,0.046,0.046,200000,0
EMA,20140410,0.046,0.046,0.046,0.046,0,0
EMA,20140411,0.046,0.046,0.046,0.046,0,0
EMA,20140414,0.046,0.046,0.046,0.046,0,0
EMA,20140415,0.046,0.046,0.046,0.046,0,0
EMA,20140416,0.046,0.046,0.046,0.046,0,0
EMA,20140417,0.046,0.046,0.046,0.046,0,0
EMA,20140418,0.046,0.046,0.046,0.046,0,0
EMA,20140421,0.046,0.046,0.046,0.046,0,0
EMA,20140422,0.046,0.046,0.046,0.046,0,0
EMA,20140423,0.046,0.046,0.046,0.046,0,0
EMA,20140424,0.046,0.046,0.046,0.046,0,0
EMA,20140425,0.046,0.046,0.046,0.046,0,0
EMA,20140428,0.046,0.046,0.046,0.046,0,0
EMA,20140429,0.046,0.046,0.046,0.046,0,0
EMA,20140430,0.046,0.046,0.046,0.046,0,0
EMA,20140501,0.046,0.046,0.046,0.046,0,0
EMA,20140502,0.046,0.046,0.046,0.046,0,0
EMA,20140505,0.045,0.055,0.045,0.055,1076154,0
EMA,20140506,0.07,0.095,0.07,0.083,7899633,0
EMA,20140507,0.081,0.082,0.071,0.071,2684346,0
EMA,20140508,0.071,0.071,0.06,0.06,1030883,0
EMA,20140509,0.06,0.071,0.06,0.066,917129,0
EMA,20140512,0.066,0.069,0.065,0.069,251288,0
EMA,20140513,0.065,0.065,0.064,0.065,339625,0
EMA,20140514,0.065,0.066,0.065,0.066,20000,0
EMA,20140515,0.062,0.062,0.06,0.06,267920,0
EMA,20140516,0.065,0.069,0.065,0.067,648913,0
EMA,20140519,0.065,0.065,0.065,0.065,20000,0
EMA,20140520,0.065,0.065,0.065,0.065,17000,0
EMA,20140521,0.061,0.061,0.053,0.053,1006393,0
EMA,20140522,0.053,0.053,0.053,0.053,0,0
EMA,20140523,0.055,0.058,0.055,0.058,399846,0
EMA,20140526,0.059,0.059,0.058,0.058,105724,0
EMA,20140527,0.059,0.059,0.053,0.053,165000,0
EMA,20140528,0.058,0.058,0.057,0.058,358457,0
EMA,20140529,0.058,0.058,0.058,0.058,20000,0
EMA,20140530,0.056,0.058,0.056,0.056,87398,0
EMA,20140602,0.055,0.055,0.055,0.055,22540,0
EMA,20140603,0.058,0.059,0.058,0.058,88352,0
EMA,20140604,0.055,0.055,0.054,0.054,401249,0
EMA,20140605,0.055,0.055,0.055,0.055,173333,0
EMA,20140606,0.056,0.057,0.055,0.055,70972,0
EMA,20140609,0.055,0.055,0.055,0.055,0,0
EMA,20140610,0.055,0.055,0.055,0.055,10000,0
EMA,20140611,0.056,0.057,0.056,0.057,38334,0
EMA,20140612,0.056,0.056,0.056,0.056,295000,0
EMA,20140613,0.055,0.056,0.055,0.056,171428,0
EMA,20140616,0.055,0.056,0.054,0.056,173477,0
EMA,20140617,0.055,0.056,0.053,0.053,342000,0
EMA,20140618,0.054,0.056,0.053,0.056,177846,0
EMA,20140619,0.054,0.056,0.054,0.055,374000,0
EMA,20140620,0.055,0.056,0.053,0.056,452702,0
EMA,20140623,0.06,0.06,0.06,0.06,16211,0
EMA,20140624,0.056,0.056,0.054,0.055,115000,0
EMA,20140625,0.055,0.06,0.055,0.06,220000,0
EMA,20140626,0.06,0.06,0.06,0.06,2093,0
EMA,20140627,0.06,0.06,0.056,0.056,19724,0
EMA,20140630,0.056,0.056,0.055,0.055,149276,0
EMA,20140701,0.055,0.055,0.054,0.054,144945,0
