FCL,20190816,2.8,2.82,2.6,2.7,10863676,0
FCL,20190819,2.71,2.71,2.6,2.64,1201038,0
FCL,20190820,2.7,2.7,2.62,2.65,514977,0
FCL,20190821,2.65,2.65,2.45,2.47,1457918,0
FCL,20190822,2.47,2.5,2.46,2.47,1836471,0
FCL,20190823,2.47,2.5,2.46,2.5,1307398,0
FCL,20190826,2.45,2.47,2.44,2.47,150423,0
FCL,20190827,2.43,2.49,2.43,2.47,760624,0
FCL,20190828,2.47,2.48,2.47,2.48,81156,0
FCL,20190829,2.55,2.9,2.5,2.86,1937270,0
FCL,20190830,2.8,3.35,2.8,3.1,1411888,0
FCL,20190902,3.21,3.21,2.91,3.21,417038,0
FCL,20190903,3.29,3.29,3.18,3.27,565777,0
FCL,20190904,3.25,3.25,3.16,3.24,499002,0
FCL,20190905,3.2,3.24,3.15,3.21,157563,0
FCL,20190906,3.21,3.26,3.18,3.24,49896,0
FCL,20190909,3.23,3.25,3.17,3.25,94587,0
FCL,20190910,3.24,3.25,2.89,3.09,222984,0
FCL,20190911,3.05,3.18,2.92,3.18,109988,0
FCL,20190912,3.15,3.15,3.01,3.13,481718,0
FCL,20190913,3.1,3.1,3.07,3.07,75801,0
FCL,20190916,3.1,3.1,3.02,3.09,312298,0
FCL,20190917,3.09,3.15,3.03,3.15,394230,0
FCL,20190918,3.15,3.15,3.14,3.14,2,0
FCL,20190919,3.1,3.1,3.04,3.1,138103,0
FCL,20190920,3.15,3.15,3.01,3.01,414162,0
FCL,20190923,3.1,3.1,3.05,3.1,587967,0
FCL,20190924,3.1,3.1,2.99,3.05,108244,0
FCL,20190925,3.05,3.1,3.025,3.05,208174,0
FCL,20190926,3.05,3.1,3.05,3.1,408739,0
FCL,20190927,3.07,3.2,3.07,3.13,175074,0
FCL,20190930,3.12,3.13,3.07,3.13,118993,0
FCL,20191001,3.1,3.11,2.95,3.05,178649,0
FCL,20191002,3,3.125,3,3.01,443852,0
FCL,20191003,3,3.02,2.91,2.98,17372,0
FCL,20191004,2.99,3.11,2.96,3.01,488563,0
FCL,20191007,3,3.03,2.99,3,14285,0
FCL,20191008,3,3.03,2.95,2.96,260789,0
FCL,20191009,2.96,2.98,2.93,2.97,82421,0
FCL,20191010,2.96,3.03,2.96,3,196396,0
FCL,20191011,3,3.04,2.93,3.04,158430,0
FCL,20191014,3.04,3.04,3,3,20298,0
FCL,20191015,3.04,3.04,2.96,3,217960,0
FCL,20191016,3,3.1,2.98,3.05,60329,0
FCL,20191017,3.05,3.08,2.98,3.01,49021,0
FCL,20191018,3.05,3.07,2.98,3.04,64607,0
FCL,20191021,3.01,3.09,3,3.05,65200,0
FCL,20191022,3.04,3.05,3.04,3.04,622862,0
FCL,20191023,3.03,3.03,2.95,3,50731,0
FCL,20191024,2.95,3.04,2.77,2.85,354674,0
FCL,20191025,2.97,2.98,2.69,2.85,300360,0
FCL,20191028,2.84,2.92,2.82,2.84,47597,0
FCL,20191029,2.85,2.85,2.82,2.82,47908,0
FCL,20191030,2.82,2.89,2.77,2.82,420678,0
FCL,20191031,2.82,2.95,2.8,2.93,2959850,0
FCL,20191101,2.95,2.97,2.78,2.96,81831,0
FCL,20191104,2.97,3.04,2.95,3.04,22932,0
FCL,20191105,2.97,3,2.87,2.99,49554,0
FCL,20191106,3,3.09,2.91,3.09,208116,0
FCL,20191107,3.05,3.05,2.98,2.99,87169,0
FCL,20191108,3.05,3.05,3,3.01,11313,0
FCL,20191111,3.01,3.04,2.98,3.01,29675,0
FCL,20191112,3.02,3.2,3.01,3.03,197434,0
FCL,20191113,3,3.03,2.92,2.94,40579,0
FCL,20191114,2.95,3,2.94,2.95,4814,0
FCL,20191115,2.96,3.05,2.9,2.99,1132429,0
FCL,20191118,3.05,3.05,2.92,2.94,17823,0
FCL,20191119,2.94,3,2.78,2.84,92470,0
FCL,20191120,2.79,2.92,2.75,2.82,234671,0
FCL,20191121,2.76,2.78,2.71,2.75,116096,0
FCL,20191122,2.75,2.79,2.71,2.75,9640,0
FCL,20191125,2.75,2.84,2.71,2.8,84730,0
FCL,20191126,2.8,2.8,2.71,2.73,79774,0
FCL,20191127,2.72,2.72,2.67,2.67,3705,0
FCL,20191128,2.7,2.73,2.65,2.68,34968,0
FCL,20191129,2.67,2.69,2.59,2.62,55149,0
FCL,20191202,2.65,2.67,2.57,2.64,87614,0
FCL,20191203,2.59,2.7,2.55,2.61,193919,0
FCL,20191204,2.64,2.64,2.575,2.6,43041,0
FCL,20191205,2.64,2.64,2.35,2.58,123292,0
FCL,20191206,2.58,3,2.58,2.65,1600381,0
FCL,20191209,2.87,2.87,2.41,2.59,234921,0
FCL,20191210,2.63,2.72,2.53,2.59,347677,0
FCL,20191211,2.62,2.73,2.32,2.43,612832,0
FCL,20191212,2.45,2.52,2.39,2.5,720902,0
FCL,20191213,2.51,2.53,2.48,2.51,19266,0
FCL,20191216,2.5,2.5,2.47,2.5,796904,0
FCL,20191217,2.65,2.75,2.62,2.75,3011114,0
FCL,20191218,2.74,2.82,2.6,2.7,79215,0
FCL,20191219,2.71,2.72,2.66,2.66,66984,0
FCL,20191220,2.62,2.68,2.62,2.65,30914,0
FCL,20191223,2.67,2.75,2.67,2.71,10592,0
FCL,20191224,2.71,2.78,2.65,2.7,24730,0
FCL,20191225,2.7,2.7,2.7,2.7,0,0
FCL,20191226,2.7,2.7,2.7,2.7,0,0
FCL,20191227,2.7,2.7,2.7,2.7,10145,0
FCL,20191230,2.675,2.7,2.67,2.7,67242,0
FCL,20191231,2.68,2.68,2.64,2.65,11041,0
FCL,20200101,2.65,2.65,2.65,2.65,0,0
FCL,20200102,2.65,2.65,2.52,2.64,35045,0
FCL,20200103,2.65,2.66,2.56,2.65,13730,0
FCL,20200106,2.65,2.65,2.65,2.65,0,0
FCL,20200107,2.69,2.7,2.58,2.65,105378,0
FCL,20200108,2.65,2.67,2.6,2.62,27340,0
FCL,20200109,2.65,2.69,2.61,2.63,179315,0
FCL,20200110,2.6,2.65,2.6,2.63,30052,0
FCL,20200113,2.63,2.65,2.61,2.63,18427,0
FCL,20200114,2.62,2.63,2.55,2.58,37135,0
FCL,20200115,2.62,2.63,2.58,2.63,11708,0
FCL,20200116,2.6,2.65,2.58,2.63,86597,0
FCL,20200117,2.62,2.8,2.6,2.73,554596,0
FCL,20200120,2.73,2.75,2.685,2.73,63843,0
FCL,20200121,2.73,2.8,2.72,2.77,74727,0
FCL,20200122,2.82,2.89,2.8,2.89,38661,0
FCL,20200123,2.84,2.9,2.82,2.89,43875,0
FCL,20200124,2.89,2.9,2.85,2.89,25122,0
FCL,20200127,2.89,2.89,2.89,2.89,0,0
FCL,20200128,2.89,2.89,2.85,2.855,132101,0
FCL,20200129,2.85,2.86,2.82,2.82,16532,0
FCL,20200130,2.86,2.99,2.85,2.9,38031,0
FCL,20200131,2.9,3.12,2.87,3.12,663462,0
FCL,20200203,3.06,3.21,3.04,3.2,151825,0
FCL,20200204,3.2,3.2,3.2,3.2,0,0
FCL,20200205,3.23,3.45,3.23,3.36,445227,0
FCL,20200206,3.41,3.56,3.36,3.5,229881,0
FCL,20200207,3.53,3.55,3.41,3.49,1149246,0
FCL,20200210,3.49,3.54,3.47,3.5,281879,0
FCL,20200211,3.46,3.46,3.42,3.42,195673,0
FCL,20200212,3.41,3.45,3.39,3.39,37808,0
FCL,20200213,3.4,3.44,3.4,3.4,9497,0
FCL,20200214,3.42,3.43,3.39,3.39,25221,0
FCL,20200217,3.39,3.6,3.39,3.55,415400,0
FCL,20200218,3.52,3.55,3.495,3.51,102159,0
FCL,20200219,3.62,3.62,3.49,3.51,138340,0
FCL,20200220,3.5,3.55,3.49,3.49,53488,0
FCL,20200221,3.4,3.48,3.4,3.43,38742,0
FCL,20200224,3.39,3.5,3.37,3.5,103896,0
FCL,20200225,3.36,3.55,3.26,3.5,325372,0
FCL,20200226,3.5,3.75,3.355,3.7,201303,0
FCL,20200227,3.74,3.82,3.7,3.75,6977124,0
FCL,20200228,3.65,3.8,3.46,3.72,837656,0
FCL,20200302,3.68,3.68,3.53,3.6,62428,0
FCL,20200303,3.59,3.59,3.41,3.58,779560,0
FCL,20200304,3.55,3.55,3.49,3.5,439898,0
FCL,20200305,3.53,3.64,3.31,3.5,786744,0
FCL,20200306,3.49,3.54,3.43,3.5,209743,0
FCL,20200309,3.4,3.4,3.21,3.24,113275,0
FCL,20200310,2.8,3.2,2.8,3.2,522255,0
FCL,20200311,3.1,3.17,2.95,3.03,403155,0
FCL,20200312,3,3,2.62,2.72,312431,0
FCL,20200313,2.6,2.65,2.5,2.62,1451480,0
FCL,20200316,2.54,2.55,2.42,2.5,101337,0
FCL,20200317,2.49,2.49,2.26,2.41,157717,0
FCL,20200318,2.39,2.4,2.16,2.32,269022,0
FCL,20200319,2.36,2.36,2.25,2.35,427578,0
FCL,20200320,2.34,2.54,2.34,2.5,80429,0
FCL,20200323,2.51,2.51,2.28,2.45,447568,0
FCL,20200324,2.45,2.69,2.45,2.66,89641,0
FCL,20200325,2.7,2.94,2.63,2.8,145711,0
FCL,20200326,2.94,2.94,2.74,2.79,113895,0
FCL,20200327,2.9,2.94,2.41,2.41,220376,0
FCL,20200330,2.52,2.7,2.5,2.69,55352,0
FCL,20200331,2.9,2.9,2.64,2.73,147353,0
FCL,20200401,2.79,2.79,2.65,2.68,1054751,0
FCL,20200402,2.67,2.79,2.61,2.71,376938,0
FCL,20200403,2.95,2.98,2.7,2.7,44046,0
FCL,20200406,2.8,2.83,2.73,2.8,392429,0
FCL,20200407,2.85,2.92,2.82,2.88,67264,0
FCL,20200408,2.88,2.9,2.82,2.85,164679,0
FCL,20200409,2.86,3.06,2.85,3.06,119308,0
FCL,20200410,3.06,3.06,3.06,3.06,0,0
FCL,20200413,3.06,3.06,3.06,3.06,0,0
FCL,20200414,3.15,3.4,3.12,3.19,66379,0
FCL,20200415,3.4,3.4,3.16,3.23,547811,0
FCL,20200416,3.3,3.39,3.23,3.28,137528,0
FCL,20200417,3.34,3.345,3.3,3.32,260068,0
FCL,20200420,3.34,3.52,3.34,3.44,65017,0
FCL,20200421,3.38,3.38,3.17,3.3,253698,0
FCL,20200422,3.3,3.3,3.12,3.23,115281,0
FCL,20200423,3.23,3.23,3.13,3.21,30920,0
FCL,20200424,3.205,3.21,3.17,3.2,8312,0
FCL,20200427,3.2,3.22,3.16,3.18,12019,0
FCL,20200428,3.22,3.3,3.1,3.2,229796,0
FCL,20200429,3.19,3.19,3.06,3.13,96570,0
FCL,20200430,3.15,3.195,3.08,3.13,257989,0
FCL,20200501,3.1,3.1,2.99,3.07,41405,0
FCL,20200504,3.07,3.07,2.96,2.96,119319,0
FCL,20200505,2.97,3.14,2.97,3.08,366091,0
FCL,20200506,3.1,3.19,3.06,3.16,107227,0
FCL,20200507,3.18,3.24,3.05,3.09,785886,0
FCL,20200508,3.15,3.15,3.06,3.09,345231,0
FCL,20200511,3.06,3.19,3.06,3.19,219512,0
FCL,20200512,3,3.19,2.95,3.18,310275,0
FCL,20200513,3.15,3.39,3.15,3.23,13700,0
FCL,20200514,3.23,3.23,3.16,3.18,13979,0
FCL,20200515,3.15,3.24,3.15,3.2,57749,0
FCL,20200518,3.2,3.2,2.97,3.1,82231,0
FCL,20200519,3,3.13,2.99,3.1,442323,0
FCL,20200520,3.1,3.15,3.06,3.15,41249,0
FCL,20200521,3.09,3.14,3.07,3.09,19941,0
FCL,20200522,3.02,3.2,3.02,3.1,125016,0
FCL,20200525,3.1,3.29,3.1,3.25,381650,0
FCL,20200526,3.25,3.65,3.25,3.6,333010,0
FCL,20200527,3.6,3.63,3.52,3.55,67610,0
FCL,20200528,3.55,3.57,3.48,3.48,61275,0
FCL,20200529,3.53,3.56,3.43,3.5,607231,0
FCL,20200601,3.6,3.6,3.5,3.5,104476,0
FCL,20200602,3.51,3.7,3.5,3.63,209864,0
FCL,20200603,3.57,3.7,3.51,3.55,282525,0
FCL,20200604,3.57,3.63,3.475,3.5,245596,0
FCL,20200605,3.58,3.58,3.44,3.5,60607,0
FCL,20200608,3.5,3.5,3.5,3.5,0,0
FCL,20200609,3.43,3.55,3.42,3.5,155681,0
FCL,20200610,3.55,3.6,3.54,3.56,36624,0
FCL,20200611,3.58,3.6,3.42,3.44,124131,0
FCL,20200612,3.36,3.36,3.15,3.18,250671,0
FCL,20200615,3.18,3.18,3.18,3.18,0,0
FCL,20200616,3.05,3.39,3.05,3.3,180648,0
FCL,20200617,3.45,3.485,3.3,3.45,169744,0
FCL,20200618,3.46,3.47,3.32,3.32,112795,0
FCL,20200619,3.4,3.5,3.32,3.32,111402,0
FCL,20200622,3.34,3.43,3.33,3.33,111263,0
FCL,20200623,3.27,3.35,3.2,3.35,111314,0
FCL,20200624,3.36,3.52,3.36,3.52,64430,0
FCL,20200625,3.52,3.69,3.52,3.69,426363,0
FCL,20200626,3.69,3.79,3.68,3.75,107839,0
FCL,20200629,3.85,3.97,3.68,3.97,711991,0
FCL,20200630,3.81,3.96,3.81,3.9,423108,0
FCL,20200701,3.9,4.12,3.9,4,139889,0
FCL,20200702,4.15,4.15,4,4.02,202040,0
FCL,20200703,4.2,4.2,3.95,4,37542,0
FCL,20200706,4,4.065,3.92,3.98,173881,0
FCL,20200707,3.85,4.01,3.79,3.9,763855,0
FCL,20200708,3.9,4.02,3.86,3.9,24433,0
FCL,20200709,3.93,4,3.91,3.91,1036191,0
FCL,20200710,3.91,4.08,3.86,3.92,111847,0
FCL,20200713,3.92,4,3.84,3.93,100857,0
FCL,20200714,3.89,3.89,3.64,3.76,328700,0
FCL,20200715,3.97,3.97,3.7,3.81,39377,0
FCL,20200716,3.82,3.94,3.82,3.9,67714,0
FCL,20200717,4,4.08,3.84,3.87,53184,0
FCL,20200720,3.87,3.92,3.81,3.83,28014,0
FCL,20200721,3.99,4.01,3.87,3.98,145959,0
FCL,20200722,3.8,4.02,3.8,3.9,48974,0
FCL,20200723,3.9,4.12,3.9,3.94,96065,0
FCL,20200724,3.95,4.14,3.95,4.1,170498,0
FCL,20200727,4.49,4.75,4.4,4.5,270184,0
FCL,20200728,4.48,4.48,4.29,4.31,189110,0
FCL,20200729,4.5,4.52,4.33,4.49,298722,0
FCL,20200730,4.5,4.67,4.15,4.29,341303,0
FCL,20200731,4.31,4.31,4.12,4.21,154827,0
FCL,20200803,4.34,4.42,4.2,4.4,1160202,0
FCL,20200804,4.45,4.57,4.35,4.56,203775,0
FCL,20200805,4.56,4.58,4.46,4.53,53853,0
FCL,20200806,4.53,4.67,4.42,4.5,682434,0
FCL,20200807,4.6,4.7,4.5,4.57,82763,0
FCL,20200810,4.65,4.7,4.52,4.59,98868,0
FCL,20200811,4.59,4.59,4.59,4.59,0,0
FCL,20200812,4.68,4.85,4.48,4.75,2468285,0
FCL,20200813,5.02,5.25,4.94,5.01,1366161,0
FCL,20200814,5.07,5.14,4.98,5.1,411967,0
FCL,20200817,5.24,5.35,5.11,5.15,429542,0
FCL,20200818,5.06,5.2,5.01,5.07,944768,0
FCL,20200819,5.2,5.29,5.08,5.17,220756,0
FCL,20200820,5.17,5.44,5.13,5.25,231049,0
FCL,20200821,5.5,5.5,5.23,5.43,337893,0
FCL,20200824,5.65,5.65,5.41,5.45,168240,0
FCL,20200825,5.51,5.53,5.21,5.33,1288510,0
FCL,20200826,5.25,5.44,5.25,5.4,560899,0
FCL,20200827,5.5,5.75,5.44,5.66,148737,0
FCL,20200828,5.65,5.65,5.35,5.43,146754,0
FCL,20200831,5.49,5.52,5.25,5.25,133150,0
FCL,20200901,5.22,5.44,5.21,5.4,206157,0
FCL,20200902,5.42,5.58,5.36,5.43,738183,0
FCL,20200903,5.43,5.5,5.32,5.5,376785,0
FCL,20200904,5.13,5.25,4.94,5,647530,0
FCL,20200907,4.89,5.06,4.83,4.95,402635,0
FCL,20200908,4.9,4.94,4.68,4.8,431422,0
FCL,20200909,4.75,4.81,4.56,4.8,377531,0
FCL,20200910,4.82,5.05,4.82,4.92,157245,0
FCL,20200911,4.9,5.16,4.83,5.02,236570,0
FCL,20200914,5.07,5.08,4.8,4.98,275851,0
FCL,20200915,5.01,5.14,4.9,4.9,691604,0
FCL,20200916,4.9,5.06,4.9,4.99,291350,0
FCL,20200917,5.03,5.07,4.81,4.95,162585,0
FCL,20200918,4.95,4.99,4.85,4.97,194117,0
FCL,20200921,4.86,4.93,4.765,4.81,89738,0
FCL,20200922,4.64,4.98,4.59,4.91,338899,0
FCL,20200923,4.95,5.19,4.91,4.99,461730,0
FCL,20200924,5,5.03,4.95,5,220411,0
FCL,20200925,5.02,5.05,4.87,4.96,146510,0
FCL,20200928,5,5.03,4.98,4.98,146555,0
FCL,20200929,4.84,5,4.83,4.9,207044,0
FCL,20200930,4.94,4.94,4.82,4.9,802696,0
FCL,20201001,4.94,4.94,4.88,4.88,149062,0
FCL,20201002,4.92,4.92,4.63,4.67,289532,0
FCL,20201005,4.64,4.8,4.63,4.7,513310,0
FCL,20201006,4.8,4.8,4.52,4.6,372260,0
FCL,20201007,4.48,4.72,4.45,4.69,986184,0
FCL,20201008,4.69,4.9,4.68,4.88,4843307,0
FCL,20201009,4.91,5.15,4.9,4.96,214603,0
FCL,20201012,5,5.09,4.97,4.97,76101,0
FCL,20201013,5.05,5.05,4.77,4.88,271352,0
FCL,20201014,4.9,5.04,4.9,5,81002,0
FCL,20201015,5.05,5.05,4.96,5.03,200650,0
FCL,20201016,5.01,5.02,4.97,5,174523,0
FCL,20201019,5.04,5.04,4.92,5.02,73749,0
FCL,20201020,5.02,5.02,4.91,4.94,85183,0
FCL,20201021,4.91,4.98,4.69,4.7,197319,0
FCL,20201022,4.7,4.77,4.6,4.71,119065,0
FCL,20201023,4.92,4.92,4.77,4.82,49674,0
FCL,20201026,4.8,4.86,4.62,4.67,171121,0
FCL,20201027,4.64,4.75,4.52,4.75,134726,0
FCL,20201028,4.51,4.7,4.51,4.65,105082,0
FCL,20201029,4.5,4.65,4.41,4.64,143943,0
FCL,20201030,4.73,4.8,4.68,4.69,98930,0
FCL,20201102,4.63,4.66,4.505,4.52,137860,0
FCL,20201103,4.61,4.71,4.61,4.62,1532602,0
FCL,20201104,4.75,4.76,4.47,4.72,195303,0
FCL,20201105,4.58,4.58,4.02,4.08,4479336,0
FCL,20201106,4.23,4.26,4.1,4.16,1184967,0
FCL,20201109,4.17,4.22,4.06,4.09,2075133,0
FCL,20201110,4.08,4.08,3.91,3.94,371159,0
FCL,20201111,3.94,3.98,3.86,3.89,237555,0
FCL,20201112,3.8,3.95,3.73,3.85,1719482,0
FCL,20201113,3.85,3.86,3.8,3.85,176595,0
FCL,20201116,3.81,3.85,3.8,3.85,22646,0
FCL,20201117,3.8,3.82,3.65,3.68,776906,0
FCL,20201118,3.65,3.65,3.55,3.61,424389,0
FCL,20201119,3.6,3.77,3.6,3.75,340301,0
FCL,20201120,3.8,3.99,3.75,3.93,298470,0
FCL,20201123,4,4.04,3.93,4,739651,0
FCL,20201124,4.09,4.09,3.9,3.94,517350,0
FCL,20201125,4,4.23,3.88,4.12,865024,0
FCL,20201126,4.19,4.19,3.92,3.92,331481,0
FCL,20201127,4,4,3.85,3.92,270944,0
FCL,20201130,3.96,3.96,3.885,3.91,266214,0
FCL,20201201,3.92,3.94,3.85,3.86,221304,0
FCL,20201202,3.9,3.94,3.82,3.83,369546,0
FCL,20201203,3.86,3.94,3.77,3.78,281158,0
FCL,20201204,3.76,3.82,3.69,3.78,692836,0
FCL,20201207,3.85,3.89,3.67,3.68,253657,0
FCL,20201208,3.66,3.82,3.66,3.72,634122,0
FCL,20201209,3.71,3.83,3.705,3.83,82465,0
FCL,20201210,3.83,3.83,3.62,3.62,157558,0
FCL,20201211,3.73,3.73,3.6,3.61,1077060,0
FCL,20201214,3.69,3.73,3.53,3.55,308302,0
FCL,20201215,3.55,3.61,3.51,3.51,128645,0
FCL,20201216,3.54,3.54,3.46,3.5,807931,0
FCL,20201217,3.5,3.6,3.49,3.6,1044056,0
FCL,20201218,3.61,3.67,3.57,3.63,209588,0
FCL,20201221,3.65,3.67,3.54,3.62,80685,0
FCL,20201222,3.65,3.65,3.53,3.53,98028,0
FCL,20201223,3.55,3.65,3.5,3.65,124357,0
FCL,20201224,3.64,3.7,3.57,3.66,73194,0
FCL,20201225,3.66,3.66,3.66,3.66,0,0
FCL,20201228,3.66,3.66,3.66,3.66,0,0
FCL,20201229,3.66,3.76,3.66,3.73,62016,0
FCL,20201230,3.78,3.78,3.645,3.7,122530,0
FCL,20201231,3.79,3.79,3.65,3.7,113566,0
FCL,20210101,3.7,3.7,3.7,3.7,0,0
FCL,20210104,3.6,3.67,3.52,3.65,97506,0
FCL,20210105,3.65,3.65,3.535,3.58,174853,0
FCL,20210106,3.6,3.62,3.51,3.53,152151,0
FCL,20210107,3.6,3.78,3.57,3.65,134963,0
FCL,20210108,3.67,3.685,3.62,3.65,44754,0
FCL,20210111,3.65,3.69,3.56,3.6,44958,0
FCL,20210112,3.58,3.79,3.57,3.72,234489,0
FCL,20210113,3.78,3.83,3.63,3.83,92448,0
FCL,20210114,3.82,3.94,3.82,3.94,87404,0
FCL,20210115,4.05,4.05,3.74,3.86,237638,0
FCL,20210118,3.8,3.92,3.72,3.87,128067,0
FCL,20210119,3.85,3.85,3.75,3.78,121494,0
FCL,20210120,3.75,3.84,3.75,3.79,55253,0
FCL,20210121,3.8,3.8,3.7,3.7,189156,0
FCL,20210122,3.73,3.9,3.72,3.85,211231,0
FCL,20210125,3.85,4.01,3.79,3.93,297986,0
FCL,20210126,3.93,3.93,3.93,3.93,0,0
FCL,20210127,3.92,3.93,3.85,3.9,111079,0
FCL,20210128,3.83,3.83,3.65,3.83,186972,0
FCL,20210129,3.7,3.71,3.36,3.6,618568,0
FCL,20210201,3.61,3.66,3.51,3.55,273365,0
FCL,20210202,3.5,3.72,3.5,3.72,250503,0
FCL,20210203,3.71,3.89,3.71,3.75,269444,0
FCL,20210204,3.87,3.89,3.75,3.75,96065,0
FCL,20210205,3.78,3.805,3.64,3.64,347180,0
FCL,20210208,3.71,3.73,3.64,3.67,111199,0
FCL,20210209,3.69,3.81,3.64,3.8,251621,0
FCL,20210210,3.87,3.87,3.73,3.79,102701,0
FCL,20210211,3.7,3.76,3.66,3.71,99286,0
FCL,20210212,3.7,3.79,3.67,3.71,229258,0
FCL,20210215,3.72,3.77,3.68,3.68,137186,0
FCL,20210216,3.72,3.82,3.65,3.82,171030,0
FCL,20210217,3.63,3.77,3.63,3.69,74033,0
FCL,20210218,3.67,3.8,3.65,3.76,183502,0
FCL,20210219,3.68,3.83,3.68,3.77,156557,0
FCL,20210222,3.8,4.1,3.79,4.1,886352,0
FCL,20210223,4.09,4.09,3.94,4.03,581200,0
FCL,20210224,4,4.09,3.93,4.05,817036,0
FCL,20210225,3.88,4.01,3.72,3.98,399131,0
FCL,20210226,3.9,3.98,3.81,3.95,309793,0
FCL,20210301,3.91,3.96,3.76,3.76,137643,0
FCL,20210302,3.9,4,3.72,3.72,761353,0
FCL,20210303,3.71,3.99,3.71,3.96,186509,0
FCL,20210304,3.96,3.96,3.8,3.88,173502,0
FCL,20210305,3.85,3.865,3.65,3.65,278984,0
FCL,20210308,3.7,3.79,3.5,3.6,281924,0
FCL,20210309,3.69,3.71,3.58,3.71,11856835,0
FCL,20210310,3.59,3.8,3.59,3.79,5625375,0
FCL,20210311,3.79,3.95,3.77,3.95,151972,0
FCL,20210312,3.95,4.03,3.9,4.02,301187,0
FCL,20210315,4.05,4.4,4.05,4.4,893683,0
FCL,20210316,4.4,4.64,4.34,4.6,708034,0
FCL,20210317,4.6,4.95,4.52,4.75,857488,0
FCL,20210318,4.69,4.7,4.55,4.56,188456,0
FCL,20210319,4.5,4.9,4.41,4.43,4741168,0
FCL,20210322,4.41,4.46,4.16,4.2,349616,0
FCL,20210323,4.2,4.3,4.17,4.29,78204,0
FCL,20210324,4.25,4.29,4.17,4.27,112220,0
FCL,20210325,4.27,4.28,4.13,4.15,53120,0
FCL,20210326,4.19,4.24,4.08,4.09,25440,0
FCL,20210329,4.14,4.24,4.05,4.1,44705,0
FCL,20210330,4.17,4.22,3.97,3.97,1351591,0
FCL,20210331,4.01,4.06,3.9,3.9,105187,0
FCL,20210401,3.8,4.02,3.8,3.89,61263,0
FCL,20210402,3.89,3.89,3.89,3.89,0,0
FCL,20210405,3.89,3.89,3.89,3.89,0,0
FCL,20210406,3.96,4.21,3.96,4.16,226211,0
FCL,20210407,4.22,4.29,4.16,4.21,166011,0
FCL,20210408,4.3,4.3,4.16,4.2,122698,0
FCL,20210409,4.14,4.2,4.14,4.17,210913,0
FCL,20210412,4.17,4.23,4.06,4.06,244089,0
FCL,20210413,4.23,4.23,4.1,4.17,66163,0
FCL,20210414,4.14,4.2,4.12,4.16,168471,0
FCL,20210415,4.1,4.18,4.07,4.17,107748,0
FCL,20210416,4.18,4.22,4.14,4.14,184523,0
FCL,20210419,4.16,4.27,4.15,4.27,317566,0
FCL,20210420,4.14,4.27,4.12,4.15,80427,0
FCL,20210421,4.28,4.28,4.09,4.26,266227,0
FCL,20210422,4.28,4.29,4.15,4.26,406223,0
FCL,20210423,4.26,4.29,4.15,4.29,273321,0
FCL,20210426,4.11,4.28,4.05,4.1,280970,0
FCL,20210427,4.05,4.105,3.835,3.95,565511,0
FCL,20210428,3.9,3.97,3.87,3.92,294765,0
FCL,20210429,3.92,3.96,3.88,3.9,336187,0
FCL,20210430,3.86,3.98,3.86,3.92,353463,0
FCL,20210503,3.9,3.95,3.82,3.92,303773,0
FCL,20210504,3.82,3.98,3.82,3.98,1871430,0
FCL,20210505,3.97,3.97,3.87,3.87,142108,0
FCL,20210506,3.9,3.98,3.87,3.98,130836,0
FCL,20210507,3.91,3.92,3.845,3.87,773537,0
FCL,20210510,3.86,3.86,3.7,3.75,138069,0
FCL,20210511,3.75,3.75,3.61,3.7,691259,0
FCL,20210512,3.7,3.84,3.63,3.7,158190,0
FCL,20210513,3.7,3.73,3.58,3.65,152805,0
FCL,20210514,3.67,3.76,3.67,3.7,35574,0
FCL,20210517,3.75,3.81,3.67,3.7,129771,0
FCL,20210518,3.76,3.83,3.66,3.66,44674,0
FCL,20210519,3.7,3.79,3.67,3.71,83256,0
FCL,20210520,3.8,3.8,3.65,3.65,312731,0
FCL,20210521,3.7,3.98,3.7,3.98,133427,0
FCL,20210524,3.97,3.97,3.67,3.67,76905,0
FCL,20210525,3.68,3.7,3.63,3.68,81125,0
FCL,20210526,3.71,3.8,3.6,3.62,988697,0
FCL,20210527,3.61,3.79,3.58,3.65,64727,0
FCL,20210528,3.83,3.89,3.73,3.78,96880,0
FCL,20210531,3.8,3.86,3.71,3.8,94458,0
FCL,20210601,3.87,3.91,3.68,3.68,63884,0
FCL,20210602,3.67,3.75,3.65,3.75,80767,0
FCL,20210603,3.71,3.84,3.69,3.7,818772,0
FCL,20210604,3.7,3.83,3.7,3.79,90887,0
FCL,20210607,3.76,3.84,3.76,3.8,44568,0
FCL,20210608,3.81,3.89,3.81,3.84,32766,0
FCL,20210609,3.85,3.87,3.85,3.87,33098,0
FCL,20210610,3.86,4,3.86,3.99,53813,0
FCL,20210611,4,4.1,3.97,4.08,80572,0
FCL,20210614,4.08,4.08,4.08,4.08,0,0
FCL,20210615,4.09,4.11,4.02,4.08,414643,0
FCL,20210616,3.91,4.08,3.91,4.03,2471947,0
FCL,20210617,4.03,4.09,3.91,3.91,16165,0
FCL,20210618,3.85,4.05,3.85,3.95,271827,0
FCL,20210621,3.99,3.99,3.8,3.83,41156,0
FCL,20210622,3.8,3.96,3.79,3.79,24685,0
FCL,20210623,3.95,3.95,3.62,3.62,159610,0
FCL,20210624,3.62,3.77,3.62,3.66,1023709,0
FCL,20210625,3.64,3.85,3.63,3.85,67635,0
FCL,20210628,3.8,3.81,3.6,3.62,69117,0
FCL,20210629,3.63,3.81,3.55,3.81,73878,0
FCL,20210630,3.8,3.96,3.74,3.9,159001,0
FCL,20210701,3.83,3.95,3.83,3.94,6024,0
