FGE,20070628,0.56,0.6,0.54,0.56,553207,0
FGE,20070629,0.555,0.6,0.55,0.6,308127,0
FGE,20070702,0.6,0.6,0.55,0.55,220776,0
FGE,20070703,0.54,0.55,0.51,0.52,89178,0
FGE,20070704,0.54,0.585,0.54,0.56,120823,0
FGE,20070705,0.59,0.63,0.57,0.6,372700,0
FGE,20070706,0.62,0.64,0.62,0.64,227076,0
FGE,20070709,0.64,0.64,0.6,0.6,44955,0
FGE,20070710,0.6,0.61,0.58,0.6,294596,0
FGE,20070711,0.62,0.62,0.6,0.62,220461,0
FGE,20070712,0.62,0.66,0.62,0.65,233580,0
FGE,20070713,0.64,0.66,0.64,0.66,106386,0
FGE,20070716,0.66,0.66,0.66,0.66,28125,0
FGE,20070717,0.68,0.68,0.68,0.68,40376,0
FGE,20070718,0.68,0.77,0.68,0.715,140520,0
FGE,20070719,0.72,0.72,0.71,0.72,125796,0
FGE,20070720,0.73,0.81,0.73,0.81,130635,0
FGE,20070723,0.805,0.805,0.765,0.765,83656,0
FGE,20070724,0.77,0.8,0.77,0.775,36307,0
FGE,20070725,0.775,0.775,0.77,0.77,30000,0
FGE,20070726,0.77,0.77,0.75,0.75,127750,0
FGE,20070727,0.725,0.725,0.7,0.72,233893,0
FGE,20070730,0.7,0.72,0.66,0.72,179232,0
FGE,20070731,0.7,0.7,0.68,0.68,13605,0
FGE,20070801,0.7,0.7,0.67,0.67,54698,0
FGE,20070802,0.66,0.68,0.66,0.66,123271,0
FGE,20070803,0.68,0.68,0.67,0.67,15000,0
FGE,20070806,0.67,0.67,0.67,0.67,13711,0
FGE,20070807,0.67,0.67,0.65,0.65,111205,0
FGE,20070808,0.65,0.67,0.65,0.65,84268,0
FGE,20070809,0.68,0.69,0.68,0.69,10131,0
FGE,20070810,0.67,0.67,0.65,0.65,112962,0
FGE,20070813,0.65,0.65,0.64,0.64,60323,0
FGE,20070814,0.64,0.64,0.62,0.62,98076,0
FGE,20070815,0.62,0.62,0.61,0.61,39699,0
FGE,20070816,0.56,0.56,0.535,0.55,73832,0
FGE,20070817,0.57,0.57,0.53,0.535,231978,0
FGE,20070820,0.55,0.55,0.48,0.5,112582,0
FGE,20070821,0.52,0.54,0.515,0.54,45864,0
FGE,20070822,0.55,0.55,0.54,0.55,31791,0
FGE,20070823,0.56,0.56,0.56,0.56,19507,0
FGE,20070824,0.56,0.6,0.56,0.6,452113,0
FGE,20070827,0.62,0.64,0.62,0.64,15944,0
FGE,20070828,0.64,0.64,0.64,0.64,0,0
FGE,20070829,0.65,0.65,0.6,0.605,49526,0
FGE,20070830,0.605,0.61,0.605,0.61,28199,0
FGE,20070831,0.625,0.625,0.61,0.61,14000,0
FGE,20070903,0.62,0.62,0.62,0.62,49821,0
FGE,20070904,0.62,0.62,0.6,0.6,13837,0
FGE,20070905,0.6,0.6,0.58,0.6,2119,0
FGE,20070906,0.61,0.62,0.605,0.62,25988,0
FGE,20070907,0.65,0.69,0.635,0.69,39627,0
FGE,20070910,0.66,0.66,0.66,0.66,60855,0
FGE,20070911,0.69,0.69,0.69,0.69,178772,0
FGE,20070912,0.69,0.7,0.69,0.7,30079,0
FGE,20070913,0.7,0.7,0.7,0.7,3000,0
FGE,20070914,0.67,0.67,0.67,0.67,2959,0
FGE,20070917,0.68,0.68,0.65,0.65,50000,0
FGE,20070918,0.65,0.65,0.65,0.65,27109,0
FGE,20070919,0.65,0.65,0.65,0.65,12335,0
FGE,20070920,0.65,0.65,0.65,0.65,0,0
FGE,20070921,0.69,0.69,0.69,0.69,3000,0
FGE,20070924,0.67,0.67,0.6,0.6,38920,0
FGE,20070925,0.6,0.6,0.6,0.6,0,0
FGE,20070926,0.635,0.65,0.635,0.65,116053,0
FGE,20070927,0.68,0.7,0.68,0.7,187279,0
FGE,20070928,0.7,0.72,0.69,0.72,93266,0
FGE,20071001,0.71,0.71,0.71,0.71,37776,0
FGE,20071002,0.71,0.72,0.71,0.72,86793,0
FGE,20071003,0.72,0.72,0.71,0.71,9068,0
FGE,20071004,0.72,0.73,0.72,0.73,25076,0
FGE,20071005,0.75,0.77,0.74,0.74,76137,0
FGE,20071008,0.75,0.75,0.75,0.75,23000,0
FGE,20071009,0.77,0.77,0.76,0.76,5000,0
FGE,20071010,0.76,0.77,0.75,0.77,46978,0
FGE,20071011,0.77,0.77,0.77,0.77,0,0
FGE,20071012,0.76,0.76,0.745,0.745,109651,0
FGE,20071015,0.75,0.75,0.75,0.75,2762,0
FGE,20071016,0.75,0.765,0.75,0.765,57238,0
FGE,20071017,0.75,0.75,0.745,0.745,44168,0
FGE,20071018,0.74,0.74,0.73,0.73,31587,0
FGE,20071019,0.73,0.73,0.73,0.73,0,0
FGE,20071022,0.75,0.9,0.75,0.83,527014,0
FGE,20071023,0.82,0.84,0.82,0.84,79404,0
FGE,20071024,0.84,0.84,0.8,0.8,137980,0
FGE,20071025,0.8,0.8,0.76,0.76,25930,0
FGE,20071026,0.78,0.85,0.78,0.85,398634,0
FGE,20071029,0.85,0.89,0.835,0.89,240166,0
FGE,20071030,0.875,0.875,0.85,0.87,142477,0
FGE,20071031,0.86,0.87,0.86,0.87,25000,0
FGE,20071101,0.87,0.87,0.85,0.85,47768,0
FGE,20071102,0.855,0.88,0.85,0.88,125375,0
FGE,20071105,0.905,0.95,0.88,0.88,313821,0
FGE,20071106,0.9,0.9,0.88,0.88,39449,0
FGE,20071107,0.9,0.9,0.9,0.9,1521,0
FGE,20071108,0.92,0.99,0.9,0.95,176436,0
FGE,20071109,0.95,1.04,0.95,1.04,193357,0
FGE,20071112,1.01,1.02,1,1,225161,0
FGE,20071113,1.04,1.04,1,1,191730,0
FGE,20071114,1,1.02,1,1,131261,0
FGE,20071115,1,1.015,1,1.015,34638,0
FGE,20071116,1.02,1.04,1,1,98327,0
FGE,20071119,1.01,1.01,1,1.01,52667,0
FGE,20071120,1,1,1,1,164428,0
FGE,20071121,1,1,1,1,7237,0
FGE,20071122,1,1,0.99,0.99,57469,0
FGE,20071123,1,1,0.98,0.98,85957,0
FGE,20071126,1,1,0.99,0.99,64800,0
FGE,20071127,0.99,1,0.965,0.97,94960,0
FGE,20071128,0.99,1,0.99,1,169527,0
FGE,20071129,1,1.07,0.97,1.07,195439,0
FGE,20071130,1.23,1.48,1.23,1.4,786714,0
FGE,20071203,1.4,1.4,1.3,1.36,174687,0
FGE,20071204,1.33,1.33,1.31,1.32,31476,0
FGE,20071205,1.33,1.35,1.28,1.35,236804,0
FGE,20071206,1.34,1.35,1.335,1.35,346889,0
FGE,20071207,1.4,1.4,1.33,1.35,215464,0
FGE,20071210,1.36,1.36,1.31,1.31,51959,0
FGE,20071211,1.34,1.35,1.33,1.35,10400,0
FGE,20071212,1.32,1.35,1.32,1.35,20465,0
FGE,20071213,1.35,1.35,1.35,1.35,9142,0
FGE,20071214,1.35,1.35,1.35,1.35,17557,0
FGE,20071217,1.36,1.36,1.3,1.3,22864,0
FGE,20071218,1.3,1.3,1.255,1.3,124319,0
FGE,20071219,1.3,1.35,1.28,1.28,66898,0
FGE,20071220,1.28,1.3,1.28,1.3,33750,0
FGE,20071221,1.255,1.255,1.255,1.255,3725,0
FGE,20071224,1.26,1.26,1.26,1.26,1500,0
FGE,20071225,1.26,1.26,1.26,1.26,0,0
FGE,20071226,1.26,1.26,1.26,1.26,0,0
FGE,20071227,1.3,1.3,1.3,1.3,11756,0
FGE,20071228,1.29,1.3,1.29,1.3,10789,0
FGE,20071231,1.3,1.3,1.28,1.3,31030,0
FGE,20080101,1.3,1.3,1.3,1.3,0,0
FGE,20080102,1.28,1.3,1.28,1.28,30553,0
FGE,20080103,1.28,1.3,1.28,1.3,5000,0
FGE,20080104,1.3,1.3,1.3,1.3,20947,0
FGE,20080107,1.3,1.3,1.28,1.3,32428,0
FGE,20080108,1.3,1.31,1.3,1.31,68500,0
FGE,20080109,1.31,1.31,1.3,1.3,27308,0
FGE,20080110,1.3,1.35,1.3,1.35,109062,0
FGE,20080111,1.35,1.5,1.34,1.45,109880,0
FGE,20080114,1.43,1.43,1.33,1.38,49311,0
FGE,20080115,1.39,1.4,1.35,1.4,19607,0
FGE,20080116,1.44,1.48,1.44,1.45,39767,0
FGE,20080117,1.4,1.4,1.33,1.335,70924,0
FGE,20080118,1.335,1.34,1.33,1.34,61000,0
FGE,20080121,1.4,1.44,1.37,1.37,75492,0
FGE,20080122,1.34,1.34,1,1.09,258694,0
FGE,20080123,1.12,1.25,1.1,1.1,138936,0
FGE,20080124,1.22,1.22,1.1,1.1,45781,0
FGE,20080125,1.15,1.22,1.15,1.22,63195,0
FGE,20080128,1.22,1.22,1.22,1.22,0,0
FGE,20080129,1.25,1.25,1.22,1.23,98962,0
FGE,20080130,1.25,1.33,1.25,1.3,52359,0
FGE,20080131,1.35,1.38,1.3,1.3,85425,0
FGE,20080201,1.25,1.3,1.25,1.3,12500,0
FGE,20080204,1.3,1.35,1.3,1.3,5732,0
FGE,20080205,1.345,1.345,1.25,1.25,9081,0
FGE,20080206,1.25,1.25,1.18,1.18,2447,0
FGE,20080207,1.2,1.2,1.2,1.2,20053,0
FGE,20080208,1.19,1.2,1.1,1.175,55227,0
FGE,20080211,1.175,1.175,1.175,1.175,0,0
FGE,20080212,1.195,1.22,1.195,1.2,81588,0
FGE,20080213,1.2,1.2,1.2,1.2,23775,0
FGE,20080214,1.2,1.2,1.175,1.18,14000,0
FGE,20080215,1.175,1.18,1.13,1.18,18298,0
FGE,20080218,1.11,1.11,1.09,1.09,8500,0
FGE,20080219,1.09,1.1,1.08,1.1,3162,0
FGE,20080220,1.09,1.09,1.09,1.09,4454,0
FGE,20080221,1.09,1.18,1.09,1.1,71289,0
FGE,20080222,1.11,1.11,1,1,80000,0
FGE,20080225,1,1.1,1,1.05,23401,0
FGE,20080226,1.07,1.1,1.07,1.1,183556,0
FGE,20080227,1.12,1.2,1.12,1.16,31460,0
FGE,20080228,1.17,1.24,1.17,1.24,15000,0
FGE,20080229,1.2,1.2,1.07,1.08,280101,0
FGE,20080303,1.015,1.015,0.95,0.95,32865,0
FGE,20080304,0.98,1.03,0.98,1.03,85149,0
FGE,20080305,1.05,1.05,0.95,0.95,54553,0
FGE,20080306,0.95,0.95,0.95,0.95,9500,0
FGE,20080307,0.95,0.95,0.905,0.92,39587,0
FGE,20080310,0.85,0.87,0.85,0.86,13650,0
FGE,20080311,0.85,0.85,0.8,0.85,279127,0
FGE,20080312,0.9,0.92,0.9,0.9,68605,0
FGE,20080313,0.88,0.88,0.88,0.88,12400,0
FGE,20080314,0.88,0.88,0.88,0.88,0,0
FGE,20080317,0.81,0.82,0.805,0.805,29076,0
FGE,20080318,0.8,0.8,0.8,0.8,24023,0
FGE,20080319,0.8,0.8,0.78,0.78,79184,0
FGE,20080320,0.78,0.78,0.78,0.78,3400,0
FGE,20080321,0.78,0.78,0.78,0.78,0,0
FGE,20080324,0.78,0.78,0.78,0.78,0,0
FGE,20080325,0.8,0.8,0.71,0.71,109786,0
FGE,20080326,0.76,0.76,0.76,0.76,17552,0
FGE,20080327,0.76,0.76,0.76,0.76,0,0
FGE,20080328,0.75,0.76,0.75,0.76,7145,0
FGE,20080331,0.77,0.78,0.77,0.77,17267,0
FGE,20080401,0.77,0.77,0.77,0.77,0,0
FGE,20080402,0.8,0.81,0.8,0.81,116596,0
FGE,20080403,0.81,0.81,0.76,0.8,97912,0
FGE,20080404,0.775,0.775,0.77,0.77,15000,0
FGE,20080407,0.77,0.79,0.77,0.77,63229,0
FGE,20080408,0.77,0.77,0.77,0.77,231663,0
FGE,20080409,0.765,0.765,0.75,0.75,18810,0
FGE,20080410,0.75,0.75,0.73,0.74,31077,0
FGE,20080411,0.745,0.745,0.73,0.74,79220,0
FGE,20080414,0.775,0.78,0.75,0.75,47934,0
FGE,20080415,0.78,0.79,0.765,0.78,81991,0
FGE,20080416,0.78,0.79,0.78,0.79,91839,0
FGE,20080417,0.8,0.86,0.8,0.86,54934,0
FGE,20080418,0.875,0.875,0.82,0.82,171744,0
FGE,20080421,0.82,0.85,0.8,0.82,240465,0
FGE,20080422,0.82,0.83,0.81,0.83,198136,0
FGE,20080423,0.825,0.825,0.81,0.81,4644,0
FGE,20080424,0.81,0.81,0.805,0.805,13159,0
FGE,20080425,0.805,0.805,0.805,0.805,0,0
FGE,20080428,0.81,0.83,0.81,0.83,25350,0
FGE,20080429,0.83,0.83,0.83,0.83,3000,0
FGE,20080430,0.83,0.83,0.77,0.825,28050,0
FGE,20080501,0.83,0.835,0.83,0.835,18050,0
FGE,20080502,0.825,0.825,0.8,0.8,113573,0
FGE,20080505,0.815,0.815,0.78,0.78,10000,0
FGE,20080506,0.77,0.77,0.73,0.75,74887,0
FGE,20080507,0.73,0.73,0.725,0.73,44618,0
FGE,20080508,0.73,0.73,0.73,0.73,9500,0
FGE,20080509,0.73,0.76,0.73,0.75,19151,0
FGE,20080512,0.74,0.75,0.74,0.75,4500,0
FGE,20080513,0.75,0.75,0.75,0.75,5000,0
FGE,20080514,0.76,0.76,0.74,0.74,5176,0
FGE,20080515,0.75,0.78,0.75,0.78,2644,0
FGE,20080516,0.77,0.77,0.77,0.77,40000,0
FGE,20080519,0.76,0.76,0.76,0.76,14000,0
FGE,20080520,0.755,0.76,0.755,0.76,30592,0
FGE,20080521,0.76,0.77,0.75,0.77,27000,0
FGE,20080522,0.76,0.76,0.76,0.76,2000,0
FGE,20080523,0.75,0.77,0.75,0.77,3300,0
FGE,20080526,0.77,0.78,0.76,0.78,16600,0
FGE,20080527,0.76,0.76,0.76,0.76,1000,0
FGE,20080528,0.78,0.78,0.78,0.78,9218,0
FGE,20080529,0.82,0.82,0.82,0.82,1000,0
FGE,20080530,0.82,0.82,0.8,0.8,13289,0
FGE,20080602,0.8,0.8,0.8,0.8,3000,0
FGE,20080603,0.8,0.85,0.8,0.85,77676,0
FGE,20080604,0.85,0.85,0.8,0.8,3815,0
FGE,20080605,0.8,0.8,0.78,0.8,30906,0
FGE,20080606,0.8,0.8,0.75,0.75,32759,0
FGE,20080609,0.75,0.75,0.75,0.75,0,0
FGE,20080610,0.72,0.72,0.72,0.72,14934,0
FGE,20080611,0.72,0.72,0.72,0.72,0,0
FGE,20080612,0.7,0.75,0.7,0.75,25500,0
FGE,20080613,0.745,0.745,0.745,0.745,12499,0
FGE,20080616,0.745,0.745,0.745,0.745,0,0
FGE,20080617,0.75,0.75,0.74,0.75,78493,0
FGE,20080618,0.75,0.75,0.745,0.745,8507,0
FGE,20080619,0.695,0.695,0.695,0.695,15000,0
FGE,20080620,0.65,0.65,0.65,0.65,23500,0
FGE,20080623,0.64,0.645,0.605,0.645,33903,0
FGE,20080624,0.63,0.64,0.63,0.64,37914,0
FGE,20080625,0.66,0.66,0.64,0.66,25349,0
FGE,20080626,0.66,0.66,0.64,0.66,26135,0
FGE,20080627,0.66,0.7,0.66,0.7,16701,0
FGE,20080630,0.7,0.78,0.685,0.78,23489,0
FGE,20080701,0.7,0.7,0.7,0.7,2000,0
FGE,20080702,0.725,0.725,0.725,0.725,3000,0
FGE,20080703,0.72,0.72,0.72,0.72,7340,0
FGE,20080704,0.72,0.72,0.67,0.72,36332,0
FGE,20080707,0.705,0.705,0.7,0.7,65250,0
FGE,20080708,0.7,0.72,0.7,0.72,18000,0
FGE,20080709,0.72,0.72,0.72,0.72,10000,0
FGE,20080710,0.72,0.72,0.72,0.72,0,0
FGE,20080711,0.68,0.71,0.67,0.67,36446,0
FGE,20080714,0.67,0.67,0.67,0.67,0,0
FGE,20080715,0.67,0.67,0.67,0.67,9054,0
FGE,20080716,0.66,0.7,0.66,0.7,14699,0
FGE,20080717,0.7,0.72,0.66,0.66,10827,0
FGE,20080718,0.66,0.66,0.66,0.66,0,0
FGE,20080721,0.66,0.66,0.66,0.66,0,0
FGE,20080722,0.715,0.73,0.715,0.73,26075,0
FGE,20080723,0.75,0.82,0.75,0.8,26000,0
FGE,20080724,0.755,0.755,0.75,0.75,11448,0
FGE,20080725,0.725,0.725,0.715,0.715,46000,0
FGE,20080728,0.715,0.75,0.685,0.75,27429,0
FGE,20080729,0.75,0.75,0.75,0.75,0,0
FGE,20080730,0.75,0.75,0.685,0.69,14500,0
FGE,20080731,0.685,0.685,0.67,0.67,16000,0
FGE,20080801,0.67,0.68,0.655,0.655,17000,0
FGE,20080804,0.655,0.655,0.655,0.655,0,0
FGE,20080805,0.635,0.635,0.63,0.63,22118,0
FGE,20080806,0.63,0.63,0.63,0.63,0,0
FGE,20080807,0.59,0.63,0.59,0.63,23386,0
FGE,20080808,0.63,0.635,0.63,0.635,3882,0
FGE,20080811,0.635,0.635,0.635,0.635,0,0
FGE,20080812,0.635,0.635,0.635,0.635,0,0
FGE,20080813,0.635,0.635,0.635,0.635,0,0
FGE,20080814,0.66,0.66,0.66,0.66,3614,0
FGE,20080815,0.66,0.66,0.66,0.66,0,0
FGE,20080818,0.66,0.66,0.66,0.66,0,0
FGE,20080819,0.66,0.66,0.66,0.66,0,0
FGE,20080820,0.66,0.66,0.66,0.66,0,0
FGE,20080821,0.66,0.66,0.66,0.66,0,0
FGE,20080822,0.6,0.6,0.6,0.6,130950,0
FGE,20080825,0.55,0.62,0.55,0.62,8000,0
FGE,20080826,0.6,0.6,0.55,0.55,41217,0
FGE,20080827,0.55,0.555,0.54,0.54,58000,0
FGE,20080828,0.54,0.55,0.54,0.55,6000,0
FGE,20080829,0.55,0.55,0.52,0.52,11506,0
FGE,20080901,0.53,0.53,0.53,0.53,13157,0
FGE,20080902,0.58,0.58,0.55,0.55,30500,0
FGE,20080903,0.57,0.57,0.57,0.57,15000,0
FGE,20080904,0.57,0.575,0.57,0.575,7000,0
FGE,20080905,0.575,0.575,0.57,0.57,31575,0
FGE,20080908,0.57,0.57,0.57,0.57,0,0
FGE,20080909,0.57,0.57,0.57,0.57,0,0
FGE,20080910,0.57,0.57,0.57,0.57,0,0
FGE,20080911,0.53,0.53,0.53,0.53,2643,0
FGE,20080912,0.53,0.53,0.505,0.505,10000,0
FGE,20080915,0.505,0.505,0.505,0.505,31938,0
FGE,20080916,0.505,0.505,0.5,0.5,143576,0
FGE,20080917,0.5,0.5,0.5,0.5,0,0
FGE,20080918,0.5,0.5,0.45,0.45,14212,0
FGE,20080919,0.45,0.45,0.45,0.45,0,0
FGE,20080922,0.495,0.495,0.495,0.495,13237,0
FGE,20080923,0.495,0.495,0.495,0.495,0,0
FGE,20080924,0.495,0.495,0.495,0.495,0,0
FGE,20080925,0.495,0.495,0.495,0.495,0,0
FGE,20080926,0.495,0.495,0.495,0.495,0,0
FGE,20080929,0.54,0.54,0.54,0.54,10000,0
FGE,20080930,0.54,0.54,0.54,0.54,0,0
FGE,20081001,0.54,0.54,0.54,0.54,0,0
FGE,20081002,0.47,0.47,0.47,0.47,18500,0
FGE,20081003,0.47,0.47,0.465,0.465,19818,0
FGE,20081006,0.465,0.465,0.45,0.45,20000,0
FGE,20081007,0.45,0.45,0.425,0.425,17552,0
FGE,20081008,0.425,0.425,0.425,0.425,0,0
FGE,20081009,0.43,0.43,0.41,0.41,25000,0
FGE,20081010,0.4,0.4,0.3,0.3,67436,0
FGE,20081013,0.33,0.35,0.32,0.32,154744,0
FGE,20081014,0.34,0.38,0.34,0.38,34000,0
FGE,20081015,0.37,0.42,0.35,0.4,77250,0
FGE,20081016,0.4,0.4,0.4,0.4,0,0
FGE,20081017,0.395,0.4,0.35,0.35,31486,0
FGE,20081020,0.35,0.35,0.35,0.35,40999,0
FGE,20081021,0.38,0.38,0.35,0.35,86550,0
FGE,20081022,0.355,0.355,0.35,0.35,60000,0
FGE,20081023,0.37,0.37,0.36,0.36,6000,0
FGE,20081024,0.36,0.36,0.35,0.35,26000,0
FGE,20081027,0.35,0.35,0.35,0.35,26000,0
FGE,20081028,0.35,0.35,0.35,0.35,5592,0
FGE,20081029,0.35,0.37,0.32,0.32,80559,0
FGE,20081030,0.32,0.32,0.305,0.305,16579,0
FGE,20081031,0.305,0.305,0.3,0.3,17899,0
FGE,20081103,0.3,0.3,0.3,0.3,17000,0
FGE,20081104,0.3,0.3,0.3,0.3,22000,0
FGE,20081105,0.305,0.305,0.3,0.3,23421,0
FGE,20081106,0.295,0.3,0.295,0.3,8000,0
FGE,20081107,0.3,0.3,0.3,0.3,2579,0
FGE,20081110,0.3,0.34,0.295,0.295,28383,0
FGE,20081111,0.295,0.295,0.295,0.295,5000,0
FGE,20081112,0.295,0.305,0.29,0.295,30289,0
FGE,20081113,0.29,0.29,0.27,0.27,11488,0
FGE,20081114,0.27,0.27,0.27,0.27,30001,0
FGE,20081117,0.27,0.27,0.27,0.27,2500,0
FGE,20081118,0.27,0.27,0.27,0.27,0,0
FGE,20081119,0.27,0.27,0.255,0.255,67026,0
FGE,20081120,0.255,0.255,0.205,0.205,6685,0
FGE,20081121,0.22,0.225,0.22,0.22,22000,0
FGE,20081124,0.23,0.23,0.23,0.23,15000,0
FGE,20081125,0.23,0.23,0.23,0.23,15000,0
FGE,20081126,0.255,0.255,0.235,0.235,4802,0
FGE,20081127,0.255,0.26,0.255,0.26,40000,0
FGE,20081128,0.235,0.235,0.23,0.23,54698,0
FGE,20081201,0.22,0.22,0.15,0.15,1304021,0
FGE,20081202,0.2,0.22,0.2,0.22,82117,0
FGE,20081203,0.24,0.24,0.22,0.22,33000,0
FGE,20081204,0.2,0.2,0.2,0.2,3000,0
FGE,20081205,0.2,0.2,0.2,0.2,17100,0
FGE,20081208,0.21,0.21,0.2,0.2,62000,0
FGE,20081209,0.18,0.18,0.165,0.165,12500,0
FGE,20081210,0.165,0.165,0.165,0.165,0,0
FGE,20081211,0.175,0.18,0.175,0.18,32579,0
FGE,20081212,0.18,0.18,0.18,0.18,0,0
FGE,20081215,0.18,0.18,0.18,0.18,8667,0
FGE,20081216,0.18,0.18,0.18,0.18,0,0
FGE,20081217,0.195,0.195,0.195,0.195,3800,0
FGE,20081218,0.195,0.195,0.195,0.195,5000,0
FGE,20081219,0.195,0.195,0.18,0.18,14645,0
FGE,20081222,0.19,0.19,0.19,0.19,5000,0
FGE,20081223,0.18,0.18,0.18,0.18,11400,0
FGE,20081224,0.18,0.18,0.18,0.18,0,0
FGE,20081225,0.18,0.18,0.18,0.18,0,0
FGE,20081226,0.18,0.18,0.18,0.18,0,0
FGE,20081229,0.195,0.195,0.195,0.195,5000,0
FGE,20081230,0.195,0.195,0.195,0.195,0,0
FGE,20081231,0.195,0.195,0.195,0.195,10000,0
FGE,20090101,0.195,0.195,0.195,0.195,0,0
FGE,20090102,0.195,0.195,0.195,0.195,18000,0
FGE,20090105,0.195,0.195,0.195,0.195,0,0
FGE,20090106,0.19,0.2,0.185,0.2,70000,0
FGE,20090107,0.195,0.2,0.195,0.2,34300,0
FGE,20090108,0.2,0.2,0.2,0.2,0,0
FGE,20090109,0.195,0.195,0.19,0.19,84842,0
FGE,20090112,0.19,0.19,0.19,0.19,0,0
FGE,20090113,0.19,0.19,0.19,0.19,25458,0
FGE,20090114,0.19,0.19,0.19,0.19,0,0
FGE,20090115,0.19,0.19,0.18,0.18,8224,0
FGE,20090116,0.18,0.18,0.18,0.18,0,0
FGE,20090119,0.18,0.18,0.18,0.18,0,0
FGE,20090120,0.19,0.195,0.19,0.195,73579,0
FGE,20090121,0.195,0.195,0.195,0.195,0,0
FGE,20090122,0.19,0.195,0.19,0.195,12318,0
FGE,20090123,0.19,0.2,0.19,0.2,22650,0
FGE,20090126,0.2,0.2,0.2,0.2,0,0
FGE,20090127,0.2,0.2,0.2,0.2,0,0
FGE,20090128,0.2,0.2,0.2,0.2,0,0
FGE,20090129,0.2,0.2,0.2,0.2,0,0
FGE,20090130,0.19,0.19,0.185,0.185,22735,0
FGE,20090202,0.19,0.19,0.19,0.19,5000,0
FGE,20090203,0.19,0.19,0.19,0.19,0,0
FGE,20090204,0.19,0.19,0.185,0.185,34000,0
FGE,20090205,0.185,0.185,0.185,0.185,6657,0
FGE,20090206,0.185,0.185,0.16,0.16,20000,0
FGE,20090209,0.17,0.17,0.17,0.17,143000,0
FGE,20090210,0.195,0.27,0.195,0.25,229977,0
FGE,20090211,0.25,0.27,0.25,0.26,141923,0
FGE,20090212,0.26,0.26,0.25,0.25,83341,0
FGE,20090213,0.24,0.24,0.24,0.24,40000,0
FGE,20090216,0.24,0.24,0.24,0.24,0,0
FGE,20090217,0.24,0.24,0.24,0.24,0,0
FGE,20090218,0.24,0.24,0.24,0.24,0,0
FGE,20090219,0.24,0.24,0.24,0.24,0,0
FGE,20090220,0.24,0.24,0.24,0.24,0,0
FGE,20090223,0.24,0.24,0.24,0.24,0,0
FGE,20090224,0.24,0.24,0.24,0.24,0,0
FGE,20090225,0.225,0.225,0.225,0.225,10000,0
FGE,20090226,0.21,0.21,0.185,0.205,31600,0
FGE,20090227,0.22,0.28,0.22,0.28,90165,0
FGE,20090302,0.275,0.275,0.275,0.275,5000,0
FGE,20090303,0.235,0.235,0.22,0.22,42339,0
FGE,20090304,0.24,0.25,0.24,0.25,47000,0
FGE,20090305,0.25,0.25,0.25,0.25,0,0
FGE,20090306,0.225,0.25,0.225,0.25,9050,0
FGE,20090309,0.25,0.25,0.25,0.25,0,0
FGE,20090310,0.21,0.225,0.21,0.225,46500,0
FGE,20090311,0.23,0.235,0.21,0.21,25500,0
FGE,20090312,0.22,0.22,0.21,0.21,35688,0
FGE,20090313,0.21,0.21,0.21,0.21,0,0
FGE,20090316,0.22,0.22,0.22,0.22,16500,0
FGE,20090317,0.225,0.225,0.225,0.225,4500,0
FGE,20090318,0.225,0.25,0.225,0.25,25499,0
FGE,20090319,0.25,0.25,0.25,0.25,26068,0
FGE,20090320,0.25,0.25,0.25,0.25,70000,0
FGE,20090323,0.26,0.3,0.26,0.27,77286,0
FGE,20090324,0.31,0.31,0.3,0.3,42000,0
FGE,20090325,0.29,0.29,0.29,0.29,19700,0
FGE,20090326,0.3,0.31,0.3,0.31,50377,0
FGE,20090327,0.3,0.3,0.3,0.3,3289,0
FGE,20090330,0.3,0.3,0.3,0.3,2383,0
FGE,20090331,0.3,0.3,0.3,0.3,0,0
FGE,20090401,0.3,0.3,0.3,0.3,0,0
FGE,20090402,0.3,0.3,0.3,0.3,15000,0
FGE,20090403,0.3,0.31,0.3,0.31,79700,0
FGE,20090406,0.31,0.32,0.31,0.32,234703,0
FGE,20090407,0.32,0.32,0.31,0.31,93289,0
FGE,20090408,0.31,0.31,0.3,0.3,9113,0
FGE,20090409,0.3,0.3,0.3,0.3,0,0
FGE,20090410,0.3,0.3,0.3,0.3,0,0
FGE,20090413,0.3,0.3,0.3,0.3,0,0
FGE,20090414,0.32,0.32,0.32,0.32,15000,0
FGE,20090415,0.315,0.32,0.315,0.32,20000,0
FGE,20090416,0.32,0.32,0.3,0.32,91900,0
FGE,20090417,0.32,0.33,0.32,0.32,62500,0
FGE,20090420,0.32,0.32,0.32,0.32,50700,0
FGE,20090421,0.3,0.3,0.3,0.3,28700,0
FGE,20090422,0.315,0.315,0.315,0.315,5000,0
FGE,20090423,0.32,0.32,0.32,0.32,8600,0
FGE,20090424,0.315,0.36,0.3,0.36,22217,0
FGE,20090427,0.325,0.325,0.32,0.325,33100,0
FGE,20090428,0.305,0.325,0.305,0.325,25000,0
FGE,20090429,0.325,0.325,0.325,0.325,0,0
FGE,20090430,0.325,0.325,0.325,0.325,0,0
FGE,20090501,0.34,0.34,0.32,0.32,78000,0
FGE,20090504,0.32,0.32,0.305,0.305,50749,0
FGE,20090505,0.325,0.325,0.325,0.325,357282,0
FGE,20090506,0.34,0.34,0.34,0.34,105000,0
FGE,20090507,0.34,0.34,0.34,0.34,172777,0
FGE,20090508,0.35,0.38,0.35,0.35,8857,0
FGE,20090511,0.375,0.38,0.375,0.38,13500,0
FGE,20090512,0.38,0.38,0.38,0.38,0,0
FGE,20090513,0.375,0.38,0.375,0.38,31800,0
FGE,20090514,0.38,0.38,0.35,0.38,15493,0
FGE,20090515,0.38,0.39,0.38,0.39,2000,0
FGE,20090518,0.385,0.385,0.385,0.385,25000,0
FGE,20090519,0.375,0.375,0.36,0.375,8026,0
FGE,20090520,0.375,0.375,0.35,0.35,35534,0
FGE,20090521,0.35,0.35,0.35,0.35,0,0
FGE,20090522,0.35,0.39,0.35,0.39,19986,0
FGE,20090525,0.365,0.39,0.365,0.39,44714,0
FGE,20090526,0.39,0.39,0.39,0.39,0,0
FGE,20090527,0.375,0.375,0.375,0.375,10000,0
FGE,20090528,0.375,0.375,0.375,0.375,20000,0
FGE,20090529,0.375,0.375,0.375,0.375,30000,0
FGE,20090601,0.365,0.365,0.365,0.365,2500,0
FGE,20090602,0.37,0.39,0.37,0.39,71000,0
FGE,20090603,0.385,0.385,0.385,0.385,7000,0
FGE,20090604,0.385,0.385,0.385,0.385,0,0
FGE,20090605,0.385,0.39,0.38,0.39,646000,0
FGE,20090608,0.39,0.39,0.39,0.39,0,0
FGE,20090609,0.39,0.47,0.39,0.47,528536,0
FGE,20090610,0.425,0.445,0.425,0.445,6400,0
FGE,20090611,0.45,0.45,0.44,0.44,55250,0
FGE,20090612,0.43,0.45,0.425,0.43,31575,0
FGE,20090615,0.44,0.45,0.44,0.445,59822,0
FGE,20090616,0.435,0.435,0.43,0.43,84500,0
FGE,20090617,0.43,0.43,0.425,0.425,450,0
FGE,20090618,0.565,0.565,0.5,0.5,134900,0
FGE,20090619,0.52,0.52,0.49,0.49,74379,0
FGE,20090622,0.49,0.49,0.48,0.48,18351,0
FGE,20090623,0.46,0.46,0.46,0.46,10000,0
FGE,20090624,0.46,0.46,0.46,0.46,0,0
FGE,20090625,0.44,0.44,0.43,0.43,11077,0
FGE,20090626,0.43,0.43,0.43,0.43,0,0
FGE,20090629,0.455,0.455,0.455,0.455,20000,0
FGE,20090630,0.455,0.455,0.455,0.455,0,0
FGE,20090701,0.435,0.435,0.435,0.435,657,0
FGE,20090702,0.44,0.46,0.44,0.46,56843,0
FGE,20090703,0.46,0.47,0.41,0.41,62414,0
FGE,20090706,0.45,0.45,0.45,0.45,20000,0
FGE,20090707,0.44,0.44,0.415,0.415,33224,0
FGE,20090708,0.415,0.415,0.39,0.4,93985,0
FGE,20090709,0.44,0.44,0.44,0.44,2451,0
FGE,20090710,0.44,0.44,0.44,0.44,0,0
FGE,20090713,0.42,0.42,0.4,0.4,58110,0
FGE,20090714,0.4,0.4,0.4,0.4,0,0
FGE,20090715,0.4,0.4,0.4,0.4,0,0
FGE,20090716,0.43,0.45,0.43,0.45,1600,0
FGE,20090717,0.43,0.45,0.43,0.45,11000,0
FGE,20090720,0.405,0.405,0.405,0.405,6000,0
FGE,20090721,0.43,0.43,0.43,0.43,557,0
FGE,20090722,0.455,0.48,0.45,0.48,36443,0
FGE,20090723,0.47,0.47,0.45,0.45,31000,0
FGE,20090724,0.47,0.47,0.47,0.47,15000,0
FGE,20090727,0.47,0.5,0.47,0.5,80000,0
FGE,20090728,0.48,0.5,0.48,0.5,16000,0
FGE,20090729,0.5,0.5,0.475,0.475,37924,0
FGE,20090730,0.48,0.48,0.48,0.48,427,0
FGE,20090731,0.51,0.51,0.51,0.51,2000,0
FGE,20090803,0.49,0.49,0.49,0.49,1500,0
FGE,20090804,0.51,0.595,0.51,0.595,121600,0
FGE,20090805,0.54,0.55,0.535,0.535,36892,0
FGE,20090806,0.535,0.535,0.535,0.535,0,0
FGE,20090807,0.56,0.56,0.56,0.56,1000,0
FGE,20090810,0.58,0.58,0.58,0.58,20000,0
FGE,20090811,0.58,0.59,0.58,0.59,17500,0
FGE,20090812,0.59,0.595,0.59,0.59,28900,0
FGE,20090813,0.59,0.59,0.59,0.59,83500,0
FGE,20090814,0.56,0.56,0.56,0.56,2500,0
FGE,20090817,0.56,0.57,0.555,0.565,57079,0
FGE,20090818,0.57,0.57,0.57,0.57,13753,0
FGE,20090819,0.6,0.675,0.6,0.675,160643,0
FGE,20090820,0.675,0.72,0.675,0.72,52760,0
FGE,20090821,0.7,0.7,0.68,0.68,19528,0
FGE,20090824,0.68,0.72,0.68,0.72,93603,0
FGE,20090825,0.72,0.72,0.72,0.72,0,0
FGE,20090826,0.715,0.76,0.715,0.76,58591,0
FGE,20090827,0.75,0.75,0.75,0.75,9171,0
FGE,20090828,0.825,0.94,0.8,0.905,741684,0
FGE,20090831,0.94,0.97,0.875,0.89,281495,0
FGE,20090901,0.89,0.9,0.875,0.9,67699,0
FGE,20090902,0.86,0.91,0.85,0.91,109449,0
FGE,20090903,0.9,0.95,0.9,0.95,554263,0
FGE,20090904,0.96,1.03,0.96,1.01,176110,0
FGE,20090907,1.01,1.04,1,1.01,345426,0
FGE,20090908,1.015,1.1,1.01,1.07,392887,0
FGE,20090909,1.095,1.14,1.07,1.14,137481,0
FGE,20090910,1.105,1.105,1.07,1.09,378406,0
FGE,20090911,1.2,1.23,1.125,1.155,487401,0
FGE,20090914,1.17,1.17,1.13,1.13,69499,0
FGE,20090915,1.19,1.295,1.19,1.27,856320,0
FGE,20090916,1.35,1.495,1.35,1.495,1403067,0
FGE,20090917,1.52,1.535,1.41,1.48,911809,0
FGE,20090918,1.47,1.47,1.41,1.44,167069,0
FGE,20090921,1.47,1.47,1.44,1.44,162254,0
FGE,20090922,1.44,1.495,1.44,1.44,281290,0
FGE,20090923,1.46,1.515,1.46,1.515,337119,0
FGE,20090924,1.515,1.65,1.515,1.65,359653,0
FGE,20090925,1.63,1.63,1.51,1.51,513201,0
FGE,20090928,1.545,1.56,1.51,1.52,78562,0
FGE,20090929,1.54,1.59,1.54,1.56,347285,0
FGE,20090930,1.56,1.56,1.52,1.52,210543,0
FGE,20091001,1.52,1.525,1.465,1.5,184923,0
FGE,20091002,1.43,1.44,1.35,1.44,234119,0
FGE,20091005,1.4,1.435,1.355,1.39,94893,0
FGE,20091006,1.35,1.45,1.35,1.45,86947,0
FGE,20091007,1.46,1.46,1.39,1.4,181031,0
FGE,20091008,1.4,1.42,1.39,1.41,86267,0
FGE,20091009,1.435,1.5,1.435,1.47,128656,0
FGE,20091012,1.475,1.51,1.455,1.505,129900,0
FGE,20091013,1.515,1.52,1.5,1.52,141469,0
FGE,20091014,1.51,1.52,1.49,1.52,46783,0
FGE,20091015,1.55,1.56,1.51,1.515,95170,0
FGE,20091016,1.52,1.55,1.49,1.525,88585,0
FGE,20091019,1.52,1.56,1.505,1.53,52429,0
FGE,20091020,1.53,1.615,1.505,1.55,66399,0
FGE,20091021,1.55,1.555,1.55,1.555,5778,0
FGE,20091022,1.6,1.605,1.56,1.57,137140,0
FGE,20091023,1.57,1.58,1.51,1.53,163247,0
FGE,20091026,1.52,1.56,1.52,1.52,47968,0
FGE,20091027,1.52,1.53,1.5,1.53,132560,0
FGE,20091028,1.53,1.53,1.46,1.47,48608,0
FGE,20091029,1.455,1.53,1.4,1.42,131572,0
FGE,20091030,1.5,1.545,1.48,1.48,22613,0
FGE,20091102,1.465,1.585,1.465,1.58,173007,0
FGE,20091103,1.58,1.59,1.58,1.585,11434,0
FGE,20091104,1.9,1.905,1.78,1.89,1062812,0
FGE,20091105,1.89,2.07,1.89,1.89,360574,0
FGE,20091106,1.9,1.95,1.89,1.9,178873,0
FGE,20091109,1.94,1.94,1.9,1.91,117500,0
FGE,20091110,1.94,1.98,1.94,1.95,310065,0
FGE,20091111,1.95,1.96,1.94,1.94,75472,0
FGE,20091112,1.96,1.97,1.92,1.92,126451,0
FGE,20091113,1.94,1.98,1.93,1.96,33684,0
FGE,20091116,1.98,1.98,1.91,1.945,65070,0
FGE,20091117,1.945,1.945,1.88,1.88,98407,0
FGE,20091118,1.88,1.88,1.85,1.85,29047,0
FGE,20091119,1.88,1.88,1.86,1.88,40303,0
FGE,20091120,1.88,1.88,1.755,1.85,168444,0
FGE,20091123,1.85,1.89,1.79,1.85,43550,0
FGE,20091124,1.87,2,1.85,2,505052,0
FGE,20091125,2.05,2.08,1.94,1.95,315190,0
FGE,20091126,1.94,1.965,1.9,1.92,178998,0
FGE,20091127,1.92,1.975,1.85,1.95,179534,0
FGE,20091130,1.98,2.05,1.98,2.03,85586,0
FGE,20091201,2.05,2.05,2.02,2.05,54795,0
FGE,20091202,2.05,2.09,2.04,2.08,160993,0
FGE,20091203,2.07,2.08,2.02,2.04,648410,0
FGE,20091204,2.06,2.08,2,2.08,150308,0
FGE,20091207,2.09,2.23,2.09,2.18,187191,0
FGE,20091208,2.17,2.28,2.17,2.23,140324,0
FGE,20091209,2.23,2.23,2.13,2.2,149984,0
FGE,20091210,2.19,2.2,2.17,2.2,33000,0
FGE,20091211,2.17,2.18,2.13,2.16,38550,0
FGE,20091214,2.16,2.16,2.11,2.14,61888,0
FGE,20091215,2.14,2.17,2.14,2.16,36742,0
FGE,20091216,2.11,2.15,2.11,2.14,26318,0
FGE,20091217,2.15,2.18,2.12,2.18,63581,0
FGE,20091218,2.17,2.18,2.13,2.13,14501,0
FGE,20091221,2.13,2.13,2.08,2.08,111388,0
FGE,20091222,2.08,2.18,2.05,2.1,101043,0
FGE,20091223,2.1,2.17,2.1,2.17,99915,0
FGE,20091224,2.2,2.27,2.2,2.27,154992,0
FGE,20091225,2.27,2.27,2.27,2.27,0,0
FGE,20091228,2.27,2.27,2.27,2.27,0,0
FGE,20091229,2.28,2.5,2.28,2.5,132524,0
FGE,20091230,2.6,2.6,2.55,2.55,138832,0
FGE,20091231,2.57,2.59,2.53,2.53,280483,0
FGE,20100101,2.53,2.53,2.53,2.53,0,0
FGE,20100104,2.55,2.6,2.5,2.53,109251,0
FGE,20100105,2.53,2.56,2.5,2.55,152887,0
FGE,20100106,2.55,2.56,2.4,2.4,65230,0
FGE,20100107,2.5,2.53,2.41,2.5,40221,0
FGE,20100108,2.5,2.51,2.5,2.5,49373,0
FGE,20100111,2.5,2.5,2.43,2.43,38131,0
FGE,20100112,2.43,2.49,2.42,2.42,25512,0
FGE,20100113,2.4,2.4,2.23,2.32,89980,0
FGE,20100114,2.27,2.35,2.23,2.26,72669,0
FGE,20100115,2.25,2.25,2.04,2.1,183037,0
FGE,20100118,2.09,2.1,2.03,2.05,272641,0
FGE,20100119,2.05,2.08,2.02,2.05,165202,0
FGE,20100120,2.08,2.14,2.08,2.1,57543,0
FGE,20100121,2.09,2.1,2.05,2.1,83395,0
FGE,20100122,2.05,2.24,2.05,2.2,128872,0
FGE,20100125,2.17,2.17,2.15,2.17,21598,0
FGE,20100126,2.17,2.17,2.17,2.17,0,0
FGE,20100127,2.11,2.15,2.1,2.1,38511,0
FGE,20100128,2.15,2.15,2.05,2.06,46098,0
FGE,20100129,2.05,2.12,1.965,1.98,133283,0
FGE,20100201,1.82,1.9,1.81,1.895,318154,0
FGE,20100202,1.9,2.04,1.9,1.99,92305,0
FGE,20100203,2.14,2.2,2.08,2.2,68688,0
FGE,20100204,2.13,2.35,2.05,2.35,208525,0
FGE,20100205,2.27,2.3,2.2,2.26,173865,0
FGE,20100208,2.26,2.26,2.15,2.17,40309,0
FGE,20100209,2.22,2.22,2.22,2.22,3298,0
FGE,20100210,2.22,2.25,2.16,2.16,67855,0
FGE,20100211,2.25,2.25,2.17,2.22,117584,0
FGE,20100212,2.25,2.34,2.23,2.29,181973,0
FGE,20100215,2.29,2.3,2.26,2.3,50993,0
FGE,20100216,2.3,2.31,2.25,2.3,24830,0
FGE,20100217,2.27,2.29,2.26,2.29,41534,0
FGE,20100218,2.29,2.3,2.2,2.3,40501,0
FGE,20100219,2.26,2.26,2.23,2.26,24491,0
FGE,20100222,2.29,2.31,2.29,2.31,18005,0
FGE,20100223,2.31,2.31,2.31,2.31,0,0
FGE,20100224,2.32,2.32,2.12,2.19,1104985,0
FGE,20100225,2.2,2.26,2.19,2.2,151831,0
FGE,20100226,2.2,2.25,2.18,2.24,203119,0
FGE,20100301,2.25,2.38,2.25,2.32,261339,0
FGE,20100302,2.33,2.33,2.24,2.28,223523,0
FGE,20100303,2.28,2.31,2.28,2.3,233029,0
FGE,20100304,2.36,2.37,2.33,2.35,162752,0
FGE,20100305,2.36,2.38,2.36,2.38,93423,0
FGE,20100308,2.38,2.44,2.38,2.42,58693,0
FGE,20100309,2.41,2.41,2.37,2.37,79593,0
FGE,20100310,2.37,2.37,2.35,2.37,86989,0
FGE,20100311,2.37,2.4,2.32,2.32,86254,0
FGE,20100312,2.32,2.35,2.3,2.32,80578,0
FGE,20100315,2.32,2.32,2.26,2.28,181804,0
FGE,20100316,2.35,2.7,2.35,2.51,436129,0
FGE,20100317,2.58,2.69,2.58,2.65,338954,0
FGE,20100318,2.67,2.88,2.67,2.82,234278,0
FGE,20100319,2.85,2.85,2.66,2.76,220651,0
FGE,20100322,2.8,2.83,2.77,2.82,168350,0
FGE,20100323,2.86,2.92,2.8,2.92,122010,0
FGE,20100324,2.96,3.03,2.89,2.92,144732,0
FGE,20100325,2.89,2.89,2.78,2.85,138556,0
FGE,20100326,2.89,2.99,2.88,2.92,396311,0
FGE,20100329,2.93,3.02,2.93,3,154082,0
FGE,20100330,3,3,2.99,2.99,69163,0
FGE,20100331,2.99,3,2.93,2.93,127801,0
FGE,20100401,3,3,2.92,2.95,49295,0
FGE,20100402,2.95,2.95,2.95,2.95,0,0
FGE,20100405,2.95,2.95,2.95,2.95,0,0
FGE,20100406,3.02,3.1,2.93,2.96,435292,0
FGE,20100407,2.92,2.92,2.8,2.89,224152,0
FGE,20100408,2.88,2.88,2.8,2.88,228068,0
FGE,20100409,2.92,2.92,2.83,2.83,74254,0
FGE,20100412,2.81,2.82,2.65,2.7,461661,0
FGE,20100413,2.68,2.7,2.58,2.58,178243,0
FGE,20100414,2.56,2.98,2.56,2.9,348928,0
FGE,20100415,2.99,3,2.83,2.87,162144,0
FGE,20100416,2.84,2.98,2.83,2.92,168602,0
FGE,20100419,2.91,2.98,2.85,2.97,234674,0
FGE,20100420,2.96,3.05,2.96,3.02,239306,0
FGE,20100421,3.02,3.1,3.02,3.1,353116,0
FGE,20100422,3.09,3.09,3,3.05,105618,0
FGE,20100423,3.01,3.02,2.95,3,121766,0
FGE,20100426,3,3,3,3,0,0
FGE,20100427,2.98,3.01,2.95,3,108848,0
FGE,20100428,2.92,2.92,2.85,2.85,184201,0
FGE,20100429,2.85,2.85,2.72,2.8,167793,0
FGE,20100430,2.75,2.91,2.75,2.9,90143,0
FGE,20100503,2.75,2.8,2.73,2.75,150122,0
FGE,20100504,2.78,2.81,2.75,2.8,146239,0
FGE,20100505,2.7,2.82,2.65,2.81,122413,0
FGE,20100506,2.79,2.8,2.73,2.74,134561,0
FGE,20100507,2.5,2.69,2.36,2.48,271129,0
FGE,20100510,2.41,2.73,2.41,2.7,283092,0
FGE,20100511,2.74,2.8,2.72,2.78,116033,0
FGE,20100512,2.75,2.8,2.72,2.75,72387,0
FGE,20100513,2.8,2.87,2.77,2.85,56078,0
FGE,20100514,2.83,2.83,2.71,2.79,40825,0
FGE,20100517,2.69,2.7,2.64,2.68,55610,0
FGE,20100518,2.7,2.75,2.61,2.62,72435,0
FGE,20100519,2.59,2.59,2.47,2.52,83257,0
FGE,20100520,2.46,2.54,2.45,2.5,78892,0
FGE,20100521,2.31,2.5,2.28,2.49,254963,0
FGE,20100524,2.51,2.67,2.49,2.62,93889,0
FGE,20100525,2.61,2.61,2.4,2.45,74805,0
FGE,20100526,2.43,2.58,2.43,2.53,78775,0
FGE,20100527,2.54,2.54,2.5,2.54,18241,0
FGE,20100528,2.58,2.69,2.58,2.65,63047,0
FGE,20100531,2.6,2.65,2.58,2.64,69599,0
FGE,20100601,2.64,2.65,2.61,2.64,19642,0
FGE,20100602,2.6,2.66,2.6,2.64,59046,0
FGE,20100603,2.65,2.7,2.65,2.68,64804,0
FGE,20100604,2.68,2.87,2.68,2.84,66132,0
FGE,20100607,2.78,2.85,2.64,2.76,122629,0
FGE,20100608,2.76,2.79,2.68,2.79,11542,0
FGE,20100609,2.84,2.84,2.8,2.83,6481,0
FGE,20100610,2.8,2.8,2.75,2.77,31948,0
FGE,20100611,2.8,2.87,2.8,2.87,149123,0
FGE,20100614,2.87,2.87,2.87,2.87,0,0
FGE,20100615,2.89,2.95,2.84,2.93,61273,0
FGE,20100616,2.95,2.95,2.9,2.95,108262,0
FGE,20100617,2.96,3,2.95,2.99,40424,0
FGE,20100618,3,3.02,2.91,2.98,69843,0
FGE,20100621,2.97,3.03,2.96,3.01,80985,0
FGE,20100622,3.03,3.04,2.96,2.96,92568,0
FGE,20100623,2.97,2.99,2.96,2.97,18829,0
FGE,20100624,2.99,3,2.95,3,46388,0
FGE,20100625,2.94,3,2.94,2.97,74465,0
FGE,20100628,2.98,2.98,2.82,2.82,59177,0
FGE,20100629,2.83,2.87,2.82,2.82,50594,0
FGE,20100630,2.71,2.75,2.61,2.69,113869,0
FGE,20100701,2.74,2.74,2.65,2.66,44242,0
FGE,20100702,2.7,2.74,2.7,2.72,24918,0
FGE,20100705,2.75,2.75,2.67,2.67,42119,0
FGE,20100706,2.67,2.68,2.64,2.68,45632,0
FGE,20100707,2.69,2.69,2.65,2.68,10922,0
FGE,20100708,2.72,2.75,2.72,2.75,40498,0
FGE,20100709,2.75,2.85,2.75,2.85,133532,0
FGE,20100712,2.9,2.98,2.84,2.96,232414,0
FGE,20100713,2.89,2.96,2.85,2.95,55720,0
FGE,20100714,2.95,2.96,2.9,2.9,19660,0
FGE,20100715,2.95,2.96,2.87,2.9,25130,0
FGE,20100716,2.95,2.97,2.94,2.95,55401,0
FGE,20100719,2.8,2.88,2.8,2.85,26112,0
FGE,20100720,2.94,2.95,2.94,2.94,11500,0
FGE,20100721,2.93,2.94,2.88,2.92,26065,0
FGE,20100722,2.92,2.92,2.92,2.92,0,0
FGE,20100723,2.95,3.02,2.95,3,148847,0
FGE,20100726,3.06,3.15,3.03,3.07,245737,0
FGE,20100727,3.12,3.17,3.08,3.09,174288,0
FGE,20100728,3.11,3.12,2.97,3.05,108592,0
FGE,20100729,3.04,3.04,2.98,2.98,43676,0
FGE,20100730,2.97,3.1,2.94,3.1,86426,0
FGE,20100802,3.1,3.14,3.08,3.14,63786,0
FGE,20100803,3.15,3.25,3.14,3.15,247549,0
FGE,20100804,3.15,3.16,3.1,3.15,121664,0
FGE,20100805,3.15,3.15,3.05,3.07,101970,0
FGE,20100806,3.08,3.1,3.06,3.07,75796,0
FGE,20100809,3.1,3.14,3.06,3.14,79406,0
FGE,20100810,3.14,3.15,3.02,3.08,99046,0
FGE,20100811,3.15,3.16,3.09,3.09,105996,0
FGE,20100812,3.05,3.1,3,3.1,96763,0
FGE,20100813,3.05,3.1,3,3.05,97883,0
FGE,20100816,3.05,3.16,3.05,3.15,67141,0
FGE,20100817,3.23,3.31,3.23,3.25,442980,0
FGE,20100818,3.3,3.34,3.23,3.27,255031,0
FGE,20100819,3.29,3.33,3.26,3.29,122904,0
FGE,20100820,3.29,3.47,3.29,3.47,191723,0
FGE,20100823,3.49,3.5,3.44,3.48,200434,0
FGE,20100824,3.48,3.48,3.38,3.4,92537,0
FGE,20100825,3.37,3.37,3.23,3.25,117512,0
FGE,20100826,3.3,3.3,3.19,3.19,76614,0
FGE,20100827,3.18,3.36,3.18,3.33,76500,0
FGE,20100830,3.36,3.43,3.36,3.43,152357,0
FGE,20100831,3.43,3.48,3.43,3.46,124292,0
FGE,20100901,3.5,3.65,3.5,3.6,156444,0
FGE,20100902,3.64,3.68,3.51,3.52,161917,0
FGE,20100903,3.6,3.65,3.55,3.65,124796,0
FGE,20100906,3.73,3.82,3.72,3.79,544718,0
FGE,20100907,3.8,3.81,3.77,3.77,156786,0
FGE,20100908,3.74,3.75,3.62,3.62,131517,0
FGE,20100909,3.74,3.79,3.71,3.71,122279,0
FGE,20100910,3.8,3.82,3.76,3.78,132357,0
FGE,20100913,3.8,3.93,3.78,3.93,522720,0
FGE,20100914,4,4.05,3.9,3.9,239634,0
FGE,20100915,3.91,4.04,3.91,3.98,265074,0
FGE,20100916,3.99,4,3.91,3.92,123282,0
FGE,20100917,3.92,4,3.86,3.91,252185,0
FGE,20100920,3.94,3.95,3.87,3.87,98389,0
FGE,20100921,3.95,3.96,3.86,3.88,163021,0
FGE,20100922,3.87,3.89,3.8,3.88,137936,0
FGE,20100923,3.9,3.9,3.86,3.9,68465,0
FGE,20100924,3.9,3.93,3.89,3.9,304821,0
FGE,20100927,3.97,4.04,3.97,4.02,376027,0
FGE,20100928,4.02,4.09,4.02,4.05,332591,0
FGE,20100929,4.1,4.1,4.01,4.07,263803,0
FGE,20100930,4.09,4.1,4.05,4.07,413481,0
FGE,20101001,4.07,4.1,4,4,214823,0
FGE,20101004,4.02,4.09,4.02,4.04,111405,0
FGE,20101005,4.04,4.09,4.02,4.05,65820,0
FGE,20101006,4.07,4.1,4.03,4.05,136363,0
FGE,20101007,4.06,4.08,4.04,4.07,138933,0
FGE,20101008,4.07,4.14,4.06,4.14,186556,0
FGE,20101011,4.15,4.35,4.15,4.33,187312,0
FGE,20101012,4.4,4.55,4.4,4.43,220973,0
FGE,20101013,4.5,4.5,4.36,4.41,118599,0
FGE,20101014,4.42,4.46,4.4,4.4,114900,0
FGE,20101015,4.4,4.45,4.39,4.43,80448,0
FGE,20101018,4.43,4.43,4.2,4.27,140316,0
FGE,20101019,4.28,4.28,4.17,4.18,144972,0
FGE,20101020,4.15,4.16,4.01,4.08,170188,0
FGE,20101021,4.14,4.19,4.1,4.16,128747,0
FGE,20101022,4.2,4.25,4.13,4.17,102426,0
FGE,20101025,4.23,4.25,4.17,4.25,78108,0
FGE,20101026,4.26,4.29,4.2,4.21,86213,0
FGE,20101027,4.21,4.23,4.11,4.17,111815,0
FGE,20101028,4.25,4.35,4.25,4.29,286327,0
FGE,20101029,4.3,4.4,4.29,4.32,144060,0
FGE,20101101,4.35,4.45,4.34,4.36,169386,0
FGE,20101102,4.38,4.39,4.31,4.32,82722,0
FGE,20101103,4.34,4.35,4.3,4.3,123732,0
FGE,20101104,4.31,4.36,4.28,4.29,105755,0
FGE,20101105,4.35,4.4,4.31,4.33,219833,0
FGE,20101108,4.35,4.49,4.35,4.49,225211,0
FGE,20101109,4.52,4.74,4.52,4.59,508067,0
FGE,20101110,4.65,4.78,4.62,4.75,469427,0
FGE,20101111,4.8,4.99,4.77,4.92,268977,0
FGE,20101112,4.91,4.96,4.85,4.9,203765,0
FGE,20101115,4.9,5,4.9,4.97,495491,0
FGE,20101116,4.99,5,4.93,4.98,408369,0
FGE,20101117,4.87,4.87,4.71,4.73,3527397,0
FGE,20101118,4.76,4.9,4.76,4.84,388513,0
FGE,20101119,4.9,4.96,4.88,4.9,475519,0
FGE,20101122,4.95,4.96,4.9,4.91,356751,0
FGE,20101123,4.94,4.94,4.82,4.82,210436,0
FGE,20101124,4.81,4.82,4.75,4.78,220073,0
FGE,20101125,4.8,4.8,4.75,4.78,102989,0
FGE,20101126,4.78,4.78,4.72,4.77,131026,0
FGE,20101129,4.77,4.8,4.73,4.75,68994,0
FGE,20101130,4.75,4.75,4.51,4.6,312525,0
FGE,20101201,4.59,4.59,4.51,4.53,197225,0
FGE,20101202,4.6,4.65,4.56,4.6,579874,0
FGE,20101203,4.6,4.65,4.55,4.59,1188534,0
FGE,20101206,4.61,4.63,4.56,4.59,183610,0
FGE,20101207,4.6,4.7,4.6,4.69,345794,0
FGE,20101208,4.8,4.8,4.61,4.62,270486,0
FGE,20101209,4.62,4.68,4.6,4.65,117670,0
FGE,20101210,4.62,4.68,4.57,4.6,130366,0
FGE,20101213,4.6,4.65,4.57,4.6,138146,0
FGE,20101214,4.64,4.66,4.59,4.63,240994,0
FGE,20101215,4.65,4.75,4.65,4.7,272291,0
FGE,20101216,4.75,4.8,4.71,4.8,131948,0
FGE,20101217,4.85,4.97,4.81,4.89,312371,0
FGE,20101220,4.95,4.99,4.92,4.98,371173,0
FGE,20101221,4.98,4.99,4.9,4.92,321560,0
FGE,20101222,4.93,4.97,4.82,4.83,263510,0
FGE,20101223,4.87,4.96,4.87,4.9,183046,0
FGE,20101224,4.94,4.94,4.85,4.89,149448,0
FGE,20101227,4.89,4.89,4.89,4.89,0,0
FGE,20101228,4.89,4.89,4.89,4.89,0,0
FGE,20101229,4.92,4.95,4.83,4.91,267296,0
FGE,20101230,4.91,4.95,4.88,4.91,170422,0
FGE,20101231,4.91,4.96,4.9,4.95,81531,0
FGE,20110103,4.95,4.95,4.95,4.95,0,0
FGE,20110104,4.96,4.98,4.93,4.93,160436,0
FGE,20110105,4.95,4.95,4.89,4.92,216474,0
FGE,20110106,4.94,4.94,4.89,4.9,214709,0
FGE,20110107,4.92,4.92,4.83,4.83,256540,0
FGE,20110110,4.83,4.91,4.83,4.85,128135,0
FGE,20110111,4.9,4.96,4.87,4.92,139906,0
FGE,20110112,4.93,4.98,4.92,4.98,200374,0
FGE,20110113,5,5.29,5,5.22,501288,0
FGE,20110114,5.25,5.32,5.2,5.3,237426,0
FGE,20110117,5.38,5.52,5.38,5.48,314309,0
FGE,20110118,5.48,5.48,5.43,5.44,184071,0
FGE,20110119,5.45,5.48,5.44,5.45,104659,0
FGE,20110120,5.45,5.45,5.35,5.37,270674,0
FGE,20110121,5.37,5.44,5.3,5.41,185210,0
FGE,20110124,5.41,5.48,5.36,5.4,141533,0
FGE,20110125,5.45,5.48,5.41,5.45,81567,0
FGE,20110126,5.45,5.45,5.45,5.45,0,0
FGE,20110127,5.49,5.49,5.46,5.47,115289,0
FGE,20110128,5.49,5.49,5.32,5.44,161780,0
FGE,20110131,5.41,5.43,5.33,5.38,194196,0
FGE,20110201,5.41,5.49,5.4,5.46,78633,0
FGE,20110202,5.46,5.67,5.46,5.59,421776,0
FGE,20110203,5.62,5.74,5.6,5.74,254763,0
FGE,20110204,5.81,5.85,5.7,5.78,253905,0
FGE,20110207,5.81,5.99,5.79,5.96,273779,0
FGE,20110208,5.96,6.21,5.9,6.14,521393,0
FGE,20110209,6.2,6.45,6.2,6.34,566218,0
FGE,20110210,6.34,6.35,6.15,6.28,252488,0
FGE,20110211,6.3,6.4,6.27,6.3,244294,0
FGE,20110214,6.41,6.41,6.33,6.35,346281,0
FGE,20110215,6.4,6.46,6.36,6.39,323390,0
FGE,20110216,6.41,6.45,6.39,6.39,260817,0
FGE,20110217,6.41,6.49,6.41,6.47,306374,0
FGE,20110218,6.49,6.5,6.32,6.33,274270,0
FGE,20110221,6.41,6.41,6.02,6.16,341093,0
FGE,20110222,6.13,6.37,6.13,6.35,269946,0
FGE,20110223,6.26,6.31,6.12,6.17,201361,0
FGE,20110224,6.19,6.27,6.1,6.2,153878,0
FGE,20110225,6.21,6.35,6.15,6.28,125047,0
FGE,20110228,6.35,6.42,6.33,6.4,126233,0
FGE,20110301,6.38,6.39,6.23,6.29,246477,0
FGE,20110302,6.25,6.27,6.11,6.16,257435,0
FGE,20110303,6.19,6.19,6.11,6.13,213749,0
FGE,20110304,6.27,6.46,6.25,6.44,372643,0
FGE,20110307,6.46,6.7,6.46,6.65,329947,0
FGE,20110308,6.59,6.8,6.59,6.8,251405,0
FGE,20110309,6.83,6.94,6.6,6.74,419462,0
FGE,20110310,6.61,6.7,6.41,6.48,377038,0
FGE,20110311,6.3,6.33,5.9,6.25,648861,0
FGE,20110314,6.12,6.24,5.57,6.18,738135,0
FGE,20110315,6.23,6.45,6.03,6.03,508839,0
FGE,20110316,6.02,6.18,6.02,6.18,337627,0
FGE,20110317,6.15,6.15,5.79,6.04,406551,0
FGE,20110318,6.12,6.6,6.12,6.6,1231197,0
FGE,20110321,6.63,6.7,6.45,6.5,268583,0
FGE,20110322,6.52,6.62,6.52,6.56,291494,0
FGE,20110323,6.56,6.56,6.49,6.56,182726,0
FGE,20110324,6.51,6.6,6.41,6.49,121687,0
FGE,20110325,6.52,6.79,6.52,6.61,451732,0
FGE,20110328,6.69,6.79,6.65,6.67,218263,0
FGE,20110329,6.7,6.75,6.68,6.72,160736,0
FGE,20110330,6.72,6.75,6.68,6.68,150026,0
FGE,20110331,6.73,6.74,6.69,6.73,163544,0
FGE,20110401,6.73,6.78,6.69,6.76,187142,0
FGE,20110404,6.79,6.89,6.77,6.82,271730,0
FGE,20110405,6.88,6.89,6.81,6.82,185384,0
FGE,20110406,6.85,6.86,6.79,6.82,109188,0
FGE,20110407,6.8,6.82,6.75,6.8,372268,0
FGE,20110408,6.8,6.81,6.7,6.8,187891,0
FGE,20110411,6.81,7.03,6.8,6.93,336737,0
FGE,20110412,7,7.06,6.82,6.85,247799,0
FGE,20110413,6.84,6.84,6.62,6.75,154114,0
FGE,20110414,6.79,6.79,6.65,6.69,75980,0
FGE,20110415,6.7,6.75,6.66,6.71,70641,0
FGE,20110418,6.7,6.73,6.55,6.58,152451,0
FGE,20110419,6.5,6.52,6.21,6.3,326044,0
FGE,20110420,6.29,6.57,6.29,6.56,129850,0
FGE,20110421,6.65,6.7,6.55,6.6,70262,0
FGE,20110422,6.6,6.6,6.6,6.6,0,0
FGE,20110425,6.6,6.6,6.6,6.6,0,0
FGE,20110426,6.6,6.6,6.6,6.6,0,0
FGE,20110427,6.54,6.58,6.36,6.41,127131,0
FGE,20110428,6.4,6.4,6,6.13,272136,0
FGE,20110429,6.11,6.11,5.84,6.03,542645,0
FGE,20110502,5.99,5.99,5.85,5.92,291895,0
FGE,20110503,5.89,5.92,5.75,5.85,401638,0
FGE,20110504,5.86,6.2,5.85,6.06,215896,0
FGE,20110505,6.06,6.2,5.95,6.13,140386,0
FGE,20110506,6.2,6.26,6.08,6.2,137014,0
FGE,20110509,6.25,6.42,6.25,6.31,213270,0
FGE,20110510,6.35,6.4,6.32,6.36,85184,0
FGE,20110511,6.39,6.48,6.37,6.47,105591,0
FGE,20110512,6.42,6.42,6.2,6.3,141372,0
FGE,20110513,6.23,6.34,6.13,6.23,61597,0
FGE,20110516,6.24,6.24,6.03,6.08,72510,0
FGE,20110517,6.04,6.14,5.9,6.14,168572,0
FGE,20110518,6.13,6.15,5.96,6.13,83200,0
FGE,20110519,6.13,6.27,6.08,6.18,101970,0
FGE,20110520,6.19,6.44,6.19,6.4,288279,0
FGE,20110523,6.34,6.34,6.05,6.1,139921,0
FGE,20110524,6.01,6.01,5.9,5.96,183717,0
FGE,20110525,5.97,5.99,5.85,5.92,147733,0
FGE,20110526,5.88,5.92,5.77,5.9,196461,0
FGE,20110527,5.9,5.92,5.76,5.86,238469,0
FGE,20110530,5.86,5.93,5.57,5.6,352699,0
FGE,20110531,5.52,5.55,5.16,5.32,1478042,0
FGE,20110601,5.34,5.6,5.34,5.4,594120,0
FGE,20110602,5.3,5.39,5.22,5.26,370500,0
FGE,20110603,5.32,5.47,5.27,5.4,461779,0
FGE,20110606,5.3,5.34,5.12,5.14,455432,0
FGE,20110607,5.13,5.14,4.9,5.14,511649,0
FGE,20110608,5.16,5.31,5.12,5.31,266426,0
FGE,20110609,5.3,5.35,5.22,5.29,432373,0
FGE,20110610,5.32,5.47,5.32,5.43,153218,0
FGE,20110613,5.43,5.43,5.43,5.43,0,0
FGE,20110614,5.44,5.46,5.34,5.35,83554,0
FGE,20110615,5.38,5.46,5.38,5.4,142884,0
FGE,20110616,5.34,5.47,5.32,5.45,176241,0
FGE,20110617,5.45,5.59,5.35,5.5,201029,0
FGE,20110620,5.55,5.58,5.39,5.4,146821,0
FGE,20110621,5.42,5.5,5.3,5.37,137647,0
FGE,20110622,5.33,5.49,5.33,5.49,137691,0
FGE,20110623,5.46,5.51,5.4,5.4,106413,0
FGE,20110624,5.43,5.43,5.32,5.37,61426,0
FGE,20110627,5.3,5.3,5.11,5.11,133029,0
FGE,20110628,5.16,5.24,5.12,5.24,128584,0
FGE,20110629,5.26,5.39,5.25,5.33,154634,0
FGE,20110630,5.33,5.47,5.33,5.46,152651,0
FGE,20110701,5.47,5.53,5.45,5.46,99598,0
FGE,20110704,5.54,5.84,5.54,5.77,289308,0
FGE,20110705,5.87,5.9,5.77,5.8,212137,0
FGE,20110706,5.81,5.9,5.8,5.9,140826,0
FGE,20110707,5.95,5.97,5.83,5.85,104371,0
FGE,20110708,5.9,5.96,5.87,5.93,109397,0
FGE,20110711,5.9,5.9,5.8,5.83,75769,0
FGE,20110712,5.72,5.72,5.46,5.53,217771,0
FGE,20110713,5.53,5.53,5.47,5.5,113005,0
FGE,20110714,5.52,5.63,5.39,5.41,153536,0
FGE,20110715,5.35,5.41,5.2,5.3,192072,0
FGE,20110718,5.3,5.36,5.22,5.26,84584,0
FGE,20110719,5.24,5.25,5.11,5.2,233655,0
FGE,20110720,5.27,5.38,5.27,5.35,68967,0
FGE,20110721,5.38,5.49,5.35,5.46,167268,0
FGE,20110722,5.5,5.61,5.5,5.55,136767,0
FGE,20110725,5.6,5.6,5.31,5.34,119625,0
FGE,20110726,5.33,5.49,5.31,5.43,61989,0
FGE,20110727,5.34,5.45,5.33,5.4,48501,0
FGE,20110728,5.35,5.44,5.23,5.44,144134,0
FGE,20110729,5.44,5.44,5.28,5.39,64315,0
FGE,20110801,5.37,5.49,5.35,5.45,113080,0
FGE,20110802,5.42,5.47,5.42,5.46,85075,0
FGE,20110803,5.32,5.35,5.2,5.25,147186,0
FGE,20110804,5.25,5.28,5.11,5.2,191184,0
FGE,20110805,4.98,4.98,4.66,4.81,814532,0
FGE,20110808,4.66,4.8,4.45,4.47,404915,0
FGE,20110809,4.03,4.5,4.02,4.44,523365,0
FGE,20110810,4.7,5,4.7,4.86,275702,0
FGE,20110811,4.56,4.85,4.51,4.78,182845,0
FGE,20110812,4.99,4.99,4.81,4.83,106718,0
FGE,20110815,4.9,5.25,4.9,5.05,127129,0
FGE,20110816,5.12,5.15,5,5.1,140780,0
FGE,20110817,5.12,5.42,5.04,5.4,271266,0
FGE,20110818,5.47,5.47,5.28,5.33,164771,0
FGE,20110819,5.06,5.25,5,5.02,140563,0
FGE,20110822,5,5.22,5,5.05,106346,0
FGE,20110823,5.06,5.17,5.01,5.13,106902,0
FGE,20110824,5.16,5.25,5.01,5.06,130814,0
FGE,20110825,5.1,5.1,4.93,4.98,168324,0
FGE,20110826,4.91,5.05,4.91,5.02,68682,0
FGE,20110829,5.05,5.14,5.05,5.12,79476,0
FGE,20110830,5.1,5.38,5.1,5.35,183726,0
FGE,20110831,5.4,5.48,5.4,5.46,324334,0
FGE,20110901,5.49,5.56,5.42,5.45,134321,0
FGE,20110902,5.35,5.41,5.31,5.35,79076,0
FGE,20110905,5.34,5.34,5.2,5.27,81147,0
FGE,20110906,5.16,5.16,4.98,5.07,62409,0
FGE,20110907,5.08,5.25,5.08,5.24,93148,0
FGE,20110908,5.3,5.34,5.11,5.14,32581,0
FGE,20110909,5.14,5.26,5.12,5.2,62531,0
FGE,20110912,5.05,5.08,4.91,4.98,154292,0
FGE,20110913,5.05,5.13,5,5.11,189649,0
FGE,20110914,5.06,5.1,4.84,4.88,137626,0
FGE,20110915,5,5,4.75,4.78,135817,0
FGE,20110916,4.83,4.91,4.83,4.85,176713,0
FGE,20110919,4.84,4.88,4.79,4.81,64841,0
FGE,20110920,4.8,4.81,4.76,4.79,65667,0
FGE,20110921,4.8,4.91,4.65,4.68,141815,0
FGE,20110922,4.6,4.61,4.25,4.39,183796,0
FGE,20110923,4.24,4.43,4.13,4.24,271816,0
FGE,20110926,4.31,4.45,4.12,4.2,187550,0
FGE,20110927,4.25,4.32,4,4.1,402245,0
FGE,20110928,4.15,4.3,4.14,4.3,230847,0
FGE,20110929,4.25,4.4,4.21,4.38,65357,0
FGE,20110930,4.45,4.45,4.27,4.36,45120,0
FGE,20111003,4.26,4.36,4.21,4.33,70939,0
FGE,20111004,4.32,4.32,4.2,4.22,62719,0
FGE,20111005,4.22,4.22,4.15,4.18,98594,0
FGE,20111006,4.22,4.39,4.21,4.28,217928,0
FGE,20111007,4.36,4.44,4.29,4.33,375096,0
FGE,20111010,4.3,4.56,4.3,4.47,272493,0
FGE,20111011,4.63,4.76,4.61,4.71,122524,0
FGE,20111012,4.71,4.75,4.66,4.69,46234,0
FGE,20111013,4.75,4.84,4.7,4.79,137305,0
FGE,20111014,4.85,4.86,4.75,4.77,127532,0
FGE,20111017,4.8,4.95,4.8,4.95,134066,0
FGE,20111018,4.86,4.92,4.8,4.8,162662,0
FGE,20111019,4.84,4.92,4.82,4.83,68956,0
FGE,20111020,4.78,4.78,4.65,4.66,59040,0
FGE,20111021,4.71,4.71,4.57,4.61,37824,0
FGE,20111024,4.6,4.92,4.6,4.86,85859,0
FGE,20111025,4.92,4.93,4.74,4.79,81089,0
FGE,20111026,4.76,4.76,4.66,4.71,82036,0
FGE,20111027,4.73,4.86,4.73,4.8,196559,0
FGE,20111028,4.99,5.13,4.85,4.88,189305,0
FGE,20111031,4.77,4.84,4.73,4.77,65740,0
FGE,20111101,4.74,4.74,4.56,4.56,198162,0
FGE,20111102,4.5,4.64,4.41,4.59,118051,0
FGE,20111103,4.6,4.6,4.49,4.51,130034,0
FGE,20111104,4.54,4.64,4.45,4.47,103327,0
FGE,20111107,4.44,4.69,4.44,4.6,55060,0
FGE,20111108,4.6,4.71,4.56,4.71,45011,0
FGE,20111109,4.8,4.86,4.72,4.72,163971,0
FGE,20111110,4.64,4.64,4.54,4.55,44449,0
FGE,20111111,4.55,4.67,4.55,4.65,101578,0
FGE,20111114,4.69,4.75,4.61,4.64,299034,0
FGE,20111115,4.68,4.72,4.62,4.67,153213,0
FGE,20111116,4.65,4.74,4.65,4.65,63868,0
FGE,20111117,4.65,4.67,4.65,4.67,157687,0
FGE,20111118,4.63,4.65,4.6,4.65,37356,0
FGE,20111121,4.65,4.65,4.6,4.6,57549,0
FGE,20111122,4.6,4.6,4.48,4.51,94582,0
FGE,20111123,4.47,4.55,4.47,4.52,225070,0
FGE,20111124,4.46,4.54,4.4,4.52,67444,0
FGE,20111125,4.48,4.54,4.38,4.43,83576,0
FGE,20111128,4.4,4.43,4.35,4.41,28190,0
FGE,20111129,4.4,4.51,4.4,4.48,65610,0
FGE,20111130,4.45,4.55,4.45,4.5,100977,0
FGE,20111201,4.62,4.65,4.53,4.56,73697,0
FGE,20111202,4.54,4.6,4.45,4.5,78840,0
FGE,20111205,4.5,4.55,4.45,4.48,79106,0
FGE,20111206,4.5,4.64,4.5,4.6,143377,0
FGE,20111207,4.6,4.85,4.59,4.85,292610,0
FGE,20111208,4.87,4.99,4.87,4.9,492501,0
FGE,20111209,4.89,4.89,4.75,4.8,129335,0
FGE,20111212,4.9,4.91,4.79,4.79,76609,0
FGE,20111213,4.77,4.87,4.75,4.82,66066,0
FGE,20111214,4.81,4.89,4.76,4.88,67626,0
FGE,20111215,4.85,4.85,4.75,4.76,129225,0
FGE,20111216,4.75,4.81,4.75,4.78,135287,0
FGE,20111219,4.7,4.7,4.42,4.63,390656,0
FGE,20111220,4.5,4.61,4.46,4.55,107026,0
FGE,20111221,4.65,4.69,4.63,4.64,63221,0
FGE,20111222,4.64,4.75,4.63,4.74,86016,0
FGE,20111223,4.74,4.81,4.74,4.81,79152,0
FGE,20111226,4.81,4.81,4.81,4.81,0,0
FGE,20111227,4.81,4.81,4.81,4.81,0,0
FGE,20111228,4.81,4.87,4.81,4.86,89299,0
FGE,20111229,4.83,4.84,4.72,4.83,25210,0
FGE,20111230,4.82,4.87,4.77,4.81,37746,0
FGE,20120102,4.81,4.81,4.81,4.81,0,0
FGE,20120103,4.85,4.85,4.75,4.85,25963,0
FGE,20120104,4.9,4.9,4.75,4.87,56696,0
FGE,20120105,4.88,4.92,4.79,4.88,42878,0
FGE,20120106,4.82,4.93,4.82,4.92,52270,0
FGE,20120109,4.95,4.97,4.9,4.97,71476,0
FGE,20120110,4.97,5.09,4.97,5.08,109402,0
FGE,20120111,5.1,5.2,5.1,5.19,125934,0
FGE,20120112,5.19,5.19,5.19,5.19,0,0
FGE,20120113,5.34,5.57,5.2,5.25,323719,0
FGE,20120116,5.28,5.48,5.26,5.4,364903,0
FGE,20120117,5.49,5.49,5.36,5.38,116441,0
FGE,20120118,5.39,5.4,5.26,5.28,108283,0
FGE,20120119,5.26,5.35,5.09,5.11,152896,0
FGE,20120120,5.12,5.24,5.12,5.24,96291,0
FGE,20120123,5.24,5.25,5.18,5.22,84920,0
FGE,20120124,5.2,5.24,5.18,5.19,73386,0
FGE,20120125,5.19,5.32,5.19,5.29,96366,0
FGE,20120126,5.29,5.29,5.29,5.29,0,0
FGE,20120127,5.27,5.39,5.27,5.34,107178,0
FGE,20120130,5.35,5.46,5.35,5.42,182666,0
FGE,20120131,5.44,5.5,5.39,5.45,132598,0
FGE,20120201,5.5,5.79,5.5,5.76,259853,0
FGE,20120202,5.85,6,5.85,6,288496,0
FGE,20120203,6,6.01,5.84,5.84,206196,0
FGE,20120206,5.95,6.12,5.94,5.99,241793,0
FGE,20120207,5.95,6.1,5.95,6.05,103690,0
FGE,20120208,6.1,6.24,6.1,6.2,167153,0
FGE,20120209,6.2,6.22,6.17,6.18,109011,0
FGE,20120210,6.2,6.25,6.15,6.25,145845,0
FGE,20120213,6.22,6.39,6.15,6.25,110984,0
FGE,20120214,6.2,6.28,6.11,6.11,120254,0
FGE,20120215,6.1,6.1,5.91,6.02,145581,0
FGE,20120216,5.95,5.98,5.52,5.64,288638,0
FGE,20120217,5.68,5.7,5.45,5.53,550021,0
FGE,20120220,5.52,5.75,5.47,5.75,188302,0
FGE,20120221,5.81,5.99,5.81,5.95,239957,0
FGE,20120222,5.93,6,5.86,5.99,141528,0
FGE,20120223,5.96,6,5.9,5.98,136920,0
FGE,20120224,5.95,6.03,5.9,5.97,119590,0
FGE,20120227,5.96,5.99,5.85,5.86,76626,0
FGE,20120228,5.88,5.88,5.61,5.68,336517,0
FGE,20120229,5.65,5.89,5.63,5.82,154881,0
FGE,20120301,5.82,5.82,5.7,5.78,167688,0
FGE,20120302,5.8,5.93,5.74,5.92,89452,0
FGE,20120305,5.91,5.98,5.85,5.98,103663,0
FGE,20120306,5.97,5.97,5.75,5.84,124483,0
FGE,20120307,5.75,5.87,5.64,5.87,174830,0
FGE,20120308,5.91,6.09,5.9,6.04,499915,0
FGE,20120309,6.07,6.17,5.98,6.08,253271,0
FGE,20120312,6.1,6.25,6.08,6.25,209710,0
FGE,20120313,6.27,6.45,6.26,6.41,424265,0
FGE,20120314,6.46,6.66,6.43,6.55,500350,0
FGE,20120315,6.5,6.5,6.35,6.5,171799,0
FGE,20120316,6.49,6.55,6.42,6.52,204589,0
FGE,20120319,6.51,6.53,6.45,6.52,302107,0
FGE,20120320,6.5,6.51,6.47,6.49,257982,0
FGE,20120321,6.44,6.45,6.32,6.35,424394,0
FGE,20120322,6.3,6.38,6.24,6.36,215665,0
FGE,20120323,6.36,6.37,6.18,6.34,92255,0
FGE,20120326,6.34,6.43,6.34,6.43,134977,0
FGE,20120327,6.45,6.52,6.44,6.5,393349,0
FGE,20120328,6.46,6.85,6.46,6.7,273085,0
FGE,20120329,6.7,6.7,6.6,6.62,178438,0
FGE,20120330,6.62,6.77,6.62,6.77,147105,0
FGE,20120402,6.77,6.86,6.69,6.7,171996,0
FGE,20120403,6.7,6.76,6.62,6.66,204683,0
FGE,20120404,6.6,6.6,6.25,6.4,362314,0
FGE,20120405,6.4,6.4,6.15,6.31,224801,0
FGE,20120406,6.31,6.31,6.31,6.31,0,0
FGE,20120409,6.31,6.31,6.31,6.31,0,0
FGE,20120410,6.17,6.39,6.15,6.39,125086,0
FGE,20120411,6.32,6.32,6.15,6.16,368134,0
FGE,20120412,6.17,6.4,6.17,6.33,185902,0
FGE,20120413,6.39,6.43,6.25,6.28,264446,0
FGE,20120416,6.25,6.32,6.13,6.32,125896,0
FGE,20120417,6.25,6.29,6.15,6.16,109137,0
FGE,20120418,6.2,6.24,6.17,6.17,123594,0
FGE,20120419,6.15,6.19,5.99,6.11,200751,0
FGE,20120420,6.06,6.07,5.92,5.98,354169,0
FGE,20120423,5.96,6.13,5.96,6.11,171525,0
FGE,20120424,6.1,6.14,6.05,6.09,120425,0
FGE,20120425,6.09,6.09,6.09,6.09,0,0
FGE,20120426,6.1,6.21,6.09,6.21,178597,0
FGE,20120427,6.22,6.29,6.19,6.26,115957,0
FGE,20120430,6.28,6.29,6.26,6.27,49978,0
FGE,20120501,6.27,6.4,6.27,6.4,166213,0
FGE,20120502,6.43,6.45,6.17,6.17,173501,0
FGE,20120503,6.16,6.2,6.01,6.2,161387,0
FGE,20120504,6.2,6.2,6.04,6.07,171430,0
FGE,20120507,6,6,5.72,5.8,314251,0
FGE,20120508,5.76,5.85,5.64,5.68,548283,0
FGE,20120509,5.55,5.59,5.42,5.5,612733,0
FGE,20120510,5.4,5.58,5.31,5.54,400112,0
FGE,20120511,5.55,5.62,5.48,5.57,127415,0
FGE,20120514,5.51,5.64,5.5,5.54,116982,0
FGE,20120515,5.53,5.53,5.35,5.37,201912,0
FGE,20120516,5.25,5.28,5.02,5.08,263250,0
FGE,20120517,5.05,5.19,4.9,5.1,458386,0
FGE,20120518,5,5.17,4.91,5.01,456331,0
FGE,20120521,4.95,4.95,4.74,4.9,250640,0
FGE,20120522,5,5.17,5,5.13,180397,0
FGE,20120523,5.15,5.15,4.95,4.98,103256,0
FGE,20120524,5.01,5.06,4.98,5.01,158959,0
FGE,20120525,4.99,5.01,4.85,4.92,136375,0
FGE,20120528,4.93,4.97,4.89,4.92,71670,0
FGE,20120529,4.95,5.13,4.9,5.13,121454,0
FGE,20120530,5.14,5.15,4.95,4.99,110427,0
FGE,20120531,4.93,5.05,4.87,4.95,204923,0
FGE,20120601,4.92,4.92,4.74,4.74,249573,0
FGE,20120604,4.48,4.62,4.4,4.6,248702,0
FGE,20120605,4.59,4.72,4.59,4.71,163867,0
FGE,20120606,4.77,4.83,4.72,4.79,91938,0
FGE,20120607,4.99,4.99,4.66,4.69,262692,0
FGE,20120608,4.75,4.78,4.53,4.55,270866,0
FGE,20120611,4.55,4.55,4.55,4.55,0,0
FGE,20120612,4.55,4.67,4.53,4.58,349891,0
FGE,20120613,4.62,4.86,4.58,4.8,205882,0
FGE,20120614,4.8,4.8,4.7,4.77,88683,0
FGE,20120615,4.8,4.84,4.69,4.8,178796,0
FGE,20120618,4.83,4.99,4.83,4.95,217723,0
FGE,20120619,4.99,4.99,4.83,4.86,83966,0
FGE,20120620,4.9,4.9,4.72,4.75,124826,0
FGE,20120621,4.79,4.79,4.68,4.72,78875,0
FGE,20120622,4.64,4.73,4.55,4.64,68097,0
FGE,20120625,4.59,4.63,4.51,4.51,118565,0
FGE,20120626,4.51,4.59,4.24,4.35,312896,0
FGE,20120627,4.36,4.36,4.17,4.31,378239,0
FGE,20120628,4.36,4.43,4.32,4.37,264072,0
FGE,20120629,4.37,4.43,4.27,4.37,355487,0
FGE,20120702,4.51,4.74,4.49,4.6,258932,0
FGE,20120703,4.63,4.65,4.33,4.41,197988,0
FGE,20120704,4.48,4.5,4.38,4.49,243467,0
FGE,20120705,4.47,4.49,4.39,4.44,151610,0
FGE,20120706,4.46,4.56,4.42,4.54,77395,0
FGE,20120709,4.52,4.61,4.42,4.42,117196,0
FGE,20120710,4.4,4.45,4.28,4.29,198255,0
FGE,20120711,4.31,4.32,4.25,4.29,90227,0
FGE,20120712,4.28,4.35,4.28,4.3,262530,0
FGE,20120713,4.3,4.35,4.23,4.24,148447,0
FGE,20120716,4.32,4.33,4.28,4.32,93262,0
FGE,20120717,4.38,4.38,4.29,4.33,82836,0
FGE,20120718,4.39,4.39,4.29,4.29,98404,0
FGE,20120719,4.3,4.36,4.25,4.29,156508,0
FGE,20120720,4.31,4.57,4.3,4.42,268760,0
FGE,20120723,4.43,4.49,4.35,4.4,101283,0
FGE,20120724,4.4,4.4,4.27,4.31,89796,0
FGE,20120725,4.3,4.3,4.12,4.13,322775,0
FGE,20120726,4.15,4.17,4.1,4.11,134143,0
FGE,20120727,4.18,4.38,4.16,4.34,121843,0
FGE,20120730,4.37,4.44,4.25,4.25,222609,0
FGE,20120731,4.32,4.37,4.26,4.31,66134,0
FGE,20120801,4.26,4.35,4.24,4.26,47501,0
FGE,20120802,4.26,4.26,4.19,4.22,73285,0
FGE,20120803,4.22,4.4,4.15,4.31,340350,0
FGE,20120806,4.4,4.42,4.34,4.36,80624,0
FGE,20120807,4.36,4.42,4.34,4.34,90651,0
FGE,20120808,4.34,4.48,4.31,4.42,122010,0
FGE,20120809,4.45,4.61,4.45,4.59,215454,0
FGE,20120810,4.63,4.7,4.52,4.53,133617,0
FGE,20120813,4.61,4.63,4.56,4.6,79245,0
FGE,20120814,4.59,4.64,4.52,4.54,115932,0
FGE,20120815,4.57,4.72,4.57,4.65,222044,0
FGE,20120816,4.7,4.86,4.69,4.85,258566,0
FGE,20120817,4.94,5.08,4.88,5.03,294174,0
FGE,20120820,5.03,5.13,5,5.08,214898,0
FGE,20120821,5.08,5.15,4.99,5.03,237173,0
FGE,20120822,4.99,5.05,4.91,5.05,439490,0
FGE,20120823,5.05,5.05,5,5,295421,0
FGE,20120824,4.91,5,4.75,4.82,189040,0
FGE,20120827,4.88,4.88,4.64,4.66,177834,0
FGE,20120828,4.67,4.67,4.5,4.58,315318,0
FGE,20120829,4.61,4.61,4.52,4.55,120259,0
FGE,20120830,4.55,4.55,4.16,4.2,254722,0
FGE,20120831,4.1,4.22,4.05,4.1,379331,0
FGE,20120903,4.15,4.35,4.05,4.17,262569,0
FGE,20120904,4.18,4.23,3.91,4,439181,0
FGE,20120905,4,4,3.75,3.95,311360,0
FGE,20120906,3.95,3.95,3.78,3.83,240951,0
FGE,20120907,3.92,4.1,3.92,4.08,197748,0
FGE,20120910,4.15,4.18,4.12,4.16,368595,0
FGE,20120911,4.16,4.33,4.15,4.18,176178,0
FGE,20120912,4.18,4.35,4.18,4.31,105378,0
FGE,20120913,4.31,4.33,4.22,4.26,113524,0
FGE,20120914,4.35,4.44,4.31,4.37,120825,0
FGE,20120917,4.31,4.39,4.2,4.3,100699,0
FGE,20120918,4.3,4.35,4.19,4.19,69288,0
FGE,20120919,4.18,4.18,4.1,4.11,129935,0
FGE,20120920,4.08,4.08,3.96,4.03,112555,0
FGE,20120921,4.05,4.11,4.03,4.07,91223,0
FGE,20120924,4.07,4.07,4,4.02,103145,0
FGE,20120925,4,4.06,3.98,4.01,83715,0
FGE,20120926,4.01,4.03,3.95,3.99,103236,0
FGE,20120927,3.99,4,3.92,3.96,93013,0
FGE,20120928,3.95,3.96,3.91,3.94,85431,0
FGE,20121001,3.96,3.96,3.83,3.86,119119,0
FGE,20121002,3.9,3.96,3.88,3.95,97933,0
FGE,20121003,3.97,4.09,3.97,4.07,195783,0
FGE,20121004,4.07,4.09,3.96,4,100814,0
FGE,20121005,4,4.08,3.96,4.02,72673,0
FGE,20121008,4.04,4.08,3.98,4.04,76051,0
FGE,20121009,4,4.04,3.99,4.01,114428,0
FGE,20121010,3.99,4.02,3.99,4,75986,0
FGE,20121011,4,4.01,3.89,3.94,146765,0
FGE,20121012,3.92,4,3.91,3.98,69747,0
FGE,20121015,3.98,4.05,3.93,4.05,136307,0
FGE,20121016,4.03,4.04,3.92,3.96,145583,0
FGE,20121017,4.01,4.05,3.99,4.04,163236,0
FGE,20121018,4.02,4.26,4.02,4.22,253099,0
FGE,20121019,4.2,4.21,4.16,4.19,161744,0
FGE,20121022,4.15,4.25,4.14,4.21,131536,0
FGE,20121023,4.24,4.25,4.17,4.23,80813,0
FGE,20121024,4.2,4.23,4.16,4.21,224602,0
FGE,20121025,4.2,4.4,4.15,4.25,166615,0
FGE,20121026,4.2,4.2,4.1,4.12,47494,0
FGE,20121029,4.13,4.15,4.05,4.09,113828,0
FGE,20121030,4.05,4.1,3.93,3.97,114187,0
FGE,20121031,3.97,4.05,3.97,3.99,41566,0
FGE,20121101,4.05,4.09,4.02,4.07,120068,0
FGE,20121102,4.08,4.18,4.08,4.13,94508,0
FGE,20121105,4.16,4.17,4.11,4.16,30182,0
FGE,20121106,4.14,4.17,4.11,4.16,27684,0
FGE,20121107,4.18,4.18,4.11,4.16,61037,0
FGE,20121108,4.13,4.21,4.11,4.2,107068,0
FGE,20121109,4.19,4.19,4.07,4.1,80097,0
FGE,20121112,4.1,4.15,4.02,4.11,108292,0
FGE,20121113,4.11,4.15,4.04,4.07,70013,0
FGE,20121114,4.02,4.06,3.97,4.06,66592,0
FGE,20121115,3.97,4.02,3.95,4.01,77097,0
FGE,20121116,3.98,4.05,3.96,4.05,67426,0
FGE,20121119,4.06,4.06,3.99,4.06,79054,0
FGE,20121120,4.06,4.06,3.96,4.05,100815,0
FGE,20121121,4.05,4.05,3.9,3.95,52613,0
FGE,20121122,3.95,3.97,3.91,3.97,34072,0
FGE,20121123,3.97,4.03,3.8,3.86,76286,0
FGE,20121126,3.85,3.9,3.77,3.77,105576,0
FGE,20121127,3.8,3.8,3.63,3.67,197874,0
FGE,20121128,3.66,3.71,3.65,3.68,577609,0
FGE,20121129,3.71,3.73,3.68,3.68,113818,0
FGE,20121130,3.68,3.68,3.63,3.66,256272,0
FGE,20121203,3.65,3.67,3.51,3.52,281592,0
FGE,20121204,3.52,3.52,3.22,3.29,754940,0
FGE,20121205,3.8,3.96,3.79,3.85,563933,0
FGE,20121206,3.88,3.92,3.84,3.85,423407,0
FGE,20121207,3.85,3.88,3.62,3.76,307952,0
FGE,20121210,3.79,3.85,3.77,3.82,157899,0
FGE,20121211,3.84,4.03,3.8,4.01,273012,0
FGE,20121212,4.06,4.39,4.03,4.31,316081,0
FGE,20121213,4.36,4.38,4.28,4.36,240857,0
FGE,20121214,4.36,4.38,4.33,4.36,289311,0
FGE,20121217,4.39,4.56,4.37,4.54,171140,0
FGE,20121218,4.57,4.67,4.57,4.61,215979,0
FGE,20121219,4.66,4.75,4.64,4.7,420597,0
FGE,20121220,4.72,4.81,4.67,4.81,168846,0
FGE,20121221,4.85,4.88,4.73,4.8,249748,0
FGE,20121224,4.74,4.9,4.74,4.88,90785,0
FGE,20121225,4.88,4.88,4.88,4.88,0,0
FGE,20121226,4.88,4.88,4.88,4.88,0,0
FGE,20121227,4.9,4.97,4.84,4.9,64062,0
FGE,20121228,4.89,4.95,4.87,4.9,111899,0
FGE,20121231,4.85,4.95,4.79,4.93,126162,0
FGE,20130101,4.93,4.93,4.93,4.93,0,0
FGE,20130102,4.92,5.09,4.91,5.07,174626,0
FGE,20130103,5.1,5.34,5.1,5.27,312276,0
FGE,20130104,5.28,5.28,5.15,5.25,235407,0
FGE,20130107,5.25,5.27,4.92,5.02,340159,0
FGE,20130108,5,5.04,4.95,5.04,176830,0
FGE,20130109,5.04,5.15,5.04,5.15,134650,0
FGE,20130110,5.2,5.2,5.08,5.2,202400,0
FGE,20130111,5.16,5.24,5.16,5.22,250338,0
FGE,20130114,5.2,5.2,5.05,5.13,100412,0
FGE,20130115,5.12,5.12,5,5.09,101838,0
FGE,20130116,5.06,5.1,4.96,5.05,144602,0
FGE,20130117,5,5.04,4.94,4.98,182523,0
FGE,20130118,5.01,5.08,5.01,5.08,87217,0
FGE,20130121,5.06,5.2,5.04,5.2,125734,0
FGE,20130122,5.2,5.22,5.12,5.18,92802,0
FGE,20130123,5.18,5.49,5.18,5.49,341556,0
FGE,20130124,5.55,5.76,5.55,5.7,441754,0
FGE,20130125,5.75,5.88,5.7,5.88,315233,0
FGE,20130128,5.88,5.88,5.88,5.88,0,0
FGE,20130129,5.9,6.06,5.9,6,355910,0
FGE,20130130,6,6.03,5.82,5.9,214030,0
FGE,20130131,5.9,5.97,5.87,5.92,509769,0
FGE,20130201,5.93,5.93,5.67,5.7,140236,0
FGE,20130204,5.7,5.74,5.2,5.5,456793,0
FGE,20130205,5.46,5.65,5.46,5.62,190339,0
FGE,20130206,5.6,5.6,5.38,5.47,465342,0
FGE,20130207,5.49,5.54,5.45,5.5,144305,0
FGE,20130208,5.52,5.52,5.3,5.45,244905,0
FGE,20130211,5.46,5.6,5.4,5.57,236471,0
FGE,20130212,5.58,5.75,5.55,5.72,254409,0
FGE,20130213,5.8,6,5.79,5.79,443038,0
FGE,20130214,5.81,5.98,5.81,5.94,307015,0
FGE,20130215,5.9,6.07,5.85,6,411846,0
FGE,20130218,6.15,6.38,6.15,6.3,593941,0
FGE,20130219,6.36,6.39,6.19,6.2,645722,0
FGE,20130220,6.3,6.32,6.15,6.18,628103,0
FGE,20130221,6.18,6.18,5.88,5.96,404371,0
FGE,20130222,5.9,6.07,5.88,6.02,213860,0
FGE,20130225,6.09,6.36,6.08,6.33,574939,0
FGE,20130226,6.28,6.35,6.15,6.35,491964,0
FGE,20130227,6.39,6.66,6.32,6.63,1410673,0
FGE,20130228,6.78,6.78,6.7,6.72,1387695,0
FGE,20130301,6.71,6.71,6.66,6.68,831604,0
FGE,20130304,6.68,6.7,6.51,6.54,245801,0
FGE,20130305,6.55,6.7,6.55,6.7,442820,0
FGE,20130306,6.75,6.91,6.74,6.91,806388,0
FGE,20130307,6.94,6.98,6.78,6.81,459332,0
FGE,20130308,6.76,6.76,6.53,6.59,272115,0
FGE,20130311,6.62,6.72,6.62,6.7,146525,0
FGE,20130312,6.71,6.77,6.58,6.67,225709,0
FGE,20130313,6.61,6.66,6.57,6.6,142815,0
FGE,20130314,6.55,6.6,6.45,6.6,584928,0
FGE,20130315,6.59,6.69,6.52,6.69,958396,0
FGE,20130318,6.7,6.7,6.55,6.6,429075,0
FGE,20130319,6.6,6.7,6.58,6.7,283566,0
FGE,20130320,6.7,6.7,6.55,6.67,207109,0
FGE,20130321,6.68,6.69,6.6,6.61,139867,0
FGE,20130322,6.53,6.54,6.25,6.28,358833,0
FGE,20130325,6.15,6.15,6.02,6.1,31449862,0
FGE,20130326,6.08,6.1,6.05,6.09,1072881,0
FGE,20130327,6.17,6.2,6.1,6.1,517587,0
FGE,20130328,6.05,6.07,5.91,6,512074,0
FGE,20130329,6,6,6,6,0,0
FGE,20130401,6,6,6,6,0,0
FGE,20130402,6.01,6.02,5.8,5.85,690366,0
FGE,20130403,5.84,5.9,5.82,5.85,810432,0
FGE,20130404,5.81,5.81,5.6,5.66,522942,0
FGE,20130405,5.75,5.93,5.75,5.92,735903,0
FGE,20130408,5.88,6.05,5.81,6.05,627643,0
FGE,20130409,6.05,6.24,6.01,6.24,628332,0
FGE,20130410,6.31,6.36,6.28,6.35,358904,0
FGE,20130411,6.43,6.46,6.35,6.36,597444,0
FGE,20130412,6.36,6.36,6.2,6.28,510318,0
FGE,20130415,6.24,6.245,5.81,5.89,267897,0
FGE,20130416,5.74,5.74,5.53,5.53,505451,0
FGE,20130417,5.6,5.75,5.52,5.52,645614,0
FGE,20130418,5.43,5.5,5.25,5.27,817856,0
FGE,20130419,5.24,5.45,5.24,5.34,1037184,0
FGE,20130422,5.38,5.55,5.38,5.45,478550,0
FGE,20130423,5.51,5.74,5.46,5.5,368598,0
FGE,20130424,5.52,5.75,5.49,5.65,594240,0
FGE,20130425,5.65,5.65,5.65,5.65,0,0
FGE,20130426,5.71,5.88,5.71,5.8,370624,0
FGE,20130429,5.8,5.86,5.69,5.8,230393,0
FGE,20130430,5.77,5.84,5.7,5.78,310279,0
FGE,20130501,5.84,5.84,5.61,5.65,285510,0
FGE,20130502,5.5,5.55,5.35,5.37,369144,0
FGE,20130503,5.4,5.55,5.4,5.47,362069,0
FGE,20130506,5.48,5.7,5.43,5.47,370533,0
FGE,20130507,5.6,5.69,5.51,5.54,526814,0
FGE,20130508,5.6,5.66,5.57,5.58,463873,0
FGE,20130509,5.56,5.65,5.49,5.55,365227,0
FGE,20130510,5.57,5.63,5.54,5.55,200716,0
FGE,20130513,5.6,5.6,5.4,5.45,218638,0
FGE,20130514,5.45,5.55,5.16,5.2,918982,0
FGE,20130515,5.24,5.3,4.65,4.8,1396306,0
FGE,20130516,4.79,4.9,4.39,4.42,1068561,0
FGE,20130517,4.62,4.71,4.37,4.4,1328617,0
FGE,20130520,4.45,4.47,4.27,4.29,1952207,0
FGE,20130521,4.24,4.25,3.88,3.9,1320876,0
FGE,20130522,3.9,4.09,3.82,4.09,1637759,0
FGE,20130523,4.15,4.18,4.01,4.18,1220136,0
FGE,20130524,4.23,4.35,4.07,4.17,973412,0
FGE,20130527,4.3,4.3,4.09,4.14,773487,0
FGE,20130528,4.12,4.27,4.12,4.19,500150,0
FGE,20130529,4.25,4.43,4.23,4.43,640174,0
FGE,20130530,4.32,4.45,4.28,4.45,358370,0
FGE,20130531,4.5,4.71,4.33,4.71,1919198,0
FGE,20130603,4.69,4.7,4.4,4.48,641099,0
FGE,20130604,4.5,4.55,4.41,4.48,511912,0
FGE,20130605,4.47,4.52,4.45,4.51,310561,0
FGE,20130606,4.49,4.49,4.15,4.32,493379,0
FGE,20130607,4.31,4.33,4.18,4.25,637735,0
FGE,20130610,4.25,4.25,4.25,4.25,0,0
FGE,20130611,4.2,4.27,4.18,4.24,1020727,0
FGE,20130612,4.26,4.43,4.22,4.31,461165,0
FGE,20130613,4.33,4.36,4.12,4.27,432498,0
FGE,20130614,4.3,4.44,4.3,4.38,854681,0
FGE,20130617,4.44,4.44,4.23,4.26,496624,0
FGE,20130618,4.22,4.28,4.05,4.05,719999,0
FGE,20130619,4.06,4.25,4.06,4.17,807112,0
FGE,20130620,4.16,4.24,4.06,4.19,443658,0
FGE,20130621,4.06,4.12,3.93,4.1,657413,0
FGE,20130624,4.12,4.13,3.99,4.02,361698,0
FGE,20130625,4.11,4.2,4.09,4.18,601580,0
FGE,20130626,4.2,4.41,4.19,4.3,421708,0
FGE,20130627,4.35,4.37,4.25,4.3,440637,0
FGE,20130628,4.38,4.38,4.185,4.2,471670,0
FGE,20130701,4.15,4.23,4.07,4.09,213437,0
FGE,20130702,4.1,4.3,4.08,4.3,541003,0
FGE,20130703,4.35,4.48,4.33,4.45,412478,0
FGE,20130704,4.5,4.55,4.4,4.4,416626,0
FGE,20130705,4.36,4.55,4.36,4.47,396457,0
FGE,20130708,4.52,4.57,4.4,4.4,215750,0
FGE,20130709,4.54,4.78,4.49,4.74,479395,0
FGE,20130710,4.78,4.81,4.75,4.76,816825,0
FGE,20130711,4.81,4.94,4.81,4.92,439435,0
FGE,20130712,4.95,5.135,4.94,5.12,465462,0
FGE,20130715,5.15,5.18,4.85,4.95,286860,0
FGE,20130716,4.93,5.04,4.87,4.9,216087,0
FGE,20130717,4.86,5.04,4.815,5.02,486476,0
FGE,20130718,4.95,5.13,4.95,5,339290,0
FGE,20130719,5.04,5.05,4.805,4.86,245325,0
FGE,20130722,4.9,5,4.83,5,264466,0
FGE,20130723,4.92,5,4.64,4.67,440187,0
FGE,20130724,4.62,4.7,4.47,4.49,744825,0
FGE,20130725,4.45,4.52,4.28,4.45,1051600,0
FGE,20130726,4.4,4.43,4.23,4.26,624035,0
FGE,20130729,4.26,4.35,4.25,4.26,465757,0
FGE,20130730,4.3,4.41,4.24,4.34,727942,0
FGE,20130731,4.47,4.53,4.35,4.41,433388,0
FGE,20130801,4.53,4.6,4.5,4.59,362383,0
FGE,20130802,4.6,4.69,4.6,4.65,251528,0
FGE,20130805,4.69,4.7,4.61,4.65,536809,0
FGE,20130806,4.61,4.7,4.58,4.6,289604,0
FGE,20130807,4.57,4.6,4.4,4.43,272562,0
FGE,20130808,4.37,4.43,4.31,4.37,233932,0
FGE,20130809,4.36,4.53,4.34,4.48,165078,0
FGE,20130812,4.5,4.73,4.5,4.7,329576,0
FGE,20130813,4.79,5.08,4.67,5.01,831355,0
FGE,20130814,4.94,5.05,4.82,5.04,904604,0
FGE,20130815,5.03,5.08,4.94,5.03,195030,0
FGE,20130816,5.02,5.02,4.86,5,208713,0
FGE,20130819,4.96,5.16,4.96,5.1,884658,0
FGE,20130820,5.15,5.25,5.13,5.25,556349,0
FGE,20130821,5.25,5.45,5.24,5.45,866095,0
FGE,20130822,5.35,5.4,5.27,5.3,334790,0
FGE,20130823,5.37,5.43,5.32,5.35,342939,0
FGE,20130826,5.32,5.4,5.25,5.35,204135,0
FGE,20130827,5.27,5.32,5.22,5.26,199344,0
FGE,20130828,5.2,5.32,5.08,5.25,320914,0
FGE,20130829,5.15,5.15,4.61,4.72,1732736,0
FGE,20130830,4.94,5.3,4.88,5.28,1892589,0
FGE,20130902,5.43,5.73,5.43,5.72,1372122,0
FGE,20130903,5.9,5.97,5.81,5.83,1683947,0
FGE,20130904,5.77,5.82,5.7,5.7,1668538,0
FGE,20130905,5.71,5.79,5.66,5.71,899081,0
FGE,20130906,5.7,5.75,5.555,5.6,786615,0
FGE,20130909,5.66,5.66,5.44,5.53,484530,0
FGE,20130910,5.54,5.59,5.53,5.53,364304,0
FGE,20130911,5.52,5.54,5.3,5.3,426286,0
FGE,20130912,5.38,5.52,5.35,5.36,1919895,0
FGE,20130913,5.32,5.45,5.25,5.37,525191,0
FGE,20130916,5.44,5.5,5.38,5.38,463220,0
FGE,20130917,5.41,5.43,5.34,5.36,485463,0
FGE,20130918,5.36,5.37,5.22,5.23,282158,0
FGE,20130919,5.27,5.38,5.25,5.37,328073,0
FGE,20130920,5.35,5.35,5.2,5.2,5124941,0
FGE,20130923,5.18,5.2,5.04,5.2,433560,0
FGE,20130924,5.22,5.22,5.005,5.04,438678,0
FGE,20130925,4.96,5.01,4.87,4.97,1027927,0
FGE,20130926,4.98,5.14,4.98,5.14,467177,0
FGE,20130927,5.16,5.26,5.16,5.24,746971,0
FGE,20130930,5.23,5.25,5.11,5.25,681550,0
FGE,20131001,5.25,5.25,5.14,5.15,447483,0
FGE,20131002,5.17,5.18,5.04,5.06,308241,0
FGE,20131003,5.05,5.15,4.95,5,392699,0
FGE,20131004,5.04,5.04,4.88,4.89,453576,0
FGE,20131007,4.89,5.03,4.78,4.81,394330,0
FGE,20131008,4.79,4.88,4.69,4.85,569083,0
FGE,20131009,4.8,4.9,4.7,4.87,239868,0
FGE,20131010,4.87,4.91,4.77,4.87,259147,0
FGE,20131011,5,5.12,4.96,4.98,525905,0
FGE,20131014,4.98,5,4.9,4.93,173484,0
FGE,20131015,4.97,5,4.92,4.95,256861,0
FGE,20131016,4.92,5.03,4.9,4.97,308463,0
FGE,20131017,4.97,5,4.8,4.85,624825,0
FGE,20131018,4.9,4.97,4.86,4.91,409081,0
FGE,20131021,4.95,5.14,4.95,5.04,674223,0
FGE,20131022,5.01,5.01,4.85,4.88,745019,0
FGE,20131023,4.93,4.97,4.86,4.88,404939,0
FGE,20131024,4.87,4.91,4.68,4.72,807982,0
FGE,20131025,4.69,4.81,4.62,4.64,836325,0
FGE,20131028,4.67,4.7,4.5,4.6,958165,0
FGE,20131029,4.59,4.59,4.4,4.46,821395,0
FGE,20131030,4.48,4.54,4.47,4.49,1423526,0
FGE,20131031,4.45,4.52,4.4,4.4,497374,0
FGE,20131101,4.4,4.43,4.16,4.18,961076,0
FGE,20131104,4.18,4.18,4.18,4.18,0,0
FGE,20131105,4.18,4.18,4.18,4.18,0,0
FGE,20131106,4.18,4.18,4.18,4.18,0,0
FGE,20131107,4.18,4.18,4.18,4.18,0,0
FGE,20131108,4.18,4.18,4.18,4.18,0,0
FGE,20131111,4.18,4.18,4.18,4.18,0,0
FGE,20131112,4.18,4.18,4.18,4.18,0,0
FGE,20131113,4.18,4.18,4.18,4.18,0,0
FGE,20131114,4.18,4.18,4.18,4.18,0,0
FGE,20131115,4.18,4.18,4.18,4.18,0,0
FGE,20131118,4.18,4.18,4.18,4.18,0,0
FGE,20131119,4.18,4.18,4.18,4.18,0,0
FGE,20131120,4.18,4.18,4.18,4.18,0,0
FGE,20131121,4.18,4.18,4.18,4.18,0,0
FGE,20131122,4.18,4.18,4.18,4.18,0,0
FGE,20131125,4.18,4.18,4.18,4.18,0,0
FGE,20131126,4.18,4.18,4.18,4.18,0,0
FGE,20131127,4.18,4.18,4.18,4.18,0,0
FGE,20131128,0.38,0.865,0.285,0.685,92952114,0
FGE,20131129,0.745,0.86,0.72,0.75,29839282,0
FGE,20131202,0.74,0.745,0.6,0.62,10545334,0
FGE,20131203,0.63,0.63,0.555,0.565,6424908,0
FGE,20131204,0.565,0.685,0.565,0.645,13364778,0
FGE,20131205,0.645,0.675,0.59,0.59,4252745,0
FGE,20131206,0.6,0.62,0.585,0.59,1193768,0
FGE,20131209,0.595,0.605,0.54,0.54,2448283,0
FGE,20131210,0.56,0.56,0.48,0.48,4018263,0
FGE,20131211,0.475,0.505,0.465,0.47,1704272,0
FGE,20131212,0.47,0.52,0.465,0.48,2544077,0
FGE,20131213,0.49,0.535,0.49,0.52,2186357,0
FGE,20131216,0.52,0.55,0.51,0.535,2059589,0
FGE,20131217,0.56,0.7,0.56,0.63,13508409,0
FGE,20131218,0.635,0.65,0.6,0.6,3827967,0
FGE,20131219,0.625,0.63,0.57,0.575,4303008,0
FGE,20131220,0.59,0.642,0.585,0.62,3860386,0
FGE,20131223,0.635,0.71,0.63,0.71,6165861,0
FGE,20131224,0.735,0.995,0.735,0.89,13155680,0
FGE,20131225,0.89,0.89,0.89,0.89,0,0
FGE,20131226,0.89,0.89,0.89,0.89,0,0
FGE,20131227,0.95,1.05,0.95,1.025,14886419,0
FGE,20131230,1.1,1.96,1.09,1.585,41334062,0
FGE,20131231,1.67,1.87,1.67,1.74,17263949,0
FGE,20140101,1.74,1.74,1.74,1.74,0,0
FGE,20140102,1.835,1.87,1.355,1.52,18605463,0
FGE,20140103,1.405,1.49,1.375,1.42,5457991,0
FGE,20140106,1.44,1.485,1.41,1.425,3256424,0
FGE,20140107,1.425,1.435,1.255,1.31,6356984,0
FGE,20140108,1.3,1.31,1.105,1.105,6691360,0
FGE,20140109,1.09,1.295,0.95,1.25,12707038,0
FGE,20140110,1.25,1.25,1.25,1.25,0,0
FGE,20140113,1.25,1.25,1.25,1.25,0,0
FGE,20140114,0.94,1.21,0.86,1.025,14075863,0
FGE,20140115,1.1,1.16,1.05,1.05,4533768,0
FGE,20140116,1.09,1.11,1.05,1.07,2000966,0
FGE,20140117,1.09,1.095,1.055,1.055,1021067,0
FGE,20140120,1.05,1.055,1,1.015,2062017,0
FGE,20140121,1.015,1.03,0.97,0.98,1571745,0
FGE,20140122,0.97,0.97,0.925,0.935,2097872,0
FGE,20140123,0.93,0.93,0.88,0.9,2542337,0
FGE,20140124,0.9,0.9,0.9,0.9,0,0
FGE,20140127,0.9,0.9,0.9,0.9,0,0
FGE,20140128,0.9,0.9,0.9,0.9,0,0
FGE,20140129,0.81,0.91,0.75,0.82,4667372,0
FGE,20140130,0.815,0.82,0.68,0.68,5538069,0
FGE,20140131,0.66,0.74,0.6,0.715,5878558,0
FGE,20140203,0.7,0.745,0.665,0.67,3816946,0
FGE,20140204,0.645,0.695,0.62,0.675,2613933,0
FGE,20140205,0.685,0.715,0.67,0.675,1584475,0
FGE,20140206,0.685,0.69,0.65,0.68,1294760,0
FGE,20140207,0.71,0.86,0.695,0.82,9636508,0
FGE,20140210,0.865,0.95,0.855,0.915,11142933,0
