LRT,20180322,0.835,0.835,0.835,0.835,30000,0
LRT,20180323,0.835,0.835,0.835,0.835,0,0
LRT,20180326,0.835,0.835,0.835,0.835,0,0
LRT,20180327,0.835,0.835,0.835,0.835,0,0
LRT,20180328,0.835,0.835,0.835,0.835,0,0
LRT,20180329,0.835,0.835,0.835,0.835,0,0
LRT,20180330,0.835,0.835,0.835,0.835,0,0
LRT,20180402,0.835,0.835,0.835,0.835,0,0
LRT,20180403,0.835,0.835,0.835,0.835,0,0
LRT,20180404,0.835,0.835,0.835,0.835,0,0
LRT,20180405,0.83,0.85,0.83,0.85,12000,0
LRT,20180406,0.835,0.835,0.825,0.825,62670,0
LRT,20180409,0.825,0.825,0.825,0.825,0,0
LRT,20180410,0.825,0.825,0.825,0.825,10000,0
LRT,20180411,0.825,0.825,0.825,0.825,0,0
LRT,20180412,0.825,0.825,0.825,0.825,0,0
LRT,20180413,0.825,0.825,0.825,0.825,0,0
LRT,20180416,0.825,0.825,0.825,0.825,3060,0
LRT,20180417,0.82,0.82,0.82,0.82,20980,0
LRT,20180418,0.82,0.82,0.82,0.82,5000,0
LRT,20180419,0.82,0.82,0.82,0.82,0,0
LRT,20180420,0.82,0.82,0.82,0.82,0,0
LRT,20180423,0.81,0.81,0.803,0.803,15000,0
LRT,20180424,0.803,0.803,0.803,0.803,0,0
LRT,20180425,0.803,0.803,0.803,0.803,0,0
LRT,20180426,0.803,0.803,0.803,0.803,0,0
LRT,20180427,0.803,0.803,0.803,0.803,0,0
LRT,20180430,0.83,0.83,0.83,0.83,12000,0
LRT,20180501,0.83,0.83,0.83,0.83,0,0
LRT,20180502,0.83,0.83,0.83,0.83,0,0
LRT,20180503,0.83,0.83,0.83,0.83,0,0
LRT,20180504,0.83,0.83,0.83,0.83,0,0
LRT,20180507,0.83,0.83,0.83,0.83,0,0
LRT,20180508,0.81,0.81,0.8,0.8,19910,0
LRT,20180509,0.8,0.8,0.8,0.8,0,0
LRT,20180510,0.8,0.8,0.8,0.8,0,0
LRT,20180511,0.805,0.805,0.8,0.8,7020,0
LRT,20180514,0.8,0.8,0.8,0.8,0,0
LRT,20180515,0.8,0.8,0.8,0.8,7000,0
LRT,20180516,0.8,0.8,0.8,0.8,0,0
LRT,20180517,0.8,0.8,0.8,0.8,0,0
LRT,20180518,0.8,0.8,0.8,0.8,0,0
LRT,20180521,0.8,0.8,0.8,0.8,0,0
LRT,20180522,0.8,0.8,0.8,0.8,0,0
LRT,20180523,0.8,0.8,0.8,0.8,0,0
LRT,20180524,0.8,0.8,0.8,0.8,0,0
LRT,20180525,0.8,0.8,0.8,0.8,0,0
LRT,20180528,0.8,0.8,0.8,0.8,0,0
LRT,20180529,0.8,0.8,0.8,0.8,0,0
LRT,20180530,0.8,0.8,0.8,0.8,0,0
LRT,20180531,0.8,0.8,0.8,0.8,0,0
LRT,20180601,0.8,0.8,0.8,0.8,0,0
LRT,20180604,0.8,0.8,0.8,0.8,0,0
LRT,20180605,0.8,0.8,0.8,0.8,0,0
LRT,20180606,0.8,0.8,0.8,0.8,0,0
LRT,20180607,0.8,0.8,0.8,0.8,0,0
LRT,20180608,0.75,0.75,0.75,0.75,20000,0
LRT,20180611,0.75,0.75,0.75,0.75,0,0
LRT,20180612,0.75,0.75,0.75,0.75,0,0
LRT,20180613,0.706,0.706,0.705,0.705,12280,0
LRT,20180614,0.705,0.705,0.705,0.705,0,0
LRT,20180615,0.705,0.705,0.705,0.705,0,0
LRT,20180618,0.705,0.705,0.705,0.705,0,0
LRT,20180619,0.705,0.705,0.705,0.705,0,0
LRT,20180620,0.705,0.705,0.705,0.705,0,0
LRT,20180621,0.705,0.705,0.705,0.705,0,0
LRT,20180622,0.711,0.711,0.71,0.71,13560,0
LRT,20180625,0.71,0.71,0.71,0.71,0,0
LRT,20180626,0.705,0.705,0.67,0.67,15130,0
LRT,20180627,0.67,0.67,0.67,0.67,0,0
LRT,20180628,0.67,0.67,0.67,0.67,0,0
LRT,20180629,0.681,0.681,0.675,0.675,42940,0
LRT,20180702,0.675,0.675,0.675,0.675,0,0
LRT,20180703,0.675,0.675,0.675,0.675,3000,0
LRT,20180704,0.675,0.675,0.675,0.675,0,0
LRT,20180705,0.675,0.675,0.675,0.675,0,0
LRT,20180706,0.675,0.675,0.675,0.675,0,0
LRT,20180709,0.675,0.675,0.675,0.675,0,0
LRT,20180710,0.675,0.675,0.675,0.675,0,0
LRT,20180711,0.675,0.675,0.675,0.675,0,0
LRT,20180712,0.675,0.675,0.675,0.675,0,0
LRT,20180713,0.675,0.675,0.675,0.675,0,0
LRT,20180716,0.675,0.675,0.675,0.675,0,0
LRT,20180717,0.675,0.675,0.675,0.675,0,0
LRT,20180718,0.665,0.665,0.665,0.665,20000,0
LRT,20180719,0.674,0.7,0.674,0.675,43270,0
LRT,20180720,0.67,0.671,0.66,0.66,43410,0
LRT,20180723,0.66,0.66,0.66,0.66,0,0
LRT,20180724,0.661,0.661,0.66,0.66,235100,0
LRT,20180725,0.66,0.66,0.66,0.66,0,0
LRT,20180726,0.66,0.66,0.66,0.66,4250,0
LRT,20180727,0.67,0.67,0.67,0.67,3000,0
LRT,20180730,0.67,0.67,0.67,0.67,0,0
LRT,20180731,0.67,0.67,0.657,0.67,60000,0
LRT,20180801,0.67,0.67,0.67,0.67,6150,0
LRT,20180802,0.67,0.67,0.67,0.67,0,0
LRT,20180803,0.673,0.673,0.673,0.673,5970,0
LRT,20180806,0.675,0.675,0.675,0.675,4490,0
LRT,20180807,0.675,0.675,0.675,0.675,0,0
LRT,20180808,0.681,0.681,0.675,0.675,85920,0
LRT,20180809,0.675,0.675,0.675,0.675,0,0
LRT,20180810,0.675,0.675,0.675,0.675,0,0
LRT,20180813,0.675,0.675,0.675,0.675,0,0
LRT,20180814,0.676,0.676,0.675,0.675,30050,0
LRT,20180815,0.675,0.675,0.675,0.675,0,0
LRT,20180816,0.675,0.675,0.675,0.675,0,0
LRT,20180817,0.676,0.676,0.675,0.675,45670,0
LRT,20180820,0.675,0.675,0.675,0.675,0,0
LRT,20180821,0.675,0.675,0.658,0.658,13740,0
LRT,20180822,0.657,0.657,0.655,0.655,13390,0
LRT,20180823,0.655,0.655,0.655,0.655,0,0
LRT,20180824,0.655,0.655,0.655,0.655,0,0
LRT,20180827,0.655,0.655,0.655,0.655,0,0
LRT,20180828,0.655,0.655,0.655,0.655,0,0
LRT,20180829,0.655,0.655,0.655,0.655,0,0
LRT,20180830,0.655,0.655,0.655,0.655,0,0
LRT,20180831,0.655,0.655,0.62,0.62,18880,0
LRT,20180903,0.62,0.62,0.62,0.62,0,0
LRT,20180904,0.62,0.62,0.61,0.61,26630,0
LRT,20180905,0.61,0.61,0.61,0.61,0,0
LRT,20180906,0.605,0.605,0.595,0.595,18350,0
LRT,20180907,0.595,0.595,0.595,0.595,20000,0
LRT,20180910,0.595,0.595,0.595,0.595,0,0
LRT,20180911,0.585,0.585,0.585,0.585,3160,0
LRT,20180912,0.585,0.585,0.585,0.585,40550,0
LRT,20180913,0.58,0.59,0.58,0.59,35780,0
LRT,20180914,0.59,0.59,0.59,0.59,0,0
LRT,20180917,0.59,0.59,0.59,0.59,0,0
LRT,20180918,0.58,0.58,0.58,0.58,32160,0
LRT,20180919,0.58,0.58,0.58,0.58,30050,0
LRT,20180920,0.555,0.555,0.545,0.545,25000,0
LRT,20180921,0.545,0.545,0.545,0.545,0,0
LRT,20180924,0.555,0.555,0.555,0.555,77400,0
LRT,20180925,0.555,0.555,0.555,0.555,54500,0
LRT,20180926,0.555,0.555,0.555,0.555,0,0
LRT,20180927,0.555,0.555,0.555,0.555,0,0
LRT,20180928,0.555,0.555,0.555,0.555,0,0
LRT,20181001,0.555,0.555,0.555,0.555,0,0
LRT,20181002,0.555,0.555,0.555,0.555,0,0
LRT,20181003,0.545,0.545,0.525,0.525,23050,0
LRT,20181004,0.53,0.53,0.52,0.52,60100,0
LRT,20181005,0.519,0.52,0.505,0.505,48460,0
LRT,20181008,0.505,0.505,0.505,0.505,0,0
LRT,20181009,0.505,0.505,0.505,0.505,0,0
LRT,20181010,0.505,0.505,0.505,0.505,0,0
LRT,20181011,0.505,0.505,0.505,0.505,0,0
LRT,20181012,0.505,0.505,0.505,0.505,0,0
LRT,20181015,0.505,0.505,0.505,0.505,0,0
LRT,20181016,0.505,0.505,0.505,0.505,0,0
LRT,20181017,0.505,0.505,0.505,0.505,0,0
LRT,20181018,0.505,0.505,0.505,0.505,0,0
LRT,20181019,0.505,0.505,0.505,0.505,0,0
LRT,20181022,0.506,0.506,0.505,0.505,30050,0
LRT,20181023,0.505,0.505,0.505,0.505,0,0
LRT,20181024,0.505,0.505,0.505,0.505,0,0
LRT,20181025,0.505,0.505,0.505,0.505,0,0
LRT,20181026,0.505,0.505,0.505,0.505,0,0
LRT,20181029,0.505,0.505,0.505,0.505,0,0
LRT,20181030,0.492,0.492,0.49,0.49,11780,0
LRT,20181031,0.49,0.49,0.49,0.49,0,0
LRT,20181101,0.49,0.49,0.49,0.49,0,0
LRT,20181102,0.49,0.49,0.49,0.49,0,0
LRT,20181105,0.49,0.49,0.49,0.49,0,0
LRT,20181106,0.49,0.49,0.49,0.49,0,0
LRT,20181107,0.49,0.49,0.49,0.49,0,0
LRT,20181108,0.49,0.49,0.49,0.49,0,0
LRT,20181109,0.53,0.53,0.51,0.51,30100,0
LRT,20181112,0.51,0.51,0.51,0.51,0,0
LRT,20181113,0.51,0.51,0.51,0.51,0,0
LRT,20181114,0.51,0.51,0.51,0.51,0,0
LRT,20181115,0.51,0.51,0.51,0.51,0,0
LRT,20181116,0.51,0.51,0.51,0.51,0,0
LRT,20181119,0.51,0.51,0.51,0.51,0,0
LRT,20181120,0.51,0.51,0.51,0.51,0,0
LRT,20181121,0.51,0.51,0.51,0.51,0,0
LRT,20181122,0.51,0.51,0.51,0.51,0,0
LRT,20181123,0.51,0.51,0.51,0.51,0,0
LRT,20181126,0.51,0.51,0.51,0.51,0,0
LRT,20181127,0.51,0.51,0.51,0.51,0,0
LRT,20181128,0.51,0.51,0.51,0.51,0,0
LRT,20181129,0.51,0.51,0.51,0.51,0,0
LRT,20181130,0.51,0.51,0.51,0.51,0,0
LRT,20181203,0.51,0.51,0.51,0.51,0,0
LRT,20181204,0.51,0.51,0.484,0.484,65520,0
LRT,20181205,0.484,0.484,0.484,0.484,0,0
LRT,20181206,0.484,0.484,0.484,0.484,0,0
LRT,20181207,0.484,0.484,0.484,0.484,0,0
LRT,20181210,0.484,0.484,0.484,0.484,0,0
LRT,20181211,0.484,0.484,0.484,0.484,0,0
LRT,20181212,0.484,0.484,0.484,0.484,0,0
LRT,20181213,0.484,0.484,0.484,0.484,0,0
LRT,20181214,0.498,0.498,0.498,0.498,33010,0
LRT,20181217,0.498,0.498,0.498,0.498,0,0
LRT,20181218,0.498,0.498,0.498,0.498,1620,0
LRT,20181219,0.498,0.498,0.498,0.498,8380,0
LRT,20181220,0.49,0.49,0.482,0.482,57160,0
LRT,20181221,0.482,0.482,0.482,0.482,0,0
LRT,20181224,0.482,0.482,0.482,0.482,1780,0
LRT,20181225,0.482,0.482,0.482,0.482,0,0
LRT,20181226,0.482,0.482,0.482,0.482,0,0
LRT,20181227,0.482,0.482,0.482,0.482,0,0
LRT,20181228,0.482,0.482,0.482,0.482,0,0
LRT,20181231,0.478,0.478,0.478,0.478,5000,0
LRT,20190101,0.478,0.478,0.478,0.478,0,0
LRT,20190102,0.478,0.478,0.478,0.478,15000,0
LRT,20190103,0.478,0.478,0.478,0.478,0,0
LRT,20190104,0.478,0.478,0.478,0.478,0,0
LRT,20190107,0.478,0.478,0.478,0.478,0,0
LRT,20190108,0.478,0.478,0.478,0.478,0,0
LRT,20190109,0.478,0.478,0.474,0.474,20060,0
LRT,20190110,0.473,0.474,0.465,0.465,7550,0
LRT,20190111,0.465,0.465,0.465,0.465,2300,0
LRT,20190114,0.465,0.465,0.465,0.465,0,0
LRT,20190115,0.465,0.465,0.465,0.465,0,0
LRT,20190116,0.465,0.465,0.465,0.465,0,0
LRT,20190117,0.465,0.465,0.465,0.465,0,0
LRT,20190118,0.465,0.465,0.465,0.465,680,0
LRT,20190121,0.455,0.455,0.455,0.455,60000,0
LRT,20190122,0.455,0.455,0.455,0.455,9320,0
LRT,20190123,0.455,0.455,0.455,0.455,20000,0
LRT,20190124,0.455,0.455,0.455,0.455,5810,0
LRT,20190125,0.455,0.455,0.455,0.455,4190,0
LRT,20190128,0.455,0.455,0.455,0.455,0,0
LRT,20190129,0.455,0.455,0.455,0.455,0,0
LRT,20190130,0.455,0.455,0.455,0.455,0,0
LRT,20190131,0.455,0.455,0.455,0.455,0,0
LRT,20190201,0.455,0.455,0.455,0.455,0,0
LRT,20190204,0.455,0.455,0.455,0.455,0,0
LRT,20190205,0.455,0.455,0.455,0.455,0,0
LRT,20190206,0.455,0.455,0.442,0.45,62120,0
LRT,20190207,0.45,0.45,0.45,0.45,0,0
LRT,20190208,0.455,0.455,0.45,0.45,15000,0
LRT,20190211,0.45,0.45,0.449,0.45,44030,0
LRT,20190212,0.45,0.45,0.45,0.45,0,0
LRT,20190213,0.45,0.45,0.45,0.45,0,0
LRT,20190214,0.45,0.45,0.45,0.45,0,0
LRT,20190215,0.45,0.45,0.45,0.45,20000,0
LRT,20190218,0.45,0.45,0.45,0.45,0,0
LRT,20190219,0.45,0.45,0.45,0.45,0,0
LRT,20190220,0.45,0.45,0.45,0.45,0,0
LRT,20190221,0.45,0.45,0.45,0.45,0,0
LRT,20190222,0.45,0.45,0.45,0.45,0,0
LRT,20190225,0.45,0.45,0.45,0.45,0,0
LRT,20190226,0.45,0.45,0.45,0.45,0,0
LRT,20190227,0.464,0.464,0.464,0.464,29880,0
LRT,20190228,0.464,0.464,0.464,0.464,0,0
LRT,20190301,0.461,0.461,0.46,0.46,20120,0
LRT,20190304,0.46,0.46,0.46,0.46,0,0
LRT,20190305,0.46,0.46,0.46,0.46,0,0
LRT,20190306,0.46,0.46,0.46,0.46,0,0
LRT,20190307,0.46,0.46,0.46,0.46,0,0
LRT,20190308,0.46,0.46,0.46,0.46,0,0
LRT,20190311,0.46,0.46,0.46,0.46,0,0
LRT,20190312,0.46,0.46,0.46,0.46,0,0
LRT,20190313,0.46,0.46,0.46,0.46,0,0
LRT,20190314,0.46,0.46,0.46,0.46,0,0
LRT,20190315,0.46,0.46,0.46,0.46,0,0
LRT,20190318,0.46,0.46,0.46,0.46,0,0
LRT,20190319,0.46,0.46,0.46,0.46,0,0
LRT,20190320,0.46,0.46,0.46,0.46,750,0
LRT,20190321,0.474,0.474,0.464,0.464,34040,0
LRT,20190322,0.46,0.46,0.46,0.46,14520,0
LRT,20190325,0.46,0.46,0.46,0.46,0,0
LRT,20190326,0.461,0.461,0.458,0.458,15700,0
LRT,20190327,0.458,0.458,0.458,0.458,0,0
LRT,20190328,0.46,0.46,0.46,0.46,51190,0
LRT,20190329,0.458,0.458,0.45,0.45,16310,0
LRT,20190401,0.45,0.45,0.45,0.45,2350,0
LRT,20190402,0.45,0.45,0.45,0.45,0,0
LRT,20190403,0.45,0.45,0.45,0.45,22240,0
LRT,20190404,0.45,0.45,0.45,0.45,0,0
LRT,20190405,0.446,0.446,0.446,0.446,400,0
LRT,20190408,0.446,0.446,0.446,0.446,0,0
LRT,20190409,0.446,0.446,0.446,0.446,0,0
LRT,20190410,0.446,0.446,0.446,0.446,0,0
LRT,20190411,0.446,0.446,0.446,0.446,0,0
LRT,20190412,0.446,0.446,0.446,0.446,0,0
LRT,20190415,0.446,0.446,0.446,0.446,0,0
LRT,20190416,0.446,0.446,0.446,0.446,18030,0
LRT,20190417,0.446,0.446,0.446,0.446,0,0
LRT,20190418,0.446,0.446,0.446,0.446,0,0
LRT,20190419,0.446,0.446,0.446,0.446,0,0
LRT,20190422,0.446,0.446,0.446,0.446,0,0
LRT,20190423,0.45,0.45,0.45,0.45,11000,0
LRT,20190424,0.45,0.45,0.45,0.45,0,0
LRT,20190425,0.45,0.45,0.45,0.45,0,0
LRT,20190426,0.45,0.45,0.45,0.45,0,0
LRT,20190429,0.45,0.45,0.45,0.45,0,0
LRT,20190430,0.45,0.45,0.45,0.45,0,0
LRT,20190501,0.45,0.45,0.45,0.45,0,0
LRT,20190502,0.45,0.45,0.45,0.45,0,0
LRT,20190503,0.45,0.45,0.45,0.45,0,0
LRT,20190506,0.45,0.45,0.45,0.45,0,0
LRT,20190507,0.45,0.45,0.45,0.45,0,0
LRT,20190508,0.45,0.45,0.45,0.45,0,0
LRT,20190509,0.45,0.45,0.45,0.45,0,0
LRT,20190510,0.45,0.45,0.45,0.45,0,0
LRT,20190513,0.45,0.45,0.45,0.45,0,0
LRT,20190514,0.45,0.45,0.45,0.45,0,0
LRT,20190515,0.45,0.45,0.45,0.45,49100,0
LRT,20190516,0.45,0.45,0.45,0.45,21380,0
LRT,20190517,0.443,0.443,0.442,0.442,21260,0
LRT,20190520,0.438,0.438,0.438,0.438,2780,0
LRT,20190521,0.438,0.438,0.438,0.438,0,0
LRT,20190522,0.438,0.438,0.438,0.438,0,0
LRT,20190523,0.44,0.44,0.438,0.438,14280,0
LRT,20190524,0.438,0.438,0.438,0.438,0,0
LRT,20190527,0.438,0.438,0.438,0.438,0,0
LRT,20190528,0.438,0.438,0.438,0.438,0,0
LRT,20190529,0.438,0.438,0.438,0.438,0,0
LRT,20190530,0.445,0.445,0.44,0.44,50220,0
LRT,20190531,0.44,0.44,0.44,0.44,0,0
LRT,20190603,0.445,0.445,0.44,0.44,24780,0
LRT,20190604,0.438,0.438,0.438,0.438,2490,0
LRT,20190605,0.438,0.438,0.438,0.438,0,0
LRT,20190606,0.438,0.438,0.438,0.438,0,0
LRT,20190607,0.44,0.44,0.438,0.438,69700,0
LRT,20190610,0.438,0.438,0.438,0.438,0,0
LRT,20190611,0.438,0.438,0.438,0.438,0,0
LRT,20190612,0.438,0.438,0.438,0.438,0,0
LRT,20190613,0.448,0.448,0.444,0.444,10630,0
LRT,20190614,0.45,0.45,0.45,0.45,24640,0
LRT,20190617,0.45,0.45,0.45,0.45,0,0
LRT,20190618,0.45,0.45,0.45,0.45,0,0
LRT,20190619,0.45,0.45,0.45,0.45,0,0
LRT,20190620,0.45,0.45,0.45,0.45,0,0
LRT,20190621,0.436,0.436,0.435,0.435,118240,0
LRT,20190624,0.435,0.435,0.435,0.435,0,0
LRT,20190625,0.435,0.435,0.425,0.426,188150,0
LRT,20190626,0.423,0.423,0.422,0.422,18020,0
LRT,20190627,0.422,0.422,0.422,0.422,0,0
LRT,20190628,0.416,0.417,0.41,0.41,23200,0
LRT,20190701,0.41,0.41,0.41,0.41,0,0
LRT,20190702,0.415,0.422,0.415,0.422,74640,0
LRT,20190703,0.41,0.41,0.41,0.41,12000,0
LRT,20190704,0.41,0.41,0.41,0.41,0,0
LRT,20190705,0.41,0.41,0.41,0.41,0,0
LRT,20190708,0.41,0.41,0.41,0.41,0,0
LRT,20190709,0.41,0.41,0.41,0.41,0,0
LRT,20190710,0.425,0.425,0.425,0.425,25360,0
LRT,20190711,0.425,0.425,0.425,0.425,97840,0
LRT,20190712,0.426,0.426,0.425,0.425,13220,0
LRT,20190715,0.438,0.438,0.438,0.438,36660,0
LRT,20190716,0.445,0.445,0.435,0.435,182890,0
LRT,20190717,0.446,0.446,0.446,0.446,11620,0
LRT,20190718,0.45,0.45,0.45,0.45,8380,0
LRT,20190719,0.462,0.465,0.462,0.463,181620,0
LRT,20190722,0.465,0.465,0.465,0.465,3000,0
LRT,20190723,0.465,0.465,0.465,0.465,0,0
LRT,20190724,0.48,0.48,0.48,0.48,1300,0
LRT,20190725,0.48,0.48,0.48,0.48,0,0
LRT,20190726,0.48,0.48,0.48,0.48,0,0
LRT,20190729,0.483,0.483,0.481,0.481,52020,0
LRT,20190730,0.49,0.49,0.49,0.49,18000,0
LRT,20190731,0.499,0.499,0.499,0.499,20000,0
LRT,20190801,0.499,0.499,0.499,0.499,0,0
LRT,20190802,0.499,0.499,0.499,0.499,0,0
LRT,20190805,0.499,0.499,0.499,0.499,0,0
LRT,20190806,0.499,0.499,0.499,0.499,0,0
LRT,20190807,0.499,0.499,0.499,0.499,0,0
LRT,20190808,0.499,0.499,0.499,0.499,3630,0
LRT,20190809,0.501,0.501,0.5,0.5,30050,0
LRT,20190812,0.5,0.5,0.5,0.5,0,0
LRT,20190813,0.5,0.5,0.5,0.5,0,0
LRT,20190814,0.5,0.5,0.5,0.5,0,0
LRT,20190815,0.5,0.5,0.5,0.5,0,0
LRT,20190816,0.504,0.504,0.503,0.503,18030,0
LRT,20190819,0.503,0.503,0.503,0.503,0,0
LRT,20190820,0.503,0.503,0.503,0.503,0,0
LRT,20190821,0.503,0.503,0.503,0.503,0,0
LRT,20190822,0.503,0.503,0.503,0.503,0,0
LRT,20190823,0.503,0.503,0.503,0.503,0,0
LRT,20190826,0.503,0.503,0.503,0.503,0,0
LRT,20190827,0.503,0.503,0.503,0.503,0,0
LRT,20190828,0.501,0.501,0.5,0.5,11810,0
LRT,20190829,0.5,0.5,0.5,0.5,0,0
LRT,20190830,0.5,0.5,0.5,0.5,0,0
LRT,20190902,0.505,0.505,0.505,0.505,5000,0
LRT,20190903,0.505,0.505,0.505,0.505,0,0
LRT,20190904,0.505,0.505,0.505,0.505,0,0
LRT,20190905,0.511,0.511,0.511,0.511,6010,0
LRT,20190906,0.512,0.512,0.512,0.512,45280,0
LRT,20190909,0.515,0.515,0.502,0.503,68710,0
LRT,20190910,0.507,0.51,0.507,0.51,78140,0
LRT,20190911,0.51,0.51,0.51,0.51,0,0
LRT,20190912,0.51,0.51,0.51,0.51,0,0
LRT,20190913,0.51,0.51,0.51,0.51,0,0
LRT,20190916,0.505,0.505,0.505,0.505,4400,0
LRT,20190917,0.512,0.512,0.508,0.508,43450,0
LRT,20190918,0.51,0.51,0.51,0.51,3980,0
LRT,20190919,0.51,0.51,0.509,0.509,124250,0
LRT,20190920,0.509,0.509,0.509,0.509,4010,0
LRT,20190923,0.51,0.51,0.509,0.509,14980,0
LRT,20190924,0.509,0.509,0.501,0.501,60100,0
LRT,20190925,0.501,0.501,0.501,0.501,0,0
LRT,20190926,0.501,0.501,0.501,0.501,0,0
LRT,20190927,0.501,0.501,0.501,0.501,0,0
LRT,20190930,0.501,0.501,0.501,0.501,0,0
LRT,20191001,0.501,0.501,0.501,0.501,0,0
LRT,20191002,0.5,0.501,0.5,0.5,38260,0
LRT,20191003,0.5,0.5,0.5,0.5,27580,0
LRT,20191004,0.5,0.5,0.5,0.5,0,0
LRT,20191007,0.5,0.5,0.5,0.5,0,0
LRT,20191008,0.5,0.5,0.5,0.5,0,0
LRT,20191009,0.5,0.5,0.5,0.5,0,0
LRT,20191010,0.502,0.503,0.502,0.503,41730,0
LRT,20191011,0.503,0.503,0.503,0.503,0,0
LRT,20191014,0.503,0.503,0.503,0.503,0,0
LRT,20191015,0.503,0.503,0.503,0.503,0,0
LRT,20191016,0.503,0.503,0.503,0.503,60000,0
LRT,20191017,0.503,0.503,0.503,0.503,0,0
LRT,20191018,0.503,0.503,0.503,0.503,0,0
LRT,20191021,0.503,0.503,0.503,0.503,0,0
LRT,20191022,0.503,0.503,0.503,0.503,0,0
LRT,20191023,0.503,0.503,0.503,0.503,0,0
LRT,20191024,0.499,0.499,0.499,0.499,185000,0
LRT,20191025,0.499,0.499,0.499,0.499,103240,0
LRT,20191028,0.499,0.499,0.499,0.499,1980,0
LRT,20191029,0.496,0.496,0.496,0.496,50000,0
LRT,20191030,0.496,0.496,0.496,0.496,34530,0
LRT,20191031,0.496,0.496,0.496,0.496,0,0
LRT,20191101,0.496,0.496,0.496,0.496,0,0
LRT,20191104,0.495,0.495,0.491,0.491,24640,0
LRT,20191105,0.491,0.491,0.491,0.491,0,0
LRT,20191106,0.491,0.491,0.491,0.491,0,0
LRT,20191107,0.491,0.491,0.491,0.491,11810,0
LRT,20191108,0.491,0.491,0.491,0.491,0,0
LRT,20191111,0.49,0.49,0.487,0.487,25000,0
LRT,20191112,0.483,0.483,0.46,0.46,49280,0
LRT,20191113,0.46,0.46,0.46,0.46,0,0
LRT,20191114,0.46,0.46,0.46,0.46,0,0
LRT,20191115,0.46,0.46,0.46,0.46,0,0
LRT,20191118,0.46,0.46,0.452,0.452,70000,0
LRT,20191119,0.452,0.452,0.452,0.452,3030,0
LRT,20191120,0.45,0.45,0.45,0.45,11060,0
LRT,20191121,0.45,0.45,0.45,0.45,0,0
LRT,20191122,0.45,0.45,0.45,0.45,0,0
LRT,20191125,0.45,0.45,0.45,0.45,0,0
LRT,20191126,0.45,0.45,0.45,0.45,0,0
LRT,20191127,0.45,0.45,0.45,0.45,0,0
LRT,20191128,0.45,0.45,0.45,0.45,0,0
LRT,20191129,0.45,0.45,0.45,0.45,1980,0
LRT,20191202,0.45,0.45,0.45,0.45,1980,0
LRT,20191203,0.45,0.45,0.45,0.45,0,0
LRT,20191204,0.45,0.45,0.45,0.45,0,0
LRT,20191205,0.45,0.45,0.45,0.45,0,0
LRT,20191206,0.45,0.45,0.45,0.45,0,0
LRT,20191209,0.45,0.45,0.45,0.45,0,0
LRT,20191210,0.45,0.45,0.45,0.45,0,0
LRT,20191211,0.45,0.45,0.45,0.45,0,0
LRT,20191212,0.45,0.45,0.45,0.45,0,0
LRT,20191213,0.45,0.45,0.45,0.45,0,0
LRT,20191216,0.45,0.45,0.45,0.45,0,0
LRT,20191217,0.463,0.463,0.463,0.463,1990,0
LRT,20191218,0.463,0.463,0.463,0.463,0,0
LRT,20191219,0.463,0.463,0.463,0.463,0,0
LRT,20191220,0.463,0.463,0.463,0.463,0,0
LRT,20191223,0.463,0.463,0.462,0.462,11810,0
LRT,20191224,0.462,0.462,0.462,0.462,0,0
LRT,20191225,0.462,0.462,0.462,0.462,0,0
LRT,20191226,0.462,0.462,0.462,0.462,0,0
LRT,20191227,0.462,0.462,0.462,0.462,0,0
LRT,20191230,0.462,0.462,0.462,0.462,0,0
LRT,20191231,0.462,0.462,0.462,0.462,0,0
LRT,20200101,0.462,0.462,0.462,0.462,0,0
LRT,20200102,0.462,0.462,0.462,0.462,0,0
LRT,20200103,0.462,0.462,0.462,0.462,0,0
LRT,20200106,0.462,0.462,0.462,0.462,0,0
LRT,20200107,0.462,0.462,0.462,0.462,0,0
LRT,20200108,0.462,0.462,0.462,0.462,0,0
LRT,20200109,0.462,0.462,0.462,0.462,0,0
LRT,20200110,0.462,0.462,0.462,0.462,0,0
LRT,20200113,0.462,0.462,0.462,0.462,0,0
LRT,20200114,0.462,0.462,0.462,0.462,0,0
LRT,20200115,0.462,0.462,0.462,0.462,0,0
LRT,20200116,0.462,0.462,0.462,0.462,0,0
LRT,20200117,0.462,0.462,0.462,0.462,0,0
LRT,20200120,0.477,0.478,0.477,0.478,37890,0
LRT,20200121,0.465,0.465,0.465,0.465,11800,0
LRT,20200122,0.465,0.465,0.465,0.465,0,0
LRT,20200123,0.465,0.465,0.465,0.465,0,0
LRT,20200124,0.465,0.465,0.465,0.465,0,0
LRT,20200127,0.465,0.465,0.465,0.465,0,0
LRT,20200128,0.468,0.468,0.468,0.468,18630,0
LRT,20200129,0.468,0.468,0.468,0.468,0,0
LRT,20200130,0.468,0.468,0.468,0.468,0,0
LRT,20200131,0.468,0.468,0.468,0.468,0,0
LRT,20200203,0.468,0.468,0.468,0.468,0,0
LRT,20200204,0.468,0.468,0.468,0.468,0,0
LRT,20200205,0.468,0.468,0.468,0.468,0,0
LRT,20200206,0.468,0.468,0.468,0.468,0,0
LRT,20200207,0.468,0.468,0.468,0.468,0,0
LRT,20200210,0.468,0.468,0.468,0.468,0,0
LRT,20200211,0.475,0.475,0.475,0.475,1140,0
LRT,20200212,0.474,0.477,0.473,0.477,3440,0
LRT,20200213,0.477,0.477,0.477,0.477,0,0
LRT,20200214,0.477,0.477,0.477,0.477,0,0
LRT,20200217,0.477,0.477,0.477,0.477,0,0
LRT,20200218,0.477,0.477,0.477,0.477,0,0
LRT,20200219,0.475,0.475,0.475,0.475,30050,0
LRT,20200220,0.475,0.475,0.475,0.475,0,0
LRT,20200221,0.495,0.499,0.494,0.499,339530,0
LRT,20200224,0.499,0.499,0.499,0.499,21760,0
LRT,20200225,0.499,0.499,0.499,0.499,0,0
LRT,20200226,0.499,0.499,0.499,0.499,0,0
LRT,20200227,0.499,0.499,0.499,0.499,0,0
LRT,20200228,0.491,0.491,0.486,0.486,31760,0
LRT,20200302,0.485,0.485,0.48,0.48,20000,0
LRT,20200303,0.48,0.48,0.48,0.48,0,0
LRT,20200304,0.48,0.48,0.48,0.48,50000,0
LRT,20200305,0.48,0.48,0.48,0.48,0,0
LRT,20200306,0.48,0.48,0.48,0.48,0,0
LRT,20200309,0.475,0.475,0.462,0.462,24040,0
LRT,20200310,0.462,0.462,0.462,0.462,0,0
LRT,20200311,0.462,0.462,0.462,0.462,0,0
LRT,20200312,0.462,0.462,0.46,0.46,75000,0
LRT,20200313,0.46,0.46,0.46,0.46,0,0
LRT,20200316,0.46,0.46,0.46,0.46,0,0
LRT,20200317,0.46,0.46,0.46,0.46,0,0
LRT,20200318,0.46,0.46,0.46,0.46,0,0
LRT,20200319,0.453,0.453,0.452,0.452,20000,0
LRT,20200320,0.452,0.452,0.452,0.452,420,0
LRT,20200323,0.452,0.452,0.452,0.452,0,0
LRT,20200324,0.452,0.452,0.452,0.452,0,0
LRT,20200325,0.452,0.452,0.452,0.452,0,0
LRT,20200326,0.452,0.452,0.452,0.452,0,0
LRT,20200327,0.452,0.452,0.452,0.452,0,0
LRT,20200330,0.452,0.452,0.452,0.452,0,0
LRT,20200331,0.452,0.452,0.452,0.452,0,0
LRT,20200401,0.452,0.452,0.452,0.452,0,0
LRT,20200402,0.452,0.452,0.452,0.452,0,0
LRT,20200403,0.452,0.452,0.452,0.452,0,0
LRT,20200406,0.452,0.452,0.452,0.452,0,0
LRT,20200407,0.452,0.452,0.452,0.452,0,0
LRT,20200408,0.452,0.452,0.452,0.452,0,0
LRT,20200409,0.452,0.452,0.452,0.452,0,0
LRT,20200410,0.452,0.452,0.452,0.452,0,0
LRT,20200413,0.452,0.452,0.452,0.452,0,0
LRT,20200414,0.452,0.452,0.452,0.452,0,0
LRT,20200415,0.452,0.452,0.452,0.452,0,0
LRT,20200416,0.452,0.452,0.452,0.452,0,0
LRT,20200417,0.5,0.5,0.5,0.5,36060,0
LRT,20200420,0.55,0.55,0.55,0.55,6610,0
LRT,20200421,0.61,0.61,0.61,0.61,200,0
LRT,20200422,0.61,0.61,0.61,0.61,1000,0
LRT,20200423,0.61,0.61,0.61,0.61,820,0
LRT,20200424,0.61,0.61,0.58,0.58,56180,0
LRT,20200427,0.58,0.58,0.58,0.58,0,0
LRT,20200428,0.58,0.58,0.58,0.58,0,0
LRT,20200429,0.61,0.615,0.61,0.615,17080,0
LRT,20200430,0.615,0.615,0.615,0.615,0,0
LRT,20200501,0.615,0.615,0.615,0.615,0,0
LRT,20200504,0.63,0.63,0.63,0.63,10000,0
LRT,20200505,0.63,0.63,0.63,0.63,0,0
LRT,20200506,0.63,0.63,0.63,0.63,18030,0
LRT,20200507,0.63,0.63,0.63,0.63,0,0
LRT,20200508,0.64,0.64,0.64,0.64,35000,0
LRT,20200511,0.66,0.66,0.66,0.66,7500,0
LRT,20200512,0.64,0.64,0.64,0.64,7500,0
LRT,20200513,0.62,0.62,0.62,0.62,1110,0
LRT,20200514,0.625,0.625,0.625,0.625,4000,0
LRT,20200515,0.65,0.65,0.65,0.65,7500,0
LRT,20200518,0.65,0.65,0.65,0.65,2500,0
LRT,20200519,0.67,0.67,0.67,0.67,6000,0
LRT,20200520,0.67,0.67,0.67,0.67,0,0
LRT,20200521,0.67,0.67,0.67,0.67,0,0
LRT,20200522,0.67,0.67,0.67,0.67,0,0
LRT,20200525,0.67,0.67,0.67,0.67,0,0
LRT,20200526,0.67,0.67,0.67,0.67,0,0
LRT,20200527,0.67,0.67,0.67,0.67,0,0
LRT,20200528,0.67,0.67,0.67,0.67,0,0
LRT,20200529,0.75,0.75,0.75,0.75,7500,0
LRT,20200601,0.75,0.75,0.725,0.725,11100,0
LRT,20200602,0.78,0.78,0.78,0.78,12500,0
LRT,20200603,0.78,0.78,0.78,0.78,0,0
LRT,20200604,0.76,0.76,0.735,0.735,95000,0
LRT,20200605,0.79,0.83,0.79,0.83,13000,0
LRT,20200608,0.83,0.83,0.83,0.83,0,0
LRT,20200609,0.84,0.86,0.84,0.86,39325,0
LRT,20200610,0.86,0.86,0.86,0.86,9695,0
LRT,20200611,0.9,0.9,0.9,0.9,34030,0
LRT,20200612,0.9,0.9,0.9,0.9,0,0
LRT,20200615,0.9,0.9,0.9,0.9,0,0
LRT,20200616,0.95,0.95,0.95,0.95,7500,0
LRT,20200617,0.95,0.95,0.95,0.95,0,0
LRT,20200618,0.95,0.95,0.95,0.95,0,0
LRT,20200619,0.815,0.91,0.815,0.87,36346,0
LRT,20200622,0.855,0.93,0.855,0.93,50194,0
LRT,20200623,0.94,0.94,0.935,0.935,12020,0
LRT,20200624,0.95,0.99,0.95,0.99,40608,0
LRT,20200625,0.905,0.92,0.9,0.92,37246,0
LRT,20200626,0.92,0.95,0.92,0.925,21381,0
LRT,20200629,0.99,0.99,0.955,0.955,12290,0
LRT,20200630,0.96,0.96,0.96,0.96,7530,0
LRT,20200701,0.96,0.96,0.96,0.96,0,0
LRT,20200702,0.96,0.96,0.96,0.96,0,0
LRT,20200703,0.945,0.945,0.935,0.94,29770,0
LRT,20200706,0.94,0.94,0.91,0.91,2540,0
LRT,20200707,0.91,0.91,0.91,0.91,0,0
LRT,20200708,0.91,0.91,0.91,0.91,0,0
LRT,20200709,0.99,1.01,0.99,1.01,7915,0
LRT,20200710,1.03,1.03,1,1,2340,0
LRT,20200713,1,1,1,1,30000,0
LRT,20200714,1,1.03,0.98,1.03,16774,0
LRT,20200715,1.03,1.07,1.03,1.07,6205,0
LRT,20200716,1.05,1.05,1.05,1.05,5000,0
LRT,20200717,1.05,1.05,1.05,1.05,0,0
LRT,20200720,1.05,1.05,1.05,1.05,0,0
LRT,20200721,1.04,1.05,1.04,1.05,32843,0
LRT,20200722,1.07,1.07,1.03,1.03,52050,0
LRT,20200723,1.04,1.04,1.035,1.04,28005,0
LRT,20200724,1.055,1.12,1.055,1.12,31797,0
LRT,20200727,1.095,1.1,1.095,1.1,23297,0
LRT,20200728,1.12,1.15,1.12,1.15,34887,0
LRT,20200729,1.105,1.105,1.1,1.1,2000,0
LRT,20200730,1.105,1.105,1.105,1.105,2393,0
LRT,20200731,1.105,1.105,1.105,1.105,0,0
LRT,20200803,1.11,1.11,1.1,1.11,6819,0
LRT,20200804,1.11,1.11,1.11,1.11,0,0
LRT,20200805,1.16,1.16,1.16,1.16,3650,0
LRT,20200806,1.295,1.3,1.26,1.26,22937,0
LRT,20200807,1.26,1.3,1.245,1.245,49704,0
LRT,20200810,1.325,1.325,1.325,1.325,2500,0
LRT,20200811,1.32,1.32,1.25,1.275,81393,0
LRT,20200812,1.245,1.245,1.24,1.24,10526,0
LRT,20200813,1.25,1.25,1.25,1.25,1000,0
LRT,20200814,1.26,1.26,1.2,1.2,4220,0
LRT,20200817,1.25,1.25,1.25,1.25,918,0
LRT,20200818,1.25,1.255,1.2,1.255,4214,0
LRT,20200819,1.255,1.28,1.25,1.25,41517,0
LRT,20200820,1.24,1.24,1.24,1.24,800,0
LRT,20200821,1.21,1.21,1.2,1.2,5101,0
LRT,20200824,1.2,1.2,1.2,1.2,2708,0
LRT,20200825,1.24,1.245,1.21,1.245,1075,0
LRT,20200826,1.245,1.245,1.2,1.235,4582,0
LRT,20200827,1.235,1.235,1.235,1.235,0,0
LRT,20200828,1.2,1.2,1.2,1.2,5000,0
LRT,20200831,1.19,1.23,1.19,1.23,3530,0
LRT,20200901,1.19,1.27,1.19,1.27,3123,0
LRT,20200902,1.3,1.3,1.295,1.3,5000,0
LRT,20200903,1.3,1.3,1.3,1.3,3366,0
LRT,20200904,1.32,1.345,1.3,1.345,17384,0
LRT,20200907,1.345,1.345,1.345,1.345,0,0
LRT,20200908,1.32,1.32,1.3,1.3,7362,0
LRT,20200909,1.3,1.3,1.27,1.27,8708,0
LRT,20200910,1.25,1.25,1.25,1.25,26400,0
LRT,20200911,1.23,1.25,1.23,1.235,28853,0
LRT,20200914,1.25,1.275,1.16,1.2,16106,0
LRT,20200915,1.2,1.2,1.2,1.2,15851,0
LRT,20200916,1.235,1.235,1.235,1.235,1000,0
LRT,20200917,1.2,1.2,1.2,1.2,18000,0
LRT,20200918,1.215,1.235,1.2,1.235,24830,0
LRT,20200921,1.235,1.235,1.22,1.22,13000,0
LRT,20200922,1.21,1.21,1.21,1.21,2000,0
LRT,20200923,1.205,1.205,1.2,1.2,2637,0
LRT,20200924,1.17,1.17,1.17,1.17,4000,0
LRT,20200925,1.195,1.195,1.17,1.17,6779,0
LRT,20200928,1.17,1.17,1.17,1.17,0,0
LRT,20200929,1.2,1.2,1.2,1.2,2000,0
LRT,20200930,1.2,1.2,1.2,1.2,0,0
LRT,20201001,1.2,1.2,1.2,1.2,0,0
LRT,20201002,1.175,1.175,1.175,1.175,19324,0
LRT,20201005,1.17,1.17,1.17,1.17,5900,0
LRT,20201006,1.17,1.2,1.17,1.2,34155,0
LRT,20201007,1.2,1.2,1.2,1.2,938,0
LRT,20201008,1.2,1.2,1.2,1.2,0,0
LRT,20201009,1.225,1.225,1.225,1.225,866,0
LRT,20201012,1.25,1.3,1.25,1.3,8042,0
LRT,20201013,1.3,1.31,1.3,1.3,6228,0
LRT,20201014,1.26,1.26,1.26,1.26,1937,0
LRT,20201015,1.26,1.26,1.26,1.26,0,0
LRT,20201016,1.26,1.26,1.23,1.23,5380,0
LRT,20201019,1.24,1.24,1.21,1.21,12526,0
LRT,20201020,1.21,1.21,1.21,1.21,0,0
LRT,20201021,1.255,1.26,1.255,1.26,11301,0
LRT,20201022,1.29,1.29,1.29,1.29,50438,0
LRT,20201023,1.29,1.29,1.29,1.29,0,0
LRT,20201026,1.29,1.29,1.29,1.29,15874,0
LRT,20201027,1.29,1.31,1.29,1.31,26723,0
LRT,20201028,1.31,1.31,1.31,1.31,0,0
LRT,20201029,1.31,1.31,1.31,1.31,0,0
LRT,20201030,1.31,1.31,1.31,1.31,0,0
LRT,20201102,1.31,1.31,1.31,1.31,0,0
LRT,20201103,1.27,1.27,1.27,1.27,1575,0
LRT,20201104,1.28,1.28,1.28,1.28,10000,0
LRT,20201105,1.28,1.28,1.28,1.28,0,0
LRT,20201106,1.28,1.29,1.25,1.25,8375,0
LRT,20201109,1.255,1.255,1.255,1.255,1488,0
LRT,20201110,1.225,1.225,1.2,1.2,10865,0
LRT,20201111,1.225,1.25,1.225,1.25,6087,0
LRT,20201112,1.25,1.25,1.25,1.25,0,0
LRT,20201113,1.25,1.25,1.25,1.25,74,0
LRT,20201116,1.25,1.25,1.25,1.25,2000,0
LRT,20201117,1.205,1.205,1.205,1.205,2000,0
LRT,20201118,1.2,1.2,1.18,1.18,43040,0
LRT,20201119,1.17,1.17,1.17,1.17,925,0
LRT,20201120,1.17,1.17,1.165,1.165,31901,0
LRT,20201123,1.17,1.17,1.17,1.17,7193,0
LRT,20201124,1.16,1.16,1.16,1.16,2000,0
LRT,20201125,1.16,1.16,1.15,1.15,7872,0
LRT,20201126,1.15,1.17,1.15,1.17,8148,0
LRT,20201127,1.17,1.17,1.17,1.17,0,0
LRT,20201130,1.15,1.15,1.15,1.15,100,0
LRT,20201201,1.15,1.15,1.15,1.15,0,0
LRT,20201202,1.15,1.15,1.15,1.15,0,0
LRT,20201203,1.15,1.15,1.15,1.15,0,0
LRT,20201204,1.17,1.17,1.15,1.17,5100,0
LRT,20201207,1.17,1.17,1.17,1.17,500,0
LRT,20201208,1.17,1.17,1.165,1.17,32994,0
LRT,20201209,1.17,1.17,1.17,1.17,500,0
LRT,20201210,1.17,1.17,1.17,1.17,0,0
LRT,20201211,1.17,1.17,1.17,1.17,0,0
LRT,20201214,1.2,1.2,1.2,1.2,10000,0
LRT,20201215,1.185,1.22,1.185,1.22,9456,0
LRT,20201216,1.2,1.2,1.185,1.185,4706,0
LRT,20201217,1.2,1.2,1.2,1.2,6593,0
LRT,20201218,1.2,1.2,1.2,1.2,0,0
LRT,20201221,1.2,1.2,1.2,1.2,2040,0
LRT,20201222,1.2,1.2,1.2,1.2,20857,0
LRT,20201223,1.2,1.2,1.2,1.2,0,0
LRT,20201224,1.2,1.2,1.2,1.2,0,0
LRT,20201225,1.2,1.2,1.2,1.2,0,0
LRT,20201228,1.2,1.2,1.2,1.2,0,0
LRT,20201229,1.245,1.245,1.19,1.19,30950,0
LRT,20201230,1.19,1.19,1.19,1.19,0,0
LRT,20201231,1.19,1.19,1.19,1.19,0,0
LRT,20210101,1.19,1.19,1.19,1.19,0,0
LRT,20210104,1.25,1.25,1.25,1.25,20478,0
LRT,20210105,1.25,1.25,1.2,1.2,52200,0
LRT,20210106,1.2,1.2,1.2,1.2,0,0
LRT,20210107,1.2,1.2,1.2,1.2,0,0
LRT,20210108,1.26,1.27,1.25,1.27,58231,0
LRT,20210111,1.25,1.25,1.23,1.23,17281,0
LRT,20210112,1.23,1.23,1.23,1.23,0,0
LRT,20210113,1.22,1.22,1.22,1.22,7916,0
LRT,20210114,1.22,1.22,1.22,1.22,0,0
LRT,20210115,1.25,1.25,1.25,1.25,5730,0
LRT,20210118,1.25,1.25,1.25,1.25,0,0
LRT,20210119,1.25,1.25,1.25,1.25,0,0
LRT,20210120,1.23,1.23,1.22,1.22,19493,0
LRT,20210121,1.22,1.22,1.21,1.21,13624,0
LRT,20210122,1.21,1.21,1.2,1.2,24037,0
LRT,20210125,1.2,1.22,1.2,1.22,26012,0
LRT,20210126,1.22,1.22,1.22,1.22,0,0
LRT,20210127,1.215,1.215,1.215,1.215,5000,0
LRT,20210128,1.2,1.2,1.19,1.19,16466,0
LRT,20210129,1.2,1.2,1.185,1.185,7036,0
LRT,20210201,1.18,1.18,1.18,1.18,12000,0
LRT,20210202,1.18,1.18,1.18,1.18,0,0
LRT,20210203,1.195,1.195,1.195,1.195,464,0
LRT,20210204,1.2,1.2,1.2,1.2,13166,0
LRT,20210205,1.2,1.2,1.195,1.195,15970,0
LRT,20210208,1.195,1.2,1.195,1.2,16653,0
LRT,20210209,1.2,1.2,1.195,1.2,3426,0
LRT,20210210,1.2,1.2,1.2,1.2,0,0
LRT,20210211,1.2,1.2,1.195,1.195,3200,0
LRT,20210212,1.195,1.195,1.195,1.195,0,0
LRT,20210215,1.2,1.2,1.2,1.2,2000,0
LRT,20210216,1.215,1.27,1.215,1.27,41151,0
LRT,20210217,1.27,1.28,1.27,1.27,33326,0
LRT,20210218,1.27,1.27,1.27,1.27,0,0
LRT,20210219,1.28,1.28,1.27,1.27,20432,0
LRT,20210222,1.27,1.27,1.27,1.27,0,0
LRT,20210223,1.27,1.27,1.27,1.27,0,0
LRT,20210224,1.29,1.345,1.285,1.34,25948,0
LRT,20210225,1.34,1.34,1.29,1.29,3700,0
LRT,20210226,1.29,1.29,1.29,1.29,0,0
LRT,20210301,1.29,1.29,1.29,1.29,2217,0
LRT,20210302,1.29,1.29,1.29,1.29,0,0
LRT,20210303,1.29,1.29,1.29,1.29,0,0
LRT,20210304,1.29,1.29,1.29,1.29,0,0
LRT,20210305,1.29,1.29,1.29,1.29,0,0
LRT,20210308,1.29,1.29,1.29,1.29,0,0
LRT,20210309,1.23,1.23,1.23,1.23,2424,0
LRT,20210310,1.28,1.28,1.28,1.28,3000,0
LRT,20210311,1.28,1.3,1.28,1.29,19200,0
LRT,20210312,1.29,1.29,1.29,1.29,0,0
LRT,20210315,1.24,1.25,1.22,1.25,22571,0
LRT,20210316,1.31,1.31,1.31,1.31,3000,0
LRT,20210317,1.33,1.34,1.33,1.34,8000,0
LRT,20210318,1.34,1.34,1.34,1.34,0,0
LRT,20210319,1.3,1.3,1.3,1.3,7000,0
LRT,20210322,1.3,1.33,1.3,1.33,8864,0
LRT,20210323,1.285,1.285,1.26,1.26,10000,0
LRT,20210324,1.26,1.26,1.26,1.26,0,0
LRT,20210325,1.26,1.26,1.26,1.26,0,0
LRT,20210326,1.26,1.26,1.26,1.26,0,0
LRT,20210329,1.28,1.28,1.275,1.275,10000,0
LRT,20210330,1.32,1.345,1.32,1.345,7990,0
LRT,20210331,1.325,1.33,1.325,1.33,30000,0
LRT,20210401,1.33,1.35,1.33,1.35,20000,0
LRT,20210402,1.35,1.35,1.35,1.35,0,0
LRT,20210405,1.35,1.35,1.35,1.35,0,0
LRT,20210406,1.35,1.35,1.35,1.35,4000,0
LRT,20210407,1.35,1.35,1.35,1.35,0,0
LRT,20210408,1.35,1.35,1.35,1.35,0,0
LRT,20210409,1.35,1.43,1.35,1.43,19048,0
LRT,20210412,1.5,1.505,1.5,1.505,14059,0
LRT,20210413,1.5,1.5,1.48,1.5,15700,0
LRT,20210414,1.5,1.5,1.5,1.5,5774,0
LRT,20210415,1.5,1.5,1.5,1.5,0,0
LRT,20210416,1.5,1.5,1.5,1.5,1716,0
LRT,20210419,1.58,1.58,1.565,1.57,11977,0
LRT,20210420,1.57,1.57,1.57,1.57,6180,0
LRT,20210421,1.57,1.57,1.5,1.51,20380,0
LRT,20210422,1.54,1.6,1.54,1.6,30147,0
LRT,20210423,1.565,1.565,1.56,1.56,2000,0
LRT,20210426,1.64,1.65,1.64,1.65,14884,0
LRT,20210427,1.65,1.65,1.65,1.65,12800,0
LRT,20210428,1.65,1.7,1.65,1.7,49477,0
LRT,20210429,1.68,1.68,1.68,1.68,16097,0
LRT,20210430,1.69,1.69,1.65,1.65,20190,0
LRT,20210503,1.65,1.65,1.65,1.65,10060,0
LRT,20210504,1.68,1.7,1.68,1.7,17274,0
LRT,20210505,1.7,1.7,1.7,1.7,0,0
LRT,20210506,1.705,1.705,1.68,1.705,6442,0
LRT,20210507,1.71,1.725,1.71,1.71,14424,0
LRT,20210510,1.72,1.72,1.7,1.72,77605,0
LRT,20210511,1.7,1.7,1.65,1.65,12848,0
LRT,20210512,1.66,1.66,1.66,1.66,5118,0
LRT,20210513,1.61,1.61,1.6,1.605,5135,0
LRT,20210514,1.6,1.605,1.6,1.605,1564,0
LRT,20210517,1.605,1.605,1.605,1.605,0,0
LRT,20210518,1.69,1.74,1.69,1.74,3487,0
LRT,20210519,1.735,1.735,1.735,1.735,576,0
LRT,20210520,1.735,1.735,1.735,1.735,23,0
LRT,20210521,1.66,1.7,1.66,1.7,6000,0
LRT,20210524,1.7,1.7,1.7,1.7,0,0
LRT,20210525,1.7,1.7,1.7,1.7,0,0
LRT,20210526,1.7,1.7,1.7,1.7,0,0
LRT,20210527,1.7,1.7,1.7,1.7,0,0
LRT,20210528,1.7,1.7,1.7,1.7,0,0
LRT,20210531,1.65,1.7,1.65,1.7,663,0
LRT,20210601,1.72,1.72,1.72,1.72,8970,0
LRT,20210602,1.72,1.75,1.72,1.75,7817,0
LRT,20210603,1.75,1.75,1.75,1.75,1400,0
LRT,20210604,1.75,1.75,1.7,1.7,8600,0
LRT,20210607,1.715,1.715,1.71,1.71,13317,0
LRT,20210608,1.685,1.685,1.68,1.68,16031,0
LRT,20210609,1.685,1.69,1.685,1.69,2380,0
LRT,20210610,1.69,1.71,1.69,1.71,20820,0
LRT,20210611,1.69,1.69,1.625,1.625,20000,0
LRT,20210614,1.625,1.625,1.625,1.625,0,0
LRT,20210615,1.69,1.77,1.64,1.69,8727,0
LRT,20210616,1.765,1.77,1.76,1.77,29300,0
LRT,20210617,1.76,1.76,1.7,1.7,5288,0
LRT,20210618,1.72,1.72,1.7,1.7,18095,0
LRT,20210621,1.68,1.68,1.64,1.68,16852,0
LRT,20210622,1.68,1.68,1.68,1.68,10690,0
LRT,20210623,1.7,1.7,1.69,1.69,1183,0
LRT,20210624,1.67,1.68,1.67,1.67,18000,0
LRT,20210625,1.67,1.68,1.67,1.68,18000,0
LRT,20210628,1.66,1.66,1.6,1.6,61640,0
LRT,20210629,1.6,1.64,1.6,1.64,29002,0
LRT,20210630,1.45,1.5,1.45,1.5,16559,0
