NRX,20171115,0.21,0.235,0.21,0.22,2460393,0
NRX,20171116,0.22,0.23,0.217,0.225,662830,0
NRX,20171117,0.225,0.255,0.22,0.25,1241704,0
NRX,20171120,0.255,0.255,0.22,0.225,388288,0
NRX,20171121,0.225,0.225,0.21,0.21,534079,0
NRX,20171122,0.21,0.215,0.2,0.215,704166,0
NRX,20171123,0.21,0.21,0.205,0.205,229310,0
NRX,20171124,0.205,0.205,0.19,0.19,1389549,0
NRX,20171127,0.19,0.2,0.19,0.2,225000,0
NRX,20171128,0.2,0.2,0.19,0.195,141127,0
NRX,20171129,0.195,0.195,0.19,0.195,280000,0
NRX,20171130,0.195,0.21,0.19,0.19,560000,0
NRX,20171201,0.19,0.19,0.19,0.19,38873,0
NRX,20171204,0.18,0.18,0.18,0.18,20000,0
NRX,20171205,0.18,0.18,0.18,0.18,100000,0
NRX,20171206,0.175,0.175,0.17,0.175,155000,0
NRX,20171207,0.175,0.205,0.175,0.205,366127,0
NRX,20171208,0.21,0.21,0.2,0.21,78873,0
NRX,20171211,0.21,0.21,0.21,0.21,0,0
NRX,20171212,0.21,0.21,0.21,0.21,0,0
NRX,20171213,0.2,0.2,0.18,0.18,20000,0
NRX,20171214,0.18,0.18,0.18,0.18,0,0
NRX,20171215,0.2,0.2,0.18,0.18,52470,0
NRX,20171218,0.2,0.2,0.2,0.2,2700,0
NRX,20171219,0.2,0.2,0.2,0.2,0,0
NRX,20171220,0.195,0.195,0.195,0.195,22500,0
NRX,20171221,0.195,0.195,0.195,0.195,0,0
NRX,20171222,0.18,0.18,0.18,0.18,5000,0
NRX,20171225,0.18,0.18,0.18,0.18,0,0
NRX,20171226,0.18,0.18,0.18,0.18,0,0
NRX,20171227,0.19,0.19,0.19,0.19,5500,0
NRX,20171228,0.19,0.19,0.19,0.19,44500,0
NRX,20171229,0.19,0.19,0.19,0.19,0,0
NRX,20180101,0.19,0.19,0.19,0.19,0,0
NRX,20180102,0.19,0.19,0.19,0.19,0,0
NRX,20180103,0.19,0.19,0.19,0.19,0,0
NRX,20180104,0.2,0.2,0.175,0.175,207300,0
NRX,20180105,0.18,0.18,0.17,0.17,50000,0
NRX,20180108,0.175,0.175,0.175,0.175,2200,0
NRX,20180109,0.2,0.2,0.2,0.2,11100,0
NRX,20180110,0.2,0.2,0.2,0.2,0,0
NRX,20180111,0.18,0.18,0.18,0.18,3000,0
NRX,20180112,0.18,0.18,0.18,0.18,0,0
NRX,20180115,0.175,0.19,0.17,0.17,1117500,0
NRX,20180116,0.175,0.175,0.17,0.17,167500,0
NRX,20180117,0.19,0.19,0.17,0.17,261500,0
NRX,20180118,0.17,0.18,0.17,0.17,237800,0
NRX,20180119,0.17,0.17,0.17,0.17,0,0
NRX,20180122,0.17,0.17,0.17,0.17,100000,0
NRX,20180123,0.17,0.18,0.16,0.16,152500,0
NRX,20180124,0.165,0.17,0.16,0.17,202000,0
NRX,20180125,0.17,0.185,0.17,0.185,75000,0
NRX,20180126,0.185,0.185,0.185,0.185,0,0
NRX,20180129,0.175,0.175,0.165,0.165,108500,0
NRX,20180130,0.165,0.165,0.165,0.165,39000,0
NRX,20180131,0.165,0.165,0.165,0.165,0,0
NRX,20180201,0.16,0.16,0.16,0.16,202500,0
NRX,20180202,0.165,0.165,0.16,0.16,509139,0
NRX,20180205,0.16,0.16,0.16,0.16,210000,0
NRX,20180206,0.16,0.16,0.16,0.16,517067,0
NRX,20180207,0.16,0.165,0.14,0.14,274000,0
NRX,20180208,0.14,0.16,0.13,0.13,155494,0
NRX,20180209,0.15,0.185,0.15,0.185,313298,0
NRX,20180212,0.185,0.185,0.155,0.155,26750,0
NRX,20180213,0.15,0.155,0.15,0.15,149250,0
NRX,20180214,0.15,0.15,0.15,0.15,0,0
NRX,20180215,0.15,0.15,0.15,0.15,18723,0
NRX,20180216,0.15,0.15,0.15,0.15,0,0
NRX,20180219,0.145,0.15,0.145,0.15,84477,0
NRX,20180220,0.15,0.155,0.15,0.155,61723,0
NRX,20180221,0.155,0.155,0.155,0.155,0,0
NRX,20180222,0.155,0.155,0.155,0.155,0,0
NRX,20180223,0.145,0.145,0.145,0.145,36800,0
NRX,20180226,0.145,0.145,0.145,0.145,22,0
NRX,20180227,0.145,0.145,0.145,0.145,0,0
NRX,20180228,0.15,0.15,0.15,0.15,13333,0
NRX,20180301,0.15,0.15,0.145,0.145,64000,0
NRX,20180302,0.145,0.145,0.145,0.145,36666,0
NRX,20180305,0.145,0.145,0.14,0.14,20000,0
NRX,20180306,0.14,0.14,0.14,0.14,150000,0
NRX,20180307,0.14,0.14,0.14,0.14,0,0
NRX,20180308,0.14,0.14,0.14,0.14,16027,0
NRX,20180309,0.14,0.14,0.14,0.14,50000,0
NRX,20180312,0.14,0.14,0.135,0.135,50000,0
NRX,20180313,0.14,0.145,0.14,0.145,1474860,0
NRX,20180314,0.145,0.145,0.145,0.145,0,0
NRX,20180315,0.15,0.15,0.15,0.15,100000,0
NRX,20180316,0.15,0.15,0.15,0.15,12472,0
NRX,20180319,0.155,0.155,0.155,0.155,3500,0
NRX,20180320,0.15,0.17,0.15,0.17,50139,0
NRX,20180321,0.17,0.17,0.17,0.17,0,0
NRX,20180322,0.17,0.17,0.17,0.17,0,0
NRX,20180323,0.17,0.17,0.17,0.17,0,0
NRX,20180326,0.15,0.15,0.15,0.15,19529,0
NRX,20180327,0.15,0.15,0.15,0.15,0,0
NRX,20180328,0.15,0.15,0.15,0.15,0,0
NRX,20180329,0.15,0.15,0.15,0.15,0,0
NRX,20180330,0.15,0.15,0.15,0.15,0,0
NRX,20180402,0.15,0.15,0.15,0.15,0,0
NRX,20180403,0.15,0.15,0.15,0.15,0,0
NRX,20180404,0.15,0.15,0.15,0.15,0,0
NRX,20180405,0.14,0.14,0.14,0.14,300000,0
NRX,20180406,0.14,0.14,0.14,0.14,0,0
NRX,20180409,0.14,0.14,0.135,0.135,45471,0
NRX,20180410,0.14,0.14,0.14,0.14,7843,0
NRX,20180411,0.14,0.14,0.14,0.14,0,0
NRX,20180412,0.14,0.14,0.14,0.14,0,0
NRX,20180413,0.14,0.14,0.14,0.14,0,0
NRX,20180416,0.14,0.14,0.14,0.14,0,0
NRX,20180417,0.14,0.14,0.14,0.14,0,0
NRX,20180418,0.14,0.14,0.14,0.14,0,0
NRX,20180419,0.135,0.135,0.135,0.135,86267,0
NRX,20180420,0.135,0.135,0.135,0.135,0,0
NRX,20180423,0.125,0.125,0.12,0.12,300000,0
NRX,20180424,0.12,0.12,0.12,0.12,0,0
NRX,20180425,0.12,0.12,0.12,0.12,0,0
NRX,20180426,0.12,0.12,0.12,0.12,0,0
NRX,20180427,0.12,0.12,0.12,0.12,0,0
NRX,20180430,0.12,0.12,0.115,0.115,200000,0
NRX,20180501,0.115,0.115,0.115,0.115,0,0
NRX,20180502,0.115,0.115,0.115,0.115,20000,0
NRX,20180503,0.115,0.115,0.1,0.1,150000,0
NRX,20180504,0.1,0.1,0.1,0.1,46421,0
NRX,20180507,0.1,0.1,0.1,0.1,3575,0
NRX,20180508,0.1,0.1,0.1,0.1,0,0
NRX,20180509,0.1,0.1,0.1,0.1,0,0
NRX,20180510,0.1,0.105,0.1,0.1,56425,0
NRX,20180511,0.1,0.1,0.1,0.1,0,0
NRX,20180514,0.1,0.1,0.1,0.1,0,0
NRX,20180515,0.1,0.1,0.1,0.1,0,0
NRX,20180516,0.1,0.1,0.1,0.1,0,0
NRX,20180517,0.135,0.135,0.135,0.135,3733,0
NRX,20180518,0.135,0.135,0.135,0.135,0,0
NRX,20180521,0.135,0.135,0.135,0.135,39745,0
NRX,20180522,0.135,0.135,0.135,0.135,41315,0
NRX,20180523,0.14,0.14,0.14,0.14,20000,0
NRX,20180524,0.14,0.15,0.14,0.14,200000,0
NRX,20180525,0.15,0.15,0.14,0.14,25601,0
NRX,20180528,0.15,0.15,0.15,0.15,40000,0
NRX,20180529,0.15,0.15,0.15,0.15,0,0
NRX,20180530,0.15,0.15,0.145,0.145,240000,0
NRX,20180531,0.15,0.15,0.15,0.15,305300,0
NRX,20180601,0.135,0.135,0.135,0.135,600,0
NRX,20180604,0.135,0.135,0.135,0.135,0,0
NRX,20180605,0.135,0.135,0.135,0.135,0,0
NRX,20180606,0.14,0.14,0.135,0.135,425000,0
NRX,20180607,0.135,0.135,0.135,0.135,25000,0
NRX,20180608,0.12,0.12,0.12,0.12,88948,0
NRX,20180611,0.12,0.12,0.12,0.12,0,0
NRX,20180612,0.11,0.12,0.11,0.12,133952,0
NRX,20180613,0.13,0.13,0.13,0.13,149542,0
NRX,20180614,0.13,0.13,0.13,0.13,3806,0
NRX,20180615,0.13,0.13,0.13,0.13,0,0
NRX,20180618,0.13,0.13,0.13,0.13,0,0
NRX,20180619,0.13,0.13,0.13,0.13,0,0
NRX,20180620,0.11,0.11,0.105,0.11,117514,0
NRX,20180621,0.11,0.11,0.11,0.11,32486,0
NRX,20180622,0.11,0.11,0.11,0.11,0,0
NRX,20180625,0.12,0.12,0.105,0.105,39061,0
NRX,20180626,0.11,0.12,0.11,0.12,250938,0
NRX,20180627,0.12,0.12,0.12,0.12,0,0
NRX,20180628,0.12,0.12,0.12,0.12,72000,0
NRX,20180629,0.12,0.12,0.12,0.12,100000,0
NRX,20180702,0.12,0.125,0.12,0.125,138250,0
NRX,20180703,0.125,0.13,0.125,0.13,215501,0
NRX,20180704,0.13,0.135,0.13,0.135,161500,0
NRX,20180705,0.13,0.13,0.13,0.13,25000,0
NRX,20180706,0.13,0.13,0.13,0.13,101157,0
NRX,20180709,0.135,0.135,0.135,0.135,178808,0
NRX,20180710,0.135,0.135,0.135,0.135,50000,0
NRX,20180711,0.145,0.15,0.14,0.14,258869,0
NRX,20180712,0.14,0.14,0.14,0.14,135000,0
NRX,20180713,0.14,0.14,0.14,0.14,77450,0
NRX,20180716,0.145,0.145,0.145,0.145,133483,0
NRX,20180717,0.145,0.145,0.145,0.145,60193,0
NRX,20180718,0.145,0.145,0.145,0.145,25000,0
NRX,20180719,0.145,0.145,0.145,0.145,51127,0
NRX,20180720,0.15,0.15,0.14,0.14,750000,0
NRX,20180723,0.15,0.15,0.15,0.15,300000,0
NRX,20180724,0.14,0.14,0.14,0.14,112428,0
NRX,20180725,0.145,0.145,0.145,0.145,100000,0
NRX,20180726,0.15,0.15,0.15,0.15,982507,0
NRX,20180727,0.15,0.15,0.15,0.15,180000,0
NRX,20180730,0.15,0.15,0.15,0.15,120000,0
NRX,20180731,0.15,0.15,0.15,0.15,0,0
NRX,20180801,0.15,0.15,0.15,0.15,75000,0
NRX,20180802,0.15,0.15,0.15,0.15,190000,0
NRX,20180803,0.15,0.15,0.15,0.15,0,0
NRX,20180806,0.15,0.15,0.15,0.15,0,0
NRX,20180807,0.15,0.15,0.15,0.15,0,0
NRX,20180808,0.15,0.15,0.15,0.15,10020,0
NRX,20180809,0.15,0.15,0.15,0.15,0,0
NRX,20180810,0.15,0.15,0.15,0.15,646506,0
NRX,20180813,0.15,0.15,0.15,0.15,91981,0
NRX,20180814,0.17,0.17,0.17,0.17,10000,0
NRX,20180815,0.17,0.17,0.14,0.14,25404,0
NRX,20180816,0.15,0.15,0.15,0.15,839,0
NRX,20180817,0.15,0.15,0.15,0.15,58511,0
NRX,20180820,0.15,0.15,0.15,0.15,191489,0
NRX,20180821,0.15,0.15,0.15,0.15,0,0
NRX,20180822,0.15,0.15,0.15,0.15,0,0
NRX,20180823,0.15,0.15,0.15,0.15,0,0
NRX,20180824,0.15,0.15,0.15,0.15,0,0
NRX,20180827,0.15,0.15,0.15,0.15,0,0
NRX,20180828,0.15,0.15,0.15,0.15,0,0
NRX,20180829,0.145,0.145,0.145,0.145,200000,0
NRX,20180830,0.145,0.145,0.145,0.145,0,0
NRX,20180831,0.145,0.145,0.145,0.145,357550,0
NRX,20180903,0.145,0.145,0.145,0.145,250000,0
NRX,20180904,0.14,0.14,0.14,0.14,100000,0
NRX,20180905,0.137,0.137,0.137,0.137,11200,0
NRX,20180906,0.135,0.135,0.135,0.135,10020,0
NRX,20180907,0.135,0.135,0.135,0.135,0,0
NRX,20180910,0.135,0.135,0.135,0.135,39980,0
NRX,20180911,0.135,0.135,0.135,0.135,0,0
NRX,20180912,0.135,0.135,0.135,0.135,0,0
NRX,20180913,0.135,0.135,0.135,0.135,0,0
NRX,20180914,0.135,0.135,0.135,0.135,0,0
NRX,20180917,0.135,0.135,0.135,0.135,0,0
NRX,20180918,0.135,0.135,0.135,0.135,0,0
NRX,20180919,0.135,0.135,0.135,0.135,0,0
NRX,20180920,0.135,0.135,0.135,0.135,0,0
NRX,20180921,0.135,0.135,0.135,0.135,0,0
NRX,20180924,0.135,0.135,0.135,0.135,0,0
NRX,20180925,0.135,0.135,0.135,0.135,0,0
NRX,20180926,0.135,0.135,0.135,0.135,0,0
NRX,20180927,0.135,0.135,0.135,0.135,0,0
NRX,20180928,0.135,0.135,0.135,0.135,0,0
NRX,20181001,0.135,0.135,0.135,0.135,0,0
NRX,20181002,0.12,0.12,0.12,0.12,35020,0
NRX,20181003,0.12,0.12,0.12,0.12,0,0
NRX,20181004,0.12,0.12,0.12,0.12,0,0
NRX,20181005,0.12,0.12,0.12,0.12,0,0
NRX,20181008,0.12,0.12,0.12,0.12,43650,0
NRX,20181009,0.12,0.12,0.12,0.12,0,0
NRX,20181010,0.12,0.12,0.12,0.12,0,0
NRX,20181011,0.12,0.12,0.12,0.12,0,0
NRX,20181012,0.12,0.12,0.12,0.12,0,0
NRX,20181015,0.12,0.12,0.12,0.12,0,0
NRX,20181016,0.12,0.12,0.12,0.12,0,0
NRX,20181017,0.12,0.12,0.12,0.12,0,0
NRX,20181018,0.12,0.12,0.12,0.12,0,0
NRX,20181019,0.12,0.12,0.12,0.12,0,0
NRX,20181022,0.12,0.12,0.12,0.12,0,0
NRX,20181023,0.12,0.12,0.12,0.12,0,0
NRX,20181024,0.12,0.12,0.12,0.12,0,0
NRX,20181025,0.12,0.12,0.12,0.12,0,0
NRX,20181026,0.12,0.12,0.12,0.12,0,0
NRX,20181029,0.12,0.12,0.12,0.12,0,0
NRX,20181030,0.12,0.12,0.12,0.12,0,0
NRX,20181031,0.12,0.12,0.12,0.12,13133,0
NRX,20181101,0.12,0.12,0.12,0.12,0,0
NRX,20181102,0.12,0.12,0.12,0.12,0,0
NRX,20181105,0.12,0.12,0.12,0.12,50000,0
NRX,20181106,0.12,0.12,0.12,0.12,0,0
NRX,20181107,0.12,0.12,0.12,0.12,50000,0
NRX,20181108,0.12,0.12,0.12,0.12,5000,0
NRX,20181109,0.12,0.12,0.12,0.12,55000,0
NRX,20181112,0.12,0.12,0.12,0.12,0,0
NRX,20181113,0.12,0.12,0.12,0.12,0,0
NRX,20181114,0.12,0.12,0.12,0.12,0,0
NRX,20181115,0.12,0.12,0.12,0.12,0,0
NRX,20181116,0.12,0.12,0.12,0.12,75000,0
NRX,20181119,0.12,0.12,0.12,0.12,95000,0
NRX,20181120,0.125,0.125,0.125,0.125,25000,0
NRX,20181121,0.125,0.125,0.125,0.125,25000,0
NRX,20181122,0.125,0.125,0.125,0.125,109506,0
NRX,20181123,0.125,0.125,0.125,0.125,122494,0
NRX,20181126,0.125,0.125,0.125,0.125,25000,0
NRX,20181127,0.125,0.125,0.125,0.125,0,0
NRX,20181128,0.125,0.125,0.125,0.125,45000,0
NRX,20181129,0.13,0.13,0.13,0.13,100000,0
NRX,20181130,0.13,0.13,0.13,0.13,0,0
NRX,20181203,0.125,0.13,0.125,0.13,277199,0
NRX,20181204,0.13,0.13,0.13,0.13,22801,0
NRX,20181205,0.12,0.13,0.12,0.13,200000,0
NRX,20181206,0.13,0.13,0.13,0.13,35000,0
NRX,20181207,0.13,0.13,0.13,0.13,0,0
NRX,20181210,0.12,0.12,0.12,0.12,65000,0
NRX,20181211,0.12,0.12,0.12,0.12,85000,0
NRX,20181212,0.12,0.12,0.12,0.12,0,0
NRX,20181213,0.12,0.12,0.12,0.12,0,0
NRX,20181214,0.12,0.12,0.12,0.12,0,0
NRX,20181217,0.12,0.12,0.12,0.12,0,0
NRX,20181218,0.12,0.12,0.12,0.12,0,0
NRX,20181219,0.12,0.12,0.12,0.12,0,0
NRX,20181220,0.09,0.09,0.09,0.09,125000,0
NRX,20181221,0.09,0.09,0.09,0.09,0,0
NRX,20181224,0.09,0.09,0.09,0.09,0,0
NRX,20181225,0.09,0.09,0.09,0.09,0,0
NRX,20181226,0.09,0.09,0.09,0.09,0,0
NRX,20181227,0.09,0.09,0.09,0.09,0,0
NRX,20181228,0.09,0.09,0.09,0.09,0,0
NRX,20181231,0.09,0.09,0.09,0.09,0,0
NRX,20190101,0.09,0.09,0.09,0.09,0,0
NRX,20190102,0.09,0.09,0.09,0.09,0,0
NRX,20190103,0.09,0.09,0.09,0.09,0,0
NRX,20190104,0.09,0.09,0.09,0.09,0,0
NRX,20190107,0.09,0.09,0.09,0.09,0,0
NRX,20190108,0.09,0.09,0.09,0.09,0,0
NRX,20190109,0.09,0.09,0.09,0.09,0,0
NRX,20190110,0.09,0.09,0.09,0.09,0,0
NRX,20190111,0.09,0.09,0.09,0.09,0,0
NRX,20190114,0.09,0.09,0.09,0.09,0,0
NRX,20190115,0.09,0.09,0.09,0.09,0,0
NRX,20190116,0.09,0.09,0.09,0.09,0,0
NRX,20190117,0.09,0.09,0.09,0.09,0,0
NRX,20190118,0.09,0.09,0.09,0.09,0,0
NRX,20190121,0.09,0.09,0.09,0.09,0,0
NRX,20190122,0.09,0.09,0.09,0.09,0,0
NRX,20190123,0.09,0.09,0.09,0.09,0,0
NRX,20190124,0.09,0.09,0.09,0.09,0,0
NRX,20190125,0.09,0.09,0.09,0.09,0,0
NRX,20190128,0.09,0.09,0.09,0.09,0,0
NRX,20190129,0.09,0.09,0.09,0.09,0,0
NRX,20190130,0.09,0.09,0.09,0.09,0,0
NRX,20190131,0.09,0.09,0.09,0.09,0,0
NRX,20190201,0.09,0.09,0.09,0.09,0,0
NRX,20190204,0.09,0.09,0.09,0.09,0,0
NRX,20190205,0.09,0.09,0.09,0.09,0,0
NRX,20190206,0.09,0.09,0.09,0.09,0,0
NRX,20190207,0.09,0.09,0.09,0.09,0,0
NRX,20190208,0.09,0.09,0.09,0.09,0,0
NRX,20190211,0.075,0.075,0.075,0.075,50000,0
NRX,20190212,0.072,0.072,0.072,0.072,802,0
NRX,20190213,0.072,0.072,0.072,0.072,807,0
NRX,20190214,0.072,0.072,0.072,0.072,0,0
NRX,20190215,0.072,0.072,0.072,0.072,0,0
NRX,20190218,0.072,0.072,0.072,0.072,0,0
NRX,20190219,0.072,0.072,0.072,0.072,0,0
NRX,20190220,0.072,0.072,0.072,0.072,0,0
NRX,20190221,0.072,0.072,0.072,0.072,0,0
NRX,20190222,0.072,0.072,0.072,0.072,0,0
NRX,20190225,0.072,0.072,0.072,0.072,0,0
NRX,20190226,0.071,0.071,0.071,0.071,32000,0
NRX,20190227,0.071,0.071,0.071,0.071,0,0
NRX,20190228,0.071,0.071,0.071,0.071,0,0
NRX,20190301,0.071,0.071,0.071,0.071,0,0
NRX,20190304,0.071,0.071,0.071,0.071,0,0
NRX,20190305,0.071,0.071,0.071,0.071,0,0
NRX,20190306,0.071,0.071,0.07,0.07,273539,0
NRX,20190307,0.07,0.07,0.07,0.07,0,0
NRX,20190308,0.07,0.07,0.07,0.07,0,0
NRX,20190311,0.07,0.07,0.07,0.07,0,0
NRX,20190312,0.07,0.07,0.07,0.07,0,0
NRX,20190313,0.07,0.07,0.07,0.07,0,0
NRX,20190314,0.07,0.07,0.07,0.07,0,0
NRX,20190315,0.07,0.07,0.07,0.07,0,0
NRX,20190318,0.07,0.07,0.07,0.07,0,0
NRX,20190319,0.07,0.07,0.07,0.07,0,0
NRX,20190320,0.07,0.07,0.07,0.07,0,0
NRX,20190321,0.07,0.07,0.07,0.07,0,0
NRX,20190322,0.07,0.07,0.07,0.07,0,0
NRX,20190325,0.07,0.07,0.07,0.07,0,0
NRX,20190326,0.06,0.06,0.06,0.06,30409,0
NRX,20190327,0.06,0.06,0.057,0.057,105967,0
NRX,20190328,0.057,0.057,0.057,0.057,0,0
NRX,20190329,0.057,0.057,0.057,0.057,0,0
NRX,20190401,0.057,0.057,0.057,0.057,0,0
NRX,20190402,0.057,0.057,0.057,0.057,0,0
NRX,20190403,0.057,0.057,0.057,0.057,0,0
NRX,20190404,0.057,0.057,0.057,0.057,0,0
NRX,20190405,0.057,0.057,0.057,0.057,0,0
NRX,20190408,0.057,0.057,0.057,0.057,0,0
NRX,20190409,0.057,0.057,0.057,0.057,0,0
NRX,20190410,0.057,0.057,0.057,0.057,0,0
NRX,20190411,0.057,0.057,0.057,0.057,1935,0
NRX,20190412,0.057,0.057,0.057,0.057,1967,0
NRX,20190415,0.057,0.057,0.057,0.057,2080,0
NRX,20190416,0.057,0.057,0.057,0.057,2209,0
NRX,20190417,0.057,0.057,0.057,0.057,2145,0
NRX,20190418,0.057,0.057,0.057,0.057,2080,0
NRX,20190419,0.057,0.057,0.057,0.057,0,0
NRX,20190422,0.057,0.057,0.057,0.057,0,0
NRX,20190423,0.057,0.057,0.057,0.057,811,0
NRX,20190424,0.057,0.057,0.057,0.057,0,0
NRX,20190425,0.057,0.057,0.057,0.057,0,0
NRX,20190426,0.057,0.057,0.057,0.057,0,0
NRX,20190429,0.057,0.057,0.057,0.057,0,0
NRX,20190430,0.057,0.057,0.057,0.057,0,0
NRX,20190501,0.057,0.057,0.057,0.057,0,0
NRX,20190502,0.057,0.057,0.057,0.057,0,0
NRX,20190503,0.057,0.057,0.057,0.057,0,0
NRX,20190506,0.061,0.061,0.06,0.06,146461,0
NRX,20190507,0.06,0.06,0.06,0.06,0,0
NRX,20190508,0.06,0.06,0.06,0.06,0,0
NRX,20190509,0.06,0.06,0.06,0.06,0,0
NRX,20190510,0.06,0.06,0.06,0.06,0,0
NRX,20190513,0.06,0.06,0.06,0.06,0,0
NRX,20190514,0.065,0.065,0.065,0.065,206,0
NRX,20190515,0.051,0.051,0.05,0.05,30000,0
NRX,20190516,0.05,0.05,0.05,0.05,0,0
NRX,20190517,0.05,0.05,0.05,0.05,0,0
NRX,20190520,0.05,0.05,0.05,0.05,0,0
NRX,20190521,0.05,0.05,0.05,0.05,0,0
NRX,20190522,0.05,0.05,0.05,0.05,0,0
NRX,20190523,0.05,0.05,0.05,0.05,0,0
NRX,20190524,0.05,0.05,0.05,0.05,0,0
NRX,20190527,0.05,0.05,0.05,0.05,0,0
NRX,20190528,0.05,0.05,0.05,0.05,0,0
NRX,20190529,0.05,0.05,0.05,0.05,0,0
NRX,20190530,0.055,0.055,0.053,0.053,47965,0
NRX,20190531,0.055,0.055,0.055,0.055,27035,0
NRX,20190603,0.055,0.055,0.055,0.055,0,0
NRX,20190604,0.055,0.055,0.055,0.055,0,0
NRX,20190605,0.055,0.055,0.055,0.055,0,0
NRX,20190606,0.055,0.055,0.055,0.055,0,0
NRX,20190607,0.062,0.065,0.062,0.063,451271,0
NRX,20190610,0.063,0.063,0.063,0.063,0,0
NRX,20190611,0.063,0.063,0.063,0.063,0,0
NRX,20190612,0.063,0.063,0.063,0.063,0,0
NRX,20190613,0.064,0.064,0.064,0.064,423,0
NRX,20190614,0.064,0.064,0.064,0.064,0,0
NRX,20190617,0.061,0.061,0.061,0.061,7814,0
NRX,20190618,0.061,0.061,0.061,0.061,0,0
NRX,20190619,0.061,0.061,0.061,0.061,0,0
NRX,20190620,0.058,0.058,0.058,0.058,23729,0
NRX,20190621,0.058,0.058,0.058,0.058,0,0
NRX,20190624,0.058,0.058,0.058,0.058,0,0
NRX,20190625,0.058,0.058,0.058,0.058,0,0
NRX,20190626,0.058,0.058,0.058,0.058,0,0
NRX,20190627,0.058,0.058,0.058,0.058,0,0
NRX,20190628,0.058,0.058,0.058,0.058,0,0
NRX,20190701,0.05,0.05,0.05,0.05,25000,0
NRX,20190702,0.05,0.05,0.05,0.05,0,0
NRX,20190703,0.05,0.05,0.05,0.05,0,0
NRX,20190704,0.05,0.05,0.05,0.05,0,0
NRX,20190705,0.05,0.05,0.05,0.05,0,0
NRX,20190708,0.05,0.05,0.05,0.05,0,0
NRX,20190709,0.05,0.05,0.05,0.05,0,0
NRX,20190710,0.052,0.052,0.052,0.052,39186,0
NRX,20190711,0.052,0.052,0.052,0.052,0,0
NRX,20190712,0.052,0.052,0.052,0.052,0,0
NRX,20190715,0.052,0.052,0.052,0.052,0,0
NRX,20190716,0.052,0.052,0.052,0.052,0,0
NRX,20190717,0.052,0.052,0.052,0.052,0,0
NRX,20190718,0.052,0.052,0.052,0.052,0,0
NRX,20190719,0.052,0.052,0.052,0.052,0,0
NRX,20190722,0.052,0.052,0.052,0.052,0,0
NRX,20190723,0.052,0.052,0.052,0.052,0,0
NRX,20190724,0.052,0.052,0.052,0.052,0,0
NRX,20190725,0.052,0.052,0.052,0.052,0,0
NRX,20190726,0.052,0.052,0.052,0.052,0,0
NRX,20190729,0.052,0.052,0.052,0.052,0,0
NRX,20190730,0.052,0.052,0.052,0.052,0,0
NRX,20190731,0.052,0.052,0.052,0.052,0,0
NRX,20190801,0.052,0.052,0.052,0.052,0,0
NRX,20190802,0.052,0.052,0.052,0.052,0,0
NRX,20190805,0.052,0.052,0.052,0.052,0,0
NRX,20190806,0.052,0.052,0.052,0.052,0,0
NRX,20190807,0.046,0.046,0.044,0.044,208500,0
NRX,20190808,0.044,0.044,0.044,0.044,0,0
NRX,20190809,0.044,0.044,0.044,0.044,0,0
NRX,20190812,0.044,0.044,0.044,0.044,0,0
NRX,20190813,0.046,0.046,0.045,0.045,25000,0
NRX,20190814,0.045,0.045,0.045,0.045,0,0
NRX,20190815,0.045,0.045,0.045,0.045,0,0
NRX,20190816,0.045,0.045,0.045,0.045,0,0
NRX,20190819,0.045,0.045,0.045,0.045,0,0
NRX,20190820,0.045,0.045,0.045,0.045,0,0
NRX,20190821,0.045,0.045,0.045,0.045,0,0
NRX,20190822,0.045,0.045,0.045,0.045,0,0
NRX,20190823,0.045,0.045,0.045,0.045,0,0
NRX,20190826,0.045,0.045,0.045,0.045,0,0
NRX,20190827,0.045,0.045,0.045,0.045,0,0
NRX,20190828,0.045,0.045,0.045,0.045,0,0
NRX,20190829,0.045,0.045,0.045,0.045,0,0
NRX,20190830,0.045,0.045,0.045,0.045,0,0
NRX,20190902,0.045,0.045,0.045,0.045,0,0
NRX,20190903,0.045,0.045,0.045,0.045,0,0
NRX,20190904,0.045,0.045,0.045,0.045,0,0
NRX,20190905,0.045,0.045,0.045,0.045,0,0
NRX,20190906,0.045,0.045,0.045,0.045,0,0
NRX,20190909,0.045,0.045,0.045,0.045,0,0
NRX,20190910,0.045,0.045,0.045,0.045,0,0
NRX,20190911,0.045,0.045,0.045,0.045,0,0
NRX,20190912,0.045,0.045,0.045,0.045,0,0
NRX,20190913,0.045,0.045,0.045,0.045,0,0
NRX,20190916,0.045,0.045,0.045,0.045,0,0
NRX,20190917,0.045,0.045,0.045,0.045,0,0
NRX,20190918,0.045,0.045,0.045,0.045,0,0
NRX,20190919,0.045,0.045,0.045,0.045,0,0
NRX,20190920,0.045,0.045,0.045,0.045,0,0
NRX,20190923,0.045,0.045,0.045,0.045,0,0
NRX,20190924,0.045,0.045,0.045,0.045,0,0
NRX,20190925,0.045,0.045,0.045,0.045,0,0
NRX,20190926,0.045,0.045,0.045,0.045,0,0
NRX,20190927,0.045,0.045,0.045,0.045,0,0
NRX,20190930,0.045,0.045,0.045,0.045,0,0
NRX,20191001,0.045,0.045,0.045,0.045,0,0
NRX,20191002,0.045,0.045,0.045,0.045,0,0
NRX,20191003,0.045,0.045,0.045,0.045,0,0
NRX,20191004,0.045,0.045,0.045,0.045,0,0
NRX,20191007,0.045,0.045,0.045,0.045,0,0
NRX,20191008,0.045,0.045,0.045,0.045,0,0
NRX,20191009,0.045,0.045,0.045,0.045,0,0
NRX,20191010,0.045,0.045,0.045,0.045,0,0
NRX,20191011,0.045,0.045,0.045,0.045,0,0
NRX,20191014,0.045,0.045,0.045,0.045,0,0
NRX,20191015,0.045,0.045,0.045,0.045,0,0
NRX,20191016,0.045,0.045,0.045,0.045,0,0
NRX,20191017,0.045,0.045,0.045,0.045,0,0
NRX,20191018,0.045,0.045,0.045,0.045,0,0
NRX,20191021,0.045,0.045,0.045,0.045,0,0
NRX,20191022,0.045,0.045,0.045,0.045,0,0
NRX,20191023,0.045,0.045,0.045,0.045,0,0
NRX,20191024,0.045,0.045,0.045,0.045,0,0
NRX,20191025,0.045,0.045,0.045,0.045,0,0
NRX,20191028,0.045,0.045,0.045,0.045,0,0
NRX,20191029,0.045,0.045,0.045,0.045,0,0
NRX,20191030,0.045,0.045,0.045,0.045,0,0
NRX,20191031,0.045,0.045,0.045,0.045,0,0
NRX,20191101,0.045,0.045,0.045,0.045,0,0
NRX,20191104,0.045,0.045,0.045,0.045,0,0
NRX,20191105,0.045,0.045,0.045,0.045,0,0
NRX,20191106,0.045,0.045,0.045,0.045,0,0
NRX,20191107,0.045,0.045,0.045,0.045,0,0
NRX,20191108,0.045,0.045,0.045,0.045,0,0
NRX,20191111,0.045,0.045,0.045,0.045,0,0
NRX,20191112,0.045,0.045,0.045,0.045,0,0
NRX,20191113,0.045,0.045,0.045,0.045,0,0
NRX,20191114,0.045,0.045,0.045,0.045,0,0
NRX,20191115,0.045,0.045,0.045,0.045,0,0
NRX,20191118,0.045,0.045,0.045,0.045,0,0
NRX,20191119,0.045,0.045,0.045,0.045,0,0
NRX,20191120,0.045,0.045,0.045,0.045,0,0
NRX,20191121,0.045,0.045,0.045,0.045,0,0
NRX,20191122,0.045,0.045,0.045,0.045,0,0
NRX,20191125,0.045,0.045,0.045,0.045,0,0
NRX,20191126,0.045,0.045,0.045,0.045,0,0
NRX,20191127,0.045,0.045,0.045,0.045,0,0
NRX,20191128,0.045,0.045,0.045,0.045,0,0
NRX,20191129,0.045,0.045,0.045,0.045,0,0
NRX,20191202,0.045,0.045,0.045,0.045,0,0
NRX,20191203,0.045,0.045,0.045,0.045,0,0
NRX,20191204,0.045,0.045,0.045,0.045,0,0
NRX,20191205,0.045,0.045,0.045,0.045,0,0
NRX,20191206,0.045,0.045,0.045,0.045,0,0
NRX,20191209,0.045,0.045,0.045,0.045,0,0
NRX,20191210,0.045,0.045,0.045,0.045,0,0
NRX,20191211,0.045,0.045,0.045,0.045,0,0
NRX,20191212,0.045,0.045,0.045,0.045,0,0
NRX,20191213,0.045,0.045,0.045,0.045,0,0
NRX,20191216,0.045,0.045,0.045,0.045,0,0
NRX,20191217,0.045,0.045,0.045,0.045,0,0
NRX,20191218,0.045,0.045,0.045,0.045,0,0
NRX,20191219,0.045,0.045,0.045,0.045,0,0
NRX,20191220,0.045,0.045,0.045,0.045,0,0
NRX,20191223,0.045,0.045,0.045,0.045,0,0
NRX,20191224,0.045,0.045,0.045,0.045,0,0
NRX,20191225,0.045,0.045,0.045,0.045,0,0
NRX,20191226,0.045,0.045,0.045,0.045,0,0
NRX,20191227,0.045,0.045,0.045,0.045,0,0
NRX,20191230,0.045,0.045,0.045,0.045,0,0
NRX,20191231,0.045,0.045,0.045,0.045,0,0
NRX,20200101,0.045,0.045,0.045,0.045,0,0
NRX,20200102,0.045,0.045,0.045,0.045,0,0
NRX,20200103,0.045,0.045,0.045,0.045,0,0
NRX,20200106,0.045,0.045,0.045,0.045,0,0
NRX,20200107,0.045,0.045,0.045,0.045,0,0
NRX,20200108,0.045,0.045,0.045,0.045,0,0
NRX,20200109,0.045,0.045,0.045,0.045,0,0
NRX,20200110,0.045,0.045,0.045,0.045,0,0
NRX,20200113,0.045,0.045,0.045,0.045,0,0
NRX,20200114,0.045,0.045,0.045,0.045,0,0
NRX,20200115,0.045,0.045,0.045,0.045,0,0
NRX,20200116,0.045,0.045,0.045,0.045,0,0
NRX,20200117,0.045,0.045,0.045,0.045,0,0
NRX,20200120,0.045,0.045,0.045,0.045,0,0
NRX,20200121,0.045,0.045,0.045,0.045,0,0
NRX,20200122,0.045,0.045,0.045,0.045,0,0
NRX,20200123,0.045,0.045,0.045,0.045,0,0
NRX,20200124,0.045,0.045,0.045,0.045,0,0
NRX,20200127,0.045,0.045,0.045,0.045,0,0
NRX,20200128,0.045,0.045,0.045,0.045,0,0
NRX,20200129,0.045,0.045,0.045,0.045,0,0
NRX,20200130,0.045,0.045,0.045,0.045,0,0
NRX,20200131,0.045,0.045,0.045,0.045,0,0
NRX,20200203,0.045,0.045,0.045,0.045,0,0
NRX,20200204,0.045,0.045,0.045,0.045,0,0
NRX,20200205,0.045,0.045,0.045,0.045,0,0
NRX,20200206,0.045,0.045,0.045,0.045,0,0
NRX,20200207,0.045,0.045,0.045,0.045,0,0
NRX,20200210,0.045,0.045,0.045,0.045,0,0
NRX,20200211,0.045,0.045,0.045,0.045,0,0
NRX,20200212,0.045,0.045,0.045,0.045,0,0
NRX,20200213,0.045,0.045,0.045,0.045,0,0
NRX,20200214,0.045,0.045,0.045,0.045,0,0
NRX,20200217,0.045,0.045,0.045,0.045,0,0
NRX,20200218,0.045,0.045,0.045,0.045,0,0
NRX,20200219,0.045,0.045,0.045,0.045,0,0
NRX,20200220,0.045,0.045,0.045,0.045,0,0
NRX,20200221,0.045,0.045,0.045,0.045,0,0
NRX,20200224,0.045,0.045,0.045,0.045,0,0
NRX,20200225,0.045,0.045,0.045,0.045,0,0
NRX,20200226,0.045,0.045,0.045,0.045,0,0
NRX,20200227,0.045,0.045,0.045,0.045,0,0
NRX,20200228,0.045,0.045,0.045,0.045,0,0
NRX,20200302,0.045,0.045,0.045,0.045,0,0
NRX,20200303,0.045,0.045,0.045,0.045,0,0
NRX,20200304,0.045,0.045,0.045,0.045,0,0
NRX,20200305,0.045,0.045,0.045,0.045,0,0
NRX,20200306,0.045,0.045,0.045,0.045,0,0
NRX,20200309,0.045,0.045,0.045,0.045,0,0
NRX,20200310,0.045,0.045,0.045,0.045,0,0
NRX,20200311,0.045,0.045,0.045,0.045,0,0
NRX,20200312,0.045,0.045,0.045,0.045,0,0
NRX,20200313,0.045,0.045,0.045,0.045,0,0
NRX,20200316,0.045,0.045,0.045,0.045,0,0
NRX,20200317,0.045,0.045,0.045,0.045,0,0
NRX,20200318,0.045,0.045,0.045,0.045,0,0
NRX,20200319,0.045,0.045,0.045,0.045,0,0
NRX,20200320,0.045,0.045,0.045,0.045,0,0
NRX,20200323,0.045,0.045,0.045,0.045,0,0
NRX,20200324,0.045,0.045,0.045,0.045,0,0
NRX,20200325,0.045,0.045,0.045,0.045,0,0
NRX,20200326,0.045,0.045,0.045,0.045,0,0
NRX,20200327,0.045,0.045,0.045,0.045,0,0
NRX,20200330,0.045,0.045,0.045,0.045,0,0
NRX,20200331,0.045,0.045,0.045,0.045,0,0
NRX,20200401,0.045,0.045,0.045,0.045,0,0
NRX,20200402,0.045,0.045,0.045,0.045,0,0
NRX,20200403,0.045,0.045,0.045,0.045,0,0
NRX,20200406,0.045,0.045,0.045,0.045,0,0
NRX,20200407,0.045,0.045,0.045,0.045,0,0
NRX,20200408,0.045,0.045,0.045,0.045,0,0
NRX,20200409,0.045,0.045,0.045,0.045,0,0
NRX,20200410,0.045,0.045,0.045,0.045,0,0
NRX,20200413,0.045,0.045,0.045,0.045,0,0
NRX,20200414,0.045,0.045,0.045,0.045,0,0
NRX,20200415,0.045,0.045,0.045,0.045,0,0
NRX,20200416,0.045,0.045,0.045,0.045,0,0
NRX,20200417,0.045,0.045,0.045,0.045,0,0
NRX,20200420,0.045,0.045,0.045,0.045,0,0
NRX,20200421,0.045,0.045,0.045,0.045,0,0
NRX,20200422,0.045,0.045,0.045,0.045,0,0
NRX,20200423,0.045,0.045,0.045,0.045,0,0
NRX,20200424,0.045,0.045,0.045,0.045,0,0
NRX,20200427,0.045,0.045,0.045,0.045,0,0
NRX,20200428,0.045,0.045,0.045,0.045,0,0
NRX,20200429,0.045,0.045,0.045,0.045,0,0
NRX,20200430,0.045,0.045,0.045,0.045,0,0
NRX,20200501,0.045,0.045,0.045,0.045,0,0
NRX,20200504,0.045,0.045,0.045,0.045,0,0
NRX,20200505,0.045,0.045,0.045,0.045,0,0
NRX,20200506,0.045,0.045,0.045,0.045,0,0
NRX,20200507,0.045,0.045,0.045,0.045,0,0
NRX,20200508,0.045,0.045,0.045,0.045,0,0
NRX,20200511,0.045,0.045,0.045,0.045,0,0
NRX,20200512,0.045,0.045,0.045,0.045,0,0
NRX,20200513,0.045,0.045,0.045,0.045,0,0
NRX,20200514,0.045,0.045,0.045,0.045,0,0
NRX,20200515,0.045,0.045,0.045,0.045,0,0
NRX,20200518,0.045,0.045,0.045,0.045,0,0
NRX,20200519,0.045,0.045,0.045,0.045,0,0
NRX,20200520,0.045,0.045,0.045,0.045,0,0
NRX,20200521,0.045,0.045,0.045,0.045,0,0
NRX,20200522,0.045,0.045,0.045,0.045,0,0
NRX,20200525,0.045,0.045,0.045,0.045,0,0
NRX,20200526,0.045,0.045,0.045,0.045,0,0
NRX,20200527,0.045,0.045,0.045,0.045,0,0
NRX,20200528,0.045,0.045,0.045,0.045,0,0
NRX,20200529,0.045,0.045,0.045,0.045,0,0
NRX,20200601,0.045,0.045,0.045,0.045,0,0
NRX,20200602,0.045,0.045,0.045,0.045,0,0
NRX,20200603,0.045,0.045,0.045,0.045,0,0
NRX,20200604,0.045,0.045,0.045,0.045,0,0
NRX,20200605,0.045,0.045,0.045,0.045,0,0
NRX,20200608,0.045,0.045,0.045,0.045,0,0
NRX,20200609,0.045,0.045,0.045,0.045,0,0
NRX,20200610,0.045,0.045,0.045,0.045,0,0
NRX,20200611,0.045,0.045,0.045,0.045,0,0
NRX,20200612,0.045,0.045,0.045,0.045,0,0
NRX,20200615,0.045,0.045,0.045,0.045,0,0
NRX,20200616,0.045,0.045,0.045,0.045,0,0
NRX,20200617,0.045,0.045,0.045,0.045,0,0
NRX,20200618,0.045,0.045,0.045,0.045,0,0
NRX,20200619,0.045,0.045,0.045,0.045,0,0
NRX,20200622,0.045,0.045,0.045,0.045,0,0
NRX,20200623,0.045,0.045,0.045,0.045,0,0
NRX,20200624,0.045,0.045,0.045,0.045,0,0
NRX,20200625,0.045,0.045,0.045,0.045,0,0
NRX,20200626,0.045,0.045,0.045,0.045,0,0
NRX,20200629,0.045,0.045,0.045,0.045,0,0
NRX,20200630,0.045,0.045,0.045,0.045,0,0
NRX,20200701,0.045,0.045,0.045,0.045,0,0
NRX,20200702,0.045,0.045,0.045,0.045,0,0
NRX,20200703,0.045,0.045,0.045,0.045,0,0
NRX,20200706,0.045,0.045,0.045,0.045,0,0
NRX,20200707,0.045,0.045,0.045,0.045,0,0
NRX,20200708,0.045,0.045,0.045,0.045,0,0
NRX,20200709,0.045,0.045,0.045,0.045,0,0
NRX,20200710,0.045,0.045,0.045,0.045,0,0
NRX,20200713,0.045,0.045,0.045,0.045,0,0
NRX,20200714,0.045,0.045,0.045,0.045,0,0
NRX,20200715,0.045,0.045,0.045,0.045,0,0
NRX,20200716,0.045,0.045,0.045,0.045,0,0
NRX,20200717,0.045,0.045,0.045,0.045,0,0
NRX,20200720,0.045,0.045,0.045,0.045,0,0
NRX,20200721,0.045,0.045,0.045,0.045,0,0
NRX,20200722,0.045,0.045,0.045,0.045,0,0
NRX,20200723,0.045,0.045,0.045,0.045,0,0
NRX,20200724,0.045,0.045,0.045,0.045,0,0
NRX,20200727,0.045,0.045,0.045,0.045,0,0
NRX,20200728,0.045,0.045,0.045,0.045,0,0
NRX,20200729,0.045,0.045,0.045,0.045,0,0
NRX,20200730,0.045,0.045,0.045,0.045,0,0
NRX,20200731,0.045,0.045,0.045,0.045,0,0
NRX,20200803,0.045,0.045,0.045,0.045,0,0
NRX,20200804,0.045,0.045,0.045,0.045,0,0
NRX,20200805,0.045,0.045,0.045,0.045,0,0
NRX,20200806,0.045,0.045,0.045,0.045,0,0
NRX,20200807,0.045,0.045,0.045,0.045,0,0
NRX,20200810,0.045,0.045,0.045,0.045,0,0
NRX,20200811,0.045,0.045,0.045,0.045,0,0
NRX,20200812,0.045,0.045,0.045,0.045,0,0
NRX,20200813,0.045,0.045,0.045,0.045,0,0
NRX,20200814,0.045,0.045,0.045,0.045,0,0
NRX,20200817,0.045,0.045,0.045,0.045,0,0
NRX,20200818,0.045,0.045,0.045,0.045,0,0
NRX,20200819,0.045,0.045,0.045,0.045,0,0
NRX,20200820,0.045,0.045,0.045,0.045,0,0
NRX,20200821,0.045,0.045,0.045,0.045,0,0
NRX,20200824,0.045,0.045,0.045,0.045,0,0
NRX,20200825,0.045,0.045,0.045,0.045,0,0
NRX,20200826,0.045,0.045,0.045,0.045,0,0
NRX,20200827,0.045,0.045,0.045,0.045,0,0
NRX,20200828,0.045,0.045,0.045,0.045,0,0
NRX,20200831,0.045,0.045,0.045,0.045,0,0
NRX,20200901,0.045,0.045,0.045,0.045,0,0
NRX,20200902,0.045,0.045,0.045,0.045,0,0
NRX,20200903,0.045,0.045,0.045,0.045,0,0
NRX,20200904,0.045,0.045,0.045,0.045,0,0
NRX,20200907,0.045,0.045,0.045,0.045,0,0
NRX,20200908,0.045,0.045,0.045,0.045,0,0
NRX,20200909,0.045,0.045,0.045,0.045,0,0
NRX,20200910,0.045,0.045,0.045,0.045,0,0
NRX,20200911,0.045,0.045,0.045,0.045,0,0
NRX,20200914,0.045,0.045,0.045,0.045,0,0
NRX,20200915,0.045,0.045,0.045,0.045,0,0
NRX,20200916,0.045,0.045,0.045,0.045,0,0
NRX,20200917,0.045,0.045,0.045,0.045,0,0
NRX,20200918,0.045,0.045,0.045,0.045,0,0
NRX,20200921,0.045,0.045,0.045,0.045,0,0
NRX,20200922,0.045,0.045,0.045,0.045,0,0
NRX,20200923,0.045,0.045,0.045,0.045,0,0
NRX,20200924,0.045,0.045,0.045,0.045,0,0
NRX,20200925,0.045,0.045,0.045,0.045,0,0
NRX,20200928,0.045,0.045,0.045,0.045,0,0
NRX,20200929,0.045,0.045,0.045,0.045,0,0
NRX,20200930,0.045,0.045,0.045,0.045,0,0
NRX,20201001,0.045,0.045,0.045,0.045,0,0
NRX,20201002,0.045,0.045,0.045,0.045,0,0
NRX,20201005,0.045,0.045,0.045,0.045,0,0
NRX,20201006,0.045,0.045,0.045,0.045,0,0
NRX,20201007,0.045,0.045,0.045,0.045,0,0
NRX,20201008,0.045,0.045,0.045,0.045,0,0
NRX,20201009,0.045,0.045,0.045,0.045,0,0
NRX,20201012,0.045,0.045,0.045,0.045,0,0
NRX,20201013,0.045,0.045,0.045,0.045,0,0
NRX,20201014,0.045,0.045,0.045,0.045,0,0
NRX,20201015,0.045,0.045,0.045,0.045,0,0
NRX,20201016,0.045,0.045,0.045,0.045,0,0
NRX,20201019,0.045,0.045,0.045,0.045,0,0
NRX,20201020,0.045,0.045,0.045,0.045,0,0
NRX,20201021,0.045,0.045,0.045,0.045,0,0
NRX,20201022,0.045,0.045,0.045,0.045,0,0
NRX,20201023,0.045,0.045,0.045,0.045,0,0
NRX,20201026,0.045,0.045,0.045,0.045,0,0
NRX,20201027,0.045,0.045,0.045,0.045,0,0
NRX,20201028,0.045,0.045,0.045,0.045,0,0
NRX,20201029,0.045,0.045,0.045,0.045,0,0
NRX,20201030,0.045,0.045,0.045,0.045,0,0
NRX,20201102,0.045,0.045,0.045,0.045,0,0
NRX,20201103,0.045,0.045,0.045,0.045,0,0
NRX,20201104,0.045,0.045,0.045,0.045,0,0
NRX,20201105,0.045,0.045,0.045,0.045,0,0
NRX,20201106,0.045,0.045,0.045,0.045,0,0
NRX,20201109,0.045,0.045,0.045,0.045,0,0
NRX,20201110,0.045,0.045,0.045,0.045,0,0
NRX,20201111,0.045,0.045,0.045,0.045,0,0
NRX,20201112,0.045,0.045,0.045,0.045,0,0
NRX,20201113,0.045,0.045,0.045,0.045,0,0
NRX,20201116,0.045,0.045,0.045,0.045,0,0
NRX,20201117,0.045,0.045,0.045,0.045,0,0
NRX,20201118,0.11,0.155,0.11,0.14,28911218,0
NRX,20201119,0.135,0.135,0.115,0.115,10194168,0
NRX,20201120,0.115,0.12,0.105,0.12,2587504,0
NRX,20201123,0.125,0.14,0.125,0.125,3315797,0
NRX,20201124,0.135,0.145,0.13,0.135,5465939,0
NRX,20201125,0.14,0.14,0.125,0.13,2567988,0
NRX,20201126,0.135,0.145,0.135,0.135,5176474,0
NRX,20201127,0.145,0.15,0.14,0.145,2129525,0
NRX,20201130,0.15,0.16,0.14,0.145,5317348,0
NRX,20201201,0.145,0.145,0.135,0.135,2125097,0
NRX,20201202,0.135,0.14,0.13,0.14,2132547,0
NRX,20201203,0.135,0.135,0.125,0.135,693946,0
NRX,20201204,0.13,0.14,0.13,0.14,597501,0
NRX,20201207,0.14,0.14,0.125,0.13,743207,0
NRX,20201208,0.13,0.13,0.125,0.125,1126706,0
NRX,20201209,0.13,0.13,0.12,0.125,362754,0
NRX,20201210,0.12,0.125,0.11,0.125,865127,0
NRX,20201211,0.125,0.125,0.105,0.11,1680819,0
NRX,20201214,0.11,0.115,0.11,0.115,507871,0
NRX,20201215,0.12,0.12,0.11,0.11,612392,0
NRX,20201216,0.11,0.11,0.1,0.105,530520,0
NRX,20201217,0.105,0.115,0.105,0.115,443988,0
NRX,20201218,0.105,0.12,0.105,0.12,601303,0
NRX,20201221,0.115,0.115,0.11,0.11,179456,0
NRX,20201222,0.11,0.11,0.105,0.105,428596,0
NRX,20201223,0.105,0.105,0.1,0.105,155990,0
NRX,20201224,0.105,0.11,0.105,0.11,156459,0
NRX,20201225,0.11,0.11,0.11,0.11,0,0
NRX,20201228,0.11,0.11,0.11,0.11,0,0
NRX,20201229,0.11,0.11,0.105,0.105,164851,0
NRX,20201230,0.11,0.115,0.11,0.11,93352,0
NRX,20201231,0.115,0.12,0.115,0.115,58508,0
NRX,20210101,0.115,0.115,0.115,0.115,0,0
NRX,20210104,0.1175,0.125,0.1175,0.12,464616,0
NRX,20210105,0.125,0.135,0.125,0.135,740191,0
NRX,20210106,0.14,0.14,0.13,0.135,1186732,0
NRX,20210107,0.14,0.145,0.13,0.145,890377,0
NRX,20210108,0.145,0.165,0.14,0.165,3075488,0
NRX,20210111,0.165,0.165,0.15,0.15,1030269,0
NRX,20210112,0.15,0.165,0.15,0.15,1663931,0
NRX,20210113,0.155,0.16,0.155,0.155,380385,0
NRX,20210114,0.155,0.155,0.145,0.15,518869,0
NRX,20210115,0.15,0.16,0.15,0.16,684117,0
NRX,20210118,0.15,0.15,0.145,0.15,580072,0
NRX,20210119,0.145,0.15,0.135,0.14,798888,0
NRX,20210120,0.14,0.1525,0.14,0.14,575742,0
NRX,20210121,0.14,0.15,0.14,0.145,606592,0
NRX,20210122,0.15,0.15,0.1375,0.14,149920,0
NRX,20210125,0.14,0.14,0.135,0.135,209813,0
NRX,20210126,0.135,0.135,0.135,0.135,0,0
NRX,20210127,0.135,0.14,0.135,0.14,440209,0
NRX,20210128,0.135,0.135,0.12,0.13,827828,0
NRX,20210129,0.13,0.135,0.115,0.125,964870,0
NRX,20210201,0.12,0.135,0.115,0.13,223585,0
NRX,20210202,0.13,0.13,0.115,0.13,683768,0
NRX,20210203,0.13,0.13,0.13,0.13,447959,0
NRX,20210204,0.13,0.135,0.13,0.135,41310,0
NRX,20210205,0.135,0.15,0.13,0.14,665316,0
NRX,20210208,0.14,0.14,0.135,0.14,200747,0
NRX,20210209,0.14,0.15,0.135,0.15,1072356,0
NRX,20210210,0.15,0.155,0.145,0.145,1074900,0
NRX,20210211,0.145,0.145,0.135,0.135,979871,0
NRX,20210212,0.135,0.135,0.13,0.135,795039,0
NRX,20210215,0.14,0.14,0.13,0.13,537841,0
NRX,20210216,0.14,0.145,0.135,0.14,485279,0
NRX,20210217,0.145,0.15,0.135,0.145,841118,0
NRX,20210218,0.14,0.14,0.135,0.14,353462,0
NRX,20210219,0.14,0.145,0.135,0.135,570462,0
NRX,20210222,0.145,0.175,0.145,0.165,3826087,0
NRX,20210223,0.175,0.175,0.16,0.17,2089171,0
NRX,20210224,0.17,0.17,0.14,0.145,1516143,0
NRX,20210225,0.155,0.16,0.15,0.16,2049677,0
NRX,20210226,0.15,0.155,0.15,0.155,836079,0
NRX,20210301,0.155,0.16,0.15,0.155,443903,0
NRX,20210302,0.155,0.155,0.145,0.145,688794,0
NRX,20210303,0.15,0.15,0.145,0.15,367873,0
NRX,20210304,0.15,0.15,0.15,0.15,0,0
NRX,20210305,0.15,0.15,0.15,0.15,0,0
NRX,20210308,0.125,0.135,0.105,0.125,3760312,0
NRX,20210309,0.13,0.135,0.125,0.13,735259,0
NRX,20210310,0.13,0.13,0.125,0.125,683616,0
NRX,20210311,0.125,0.13,0.125,0.125,79000,0
NRX,20210312,0.13,0.13,0.125,0.13,99950,0
NRX,20210315,0.13,0.13,0.125,0.125,523802,0
NRX,20210316,0.125,0.13,0.125,0.125,120848,0
NRX,20210317,0.1275,0.13,0.125,0.125,755871,0
NRX,20210318,0.125,0.125,0.125,0.125,207857,0
NRX,20210319,0.125,0.125,0.125,0.125,1245041,0
NRX,20210322,0.125,0.125,0.12,0.12,552235,0
NRX,20210323,0.12,0.125,0.12,0.12,175183,0
NRX,20210324,0.125,0.125,0.12,0.12,469454,0
NRX,20210325,0.125,0.125,0.115,0.115,513140,0
NRX,20210326,0.115,0.115,0.115,0.115,503531,0
NRX,20210329,0.12,0.12,0.11,0.11,682966,0
NRX,20210330,0.115,0.12,0.11,0.11,433207,0
NRX,20210331,0.11,0.12,0.11,0.12,732579,0
NRX,20210401,0.125,0.125,0.12,0.125,469411,0
NRX,20210402,0.125,0.125,0.125,0.125,0,0
NRX,20210405,0.125,0.125,0.125,0.125,0,0
NRX,20210406,0.125,0.125,0.115,0.12,588497,0
NRX,20210407,0.12,0.12,0.12,0.12,288771,0
NRX,20210408,0.125,0.125,0.12,0.12,185134,0
NRX,20210409,0.115,0.12,0.115,0.12,300091,0
NRX,20210412,0.125,0.125,0.12,0.12,418780,0
NRX,20210413,0.115,0.12,0.115,0.12,53205,0
NRX,20210414,0.12,0.125,0.12,0.125,267089,0
NRX,20210415,0.135,0.135,0.12,0.125,190090,0
NRX,20210416,0.125,0.125,0.125,0.125,194283,0
NRX,20210419,0.125,0.125,0.12,0.12,279094,0
NRX,20210420,0.13,0.13,0.125,0.125,251206,0
NRX,20210421,0.13,0.13,0.115,0.12,569416,0
NRX,20210422,0.125,0.125,0.115,0.115,23649,0
NRX,20210423,0.115,0.115,0.115,0.115,162273,0
NRX,20210426,0.12,0.125,0.12,0.125,228766,0
NRX,20210427,0.125,0.125,0.12,0.12,195314,0
NRX,20210428,0.115,0.12,0.115,0.12,129700,0
NRX,20210429,0.12,0.13,0.12,0.13,1387676,0
NRX,20210430,0.135,0.155,0.135,0.135,2390907,0
NRX,20210503,0.14,0.15,0.13,0.13,725166,0
NRX,20210504,0.13,0.135,0.13,0.13,469088,0
NRX,20210505,0.13,0.135,0.125,0.125,353516,0
NRX,20210506,0.125,0.13,0.125,0.125,205721,0
NRX,20210507,0.13,0.13,0.125,0.13,114438,0
NRX,20210510,0.13,0.14,0.13,0.14,292572,0
NRX,20210511,0.14,0.14,0.14,0.14,320022,0
NRX,20210512,0.135,0.135,0.115,0.115,3368484,0
NRX,20210513,0.12,0.125,0.115,0.125,1257681,0
NRX,20210514,0.125,0.13,0.125,0.13,153943,0
NRX,20210517,0.13,0.135,0.13,0.135,258391,0
NRX,20210518,0.13,0.135,0.125,0.13,711108,0
NRX,20210519,0.13,0.13,0.12,0.13,107709,0
NRX,20210520,0.13,0.14,0.13,0.14,500811,0
NRX,20210521,0.14,0.15,0.135,0.15,1355989,0
NRX,20210524,0.16,0.16,0.14,0.14,668467,0
NRX,20210525,0.14,0.14,0.14,0.14,20000,0
NRX,20210526,0.14,0.14,0.135,0.135,487838,0
NRX,20210527,0.13,0.135,0.13,0.135,60645,0
NRX,20210528,0.135,0.135,0.135,0.135,147765,0
NRX,20210531,0.135,0.145,0.135,0.135,299547,0
NRX,20210601,0.14,0.14,0.135,0.135,584502,0
NRX,20210602,0.135,0.135,0.13,0.135,625363,0
NRX,20210603,0.14,0.155,0.14,0.155,2250281,0
NRX,20210604,0.15,0.18,0.15,0.17,2069320,0
NRX,20210607,0.17,0.19,0.165,0.165,953009,0
NRX,20210608,0.165,0.18,0.165,0.175,730602,0
NRX,20210609,0.17,0.17,0.165,0.165,187537,0
NRX,20210610,0.16,0.165,0.16,0.165,40782,0
NRX,20210611,0.165,0.165,0.165,0.165,100000,0
NRX,20210614,0.165,0.165,0.165,0.165,0,0
NRX,20210615,0.165,0.175,0.155,0.155,690422,0
NRX,20210616,0.155,0.155,0.145,0.15,689092,0
NRX,20210617,0.145,0.155,0.145,0.155,164209,0
NRX,20210618,0.15,0.15,0.15,0.15,133342,0
NRX,20210621,0.15,0.15,0.14,0.145,569030,0
NRX,20210622,0.145,0.145,0.145,0.145,36637,0
NRX,20210623,0.1425,0.15,0.1425,0.15,792570,0
NRX,20210624,0.15,0.155,0.15,0.155,250000,0
NRX,20210625,0.1525,0.1525,0.15,0.15,209516,0
NRX,20210628,0.1525,0.1525,0.145,0.145,136352,0
NRX,20210629,0.1425,0.145,0.1425,0.145,147672,0
NRX,20210630,0.155,0.155,0.15,0.15,15391,0
NRX,20210701,0.155,0.155,0.155,0.155,45000,0
