VCF,20151208,50.5,50.5,50.5,50.5,100,0
VCF,20151209,50.5,50.5,50.5,50.5,628,0
VCF,20151210,50.26,50.26,50.26,50.26,592,0
VCF,20151211,50.48,50.49,50.48,50.49,5727,0
VCF,20151214,50.49,50.49,50.49,50.49,0,0
VCF,20151215,50.49,50.49,50.49,50.49,0,0
VCF,20151216,50.49,50.49,50.49,50.49,0,0
VCF,20151217,50.3,50.34,50.3,50.34,1071,0
VCF,20151218,50.35,50.36,50.35,50.36,616,0
VCF,20151221,50.32,50.32,50.32,50.32,213,0
VCF,20151222,50.38,50.38,50.38,50.38,1495,0
VCF,20151223,50.38,50.38,50.38,50.38,1181,0
VCF,20151224,50.38,50.38,50.38,50.38,0,0
VCF,20151225,50.38,50.38,50.38,50.38,0,0
VCF,20151228,50.38,50.38,50.38,50.38,0,0
VCF,20151229,50.38,50.38,50.38,50.38,0,0
VCF,20151230,50.38,50.38,50.38,50.38,0,0
VCF,20151231,50.38,50.38,50.38,50.38,0,0
VCF,20160101,50.38,50.38,50.38,50.38,0,0
VCF,20160104,50.4,50.4,50.4,50.4,192,0
VCF,20160105,50.44,50.44,50.44,50.44,269,0
VCF,20160106,50.44,50.44,50.44,50.44,0,0
VCF,20160107,50.43,50.43,50.43,50.43,693,0
VCF,20160108,50.49,50.5,50.49,50.5,185,0
VCF,20160111,50.56,50.58,50.56,50.58,386,0
VCF,20160112,50.64,50.65,50.64,50.65,727,0
VCF,20160113,50.62,50.62,50.62,50.62,294,0
VCF,20160114,50.59,50.59,50.59,50.59,1584,0
VCF,20160115,50.7,50.7,50.7,50.7,317,0
VCF,20160118,50.64,50.64,50.64,50.64,200,0
VCF,20160119,50.64,50.64,50.64,50.64,0,0
VCF,20160120,50.63,50.64,50.63,50.64,383,0
VCF,20160121,50.64,50.64,50.64,50.64,0,0
VCF,20160122,50.57,50.57,50.57,50.57,990,0
VCF,20160125,50.43,50.43,50.43,50.43,547,0
VCF,20160126,50.43,50.43,50.43,50.43,0,0
VCF,20160127,50.47,50.47,50.26,50.26,785,0
VCF,20160128,50.51,50.52,50.51,50.52,621,0
VCF,20160129,50.43,50.43,50.43,50.43,1296,0
VCF,20160201,50.8,50.8,50.58,50.58,878,0
VCF,20160202,50.53,50.53,50.53,50.53,668,0
VCF,20160203,50.72,50.72,50.72,50.72,39,0
VCF,20160204,50.57,50.57,50.57,50.57,85,0
VCF,20160205,50.74,50.74,50.74,50.74,528,0
VCF,20160208,50.85,50.85,50.85,50.85,205,0
VCF,20160209,50.89,50.9,50.89,50.9,1296,0
VCF,20160210,50.83,50.84,50.83,50.84,2625,0
VCF,20160211,50.94,50.95,50.92,50.94,3275,0
VCF,20160212,50.85,50.85,50.85,50.85,104,0
VCF,20160215,50.97,50.97,50.97,50.97,99,0
VCF,20160216,50.97,50.97,50.97,50.97,0,0
VCF,20160217,50.97,50.97,50.97,50.97,0,0
VCF,20160218,50.75,50.75,50.73,50.73,1397,0
VCF,20160219,50.76,50.76,50.76,50.76,477,0
VCF,20160222,50.76,50.76,50.76,50.76,0,0
VCF,20160223,51.04,51.07,51.04,51.07,1642,0
VCF,20160224,51.07,51.07,51.07,51.07,0,0
VCF,20160225,51.08,51.08,51.08,51.08,2937,0
VCF,20160226,51.01,51.01,50.98,50.98,384,0
VCF,20160229,50.98,50.98,50.98,50.98,0,0
VCF,20160301,50.98,50.98,50.98,50.98,0,0
VCF,20160302,51.07,51.08,51.07,51.08,1110,0
VCF,20160303,50.93,50.93,50.93,50.93,1281,0
VCF,20160304,50.91,50.91,50.91,50.91,376,0
VCF,20160307,51.03,51.03,51,51.03,3489,0
VCF,20160308,51.06,51.06,51.06,51.06,834,0
VCF,20160309,51.15,51.15,51.15,51.15,1369,0
VCF,20160310,51.15,51.15,51.15,51.15,0,0
VCF,20160311,51.03,51.04,51.03,51.04,809,0
VCF,20160314,51.13,51.14,51,51.14,5359,0
VCF,20160315,51.14,51.14,51.14,51.14,0,0
VCF,20160316,51.49,51.49,51.49,51.49,100,0
VCF,20160317,51.3,51.37,51.3,51.37,3706,0
VCF,20160318,51.07,51.25,51,51.25,1540,0
VCF,20160321,51.45,51.45,51.45,51.45,106,0
VCF,20160322,51.45,51.45,51.45,51.45,1265,0
VCF,20160323,51.45,51.45,51.45,51.45,2576,0
VCF,20160324,51.4,51.4,51.25,51.25,92,0
VCF,20160325,51.25,51.25,51.25,51.25,0,0
VCF,20160328,51.25,51.25,51.25,51.25,0,0
VCF,20160329,51.5,51.5,51.5,51.5,2091,0
VCF,20160330,51.65,51.65,51.65,51.65,986,0
VCF,20160331,51.65,51.65,51.65,51.65,0,0
VCF,20160401,51.65,51.65,51.65,51.65,0,0
VCF,20160404,51.65,51.8,51.65,51.8,469,0
VCF,20160405,51.8,51.9,51.8,51.9,101972,0
VCF,20160406,51.9,51.9,51.9,51.9,39,0
VCF,20160407,52.09,52.11,52.09,52.11,309,0
VCF,20160408,52.13,52.13,52.12,52.12,1729,0
VCF,20160411,52.2,52.2,52.19,52.19,544,0
VCF,20160412,52.12,52.12,52.12,52.12,1482,0
VCF,20160413,52.05,52.05,51.81,51.81,203,0
VCF,20160414,52.06,52.06,52,52,1267,0
VCF,20160415,52.1,52.1,52.09,52.09,649,0
VCF,20160418,52.2,52.2,52.2,52.2,2975,0
VCF,20160419,52.18,52.18,51.93,52.18,2008,0
VCF,20160420,52.18,52.19,52.18,52.19,653,0
VCF,20160421,52.14,52.14,51.89,51.89,1281,0
VCF,20160422,52.2,52.2,52.2,52.2,200,0
VCF,20160425,52.2,52.2,52.2,52.2,0,0
VCF,20160426,51.9,51.9,51.9,51.9,138,0
VCF,20160427,52.15,52.15,52.15,52.15,73933,0
VCF,20160428,52.24,52.24,51.98,51.98,2220,0
VCF,20160429,52.3,52.3,52.3,52.3,308,0
VCF,20160502,52.2,52.2,52.09,52.09,1192,0
VCF,20160503,52.09,52.3,52.09,52.3,3391,0
VCF,20160504,52.3,52.3,52.3,52.3,0,0
VCF,20160505,52.45,52.45,52.21,52.45,1140,0
VCF,20160506,52.45,52.45,52.45,52.45,0,0
VCF,20160509,52.49,52.5,52.49,52.5,3815,0
VCF,20160510,52.55,52.55,52.5,52.54,1950,0
VCF,20160511,52.29,52.29,52.29,52.29,72,0
VCF,20160512,52.54,52.54,52.54,52.54,149,0
VCF,20160513,52.53,52.56,52.3,52.56,678,0
VCF,20160516,52.56,52.56,52.31,52.55,1791,0
VCF,20160517,52.54,52.55,52.54,52.54,3626,0
VCF,20160518,52.23,52.23,52.23,52.23,58,0
VCF,20160519,52.38,52.38,52.38,52.38,526,0
VCF,20160520,52.38,52.38,52.38,52.38,0,0
VCF,20160523,52.37,52.37,52.33,52.36,8795,0
VCF,20160524,52.36,52.36,52.36,52.36,0,0
VCF,20160525,52.31,52.31,52.31,52.31,10,0
VCF,20160526,52.35,52.35,52.3,52.3,2736,0
VCF,20160527,52.43,52.43,52.43,52.43,97,0
VCF,20160530,52.39,52.4,52.39,52.4,2299,0
VCF,20160531,52.53,52.53,52.51,52.51,706,0
VCF,20160601,52.61,52.61,52.61,52.61,978,0
VCF,20160602,52.4,52.62,52.4,52.61,2049,0
VCF,20160603,52.44,52.44,52.44,52.44,119,0
VCF,20160606,52.89,52.89,52.89,52.89,225,0
VCF,20160607,52.91,52.91,52.91,52.91,70,0
VCF,20160608,52.94,52.94,52.94,52.94,1011,0
VCF,20160609,52.97,52.98,52.76,52.76,2088,0
VCF,20160610,53.05,53.05,53.01,53.01,3769,0
VCF,20160613,53.01,53.01,53.01,53.01,0,0
VCF,20160614,53.01,53.01,53.01,53.01,0,0
VCF,20160615,53.2,53.2,53.19,53.19,133,0
VCF,20160616,53.15,53.16,53.1,53.16,792,0
VCF,20160617,53.08,53.08,53,53.06,193,0
VCF,20160620,53,53.02,53,53.01,2889,0
VCF,20160621,52.99,52.99,52.95,52.99,3278,0
VCF,20160622,52.96,52.96,52.96,52.96,87026,0
VCF,20160623,52.9,52.9,52.9,52.9,937,0
VCF,20160624,53,53.33,53,53.33,133,0
VCF,20160627,53.24,53.24,53.22,53.22,161,0
VCF,20160628,53.23,53.25,53.22,53.25,2841,0
VCF,20160629,53.25,53.3,53.25,53.3,569,0
VCF,20160630,53.3,53.3,53.3,53.3,818,0
VCF,20160701,51.28,51.32,51.25,51.32,5074,0
VCF,20160704,51.49,51.49,51.49,51.49,194,0
VCF,20160705,51.49,51.55,51.49,51.55,472,0
VCF,20160706,51.64,51.64,51.64,51.64,500,0
VCF,20160707,51.64,51.71,51.64,51.71,621,0
VCF,20160708,51.74,51.74,51.74,51.74,505,0
VCF,20160711,51.76,51.76,51.55,51.75,2207,0
VCF,20160712,51.77,51.77,51.66,51.66,106,0
VCF,20160713,51.78,51.79,51.78,51.79,1051,0
VCF,20160714,51.76,51.77,51.76,51.77,704,0
VCF,20160715,51.81,51.81,51.8,51.8,1132,0
VCF,20160718,51.72,51.72,51.72,51.72,1472,0
VCF,20160719,51.72,51.73,51.55,51.55,813,0
VCF,20160720,51.55,51.55,51.55,51.55,0,0
VCF,20160721,51.75,51.75,51.75,51.75,788,0
VCF,20160722,51.82,51.84,51.8,51.8,1493,0
VCF,20160725,51.8,51.8,51.8,51.8,0,0
VCF,20160726,51.8,51.8,51.8,51.8,0,0
VCF,20160727,51.8,51.82,51.8,51.82,2673,0
VCF,20160728,51.88,51.88,51.88,51.88,218,0
VCF,20160729,51.96,51.96,51.93,51.93,293,0
VCF,20160801,52.02,52.02,51.95,52,3457,0
VCF,20160802,51.99,51.99,51.99,51.99,481,0
VCF,20160803,51.92,51.92,51.92,51.92,826,0
VCF,20160804,51.8,51.8,51.8,51.8,2588,0
VCF,20160805,51.83,51.83,51.83,51.83,930,0
VCF,20160808,51.85,51.85,51.7,51.7,8022,0
VCF,20160809,51.9,51.96,51.9,51.95,15324,0
VCF,20160810,51.9,52.01,51.9,52.01,26307,0
VCF,20160811,52.14,52.14,52.14,52.14,6226,0
VCF,20160812,52,52.16,52,52.16,4527,0
VCF,20160815,52.23,52.23,52.23,52.23,784,0
VCF,20160816,52.21,52.22,52.21,52.22,2322,0
VCF,20160817,52.17,52.17,52.15,52.15,1288,0
VCF,20160818,52.15,52.15,52.15,52.15,0,0
VCF,20160819,52.2,52.2,52.2,52.2,6500,0
VCF,20160822,51.96,51.96,51.96,51.96,243,0
VCF,20160823,52.22,52.22,52.22,52.22,2997,0
VCF,20160824,52.29,52.29,52.29,52.29,2599,0
VCF,20160825,52.32,52.32,52.32,52.32,3465,0
VCF,20160826,52.3,52.31,52.2,52.26,11882,0
VCF,20160829,52.18,52.18,52.18,52.18,1470,0
VCF,20160830,52.27,52.27,52.27,52.27,1590,0
VCF,20160831,52.28,52.33,52.28,52.33,565,0
VCF,20160901,52.32,52.32,52.31,52.32,8842,0
VCF,20160902,52.3,52.3,52.3,52.3,508,0
VCF,20160905,52.29,52.3,52.28,52.3,4584,0
VCF,20160906,52.01,52.01,52.01,52.01,860,0
VCF,20160907,52.36,52.37,52.3,52.3,785,0
VCF,20160908,52.39,52.4,52.38,52.38,3140,0
VCF,20160909,52.34,52.35,52.34,52.35,1088,0
VCF,20160912,52.16,52.16,52.01,52.01,3579,0
VCF,20160913,52.11,52.11,51.85,51.85,54041,0
VCF,20160914,51.9,51.9,51.85,51.88,4684,0
VCF,20160915,51.93,51.93,51.64,51.64,1083,0
VCF,20160916,51.95,51.96,51.95,51.95,2966,0
VCF,20160919,51.93,51.93,51.93,51.93,5,0
VCF,20160920,51.84,51.9,51.81,51.9,1878,0
VCF,20160921,51.9,51.93,51.88,51.92,2387,0
VCF,20160922,51.9,52.05,51.9,52.05,2095,0
VCF,20160923,51.99,52.07,51.93,52.07,1298,0
VCF,20160926,52.24,52.25,51.95,52.25,9432,0
VCF,20160927,52.25,52.25,52,52,2999,0
VCF,20160928,52.32,52.33,52.08,52.08,2924,0
VCF,20160929,52.36,52.36,52.35,52.35,1183,0
VCF,20160930,52.41,52.41,52.41,52.41,60,0
VCF,20161003,52.29,52.3,52.29,52.3,1040,0
VCF,20161004,51.93,52.25,50.35,52.25,3122,0
VCF,20161005,52,52.24,52,52.18,2945,0
VCF,20161006,52.16,52.16,52.16,52.16,991,0
VCF,20161007,52.04,52.04,51.95,51.98,2663,0
VCF,20161010,52,52.04,52,52.03,2914,0
VCF,20161011,51.77,52.01,51.71,52.01,2485,0
VCF,20161012,51.98,51.98,51.97,51.97,5348,0
VCF,20161013,51.8,52.02,51.79,51.94,5500,0
VCF,20161014,51.98,52.03,51.97,52.02,3638,0
VCF,20161017,51.95,51.95,51.65,51.91,4114,0
VCF,20161018,51.73,51.99,51.73,51.99,2653,0
VCF,20161019,52.1,52.1,51.75,52,9612,0
VCF,20161020,51.99,52.05,51.99,52.03,220468,0
VCF,20161021,51.77,52.13,51.77,52.04,48811,0
VCF,20161024,52.13,52.13,51.96,51.99,10810,0
VCF,20161025,52.11,52.11,51.99,51.99,3132,0
VCF,20161026,52.01,52.02,51.91,52.01,2541,0
VCF,20161027,51.98,51.98,51.87,51.87,2181,0
VCF,20161028,51.83,51.83,51.7,51.73,11302,0
VCF,20161031,51.73,51.83,51.59,51.8,7837,0
VCF,20161101,51.8,51.82,51.78,51.82,2158,0
VCF,20161102,51.78,51.86,51.78,51.86,1949,0
VCF,20161103,51.89,51.96,51.75,51.9,4155,0
VCF,20161104,51.92,51.92,51.62,51.86,800,0
VCF,20161107,51.85,51.85,51.56,51.8,3256,0
VCF,20161108,51.86,51.87,51.7,51.75,1561,0
VCF,20161109,51.59,52.06,51.59,52.04,2242,0
VCF,20161110,51.62,51.62,51.4,51.4,3992,0
VCF,20161111,51.12,51.31,51.02,51.02,2733,0
VCF,20161114,51.22,51.62,51.22,51.32,9556,0
VCF,20161115,51.21,51.21,50.61,51.01,3063,0
VCF,20161116,50.98,51.07,50.865,51.06,4836,0
VCF,20161117,51.06,51.08,51.01,51.08,864,0
VCF,20161118,50.9,50.99,50.7,50.7,8159,0
VCF,20161121,50.73,50.83,50.73,50.83,11110,0
VCF,20161122,50.83,50.84,50.76,50.84,1364,0
VCF,20161123,50.84,50.84,50.78,50.83,3061,0
VCF,20161124,50.6,50.81,50.58,50.81,1087,0
VCF,20161125,50.81,50.81,50.79,50.81,3166,0
VCF,20161128,50.82,50.89,50.77,50.89,7495,0
VCF,20161129,50.89,51.04,50.89,51.04,5628,0
VCF,20161130,51.04,51.08,50.99,51.07,2940,0
VCF,20161201,50.98,51.1,50.97,51,2308,0
VCF,20161202,51,51.06,50.64,50.94,6600,0
VCF,20161205,51.12,51.12,50.74,50.74,477,0
VCF,20161206,50.94,51.06,50.85,50.95,2448,0
VCF,20161207,50.95,50.95,50.92,50.95,939,0
VCF,20161208,50.95,50.95,50.75,50.75,2712,0
VCF,20161209,50.97,50.97,50.82,50.92,13516,0
VCF,20161212,50.7,50.83,50.6,50.74,3658,0
VCF,20161213,50.77,50.87,50.71,50.83,3493,0
VCF,20161214,50.79,50.79,50.46,50.79,3589,0
VCF,20161215,50.68,50.74,50.5,50.5,509,0
VCF,20161216,50.79,50.81,50.65,50.78,4082,0
VCF,20161219,50.67,50.79,50.5,50.77,10530,0
VCF,20161220,50.82,50.82,50.72,50.79,2526,0
VCF,20161221,50.77,50.83,50.59,50.8,6920,0
VCF,20161222,50.84,50.9,50.84,50.9,14482,0
VCF,20161223,50.88,50.88,50.65,50.88,5327,0
VCF,20161226,50.88,50.88,50.88,50.88,0,0
VCF,20161227,50.88,50.88,50.88,50.88,0,0
VCF,20161228,50.89,50.89,50.85,50.85,1031,0
VCF,20161229,50.97,51.07,50.82,51.07,1082,0
VCF,20161230,51.07,51.11,51.05,51.11,1262,0
VCF,20170102,51.11,51.11,51.11,51.11,0,0
VCF,20170103,50.93,51.15,50.93,51.13,6553,0
VCF,20170104,51.13,51.14,50.92,50.92,36767,0
VCF,20170105,51,51.22,51,51.22,1282,0
VCF,20170106,51.3,51.37,51.19,51.37,3174,0
VCF,20170109,51.24,51.25,51.17,51.24,2283,0
VCF,20170110,51.32,51.32,51.15,51.24,51155,0
VCF,20170111,51.26,51.26,51.16,51.19,7991,0
VCF,20170112,51.21,51.27,51.21,51.27,38899,0
VCF,20170113,51.38,51.38,51.2,51.26,620,0
VCF,20170116,51.25,51.3,51.21,51.22,1770,0
VCF,20170117,51.2,51.28,51.2,51.25,1907,0
VCF,20170118,51.45,51.45,51.3,51.31,6259,0
VCF,20170119,51.3,51.3,51.19,51.24,3777,0
VCF,20170120,51.3,51.32,51.15,51.15,2963,0
VCF,20170123,51.18,51.22,51.01,51.01,6854,0
VCF,20170124,51.15,51.27,51.07,51.27,3063,0
VCF,20170125,51.25,51.25,51.06,51.2,5597,0
VCF,20170126,51.2,51.2,51.2,51.2,0,0
VCF,20170127,51.14,51.14,50.91,50.98,3807,0
VCF,20170130,51.2,51.2,51.08,51.09,2889,0
VCF,20170131,51.19,51.22,51.15,51.22,1439,0
VCF,20170201,51.22,51.22,51,51,2793,0
VCF,20170202,50.91,51.21,50.91,51,2591,0
VCF,20170203,51,51.22,51,51.22,2587,0
VCF,20170206,51.25,51.29,51.17,51.22,8745,0
VCF,20170207,51.1,51.43,51.1,51.43,1991,0
VCF,20170208,51.39,51.45,51.3,51.44,1203,0
VCF,20170209,51.46,51.46,51.31,51.31,782,0
VCF,20170210,51.46,51.46,51.3,51.45,2358,0
VCF,20170213,51.43,51.43,51.35,51.42,5054,0
VCF,20170214,51.4,51.4,51.25,51.27,3246,0
VCF,20170215,51.33,51.36,51.16,51.35,3174,0
VCF,20170216,51.31,51.31,51.2,51.21,2593,0
VCF,20170217,51.38,51.38,51.2,51.38,5536,0
VCF,20170220,51.36,51.37,51.36,51.37,4156,0
VCF,20170221,51.48,51.48,51.41,51.46,1074,0
VCF,20170222,51.46,51.48,51.35,51.35,4709,0
VCF,20170223,51.51,51.55,51.5,51.55,3279,0
VCF,20170224,51.55,51.63,51.55,51.63,1368,0
VCF,20170227,51.81,51.81,51.7,51.7,6302,0
VCF,20170228,51.7,51.75,51.7,51.7,2641,0
VCF,20170301,51.66,51.79,51.55,51.79,5519,0
VCF,20170302,51.75,51.75,51.45,51.64,2484,0
VCF,20170303,51.64,51.67,51.51,51.65,3029,0
VCF,20170306,51.62,51.62,51.5,51.53,1210,0
VCF,20170307,51.5,51.64,51.5,51.64,1808,0
VCF,20170308,51.6,51.61,51.4,51.4,13490,0
VCF,20170309,51.4,51.4,51.14,51.17,3755,0
VCF,20170310,51.32,51.32,51.09,51.24,11932,0
VCF,20170313,51.22,51.22,51.02,51.02,1647,0
VCF,20170314,51.18,51.22,51.115,51.22,6050,0
VCF,20170315,51.22,51.22,51.05,51.08,2680,0
VCF,20170316,51.33,51.44,51.3,51.4,5113,0
VCF,20170317,51.3,51.32,51.25,51.28,1589,0
VCF,20170320,51.16,51.45,51.16,51.35,2235,0
VCF,20170321,51.26,51.51,51.26,51.51,2314,0
VCF,20170322,51.5,51.5,51.4,51.4,3650,0
VCF,20170323,51.5,51.66,51.5,51.66,744,0
VCF,20170324,51.65,51.65,51.51,51.51,446,0
VCF,20170327,51.74,51.75,51.55,51.55,3100,0
VCF,20170328,51.52,51.73,51.52,51.71,4992,0
VCF,20170329,51.7,51.7,51.65,51.65,682,0
VCF,20170330,51.78,51.8,51.78,51.8,2034,0
VCF,20170331,51.77,51.77,51.76,51.76,595,0
VCF,20170403,49.57,49.6,49.5,49.6,7282,0
VCF,20170404,49.69,49.76,49.55,49.55,8329,0
VCF,20170405,49.55,49.73,49.55,49.58,668,0
VCF,20170406,49.69,49.69,49.65,49.65,4295,0
VCF,20170407,49.69,49.82,49.62,49.82,5478,0
VCF,20170410,49.75,49.75,49.58,49.75,2984,0
VCF,20170411,49.75,49.85,49.65,49.8,2949,0
VCF,20170412,49.92,49.94,49.73,49.93,2333,0
VCF,20170413,49.99,50.03,49.81,50.03,1443,0
VCF,20170414,50.03,50.03,50.03,50.03,0,0
VCF,20170417,50.03,50.03,50.03,50.03,0,0
VCF,20170418,50.02,50.04,49.74,50.03,4150,0
VCF,20170419,50.15,50.15,50,50.14,5625,0
VCF,20170420,50.12,50.12,49.96,50.03,5711,0
VCF,20170421,50.03,50.04,49.82,50.04,3432,0
VCF,20170424,49.75,49.95,49.75,49.88,8347,0
VCF,20170425,49.88,49.88,49.88,49.88,0,0
VCF,20170426,49.93,49.93,49.7,49.7,2791,0
VCF,20170427,49.7,49.95,49.7,49.95,1261,0
VCF,20170428,49.98,50.02,49.88,50.02,3562,0
VCF,20170501,50.02,50.02,49.85,50.02,3832,0
VCF,20170502,49.97,49.97,49.85,49.96,4368,0
VCF,20170503,50.03,50.06,49.92,50.06,3475,0
VCF,20170504,50,50.07,49.9,50.06,3907,0
VCF,20170505,49.98,49.99,49.85,49.89,7048,0
VCF,20170508,49.97,49.97,49.89,49.94,4311,0
VCF,20170509,49.94,49.95,49.75,49.83,23085,0
VCF,20170510,49.92,49.92,49.8,49.82,7152,0
VCF,20170511,49.86,49.86,49.75,49.86,5421,0
VCF,20170512,49.97,50.4,49.88,49.88,5658,0
VCF,20170515,50.11,50.11,50.05,50.11,3012,0
VCF,20170516,50.08,50.08,49.89,50.04,5357,0
VCF,20170517,50.16,50.17,50.05,50.05,13307,0
VCF,20170518,50.32,50.32,50.03,50.3,2425,0
VCF,20170519,50.3,50.31,50.18,50.31,7341,0
VCF,20170522,50.3,50.3,50.1,50.29,2861,0
VCF,20170523,50.29,50.32,50.18,50.32,4597,0
VCF,20170524,50.14,50.15,50.1,50.14,5917,0
VCF,20170525,50.31,50.31,50.15,50.18,2168,0
VCF,20170526,50.18,50.35,50.13,50.35,1283,0
VCF,20170529,50.35,50.35,50.11,50.11,3357,0
VCF,20170530,50.39,50.39,50.23,50.29,10573,0
VCF,20170531,50.39,50.45,50.3,50.45,12807,0
VCF,20170601,50.4,50.4,50.26,50.38,11934,0
VCF,20170602,50.49,50.49,50.28,50.37,5685,0
VCF,20170605,50.3,50.58,50.3,50.56,3030,0
VCF,20170606,50.56,50.56,50.44,50.47,13799,0
VCF,20170607,50.47,50.5,50.45,50.48,2819,0
VCF,20170608,50.44,50.54,50.4,50.53,21301,0
VCF,20170609,50.53,50.53,50.34,50.34,18203,0
VCF,20170612,50.34,50.34,50.34,50.34,0,0
VCF,20170613,50.4,50.55,50.21,50.55,3911,0
VCF,20170614,50.4,50.45,50.2,50.45,4472,0
VCF,20170615,50.63,50.72,50.5,50.72,4083,0
VCF,20170616,50.34,50.67,50.34,50.64,4072,0
VCF,20170619,50.68,50.68,50.45,50.54,10280,0
VCF,20170620,50.49,50.65,50.45,50.53,3800,0
VCF,20170621,50.69,50.69,50.45,50.61,4344,0
VCF,20170622,50.69,50.7,50.47,50.47,14173,0
VCF,20170623,50.64,50.64,50.49,50.49,4859,0
VCF,20170626,50.63,50.63,50.63,50.63,4396,0
VCF,20170627,50.68,50.82,50.66,50.7,15431,0
VCF,20170628,50.46,50.82,50.46,50.82,9551,0
VCF,20170629,50.45,50.63,50.33,50.63,5982,0
VCF,20170630,50.6,50.6,50.35,50.35,6197,0
VCF,20170703,50.3,50.3,49.01,49.14,9131,0
VCF,20170704,49.14,49.14,49.05,49.08,5452,0
VCF,20170705,49.26,49.26,49.14,49.15,6034,0
VCF,20170706,49.28,49.29,49.12,49.17,9274,0
VCF,20170707,49.13,49.13,48.945,49.05,8124,0
VCF,20170710,49.05,49.14,48.95,49.01,4073,0
VCF,20170711,49.04,49.07,48.97,48.97,7281,0
VCF,20170712,49.02,49.23,49.02,49.23,5360,0
VCF,20170713,49.07,49.21,49.07,49.21,3099,0
VCF,20170714,49.14,49.18,49.1,49.14,19577,0
VCF,20170717,49.17,49.2,49.17,49.18,11725,0
VCF,20170718,49.25,49.26,49.235,49.26,8948,0
VCF,20170719,49.35,49.35,49.31,49.32,5019,0
VCF,20170720,49.35,49.38,49.34,49.37,8613,0
VCF,20170721,49.39,49.53,49.37,49.4,11206,0
VCF,20170724,49.48,49.49,49.45,49.49,6189,0
VCF,20170725,49.44,49.59,49.4,49.4,8146,0
VCF,20170726,49.3,49.44,49.26,49.32,9582,0
VCF,20170727,49.33,49.5,49.33,49.38,8832,0
VCF,20170728,49.4,49.4,49.32,49.32,23687,0
VCF,20170731,49.32,49.41,49.32,49.4,7979,0
VCF,20170801,49.4,49.4,49.36,49.38,35511,0
VCF,20170802,49.66,49.66,49.47,49.64,4703,0
VCF,20170803,49.5,49.56,49.45,49.56,12996,0
VCF,20170804,49.77,49.77,49.56,49.56,5639,0
VCF,20170807,49.56,49.68,49.48,49.55,6311,0
VCF,20170808,49.7,49.71,49.52,49.58,1815,0
VCF,20170809,49.67,49.67,49.56,49.56,1628,0
VCF,20170810,49.71,49.72,49.6,49.6,4498,0
VCF,20170811,49.76,49.76,49.57,49.62,7019,0
VCF,20170814,49.56,49.75,49.52,49.75,4684,0
VCF,20170815,49.55,49.72,49.5,49.55,14340,0
VCF,20170816,49.5,49.67,49.5,49.52,1670,0
VCF,20170817,49.52,49.73,49.52,49.6,4966,0
VCF,20170818,49.79,49.79,49.63,49.66,6267,0
VCF,20170821,49.66,49.8,49.56,49.56,3107,0
VCF,20170822,49.84,49.84,49.68,49.7,5763,0
VCF,20170823,49.7,49.7,49.63,49.66,4947,0
VCF,20170824,49.75,49.75,49.73,49.75,4236,0
VCF,20170825,49.69,49.72,49.62,49.62,21667,0
VCF,20170828,49.76,49.76,49.65,49.71,5772,0
VCF,20170829,49.82,49.82,49.69,49.82,4516,0
VCF,20170830,49.86,49.86,49.73,49.74,7988,0
VCF,20170831,49.79,49.81,49.7,49.7,4786,0
VCF,20170901,49.89,49.89,49.76,49.87,8175,0
VCF,20170904,49.81,49.82,49.79,49.82,8401,0
VCF,20170905,49.83,49.85,49.82,49.85,2653,0
VCF,20170906,49.97,49.98,49.91,49.97,4100,0
VCF,20170907,49.88,49.97,49.88,49.97,5259,0
VCF,20170908,49.98,50,49.92,49.98,27027,0
VCF,20170911,49.97,49.97,49.85,49.89,7113,0
VCF,20170912,49.85,49.85,49.78,49.81,6395,0
VCF,20170913,49.76,49.76,49.7,49.7,8589,0
VCF,20170914,49.7,49.74,49.7,49.74,8304,0
VCF,20170915,49.74,49.74,49.68,49.71,8083,0
VCF,20170918,49.68,49.68,49.65,49.67,677,0
VCF,20170919,49.65,49.66,49.58,49.66,6147,0
VCF,20170920,49.65,49.67,49.61,49.61,6184,0
VCF,20170921,49.64,49.65,49.52,49.65,5255,0
VCF,20170922,49.65,49.68,49.64,49.68,12047,0
VCF,20170925,49.68,49.68,49.68,49.68,1804,0
VCF,20170926,49.75,49.76,49.66,49.76,4767,0
VCF,20170927,49.75,49.78,49.69,49.77,5212,0
VCF,20170928,49.64,49.69,49.53,49.53,18249,0
VCF,20170929,49.64,49.64,49.6,49.6,2447,0
VCF,20171002,48.48,48.48,48.25,48.25,6531,0
VCF,20171003,48.51,48.51,48.16,48.16,90273,0
VCF,20171004,48.35,48.35,48.23,48.23,7184,0
VCF,20171005,48.23,48.57,48.22,48.33,13024,0
VCF,20171006,48.33,48.49,48.33,48.33,2144,0
VCF,20171009,48.33,48.33,48.33,48.33,0,0
VCF,20171010,48.33,48.33,48.33,48.33,0,0
VCF,20171011,48.39,48.39,48.26,48.38,5736,0
VCF,20171012,48.38,48.39,48.27,48.39,983,0
VCF,20171013,48.39,48.48,48.39,48.44,6723,0
VCF,20171016,48.44,48.44,48.44,48.44,0,0
VCF,20171017,48.75,48.75,48.43,48.44,5612,0
VCF,20171018,48.5,48.74,48.47,48.47,4756,0
VCF,20171019,48.38,48.57,48.38,48.52,3737,0
VCF,20171020,48.78,48.78,48.49,48.49,1953,0
VCF,20171023,48.55,48.55,48.31,48.53,15004,0
VCF,20171024,48.68,48.68,48.38,48.55,3287,0
VCF,20171025,48.4,48.5,48.32,48.35,7418,0
VCF,20171026,48.59,48.59,48.33,48.33,14832,0
VCF,20171027,48.46,48.46,48.33,48.33,1415,0
VCF,20171030,48.73,48.73,48.48,48.56,5040,0
VCF,20171031,48.83,48.83,48.55,48.67,4907,0
VCF,20171101,48.67,48.67,48.47,48.63,10457,0
VCF,20171102,48.63,48.68,48.58,48.68,4872,0
VCF,20171103,48.58,48.76,48.58,48.63,4047,0
VCF,20171106,48.58,48.77,48.58,48.6,7590,0
VCF,20171107,48.58,48.79,48.58,48.79,2904,0
VCF,20171108,48.96,49,48.69,48.82,11489,0
VCF,20171109,48.96,48.96,48.71,48.79,3500,0
VCF,20171110,48.7,48.8,48.595,48.61,17943,0
VCF,20171113,48.65,48.65,48.45,48.45,17142,0
VCF,20171114,48.35,48.69,48.35,48.39,8397,0
VCF,20171115,48.59,48.61,48.45,48.61,3239,0
VCF,20171116,48.62,48.65,48.47,48.6,4809,0
VCF,20171117,48.78,48.78,48.49,48.49,14754,0
VCF,20171120,48.69,48.69,48.5,48.59,6568,0
VCF,20171121,48.78,48.78,48.55,48.67,3609,0
VCF,20171122,48.81,48.81,48.62,48.74,15461,0
VCF,20171123,48.61,48.8,48.61,48.66,11394,0
VCF,20171124,48.86,49,48.62,48.78,3819,0
VCF,20171127,48.78,48.78,48.65,48.77,2687,0
VCF,20171128,48.96,48.96,48.49,48.49,309666,0
VCF,20171129,48.65,48.82,48.52,48.82,35070,0
VCF,20171130,48.61,49,48.41,48.49,23667,0
VCF,20171201,48.66,48.66,48.42,48.42,2662,0
VCF,20171204,48.51,48.54,48.485,48.54,12144,0
VCF,20171205,48.6,48.8,48.49,48.49,11899,0
VCF,20171206,48.98,48.98,48.57,48.59,4745,0
VCF,20171207,48.68,48.68,48.63,48.68,2293,0
VCF,20171208,48.7,48.71,48.6,48.64,22337,0
VCF,20171211,48.93,48.93,48.56,48.84,7008,0
VCF,20171212,48.99,48.99,48.69,48.69,11724,0
VCF,20171213,49.04,49.04,48.58,48.65,3788,0
VCF,20171214,48.66,48.85,48.65,48.85,17731,0
VCF,20171215,49.08,49.08,48.67,48.67,12547,0
VCF,20171218,48.66,48.93,48.66,48.77,2809,0
VCF,20171219,48.77,49.16,48.65,48.71,27429,0
VCF,20171220,48.6,48.9,48.55,48.62,31811,0
VCF,20171221,48.52,48.74,48.43,48.74,7779,0
VCF,20171222,48.47,48.73,48.47,48.73,16916,0
VCF,20171225,48.73,48.73,48.73,48.73,0,0
VCF,20171226,48.73,48.73,48.73,48.73,0,0
VCF,20171227,48.7,48.73,48.45,48.73,4690,0
VCF,20171228,48.76,48.89,48.76,48.89,218,0
VCF,20171229,48.58,48.88,48.58,48.88,11948,0
VCF,20180101,48.88,48.88,48.88,48.88,0,0
VCF,20180102,48.66,48.66,48.4,48.5,9952,0
VCF,20180103,48.38,48.45,48.25,48.25,1727,0
VCF,20180104,48.4,48.4,48.2,48.2,2790,0
VCF,20180105,48.2,48.68,48.19,48.68,10198,0
VCF,20180108,48.41,48.41,48.23,48.4,4936,0
VCF,20180109,48.4,48.43,48.28,48.43,2444,0
VCF,20180110,48.49,48.49,48.15,48.15,12850,0
VCF,20180111,48.32,48.34,48.14,48.34,3768,0
VCF,20180112,48.39,48.39,48.2,48.32,3328,0
VCF,20180115,48.32,48.39,48.2,48.39,89,0
VCF,20180116,48.24,48.33,48.24,48.24,1570,0
VCF,20180117,48.325,48.39,48.26,48.36,9857,0
VCF,20180118,48.39,48.39,48.25,48.39,3061,0
VCF,20180119,48.39,48.39,48.25,48.25,818,0
VCF,20180122,48.29,48.37,48.23,48.29,3433,0
VCF,20180123,48.23,48.39,48.22,48.22,2157,0
VCF,20180124,48.23,48.33,48.23,48.33,1596,0
VCF,20180125,48.39,48.39,48.22,48.3,4055,0
VCF,20180126,48.3,48.3,48.3,48.3,0,0
VCF,20180129,48.22,48.26,48.18,48.19,2914,0
VCF,20180130,48.22,48.22,48.13,48.13,4903,0
VCF,20180131,47.9,48.24,47.9,48.21,1230,0
VCF,20180201,47.95,48.2,47.95,48.16,3554,0
VCF,20180202,48.09,48.09,47.99,47.99,1844,0
VCF,20180205,47.97,48.4,47.73,48,8519,0
VCF,20180206,48.1,48.29,48.055,48.29,8640,0
VCF,20180207,48.13,51,47.9,47.9,10800,0
VCF,20180208,47.66,48.17,47.66,47.98,6478,0
VCF,20180209,47.78,48.01,47.62,48.01,11963,0
VCF,20180212,47.94,47.94,47.6,47.75,4037,0
VCF,20180213,47.71,47.85,47.71,47.85,1028,0
VCF,20180214,47.735,47.83,47.65,47.83,3552,0
VCF,20180215,47.79,47.79,47.56,47.69,3227,0
VCF,20180216,47.51,47.75,47.51,47.75,2632,0
VCF,20180219,47.93,47.93,47.58,47.71,30563,0
VCF,20180220,47.74,48.02,47.64,47.91,4279,0
VCF,20180221,47.76,47.83,47.64,47.66,3683,0
VCF,20180222,47.63,47.78,47.63,47.75,10210,0
VCF,20180223,47.8,47.89,47.57,47.57,12730,0
VCF,20180226,47.57,47.7,47.47,47.67,2322,0
VCF,20180227,47.8,47.9,47.68,47.68,5740,0
VCF,20180228,47.725,47.78,47.62,47.62,1881,0
VCF,20180301,47.85,47.89,47.795,47.86,4655,0
VCF,20180302,47.72,48.01,47.72,48.01,3818,0
VCF,20180305,47.93,47.93,47.8,47.9,975,0
VCF,20180306,47.9,47.9,47.62,47.8,3764,0
VCF,20180307,47.84,47.84,47.63,47.63,6130,0
VCF,20180308,47.84,47.84,47.66,47.66,3717,0
VCF,20180309,47.85,47.85,47.66,47.83,9886,0
VCF,20180312,47.91,47.91,47.57,47.91,6868,0
VCF,20180313,47.91,47.91,47.61,47.82,4667,0
VCF,20180314,47.97,47.97,47.67,47.87,5275,0
VCF,20180315,47.7,47.94,47.7,47.94,8579,0
VCF,20180316,48.05,48.05,47.8,47.8,1989,0
VCF,20180319,48.02,48.02,47.91,47.96,2411,0
VCF,20180320,48.01,48.01,47.72,47.86,5677,0
VCF,20180321,47.89,47.89,47.725,47.85,5574,0
VCF,20180322,47.77,47.78,47.67,47.67,3015,0
VCF,20180323,47.75,47.93,47.75,47.93,1405,0
VCF,20180326,47.97,47.97,47.69,47.69,2050,0
VCF,20180327,47.84,47.84,47.66,47.66,3307,0
VCF,20180328,47.8,47.95,47.78,47.94,6286,0
VCF,20180329,47.82,47.92,47.71,47.92,5295,0
VCF,20180330,47.92,47.92,47.92,47.92,0,0
VCF,20180402,47.92,47.92,47.92,47.92,0,0
VCF,20180403,47.52,47.75,47.52,47.75,1386,0
VCF,20180404,47.6,47.81,47.6,47.8,4104,0
VCF,20180405,47.71,47.71,47.53,47.53,5004,0
VCF,20180406,47.76,47.76,47.5,47.5,1976,0
VCF,20180409,47.51,47.73,47.51,47.61,3554,0
VCF,20180410,47.8,47.8,47.59,47.6,3141,0
VCF,20180411,47.7,47.7,47.58,47.59,2169,0
VCF,20180412,47.76,47.78,47.64,47.78,7311,0
VCF,20180413,47.7,47.74,47.57,47.59,7077,0
VCF,20180416,47.54,47.7,47.4,47.4,100090,0
VCF,20180417,47.4,47.61,47.4,47.5,3727,0
VCF,20180418,47.5,47.6,47.43,47.6,3246,0
VCF,20180419,47.49,47.51,47.4,47.49,58191,0
VCF,20180420,47.23,47.47,47.23,47.24,4226,0
VCF,20180423,47.23,47.44,47.23,47.44,6593,0
VCF,20180424,47.35,47.36,47.14,47.28,7509,0
VCF,20180425,47.28,47.28,47.28,47.28,0,0
VCF,20180426,47.3,47.3,47.06,47.28,3075,0
VCF,20180427,47.11,47.24,47.11,47.24,4879,0
VCF,20180430,47.1,47.33,47.09,47.12,4660,0
VCF,20180501,47.41,47.43,47.175,47.27,3353,0
VCF,20180502,47.36,47.39,47.11,47.11,4148,0
VCF,20180503,47.11,47.37,47.11,47.12,6005,0
VCF,20180504,47.3,47.3,47.12,47.15,563,0
VCF,20180507,47.12,47.34,47.1,47.1,3598,0
VCF,20180508,47.33,47.33,47.08,47.1,3276,0
VCF,20180509,47.16,47.16,47.02,47.06,1838,0
VCF,20180510,47.13,47.16,47.04,47.04,7025,0
VCF,20180511,47.19,47.25,47.12,47.12,15006,0
VCF,20180514,47.23,47.41,47.14,47.14,1096,0
VCF,20180515,47.12,47.22,47.08,47.22,2525,0
VCF,20180516,47.16,47.29,46.96,46.96,2361,0
VCF,20180517,47.2,47.2,46.88,46.95,9879,0
VCF,20180518,46.93,47.01,46.86,47.01,2270,0
VCF,20180521,47,47.01,46.97,46.97,2358,0
VCF,20180522,47,47.27,46.99,47.16,3475,0
VCF,20180523,47.24,47.24,46.98,47.04,2416,0
VCF,20180524,47.09,47.25,47.09,47.1,2828,0
VCF,20180525,47.3,47.4,47.15,47.18,8092,0
VCF,20180528,47.25,47.48,47.25,47.38,2524,0
VCF,20180529,47.47,47.47,47.37,47.37,3326,0
VCF,20180530,47.47,47.76,47.43,47.65,11937,0
VCF,20180531,47.64,47.65,47.5,47.65,1617,0
VCF,20180601,47.6,47.6,47.33,47.34,2775,0
VCF,20180604,47.31,47.45,47.31,47.35,2254,0
VCF,20180605,47.31,47.47,47.27,47.47,3483,0
VCF,20180606,47.41,47.42,47.24,47.41,9375,0
VCF,20180607,47.27,47.29,47.1,47.1,3192,0
VCF,20180608,47.14,47.31,47.14,47.3,2593,0
VCF,20180611,47.3,47.3,47.3,47.3,0,0
VCF,20180612,47.3,47.39,47.18,47.39,4001,0
VCF,20180613,47.38,47.38,47.12,47.12,3535,0
VCF,20180614,47.11,47.3,47.11,47.18,5313,0
VCF,20180615,47.25,47.47,47.25,47.31,10547,0
VCF,20180618,47.46,47.54,47.33,47.54,872,0
VCF,20180619,47.5,47.5,47.34,47.5,1521,0
VCF,20180620,47.34,47.56,47.34,47.44,4581,0
VCF,20180621,47.38,47.44,47.365,47.4,3420,0
VCF,20180622,47.26,47.48,47.25,47.46,2349,0
VCF,20180625,47.27,47.45,47.27,47.29,5536,0
VCF,20180626,47.27,47.45,47.27,47.42,3831,0
VCF,20180627,47.26,47.44,47.25,47.36,6823,0
VCF,20180628,47.4,47.5,47.28,47.28,3736,0
VCF,20180629,47.44,47.54,47.34,47.54,474,0
VCF,20180702,46.73,46.73,46.39,46.58,3722,0
VCF,20180703,46.64,46.66,46.58,46.62,13694,0
VCF,20180704,46.55,46.72,46.52,46.6,5838,0
VCF,20180705,46.73,46.73,46.6,46.63,941,0
VCF,20180706,46.6,46.72,46.59,46.71,2232,0
VCF,20180709,46.53,46.77,46.52,46.77,5850,0
VCF,20180710,46.67,46.83,46.6,46.83,14542,0
VCF,20180711,46.72,46.87,46.72,46.76,4555,0
VCF,20180712,46.86,46.86,46.8,46.8,5529,0
VCF,20180713,46.9,46.9,46.8,46.9,2896,0
VCF,20180716,46.9,47,46.9,47,7715,0
VCF,20180717,46.81,46.95,46.81,46.82,1665,0
VCF,20180718,46.83,47.1,46.83,47.1,925,0
VCF,20180719,46.94,46.95,46.81,46.94,2143,0
VCF,20180720,46.85,47.15,46.85,47.15,2260,0
VCF,20180723,46.75,47.06,46.75,47.06,5818,0
VCF,20180724,46.62,46.92,46.62,46.88,4133,0
VCF,20180725,47.02,47.02,46.76,46.76,3034,0
VCF,20180726,46.91,46.91,46.76,46.88,2104,0
VCF,20180727,46.88,47.02,46.66,46.74,3013,0
VCF,20180730,46.7,46.98,46.7,46.85,3272,0
VCF,20180731,46.8,47.03,46.69,46.69,27276,0
VCF,20180801,46.88,46.97,46.73,46.83,3706,0
VCF,20180802,46.83,46.9,46.75,46.8,4021,0
VCF,20180803,46.99,46.99,46.62,46.81,3310,0
VCF,20180806,46.89,47.09,46.82,46.95,2454,0
VCF,20180807,46.88,47.05,46.88,46.88,6362,0
VCF,20180808,46.9,47.1,46.88,47.1,5007,0
VCF,20180809,46.99,46.99,46.9,46.97,1332,0
VCF,20180810,46.9,47.05,46.88,46.9,6168,0
VCF,20180813,47.08,47.1,46.99,47.09,1127,0
VCF,20180814,47,47.06,46.89,46.9,24213,0
VCF,20180815,46.97,47.01,46.91,47,2820,0
VCF,20180816,47,47.02,46.955,47.02,3724,0
VCF,20180817,47.07,47.08,46.95,46.95,4960,0
VCF,20180820,46.98,47.08,46.97,46.97,5083,0
VCF,20180821,47.15,47.15,47.02,47.03,6187,0
VCF,20180822,47.14,47.18,46.98,46.98,4140,0
VCF,20180823,47.05,47.15,47.04,47.09,4038,0
VCF,20180824,47.03,47.11,47,47.1,9397,0
VCF,20180827,47.12,47.15,47.02,47.02,21578,0
VCF,20180828,47.07,47.1,47,47.1,3038,0
VCF,20180829,47,47.07,46.96,47.07,5884,0
VCF,20180830,47.18,47.18,46.94,47.02,3103,0
VCF,20180831,47.07,47.08,47.02,47.02,4072,0
VCF,20180903,47.07,47.07,46.97,47,3879,0
VCF,20180904,47.06,47.07,46.97,46.97,3547,0
VCF,20180905,46.97,47.01,46.95,47,1384,0
VCF,20180906,46.99,46.99,46.88,46.88,2035,0
VCF,20180907,46.92,47.04,46.92,46.92,3160,0
VCF,20180910,46.88,46.93,46.86,46.86,2340,0
VCF,20180911,46.87,46.92,46.86,46.89,3275,0
VCF,20180912,46.9,47.04,46.9,47.04,9011,0
VCF,20180913,47.04,47.04,46.91,46.92,3148,0
VCF,20180914,46.95,47.03,46.91,46.94,1013,0
VCF,20180917,47.11,47.11,46.91,46.91,2138,0
VCF,20180918,47.01,47.07,46.97,47.07,6241,0
VCF,20180919,46.98,46.98,46.81,46.9,11278,0
VCF,20180920,46.82,47,46.82,47,804,0
VCF,20180921,46.93,46.94,46.7,46.7,3192,0
VCF,20180924,46.79,46.93,46.79,46.92,3637,0
VCF,20180925,46.82,46.82,46.61,46.61,68035,0
VCF,20180926,46.65,46.8,46.64,46.8,2539,0
VCF,20180927,46.8,46.86,46.75,46.76,4724,0
VCF,20180928,46.78,46.88,46.76,46.76,4515,0
VCF,20181001,46.58,46.64,46.55,46.63,3113,0
VCF,20181002,46.61,46.85,46.61,46.85,6356,0
VCF,20181003,46.69,46.71,46.58,46.67,4189,0
VCF,20181004,46.67,46.67,46.4,46.49,2194,0
VCF,20181005,46.42,46.46,46.35,46.35,1464,0
VCF,20181008,46.18,46.35,46.18,46.22,1712,0
VCF,20181009,46.36,46.36,46.21,46.22,3921,0
VCF,20181010,46.43,46.43,46.28,46.39,2461,0
VCF,20181011,46.3,46.49,46.3,46.49,2714,0
VCF,20181012,46.45,46.49,46.29,46.43,5294,0
VCF,20181015,46.47,46.47,46.36,46.44,1623,0
VCF,20181016,46.43,46.43,46.31,46.43,1009,0
VCF,20181017,46.37,46.51,46.35,46.35,3450,0
VCF,20181018,46.31,46.35,46.31,46.32,5954,0
VCF,20181019,46.5,46.5,46.38,46.5,1128,0
VCF,20181022,46.4,46.44,46.395,46.4,2160,0
VCF,20181023,46.4,46.41,46.3,46.41,5505,0
VCF,20181024,46.35,46.47,46.33,46.47,5612,0
VCF,20181025,46.51,46.51,46.4,46.4,2374,0
VCF,20181026,46.51,46.57,46.41,46.57,1348,0
VCF,20181029,46.57,46.57,46.4,46.4,6032,0
VCF,20181030,46.33,46.44,46.33,46.37,15857,0
VCF,20181031,46.4,46.4,46.27,46.27,31122,0
VCF,20181101,46.32,46.32,46.27,46.27,957,0
VCF,20181102,46.45,46.5,46.24,46.3,10340,0
VCF,20181105,46.27,46.27,46.15,46.15,5555,0
VCF,20181106,46.51,46.51,46.15,46.18,10044,0
VCF,20181107,46.3,46.3,46.18,46.22,4005,0
VCF,20181108,46.32,46.32,46.19,46.2,1911,0
VCF,20181109,46.29,46.29,46.21,46.21,3009,0
VCF,20181112,46.41,46.44,46.41,46.44,641,0
VCF,20181113,46.32,46.44,46.3,46.3,2681,0
VCF,20181114,46.33,46.46,46.3,46.3,1197,0
VCF,20181115,46.3,46.4,46.3,46.33,1950,0
VCF,20181116,46.49,46.49,46.27,46.29,2518,0
VCF,20181119,46.27,46.35,46.27,46.35,2404,0
VCF,20181120,46.5,46.5,46.21,46.22,1788,0
VCF,20181121,46.21,46.21,46.15,46.15,1311,0
VCF,20181122,46.2,46.29,46.2,46.22,3229,0
VCF,20181123,46.29,46.29,46.16,46.27,2463,0
VCF,20181126,46.34,46.34,46.28,46.32,1099,0
VCF,20181127,46.31,46.31,46.31,46.31,768,0
VCF,20181128,46.38,46.38,46.21,46.34,6485,0
VCF,20181129,46.25,46.34,46.23,46.34,1941,0
VCF,20181130,46.35,46.35,46.2,46.2,3954,0
VCF,20181203,46.3,46.3,46.18,46.29,2145,0
VCF,20181204,46.6,46.6,46.28,46.31,3213,0
VCF,20181205,46.31,46.46,46.31,46.36,2497,0
VCF,20181206,46.33,46.52,46.33,46.37,2299,0
VCF,20181207,46.4,46.51,46.4,46.45,552,0
VCF,20181210,46.83,46.83,46.49,46.49,3589,0
VCF,20181211,46.49,46.57,46.45,46.55,987,0
VCF,20181212,46.5,46.5,46.47,46.48,1357,0
VCF,20181213,46.47,46.53,46.44,46.53,4322,0
VCF,20181214,46.45,46.58,46.44,46.48,3239,0
VCF,20181217,46.63,46.63,46.51,46.51,13099,0
VCF,20181218,46.55,46.66,46.55,46.59,2164,0
VCF,20181219,47,47,46.7,46.72,7114,0
VCF,20181220,47.06,47.06,46.72,46.88,5030,0
VCF,20181221,46.7,46.87,46.68,46.87,816,0
VCF,20181224,46.97,46.97,46.69,46.69,4452,0
VCF,20181225,46.69,46.69,46.69,46.69,0,0
VCF,20181226,46.69,46.69,46.69,46.69,0,0
VCF,20181227,46.94,46.94,46.94,46.94,7,0
VCF,20181228,46.99,46.99,46.99,46.99,952,0
VCF,20181231,46.99,46.99,46.99,46.99,1354,0
VCF,20190101,46.99,46.99,46.99,46.99,0,0
VCF,20190102,46.77,46.8,46.47,46.5,6492,0
VCF,20190103,46.53,46.63,46.53,46.63,1199,0
VCF,20190104,46.73,47.03,46.67,46.67,58,0
VCF,20190107,46.67,46.76,46.52,46.52,4489,0
VCF,20190108,46.51,47.2,46.5,46.5,2701,0
VCF,20190109,46.5,46.6,46.5,46.5,3966,0
VCF,20190110,46.86,46.86,46.6,46.6,642,0
VCF,20190111,46.54,46.69,46.54,46.69,1353,0
VCF,20190114,46.58,46.75,46.58,46.75,2243,0
VCF,20190115,46.58,46.85,46.55,46.71,4373,0
VCF,20190116,46.73,46.73,46.62,46.73,5375,0
VCF,20190117,46.73,46.73,46.63,46.66,3224,0
VCF,20190118,46.91,46.91,46.63,46.63,1593,0
VCF,20190121,46.8,46.8,46.65,46.65,2540,0
VCF,20190122,46.78,46.81,46.66,46.81,9913,0
VCF,20190123,46.81,46.92,46.68,46.75,1731,0
VCF,20190124,46.89,46.89,46.89,46.89,1121,0
VCF,20190125,47.02,47.02,46.89,46.89,1384,0
VCF,20190128,46.89,46.89,46.89,46.89,0,0
VCF,20190129,46.97,47.21,46.88,47.21,3006,0
VCF,20190130,47.25,47.25,46.93,47.25,1949,0
VCF,20190131,47.02,47.25,47.02,47.25,2144,0
VCF,20190201,47.17,47.35,47.17,47.35,2154,0
VCF,20190204,47.25,47.25,47.13,47.19,5939,0
VCF,20190205,47.34,47.43,47.16,47.37,6823,0
VCF,20190206,47.46,47.46,47.28,47.46,9276,0
VCF,20190207,47.2,47.48,47.2,47.24,17614,0
VCF,20190208,47.27,47.5,47.27,47.33,2156,0
VCF,20190211,47.45,47.55,47.34,47.55,6263,0
VCF,20190212,47.32,47.53,47.32,47.4,376,0
VCF,20190213,47.61,47.61,47.25,47.25,1924,0
VCF,20190214,47.23,47.4,47.23,47.36,1368,0
VCF,20190215,47.38,47.64,47.33,47.33,3294,0
VCF,20190218,47.35,47.35,47.35,47.35,984,0
VCF,20190219,47.35,47.59,47.35,47.37,5999,0
VCF,20190220,47.45,47.72,47.4,47.4,1760,0
VCF,20190221,47.64,47.64,47.4,47.61,4231,0
VCF,20190222,47.37,47.37,47.35,47.37,5410,0
VCF,20190225,47.38,47.6,47.38,47.6,1733,0
VCF,20190226,47.6,47.71,47.39,47.62,4434,0
VCF,20190227,47.46,47.67,47.43,47.67,8752,0
VCF,20190228,47.67,47.73,47.36,47.58,4226,0
VCF,20190301,47.36,47.66,47.35,47.65,2412,0
VCF,20190304,47.35,47.59,47.35,47.46,1081,0
VCF,20190305,47.7,47.7,47.45,47.5,933,0
VCF,20190306,47.6,47.6,47.53,47.6,2621,0
VCF,20190307,47.6,47.69,47.6,47.62,2398,0
VCF,20190308,47.7,47.84,47.6,47.84,6338,0
VCF,20190311,47.6,47.68,47.6,47.65,2757,0
VCF,20190312,47.86,47.86,47.55,47.6,2214,0
VCF,20190313,47.91,47.94,47.7,47.71,2728,0
VCF,20190314,47.66,47.9,47.66,47.9,6487,0
VCF,20190315,47.88,47.89,47.73,47.89,5155,0
VCF,20190318,47.95,47.95,47.76,47.77,3679,0
VCF,20190319,47.95,47.95,47.82,47.82,1071,0
VCF,20190320,47.82,48.04,47.82,47.99,1305,0
VCF,20190321,48.1,48.18,47.96,48.18,2995,0
VCF,20190322,47.98,48.26,47.98,48.02,3419,0
VCF,20190325,48.15,48.42,48.15,48.17,3847,0
VCF,20190326,48.27,48.3,48.27,48.3,2601,0
VCF,20190327,48.4,48.52,48.31,48.33,3361,0
VCF,20190328,48.33,48.65,48.33,48.65,2434,0
VCF,20190329,48.31,48.6,48.31,48.36,5758,0
VCF,20190401,48.2,48.2,48,48.05,6122,0
VCF,20190402,48.17,48.17,48.07,48.12,7758,0
VCF,20190403,48.08,48.23,47.87,47.87,11206,0
VCF,20190404,47.86,48.01,47.85,48.01,6787,0
VCF,20190405,47.87,48.04,47.87,48.02,6884,0
VCF,20190408,48.02,48.02,47.89,47.89,7310,0
VCF,20190409,48.05,48.07,47.89,47.89,4110,0
VCF,20190410,48.13,48.15,47.97,48.13,4817,0
VCF,20190411,48.19,48.23,48.13,48.23,9840,0
VCF,20190412,48.21,48.22,48.01,48.22,7484,0
VCF,20190415,48.21,48.21,47.91,47.91,2458,0
VCF,20190416,47.98,48.25,47.98,48.18,1167,0
VCF,20190417,47.94,48.2,47.91,48.2,3287,0
VCF,20190418,48.11,48.23,48.11,48.23,6120,0
VCF,20190419,48.23,48.23,48.23,48.23,0,0
VCF,20190422,48.23,48.23,48.23,48.23,0,0
VCF,20190423,48.01,48.19,48.01,48.02,2009,0
VCF,20190424,48.18,48.23,48.01,48.01,2875,0
VCF,20190425,48.01,48.01,48.01,48.01,0,0
VCF,20190426,48.13,48.37,48.13,48.37,4683,0
VCF,20190429,48.4,48.47,48.4,48.4,1943,0
VCF,20190430,48.3,48.4,48.21,48.21,3114,0
VCF,20190501,48.35,48.5,48.35,48.48,3034,0
VCF,20190502,48.52,48.52,48.42,48.49,9852,0
VCF,20190503,48.43,48.43,48.22,48.39,4987,0
VCF,20190506,48.47,48.57,48.37,48.5,5722,0
VCF,20190507,48.48,48.58,48.26,48.54,17566,0
VCF,20190508,48.49,48.62,48.49,48.49,14752,0
VCF,20190509,48.61,48.61,48.32,48.32,1998,0
VCF,20190510,48.31,48.5,48.3,48.31,1612,0
VCF,20190513,48.31,48.31,48.31,48.31,0,0
VCF,20190514,48.51,48.52,48.31,48.4,4065,0
VCF,20190515,48.52,48.58,48.35,48.58,7377,0
VCF,20190516,48.71,48.71,48.34,48.34,2213,0
VCF,20190517,48.58,48.65,48.475,48.65,1429,0
VCF,20190520,48.7,48.7,48.41,48.41,4596,0
VCF,20190521,48.58,48.66,48.36,48.5,4589,0
VCF,20190522,48.65,48.65,48.43,48.59,2365,0
VCF,20190523,48.59,48.69,48.43,48.55,6634,0
VCF,20190524,48.77,48.77,48.49,48.68,2853,0
VCF,20190527,48.66,48.8,48.66,48.79,4915,0
VCF,20190528,48.71,48.84,48.66,48.66,9145,0
VCF,20190529,48.85,49,48.76,48.77,3937,0
VCF,20190530,48.77,48.77,48.66,48.76,4067,0
VCF,20190531,48.84,48.88,48.68,48.84,7258,0
VCF,20190603,49.1,49.1,48.81,48.99,2802,0
VCF,20190604,48.89,49.18,48.89,49.13,6440,0
VCF,20190605,49.02,49.09,48.84,49.01,5880,0
VCF,20190606,49.09,49.18,48.91,49.08,6627,0
VCF,20190607,49.07,49.14,48.91,48.91,2608,0
VCF,20190610,48.91,48.91,48.91,48.91,0,0
VCF,20190611,49.1,49.24,48.91,48.91,1417,0
VCF,20190612,48.96,49.27,48.95,49.27,3502,0
VCF,20190613,49.16,49.25,48.99,49.25,13492,0
VCF,20190614,49.26,49.37,49.11,49.35,6956,0
VCF,20190617,49.34,49.34,49.11,49.23,3694,0
VCF,20190618,49.23,49.29,49.16,49.22,6657,0
VCF,20190619,49.33,49.49,49.33,49.38,2941,0
VCF,20190620,49.42,49.65,49.42,49.65,4256,0
VCF,20190621,49.65,49.65,49.51,49.64,5489,0
VCF,20190624,49.64,49.64,49.64,49.64,0,0
VCF,20190625,49.66,49.82,49.51,49.51,36558,0
VCF,20190626,49.68,49.71,49.6,49.71,6318,0
VCF,20190627,49.59,49.61,49.55,49.61,6094,0
VCF,20190628,49.62,49.79,49.61,49.71,2235,0
VCF,20190701,49.71,49.71,49.3,49.41,7198,0
VCF,20190702,49.41,49.53,49.34,49.53,14208,0
VCF,20190703,49.55,49.74,49.48,49.74,10167,0
VCF,20190704,49.74,49.82,49.61,49.82,7930,0
VCF,20190705,49.68,49.79,49.645,49.75,5033,0
VCF,20190708,49.64,49.68,49.57,49.66,9520,0
VCF,20190709,49.66,49.68,49.46,49.59,58620,0
VCF,20190710,49.5,49.61,49.35,49.61,3377,0
VCF,20190711,49.49,49.6,49.39,49.39,19642,0
VCF,20190712,49.35,49.47,49.33,49.46,7553,0
VCF,20190715,49.47,49.47,49.35,49.44,4803,0
VCF,20190716,49.48,49.55,49.35,49.35,8970,0
VCF,20190717,49.53,49.53,49.45,49.53,1613,0
VCF,20190718,49.45,49.66,49.44,49.66,3889,0
VCF,20190719,49.48,49.69,49.48,49.51,2726,0
VCF,20190722,49.69,49.69,49.49,49.49,2190,0
VCF,20190723,49.66,49.66,49.595,49.6,2211,0
VCF,20190724,49.6,49.7,49.53,49.53,13551,0
VCF,20190725,49.84,49.84,49.79,49.79,767,0
VCF,20190726,49.73,49.84,49.67,49.84,5720,0
VCF,20190729,49.88,49.88,49.68,49.68,3244,0
VCF,20190730,49.78,49.815,49.78,49.81,18816,0
VCF,20190731,49.82,49.82,49.71,49.71,6036,0
VCF,20190801,49.88,49.97,49.75,49.75,9893,0
VCF,20190802,49.92,50.18,49.92,50.18,8416,0
VCF,20190805,50.04,50.35,50.04,50.35,10257,0
VCF,20190806,50.35,50.44,50.15,50.3,8499,0
VCF,20190807,50.49,50.49,50.25,50.47,2942,0
VCF,20190808,50.51,50.51,50.26,50.27,7544,0
VCF,20190809,50.49,50.49,50.38,50.38,3102,0
VCF,20190812,50.46,50.46,50.28,50.4,4522,0
VCF,20190813,50.56,50.56,50.41,50.45,6735,0
VCF,20190814,50.45,50.53,50.45,50.5,4913,0
VCF,20190815,50.55,50.74,50.55,50.71,9582,0
VCF,20190816,50.78,50.88,50.76,50.76,15438,0
VCF,20190819,50.79,50.79,50.64,50.72,4026,0
VCF,20190820,50.61,50.71,50.61,50.68,5918,0
VCF,20190821,50.68,50.795,50.68,50.76,1424,0
VCF,20190822,50.76,50.8,50.68,50.8,5448,0
VCF,20190823,50.74,50.74,50.6,50.6,10498,0
VCF,20190826,51,51,50.75,50.87,7593,0
VCF,20190827,50.7,50.83,50.7,50.83,4710,0
VCF,20190828,50.98,51.06,50.9,51.04,8030,0
VCF,20190829,51.04,51.15,51,51.03,7919,0
VCF,20190830,50.91,51.06,50.82,50.95,20042,0
VCF,20190902,50.93,50.93,50.87,50.93,3727,0
VCF,20190903,50.94,51.09,50.875,50.98,5993,0
VCF,20190904,50.92,51.05,50.9,51.03,7567,0
VCF,20190905,50.99,50.99,50.84,50.85,5681,0
VCF,20190906,50.82,50.82,50.6,50.72,8192,0
VCF,20190909,50.74,50.81,50.69,50.75,8020,0
VCF,20190910,50.58,50.62,50.48,50.48,15625,0
VCF,20190911,50.44,50.45,50.33,50.38,3331,0
VCF,20190912,50.37,50.39,50.315,50.39,5212,0
VCF,20190913,50.39,50.39,50.23,50.33,7676,0
VCF,20190916,50.2,50.2,50.05,50.14,10779,0
VCF,20190917,50.22,50.29,50.14,50.25,4747,0
VCF,20190918,50.27,50.27,50.11,50.13,10613,0
VCF,20190919,50.15,50.3,50.15,50.3,10458,0
VCF,20190920,50.31,50.33,50.23,50.33,6146,0
VCF,20190923,50.33,50.43,50.33,50.35,7876,0
VCF,20190924,50.45,50.69,50.45,50.69,10637,0
VCF,20190925,50.74,50.74,50.56,50.56,12645,0
VCF,20190926,50.55,50.75,50.5,50.67,13263,0
VCF,20190927,50.67,50.69,50.5,50.5,8343,0
VCF,20190930,50.63,50.63,50.51,50.61,4604,0
VCF,20191001,50.45,50.53,50.3,50.35,8150,0
VCF,20191002,50.5,50.58,50.36,50.58,2152,0
VCF,20191003,50.62,50.62,50.395,50.61,3414,0
VCF,20191004,50.61,50.69,50.61,50.69,2529,0
VCF,20191007,50.7,50.79,50.55,50.79,8116,0
VCF,20191008,50.72,50.72,50.47,50.58,7168,0
VCF,20191009,50.51,50.64,50.51,50.62,2861,0
VCF,20191010,50.6,50.6,50.45,50.51,7425,0
VCF,20191011,50.43,50.43,50.25,50.35,7553,0
VCF,20191014,50.28,50.29,50.07,50.28,8357,0
VCF,20191015,50.2,50.37,50.2,50.36,4575,0
VCF,20191016,50.25,50.26,50.11,50.15,8206,0
VCF,20191017,50.2,50.3,50.1,50.1,1785,0
VCF,20191018,50.22,50.26,50.1,50.26,4045,0
VCF,20191021,50.27,50.32,50.11,50.24,8571,0
VCF,20191022,50.11,50.16,50.1,50.15,26986,0
VCF,20191023,50.28,50.37,50.13,50.17,5563,0
VCF,20191024,50.16,50.31,50.13,50.17,5746,0
VCF,20191025,50.17,50.35,50.17,50.35,5930,0
VCF,20191028,50.11,50.28,50.1,50.15,8054,0
VCF,20191029,50.22,50.22,49.97,50.2,8763,0
VCF,20191030,50.25,50.25,50.02,50.02,7020,0
VCF,20191031,50.32,50.32,50.11,50.15,2858,0
VCF,20191101,50.49,50.49,50.29,50.3,8885,0
VCF,20191104,50.47,50.47,50.17,50.24,3414,0
VCF,20191105,50.35,50.35,50.2,50.29,3206,0
VCF,20191106,50.29,50.29,50.18,50.18,1501,0
VCF,20191107,50.2,50.25,50.04,50.19,1420,0
VCF,20191108,50.21,50.21,49.89,49.89,8946,0
VCF,20191111,50.07,50.07,49.86,49.86,4949,0
VCF,20191112,50.04,50.05,49.86,50.05,16626,0
VCF,20191113,50.12,50.12,50.04,50.05,10204,0
VCF,20191114,50.1,50.3,50.03,50.19,9442,0
VCF,20191115,50.19,50.28,50.09,50.09,8445,0
VCF,20191118,50.29,50.29,50.15,50.27,7792,0
VCF,20191119,50.27,50.3,50.16,50.16,7412,0
VCF,20191120,50.17,50.4,50.17,50.29,9165,0
VCF,20191121,50.23,50.38,50.23,50.34,5011,0
VCF,20191122,50.24,50.31,50.24,50.29,6711,0
VCF,20191125,50.39,50.39,50.25,50.25,4093,0
VCF,20191126,50.25,50.39,50.25,50.28,5314,0
VCF,20191127,50.3,50.51,50.3,50.51,19741,0
VCF,20191128,50.55,50.69,50.46,50.69,11836,0
VCF,20191129,50.5,50.5,50.35,50.47,4699,0
VCF,20191202,50.47,50.47,50.28,50.42,6842,0
VCF,20191203,50.43,50.43,50.21,50.29,8283,0
VCF,20191204,50.42,50.63,50.42,50.48,2821,0
VCF,20191205,50.48,50.48,50.42,50.44,953,0
VCF,20191206,50.42,50.42,50.29,50.29,2562,0
VCF,20191209,50.45,50.45,50.22,50.22,4608,0
VCF,20191210,50.25,50.36,50.24,50.24,2736,0
VCF,20191211,50.26,50.43,50.25,50.43,10763,0
VCF,20191212,50.53,50.54,50.43,50.52,2398,0
VCF,20191213,50.33,50.43,50.23,50.23,6230,0
VCF,20191216,50.42,50.54,50.36,50.53,8502,0
VCF,20191217,50.35,50.55,50.35,50.49,4745,0
VCF,20191218,50.41,50.49,50.35,50.49,12103,0
VCF,20191219,50.37,50.45,50.35,50.44,8780,0
VCF,20191220,50.5,50.5,50.3,50.43,13980,0
VCF,20191223,50.42,50.55,50.33,50.47,11164,0
VCF,20191224,50.51,50.51,50.38,50.51,3713,0
VCF,20191225,50.51,50.51,50.51,50.51,0,0
VCF,20191226,50.51,50.51,50.51,50.51,0,0
VCF,20191227,50.35,50.51,50.35,50.51,2418,0
VCF,20191230,50.56,50.58,50.42,50.58,8165,0
VCF,20191231,50.65,50.65,50.48,50.48,870,0
VCF,20200101,50.48,50.48,50.48,50.48,0,0
VCF,20200102,50.18,50.19,50.18,50.19,8094,0
VCF,20200103,50.22,50.33,50.11,50.33,2294,0
VCF,20200106,50.33,50.33,50.33,50.33,0,0
VCF,20200107,50.38,50.47,50.23,50.31,668,0
VCF,20200108,51,51,50.34,50.34,11806,0
VCF,20200109,50.33,50.33,50.1,50.14,4096,0
VCF,20200110,50.24,50.24,50.1,50.23,2453,0
VCF,20200113,50.41,50.41,50.34,50.35,4513,0
VCF,20200114,50.4,50.4,50.235,50.27,7671,0
VCF,20200115,50.21,50.4,50.21,50.3,782,0
VCF,20200116,50.38,50.43,50.3,50.43,6112,0
VCF,20200117,50.39,50.47,50.29,50.41,5869,0
VCF,20200120,50.31,50.45,50.31,50.42,2476,0
VCF,20200121,50.42,50.42,50.3,50.4,8464,0
VCF,20200122,50.41,50.55,50.41,50.41,2777,0
VCF,20200123,50.68,50.68,50.5,50.51,5997,0
VCF,20200124,50.77,50.77,50.59,50.6,2782,0
VCF,20200127,50.6,50.6,50.6,50.6,0,0
VCF,20200128,50.73,50.95,50.73,50.95,1632,0
VCF,20200129,51.02,51.02,50.77,50.89,10663,0
VCF,20200130,50.79,51.07,50.79,51.07,3336,0
VCF,20200131,50.99,51.03,50.89,51.02,10549,0
VCF,20200203,51.25,51.25,50.99,51.17,4624,0
VCF,20200204,51.24,51.24,50.98,51.08,4372,0
VCF,20200205,51,51.16,50.95,51.03,5457,0
VCF,20200206,50.96,51.02,50.73,50.87,11334,0
VCF,20200207,50.97,50.97,50.87,50.96,4410,0
VCF,20200210,51,51.22,50.96,51.19,93163,0
VCF,20200211,51.19,51.25,51,51.13,10101,0
VCF,20200212,51.1,51.4,51.01,51.07,34413,0
VCF,20200213,51.1,51.18,51.01,51.11,8530,0
VCF,20200214,51.11,51.17,51.01,51.02,11196,0
VCF,20200217,51.17,51.18,51.05,51.16,7015,0
VCF,20200218,51.02,51.28,51.02,51.28,6641,0
VCF,20200219,51.3,51.3,51.06,51.06,8631,0
VCF,20200220,51.11,51.33,51.11,51.25,5169,0
VCF,20200221,51.24,51.36,51.22,51.36,9798,0
VCF,20200224,51.61,51.61,51.32,51.5,12207,0
VCF,20200225,51.6,51.63,51.45,51.63,8345,0
VCF,20200226,51.71,51.71,51.36,51.44,7708,0
VCF,20200227,51.52,51.57,51.4,51.55,4062,0
VCF,20200228,51.49,51.96,51.34,51.37,44927,0
VCF,20200302,51.66,51.79,51.45,51.54,8085,0
VCF,20200303,51.69,51.82,51.41,51.62,14528,0
VCF,20200304,51.67,51.85,51.67,51.68,15204,0
VCF,20200305,51.88,51.89,51.62,51.75,8106,0
VCF,20200306,52.12,52.12,51.73,52,7380,0
VCF,20200309,52.19,52.56,52.19,52.28,8641,0
VCF,20200310,51.89,51.96,51.2,51.38,37580,0
VCF,20200311,51.41,51.66,51.24,51.48,29761,0
VCF,20200312,51.01,51.23,50.72,50.76,15172,0
VCF,20200313,50.76,50.76,48.78,49.18,35939,0
VCF,20200316,49,49,48.29,48.39,12088,0
VCF,20200317,48.5,49.25,47.98,48,17766,0
VCF,20200318,47.5,48.05,47.43,47.44,12908,0
VCF,20200319,47.4,47.81,46.03,47.25,6667,0
VCF,20200320,44.59,46.84,44.59,46.77,6714,0
VCF,20200323,43.5,44.25,41.2,42.5,21856,0
VCF,20200324,43.5,44.75,43.2,44.42,46664,0
VCF,20200325,45.25,46,45.19,46,17701,0
VCF,20200326,44.5,46.6,44.5,45.64,7498,0
VCF,20200327,46.89,47.3,46.35,47.3,22533,0
VCF,20200330,47.1,47.25,47.1,47.25,2485,0
VCF,20200331,48.2,48.23,47.16,47.75,4229,0
VCF,20200401,47,48.03,47,47.81,4842,0
VCF,20200402,47.31,47.96,47.31,47.91,8460,0
VCF,20200403,47.86,47.86,47.55,47.55,2789,0
VCF,20200406,47.85,48,47.29,47.68,4401,0
VCF,20200407,46.56,47.92,46.56,47.88,6796,0
VCF,20200408,47.8,47.8,47.33,47.33,1783,0
VCF,20200409,47.7,47.7,47.57,47.68,5308,0
VCF,20200410,47.68,47.68,47.68,47.68,0,0
VCF,20200413,47.68,47.68,47.68,47.68,0,0
VCF,20200414,47.7,48.7,47.7,48.38,14964,0
VCF,20200415,48.43,48.79,48.43,48.43,12387,0
VCF,20200416,48.79,49.45,48.79,48.82,6619,0
VCF,20200417,48.69,49.49,48.69,48.98,5906,0
VCF,20200420,48.86,49.63,48.85,49.12,5537,0
VCF,20200421,49,49.61,49,49.61,4616,0
VCF,20200422,49.1,49.88,49.09,49.88,13879,0
VCF,20200423,49.55,49.77,48.93,49.09,6720,0
VCF,20200424,49.18,49.3,49.06,49.3,10225,0
VCF,20200427,49.3,49.69,49.15,49.18,7673,0
VCF,20200428,49.52,49.52,49.05,49.07,3920,0
VCF,20200429,49.07,49.73,49.07,49.73,4295,0
VCF,20200430,49.41,49.41,49.26,49.4,4455,0
VCF,20200501,49.72,49.73,49.3,49.73,3638,0
VCF,20200504,49.32,49.86,49.26,49.26,3239,0
VCF,20200505,49.4,49.7,49.27,49.47,5185,0
VCF,20200506,49.52,49.75,49.49,49.75,24770,0
VCF,20200507,49.59,49.59,49.42,49.42,9946,0
VCF,20200508,49.66,49.75,49.45,49.72,5075,0
VCF,20200511,49.42,49.78,49.39,49.43,23934,0
VCF,20200512,49.44,49.46,49.36,49.44,2435,0
VCF,20200513,49.47,49.52,49.18,49.18,17002,0
VCF,20200514,49.14,49.5,49.14,49.5,21697,0
VCF,20200515,49.48,49.53,49.31,49.34,5866,0
VCF,20200518,49.34,49.46,49.32,49.37,5179,0
VCF,20200519,49.45,49.45,49.28,49.3,2093,0
VCF,20200520,49.45,49.45,49.33,49.43,3809,0
VCF,20200521,49.43,49.85,49.43,49.82,9911,0
VCF,20200522,50.05,50.05,49.9,49.91,4667,0
VCF,20200525,50.05,50.05,49.89,49.9,796,0
VCF,20200526,50.08,50.08,49.89,49.89,7700,0
VCF,20200527,49.87,50.02,49.86,49.99,6339,0
VCF,20200528,50.06,50.1,49.95,49.95,3906,0
VCF,20200529,50.05,50.21,50.02,50.03,3590,0
VCF,20200601,50.1,50.27,50.07,50.25,4394,0
VCF,20200602,50.41,50.41,50.02,50.09,18718,0
VCF,20200603,50.2,50.23,49.98,50.08,7817,0
VCF,20200604,50.15,50.46,50.01,50.46,66373,0
VCF,20200605,50.31,50.42,50.16,50.19,6047,0
VCF,20200608,50.19,50.19,50.19,50.19,0,0
VCF,20200609,50.46,50.71,50.46,50.71,9988,0
VCF,20200610,50.54,50.65,50.43,50.53,5830,0
VCF,20200611,50.7,50.83,50.68,50.79,8243,0
VCF,20200612,50.66,50.85,50.63,50.65,6347,0
VCF,20200615,50.65,50.65,50.65,50.65,0,0
VCF,20200616,50.55,50.62,50.55,50.57,3610,0
VCF,20200617,50.65,50.88,50.61,50.65,4243,0
VCF,20200618,50.85,50.93,50.67,50.87,3007,0
VCF,20200619,50.87,50.95,50.72,50.95,7300,0
VCF,20200622,50.78,50.94,50.78,50.92,1114,0
VCF,20200623,51,51.03,50.77,50.98,3932,0
VCF,20200624,50.89,50.89,50.7,50.78,637,0
VCF,20200625,50.8,50.95,50.79,50.95,3886,0
VCF,20200626,50.95,50.98,50.895,50.98,1068,0
VCF,20200629,51.05,51.06,51,51.06,6787,0
VCF,20200630,51.06,51.06,50.89,50.95,5753,0
VCF,20200701,50.48,50.62,50.43,50.61,6299,0
VCF,20200702,50.42,50.67,50.42,50.67,8266,0
VCF,20200703,50.76,50.78,50.57,50.78,5738,0
VCF,20200706,50.7,50.78,50.7,50.78,3005,0
VCF,20200707,50.79,50.91,50.75,50.87,12348,0
VCF,20200708,50.88,50.93,50.74,50.93,2422,0
VCF,20200709,50.93,50.94,50.77,50.93,4283,0
VCF,20200710,50.9,51.06,50.9,50.96,5644,0
VCF,20200713,50.93,51.04,50.87,50.87,3216,0
VCF,20200714,51,51,50.88,50.98,1617,0
VCF,20200715,50.9,51.09,50.89,51.09,2322,0
VCF,20200716,51.1,51.12,50.91,51.09,1711,0
VCF,20200717,51.23,51.23,51.01,51.23,4296,0
VCF,20200720,51.2,51.24,51.04,51.24,3590,0
VCF,20200721,51.22,51.34,51.14,51.34,3335,0
VCF,20200722,51.19,51.46,51.19,51.22,2755,0
VCF,20200723,51.52,51.52,51.3,51.37,7521,0
VCF,20200724,51.56,51.59,51.5,51.58,4493,0
VCF,20200727,51.55,51.56,51.35,51.56,11841,0
VCF,20200728,51.56,51.56,51.35,51.45,6748,0
VCF,20200729,51.42,51.56,51.41,51.42,7773,0
VCF,20200730,51.57,51.61,51.42,51.58,7133,0
VCF,20200731,51.62,51.7,51.48,51.7,6509,0
VCF,20200803,51.7,51.7,51.5,51.66,1384,0
VCF,20200804,51.5,51.67,51.49,51.5,5557,0
VCF,20200805,51.6,51.78,51.58,51.62,2057,0
VCF,20200806,51.62,51.62,51.54,51.58,6138,0
VCF,20200807,51.63,51.84,51.63,51.71,5518,0
VCF,20200810,51.8,51.8,51.62,51.79,6040,0
VCF,20200811,51.8,51.8,51.62,51.79,9635,0
VCF,20200812,51.63,51.63,51.52,51.61,14967,0
VCF,20200813,51.56,51.59,51.51,51.55,4638,0
VCF,20200814,51.46,51.46,51.32,51.43,12160,0
VCF,20200817,51.45,51.45,51.34,51.37,3187,0
VCF,20200818,51.28,51.4,51.28,51.4,13619,0
VCF,20200819,51.29,51.45,51.29,51.45,5248,0
VCF,20200820,51.27,51.43,51.27,51.41,2279,0
VCF,20200821,51.44,51.46,51.33,51.45,13294,0
VCF,20200824,51.52,51.54,51.45,51.52,7628,0
VCF,20200825,51.45,51.54,51.4,51.44,21312,0
VCF,20200826,51.39,51.47,51.25,51.25,8982,0
VCF,20200827,51.24,51.34,51.23,51.33,6000,0
VCF,20200828,51.23,51.23,51.07,51.09,12647,0
VCF,20200831,51.09,51.22,51.09,51.22,7081,0
VCF,20200901,51.22,51.26,51.16,51.23,7822,0
VCF,20200902,51.34,51.38,51.27,51.38,4065,0
VCF,20200903,51.46,51.51,51.41,51.5,6972,0
VCF,20200904,51.48,51.59,51.47,51.56,8034,0
VCF,20200907,51.47,51.47,51.31,51.35,20939,0
VCF,20200908,51.37,51.4,51.32,51.4,6501,0
VCF,20200909,51.4,51.46,51.36,51.45,4211,0
VCF,20200910,51.33,51.33,51.29,51.33,1671,0
VCF,20200911,51.37,51.41,51.35,51.38,4714,0
VCF,20200914,51.35,51.5,51.35,51.49,5556,0
VCF,20200915,51.5,51.53,51.42,51.42,5802,0
VCF,20200916,51.52,51.53,51.4,51.49,9795,0
VCF,20200917,51.48,51.5,51.38,51.38,9300,0
VCF,20200918,51.43,51.54,51.43,51.53,3534,0
VCF,20200921,51.43,51.53,51.43,51.43,8278,0
VCF,20200922,51.45,51.55,51.42,51.42,5290,0
VCF,20200923,51.42,51.53,51.41,51.53,7640,0
VCF,20200924,51.47,51.49,51.34,51.4,9222,0
VCF,20200925,51.32,51.39,51.27,51.39,9396,0
VCF,20200928,51.35,51.36,51.26,51.35,13773,0
VCF,20200929,51.33,51.34,51.22,51.22,11710,0
VCF,20200930,51.35,51.38,51.3,51.36,3498,0
VCF,20201001,49.06,49.06,48.92,49.02,11405,0
VCF,20201002,49.09,49.11,48.95,49.11,11538,0
VCF,20201005,49.02,49.055,48.91,49.04,2950,0
VCF,20201006,48.98,48.98,48.93,48.98,3136,0
VCF,20201007,49.08,49.08,48.99,49.06,5200,0
VCF,20201008,49,49.09,48.91,49.09,6776,0
VCF,20201009,48.95,49.2,48.94,49.2,5575,0
VCF,20201012,49.01,49.15,48.99,49.03,3939,0
VCF,20201013,49.03,49.2,49.03,49.2,6255,0
VCF,20201014,49.19,49.29,49.19,49.28,6096,0
VCF,20201015,49.39,49.39,49.22,49.31,5941,0
VCF,20201016,49.33,49.33,49.17,49.31,3925,0
VCF,20201019,49.3,49.3,49.19,49.3,14395,0
VCF,20201020,49.31,49.31,49.19,49.28,5745,0
VCF,20201021,49.21,49.21,49.11,49.16,10163,0
VCF,20201022,49.17,49.2,49.1,49.2,7588,0
VCF,20201023,49.1,49.14,48.99,49.1,6180,0
VCF,20201026,49.09,49.16,49.01,49.08,14204,0
VCF,20201027,49.08,49.22,49.08,49.15,6993,0
VCF,20201028,49.27,49.3,49.21,49.3,1327,0
VCF,20201029,49.29,49.31,49.08,49.23,5202,0
VCF,20201030,49.22,49.22,49.14,49.17,31623,0
VCF,20201102,49.15,49.15,49,49.09,21118,0
VCF,20201103,49.01,49.13,48.98,49.13,5048,0
VCF,20201104,49.09,49.21,49.03,49.21,19229,0
VCF,20201105,49.28,49.45,49.1,49.45,12118,0
VCF,20201106,49.44,49.54,49.35,49.41,8759,0
VCF,20201109,49.47,49.53,49.47,49.48,4903,0
VCF,20201110,49.46,49.46,49.28,49.33,14648,0
VCF,20201111,49.3,49.3,49.19,49.24,9419,0
VCF,20201112,49.24,49.35,49.24,49.33,9749,0
VCF,20201113,49.36,49.44,49.31,49.44,8211,0
VCF,20201116,49.44,49.44,49.44,49.44,0,0
VCF,20201117,49.53,49.53,49.35,49.45,9546,0
VCF,20201118,49.42,49.59,49.42,49.59,10948,0
VCF,20201119,49.63,49.63,49.48,49.6,10208,0
VCF,20201120,49.7,49.73,49.6,49.72,9276,0
VCF,20201123,49.71,49.76,49.64,49.75,7400,0
VCF,20201124,49.72,49.72,49.63,49.71,6015,0
VCF,20201125,49.79,49.79,49.45,49.72,9490,0
VCF,20201126,49.77,49.79,49.58,49.7,7082,0
VCF,20201127,49.71,49.75,49.65,49.75,3710,0
VCF,20201130,49.78,49.81,49.62,49.72,4273,0
VCF,20201201,49.79,49.8,49.72,49.79,6663,0
VCF,20201202,49.84,49.86,49.62,49.74,7101,0
VCF,20201203,49.71,49.78,49.71,49.75,8652,0
VCF,20201204,49.81,49.81,49.71,49.71,7097,0
VCF,20201207,49.79,49.79,49.64,49.68,10340,0
VCF,20201208,49.78,49.83,49.7,49.8,8828,0
VCF,20201209,49.84,49.84,49.7,49.8,12231,0
VCF,20201210,49.84,49.84,49.71,49.8,8019,0
VCF,20201211,49.79,49.8,49.71,49.78,5301,0
VCF,20201214,49.76,49.83,49.75,49.81,4992,0
VCF,20201215,49.98,49.98,49.74,49.87,10798,0
VCF,20201216,49.83,49.88,49.71,49.71,13888,0
VCF,20201217,49.91,49.91,49.69,49.82,6555,0
VCF,20201218,49.63,49.89,49.63,49.89,6614,0
VCF,20201221,49.82,49.95,49.77,49.95,8808,0
VCF,20201222,49.98,50,49.73,49.73,15594,0
VCF,20201223,50.04,50.04,49.8,49.92,4750,0
VCF,20201224,49.85,49.88,49.84,49.84,1751,0
VCF,20201225,49.84,49.84,49.84,49.84,0,0
VCF,20201228,49.84,49.84,49.84,49.84,0,0
VCF,20201229,49.98,49.98,49.88,49.92,2128,0
VCF,20201230,49.94,49.97,49.93,49.94,5926,0
VCF,20201231,49.94,49.99,49.88,49.99,818,0
VCF,20210101,49.99,49.99,49.99,49.99,0,0
VCF,20210104,49.85,49.85,48.53,48.78,14421,0
VCF,20210105,48.78,48.82,48.68,48.75,8428,0
VCF,20210106,48.75,48.75,48.55,48.55,5820,0
VCF,20210107,48.71,48.71,48.38,48.38,4179,0
VCF,20210108,48.37,48.39,48.24,48.24,2921,0
VCF,20210111,48.2,48.5,48.2,48.4,66967,0
VCF,20210112,48.5,48.5,48.24,48.24,4892,0
VCF,20210113,48.53,48.53,48.3,48.34,1768,0
VCF,20210114,48.35,48.62,48.3,48.62,2596,0
VCF,20210115,48.59,48.64,48.34,48.64,1505,0
VCF,20210118,48.5,48.5,48.34,48.5,5234,0
VCF,20210119,48.49,48.49,48.4,48.4,3990,0
VCF,20210120,48.51,48.53,48.41,48.53,10195,0
VCF,20210121,48.69,48.69,48.35,48.35,6948,0
VCF,20210122,48.36,48.69,48.31,48.31,17214,0
VCF,20210125,48.41,48.47,48.41,48.47,3435,0
VCF,20210126,48.47,48.47,48.47,48.47,0,0
VCF,20210127,48.3,48.55,48.3,48.53,4630,0
VCF,20210128,48.7,48.7,48.3,48.53,6784,0
VCF,20210129,48.7,48.7,48.35,48.45,10806,0
VCF,20210201,48.61,48.61,48.35,48.35,4675,0
VCF,20210202,48.35,48.43,48.35,48.43,29169,0
VCF,20210203,48.38,48.38,48.26,48.26,5556,0
VCF,20210204,48.26,48.26,48.17,48.21,5838,0
VCF,20210205,48.21,48.34,48.15,48.32,10421,0
VCF,20210208,48.24,48.24,48.13,48.13,3906,0
VCF,20210209,48.13,48.26,48.09,48.26,21765,0
VCF,20210210,48.2,48.27,48.14,48.25,5976,0
VCF,20210211,48.35,48.35,48.18,48.2,7210,0
VCF,20210212,48.35,48.35,48.2,48.2,1370,0
VCF,20210215,48.39,48.39,48.04,48.11,2830,0
VCF,20210216,48.12,48.15,47.96,48.14,12995,0
VCF,20210217,48.14,48.14,47.95,47.98,7052,0
VCF,20210218,48.07,48.07,47.97,47.97,2552,0
VCF,20210219,47.89,47.99,47.86,47.99,12594,0
VCF,20210222,47.85,47.85,47.68,47.68,4830,0
VCF,20210223,47.83,47.88,47.71,47.75,9576,0
VCF,20210224,47.75,47.81,47.64,47.73,4946,0
VCF,20210225,47.65,47.7,47.48,47.48,7460,0
VCF,20210226,47.42,47.42,47.21,47.21,14831,0
VCF,20210301,47.5,47.7,47.5,47.64,13494,0
VCF,20210302,47.65,47.71,47.53,47.69,4820,0
VCF,20210303,47.58,47.71,47.56,47.64,8806,0
VCF,20210304,47.57,47.57,47.42,47.55,18609,0
VCF,20210305,47.47,47.47,47.29,47.39,12520,0
VCF,20210308,47.38,47.38,47.21,47.25,7982,0
VCF,20210309,47.25,47.31,47.07,47.28,6752,0
VCF,20210310,47.34,47.35,47.15,47.15,12778,0
VCF,20210311,47.37,47.37,47.21,47.315,2278,0
VCF,20210312,47.37,47.39,47.21,47.39,6355,0
VCF,20210315,47.38,47.38,47.04,47.18,7646,0
VCF,20210316,47.17,47.22,47.1,47.11,10539,0
VCF,20210317,47.11,47.19,47.04,47.06,11968,0
VCF,20210318,47,47.14,47,47.11,2903,0
VCF,20210319,47,47.09,46.88,47.09,13739,0
VCF,20210322,47.09,47.22,47.06,47.22,5311,0
VCF,20210323,47.01,47.25,47.01,47.1,14324,0
VCF,20210324,47.33,47.37,47.29,47.37,6517,0
VCF,20210325,47.51,47.51,47.2,47.37,6625,0
VCF,20210326,47.23,47.37,47.23,47.37,6726,0
VCF,20210329,47,47.35,47,47.05,70490,0
VCF,20210330,47.24,47.24,46.93,47.06,31016,0
VCF,20210331,47.06,47.07,46.95,46.95,36797,0
VCF,20210401,46,46.01,44.77,44.83,20419,0
VCF,20210402,44.83,44.83,44.83,44.83,0,0
VCF,20210405,44.83,44.83,44.83,44.83,0,0
VCF,20210406,45.28,45.28,44.95,44.95,15952,0
VCF,20210407,45.15,45.2,45,45.2,16962,0
VCF,20210408,45.16,45.16,45.06,45.15,16096,0
VCF,20210409,45.22,45.24,45.08,45.08,9031,0
VCF,20210412,45.06,45.17,45.02,45.04,9585,0
VCF,20210413,45.12,45.13,44.98,45,12643,0
VCF,20210414,45.21,45.22,45.08,45.08,9817,0
VCF,20210415,45.03,45.13,45.03,45.03,7213,0
VCF,20210416,45.27,45.28,45.22,45.22,4027,0
VCF,20210419,45.22,45.28,45.16,45.17,7771,0
VCF,20210420,45.2,45.2,45,45,34323,0
VCF,20210421,45.14,45.16,45.01,45.15,9644,0
VCF,20210422,45.1,45.18,45.07,45.18,10744,0
VCF,20210423,45.17,45.18,45.06,45.07,10271,0
VCF,20210426,45.2,45.25,45.13,45.25,12654,0
VCF,20210427,45.23,45.29,45.12,45.25,13574,0
VCF,20210428,45.22,45.23,45.09,45.17,41318,0
VCF,20210429,45.19,45.19,45.07,45.17,7358,0
VCF,20210430,45.14,45.14,45,45,11356,0
VCF,20210503,45.02,45.14,45.02,45.14,9253,0
VCF,20210504,45.19,45.2,45.1,45.1,12809,0
VCF,20210505,45.12,45.25,45.12,45.16,5439,0
VCF,20210506,45.29,45.29,45.14,45.26,4245,0
VCF,20210507,45.3,45.3,45.19,45.2,5367,0
VCF,20210510,45.34,45.34,45.21,45.29,12363,0
VCF,20210511,45.29,45.29,45.13,45.16,6153,0
VCF,20210512,45.06,45.11,45.05,45.09,5624,0
VCF,20210513,45.03,45.03,44.91,44.99,14695,0
VCF,20210514,45.04,45.04,44.92,45.01,2155,0
VCF,20210517,45.04,45.16,45.02,45.16,7608,0
VCF,20210518,45.08,45.08,44.97,45.05,6306,0
VCF,20210519,45.05,45.06,44.98,45.06,8189,0
VCF,20210520,45.05,45.05,44.92,45.02,9377,0
VCF,20210521,45.1,45.12,44.99,45.04,8882,0
VCF,20210524,45.1,45.27,45.04,45.1,8122,0
VCF,20210525,46.2,46.2,45.1,45.1,38127,0
VCF,20210526,45.29,45.33,45.2,45.22,6428,0
VCF,20210527,45.42,45.42,45.24,45.28,8530,0
VCF,20210528,45.37,45.37,45.22,45.22,8656,0
VCF,20210531,45.39,45.39,45.19,45.3,15366,0
VCF,20210601,45.33,45.36,45.2,45.31,9294,0
VCF,20210602,45.31,45.37,45.19,45.37,11959,0
VCF,20210603,45.37,45.37,45.32,45.36,4424,0
VCF,20210604,45.33,45.33,45.2,45.21,5927,0
VCF,20210607,45.44,45.44,45.31,45.44,7144,0
VCF,20210608,45.43,45.46,45.3,45.46,9216,0
VCF,20210609,45.51,45.52,45.4,45.42,5139,0
VCF,20210610,45.5,45.6,45.5,45.5,26858,0
VCF,20210611,45.64,45.65,45.54,45.6,3059,0
VCF,20210614,45.6,45.6,45.6,45.6,0,0
VCF,20210615,45.46,45.64,45.42,45.54,13207,0
VCF,20210616,45.63,45.63,45.51,45.51,9616,0
VCF,20210617,45.51,45.51,45.4,45.4,7920,0
VCF,20210618,45.69,45.78,45.54,45.78,2214,0
VCF,20210621,45.78,45.87,45.7,45.79,6597,0
VCF,20210622,45.78,45.78,45.52,45.52,10729,0
VCF,20210623,45.67,45.69,45.57,45.67,6923,0
VCF,20210624,45.64,45.67,45.6,45.65,11003,0
VCF,20210625,45.7,45.7,45.57,45.57,3832,0
VCF,20210628,45.58,45.62,45.48,45.6,12285,0
VCF,20210629,45.47,45.7,45.47,45.69,6200,0
VCF,20210630,45.71,45.71,45.57,45.57,11230,0
VCF,20210701,45.2,45.21,45.2,45.21,2593,0
