VIF,20151208,50.58,50.58,50.56,50.56,1177,0
VIF,20151209,50.32,50.32,50.32,50.32,40,0
VIF,20151210,50.32,50.32,50.32,50.32,0,0
VIF,20151211,50.32,50.32,50.32,50.32,0,0
VIF,20151214,50.32,50.32,50.32,50.32,0,0
VIF,20151215,50.67,50.67,50.66,50.66,2177,0
VIF,20151216,50.7,50.71,50.7,50.7,2120,0
VIF,20151217,50.51,50.57,50.51,50.57,3335,0
VIF,20151218,50.64,50.65,50.61,50.65,19656,0
VIF,20151221,50.53,50.53,50.53,50.53,2191,0
VIF,20151222,50.67,50.67,50.66,50.66,891,0
VIF,20151223,50.52,50.52,50.52,50.52,35,0
VIF,20151224,50.52,50.52,50.52,50.52,0,0
VIF,20151225,50.52,50.52,50.52,50.52,0,0
VIF,20151228,50.52,50.52,50.52,50.52,0,0
VIF,20151229,50.41,50.41,50.39,50.39,196,0
VIF,20151230,50.39,50.39,50.39,50.39,0,0
VIF,20151231,50.47,50.48,50.47,50.48,1500,0
VIF,20160101,50.48,50.48,50.48,50.48,0,0
VIF,20160104,50.72,50.72,50.7,50.7,370,0
VIF,20160105,50.74,50.74,50.74,50.74,100,0
VIF,20160106,50.74,50.74,50.74,50.74,0,0
VIF,20160107,50.72,50.74,50.72,50.74,728,0
VIF,20160108,50.74,50.74,50.71,50.71,886,0
VIF,20160111,50.84,50.86,50.84,50.85,678,0
VIF,20160112,50.89,50.89,50.89,50.89,103,0
VIF,20160113,50.97,50.97,50.97,50.97,382,0
VIF,20160114,50.83,50.87,50.83,50.87,2578,0
VIF,20160115,50.87,50.87,50.87,50.87,0,0
VIF,20160118,51.18,51.18,51.15,51.15,2155,0
VIF,20160119,51.18,51.18,51.18,51.18,388,0
VIF,20160120,51.17,51.2,51.17,51.2,380,0
VIF,20160121,51.08,51.08,51.06,51.06,673,0
VIF,20160122,51.14,51.14,51.14,51.14,200,0
VIF,20160125,50.99,50.99,50.9,50.9,1530,0
VIF,20160126,50.9,50.9,50.9,50.9,0,0
VIF,20160127,51.09,51.09,50.93,50.93,1074,0
VIF,20160128,51.2,51.2,51.2,51.2,97,0
VIF,20160129,51.08,51.12,51.08,51.11,2837,0
VIF,20160201,51.64,51.64,51.64,51.64,566,0
VIF,20160202,51.17,51.2,51.16,51.2,13531,0
VIF,20160203,51.62,51.64,51.62,51.63,2940,0
VIF,20160204,51.28,51.31,51.12,51.31,5779,0
VIF,20160205,51.72,51.75,51.72,51.75,13354,0
VIF,20160208,51.83,51.83,51.81,51.81,2336,0
VIF,20160209,51.91,51.93,51.76,51.78,1232,0
VIF,20160210,51.72,51.73,51.72,51.73,1734,0
VIF,20160211,51.95,51.97,51.91,51.96,4276,0
VIF,20160212,51.73,51.89,51.73,51.87,2389,0
VIF,20160215,51.87,51.87,51.87,51.87,0,0
VIF,20160216,51.91,51.91,51.9,51.9,8380,0
VIF,20160217,52.09,52.11,52.09,52.11,885,0
VIF,20160218,51.88,51.88,51.86,51.86,2583,0
VIF,20160219,51.89,51.89,51.88,51.88,934,0
VIF,20160222,52.01,52.05,52.01,52.03,1277,0
VIF,20160223,52.26,52.29,52.26,52.29,2233,0
VIF,20160224,52.29,52.34,52.29,52.34,245,0
VIF,20160225,52.37,52.39,52.35,52.35,6998,0
VIF,20160226,52.21,52.21,52.16,52.16,54,0
VIF,20160229,52.16,52.16,52.16,52.16,0,0
VIF,20160301,52.21,52.24,52.21,52.24,1912,0
VIF,20160302,52.22,52.23,52.22,52.23,365,0
VIF,20160303,52.03,52.03,52.02,52.02,2165,0
VIF,20160304,52,52.01,51.98,52.01,1547,0
VIF,20160307,52.08,52.08,52.07,52.07,5332,0
VIF,20160308,51.94,52.14,51.94,52.14,4136,0
VIF,20160309,52.3,52.33,52.17,52.33,5255,0
VIF,20160310,52.51,52.52,52.51,52.52,592,0
VIF,20160311,52.01,52.03,51.99,52,15452,0
VIF,20160314,51.98,51.99,51.97,51.97,1259,0
VIF,20160315,52.33,52.33,52.33,52.33,1,0
VIF,20160316,52.45,52.46,52.3,52.46,1055,0
VIF,20160317,52.16,52.16,52.02,52.02,3912,0
VIF,20160318,51.61,52.09,51.6,52.09,59470,0
VIF,20160321,52.15,52.29,52.15,52.2,3331,0
VIF,20160322,52.2,52.25,52.2,52.25,452,0
VIF,20160323,52.28,52.28,52.2,52.2,4464,0
VIF,20160324,52.2,52.28,52.1,52.28,746,0
VIF,20160325,52.28,52.28,52.28,52.28,0,0
VIF,20160328,52.28,52.28,52.28,52.28,0,0
VIF,20160329,52.35,52.35,52.15,52.15,3837,0
VIF,20160330,52.34,52.35,52.33,52.35,4941,0
VIF,20160331,52.45,52.45,52.38,52.38,399,0
VIF,20160401,52.25,52.35,52.25,52.35,675,0
VIF,20160404,52.45,52.5,52.45,52.5,1022,0
VIF,20160405,52.5,52.54,52.4,52.54,2164,0
VIF,20160406,52.53,52.53,52.52,52.52,469,0
VIF,20160407,52.52,52.6,52.43,52.58,6542,0
VIF,20160408,52.65,52.71,52.65,52.71,2270,0
VIF,20160411,52.7,52.73,52.47,52.47,3061,0
VIF,20160412,52.6,52.83,52.6,52.83,2625,0
VIF,20160413,52.56,52.6,52.56,52.57,1230,0
VIF,20160414,52.66,52.77,52.66,52.69,740,0
VIF,20160415,52.76,52.76,52.7,52.76,1328,0
VIF,20160418,52.85,52.85,52.8,52.8,449,0
VIF,20160419,52.81,52.81,52.46,52.78,2305,0
VIF,20160420,52.64,52.64,52.64,52.64,1878,0
VIF,20160421,52.71,52.71,52.4,52.4,210,0
VIF,20160422,52.64,52.64,52.42,52.42,1148,0
VIF,20160425,52.42,52.42,52.42,52.42,0,0
VIF,20160426,52.66,52.68,52.64,52.64,7141,0
VIF,20160427,52.61,52.64,52.4,52.63,4630,0
VIF,20160428,52.59,52.66,52.41,52.65,2833,0
VIF,20160429,52.61,52.61,52.61,52.61,1550,0
VIF,20160502,52.61,52.65,52.61,52.64,1591,0
VIF,20160503,52.45,52.54,52.41,52.41,5904,0
VIF,20160504,52.72,52.72,52.42,52.42,458,0
VIF,20160505,52.87,52.87,52.86,52.86,647,0
VIF,20160506,52.86,52.89,52.7,52.89,1927,0
VIF,20160509,52.87,52.87,52.8,52.87,4203,0
VIF,20160510,52.62,53.01,52.62,52.98,1542,0
VIF,20160511,52.77,52.77,52.77,52.77,1513,0
VIF,20160512,52.77,52.96,52.77,52.96,3571,0
VIF,20160513,52.94,52.95,52.71,52.72,3719,0
VIF,20160516,52.98,52.98,52.98,52.98,2717,0
VIF,20160517,52.72,52.93,52.72,52.93,5107,0
VIF,20160518,52.89,52.9,52.72,52.89,4653,0
VIF,20160519,52.7,52.83,52.47,52.82,3641,0
VIF,20160520,52.86,52.86,52.86,52.86,612,0
VIF,20160523,52.83,52.84,52.83,52.84,1797,0
VIF,20160524,52.84,52.85,52.45,52.85,1199,0
VIF,20160525,52.81,52.81,52.8,52.8,358,0
VIF,20160526,52.88,52.88,52.88,52.88,557,0
VIF,20160527,52.97,52.98,52.97,52.98,949,0
VIF,20160530,52.9,52.9,52.7,52.9,8999,0
VIF,20160531,53.04,53.04,53.03,53.03,1674,0
VIF,20160601,52.84,53.1,52.84,53.1,2508,0
VIF,20160602,53.09,53.1,52.72,53.09,18320,0
VIF,20160603,52.79,53.18,52.79,53.18,639,0
VIF,20160606,53.35,53.36,53.35,53.36,171,0
VIF,20160607,53.35,53.35,53.2,53.3,1819,0
VIF,20160608,53.26,53.37,53.25,53.36,8675,0
VIF,20160609,53.39,53.43,53.39,53.43,3189,0
VIF,20160610,53.43,53.48,53.14,53.48,6198,0
VIF,20160613,53.48,53.48,53.48,53.48,0,0
VIF,20160614,53.5,53.55,53.5,53.55,2383,0
VIF,20160615,53.68,53.68,53.5,53.5,1557,0
VIF,20160616,53.5,53.71,53.5,53.55,1439,0
VIF,20160617,53.66,53.66,53.42,53.65,3724,0
VIF,20160620,53.38,53.6,53.35,53.55,7598,0
VIF,20160621,53.53,53.53,53.3,53.53,2562,0
VIF,20160622,53.45,53.46,53.25,53.46,3591,0
VIF,20160623,53.2,53.44,53.2,53.31,2231,0
VIF,20160624,53.46,54.2,53.3,54.2,2690,0
VIF,20160627,53.1,54,53.1,54,1777,0
VIF,20160628,53.55,54.06,53.55,54.06,4202,0
VIF,20160629,54.06,54.07,54.06,54.07,469,0
VIF,20160630,54.16,54.16,54.14,54.15,3842,0
VIF,20160701,53.21,53.21,52.91,52.91,14468,0
VIF,20160704,52.82,53.35,52.26,53.34,3152,0
VIF,20160705,53.34,53.39,53.21,53.39,785,0
VIF,20160706,53.45,53.45,53.04,53.05,8226,0
VIF,20160707,53.5,53.5,53.49,53.49,350,0
VIF,20160708,53.53,53.56,53.5,53.55,4669,0
VIF,20160711,53.49,53.49,53.3,53.45,1580,0
VIF,20160712,53.47,53.47,53.3,53.3,4489,0
VIF,20160713,53.41,53.44,53.35,53.36,1936,0
VIF,20160714,53.3,53.37,53.22,53.26,8681,0
VIF,20160715,53.38,53.38,53.22,53.38,4143,0
VIF,20160718,53.22,53.26,53.21,53.26,1484,0
VIF,20160719,53.18,53.19,52.9,53.18,1375,0
VIF,20160720,53.19,53.19,53.18,53.18,1182,0
VIF,20160721,53.1,53.16,53,53.1,2760,0
VIF,20160722,53.23,53.24,53.23,53.23,1936,0
VIF,20160725,53.06,53.07,52.85,52.85,837,0
VIF,20160726,53.14,53.14,53.14,53.14,100,0
VIF,20160727,53.18,53.18,53.17,53.17,4449,0
VIF,20160728,53.26,53.26,53.26,53.26,939,0
VIF,20160729,53.38,53.39,53.3,53.3,1234,0
VIF,20160801,53.46,53.46,53.09,53.09,5973,0
VIF,20160802,53.09,53.32,52.94,53.32,354,0
VIF,20160803,53.24,53.24,52.95,53.24,2928,0
VIF,20160804,53,53.08,52.95,52.95,4027,0
VIF,20160805,53.15,53.15,53.12,53.15,2855,0
VIF,20160808,53.08,53.09,53.07,53.09,7368,0
VIF,20160809,53.09,53.1,53.09,53.1,2447,0
VIF,20160810,53.1,53.1,52.94,52.94,6591,0
VIF,20160811,53.11,53.44,53.11,53.44,2147,0
VIF,20160812,53.34,53.36,53.34,53.36,8230,0
VIF,20160815,53.45,53.45,53.45,53.45,1462,0
VIF,20160816,53.4,53.42,53.3,53.42,2784,0
VIF,20160817,53.35,53.35,53.19,53.29,8286,0
VIF,20160818,53.29,53.29,53.2,53.2,6696,0
VIF,20160819,53.35,53.37,53.16,53.16,12218,0
VIF,20160822,53.19,53.29,53.19,53.19,164,0
VIF,20160823,53.33,53.33,53.19,53.33,1404,0
VIF,20160824,53.3,53.36,53.3,53.35,5748,0
VIF,20160825,53.42,53.42,53.42,53.42,7991,0
VIF,20160826,53.34,53.38,53.2,53.33,13066,0
VIF,20160829,53.27,53.27,53.2,53.2,876,0
VIF,20160830,53.41,53.41,53.3,53.3,2086,0
VIF,20160831,53.35,53.36,53.3,53.35,2946,0
VIF,20160901,53.34,53.34,53.34,53.34,3229,0
VIF,20160902,53,53.3,53,53.29,6642,0
VIF,20160905,53.15,53.21,52.95,53.21,1250,0
VIF,20160906,53.1,53.15,52.93,53.15,3632,0
VIF,20160907,53.26,53.29,52.96,53.27,8046,0
VIF,20160908,53.27,53.28,53.26,53.27,2737,0
VIF,20160909,53.25,53.32,53.25,53.31,3979,0
VIF,20160912,53.14,53.15,52.9,52.93,6675,0
VIF,20160913,52.97,52.98,52.63,52.91,1992,0
VIF,20160914,52.84,52.85,52.52,52.52,14036,0
VIF,20160915,52.59,52.89,52.59,52.87,1627,0
VIF,20160916,52.74,52.74,52.74,52.74,2267,0
VIF,20160919,52.74,52.74,52.74,52.74,1902,0
VIF,20160920,52.65,52.74,52.55,52.74,2780,0
VIF,20160921,52.74,52.99,52.65,52.99,2441,0
VIF,20160922,52.99,53.02,52.72,52.99,7708,0
VIF,20160923,52.76,53.01,52.76,53,1113,0
VIF,20160926,53.19,53.19,52.9,53.19,1752,0
VIF,20160927,53.09,53.15,53.09,53.15,3047,0
VIF,20160928,53.29,53.29,53.04,53.04,2414,0
VIF,20160929,53.24,53.24,53.24,53.24,1328,0
VIF,20160930,53.43,53.43,53.4,53.4,7962,0
VIF,20161003,53.32,53.32,53.02,53.32,10170,0
VIF,20161004,53,53.27,52.75,53.25,1667,0
VIF,20161005,53.23,53.23,52.97,52.97,5836,0
VIF,20161006,53,53,52.73,52.73,1485,0
VIF,20161007,52.99,52.99,52.98,52.98,2428,0
VIF,20161010,52.93,52.93,52.85,52.85,4038,0
VIF,20161011,52.9,52.9,52.6,52.63,7370,0
VIF,20161012,52.89,52.89,52.83,52.86,5123,0
VIF,20161013,52.63,52.9,52.63,52.87,6856,0
VIF,20161014,52.87,52.93,52.64,52.91,8895,0
VIF,20161017,52.84,52.85,52.6,52.84,5991,0
VIF,20161018,52.88,52.88,52.54,52.84,5731,0
VIF,20161019,52.88,52.9,52.88,52.9,8907,0
VIF,20161020,52.9,52.92,52.89,52.92,2149,0
VIF,20161021,52.9,53,52.67,53,18804,0
VIF,20161024,52.96,52.96,52.72,52.72,6326,0
VIF,20161025,52.76,52.76,52.63,52.63,3078,0
VIF,20161026,52.78,52.82,52.74,52.82,4880,0
VIF,20161027,52.93,52.93,52.58,52.59,1511,0
VIF,20161028,52.59,52.61,52.38,52.53,11137,0
VIF,20161031,52.64,52.64,52.5,52.55,8144,0
VIF,20161101,52.55,52.64,52.55,52.63,840,0
VIF,20161102,52.71,52.71,52.5,52.65,1315,0
VIF,20161103,52.67,52.82,52.6,52.82,3113,0
VIF,20161104,52.79,52.79,52.68,52.68,1439,0
VIF,20161107,52.56,52.73,52.5,52.73,3210,0
VIF,20161108,52.74,52.74,52.5,52.52,2945,0
VIF,20161109,52.52,52.92,52.37,52.64,842,0
VIF,20161110,52.52,52.61,52.36,52.61,3770,0
VIF,20161111,52.44,52.47,51.92,51.92,6336,0
VIF,20161114,51.92,52.02,51.86,52.02,13007,0
VIF,20161115,51.92,51.92,51.66,51.75,15106,0
VIF,20161116,51.72,51.98,51.72,51.81,6440,0
VIF,20161117,51.97,51.97,51.8,51.82,4628,0
VIF,20161118,51.82,51.82,51.69,51.82,1978,0
VIF,20161121,51.7,51.73,51.6,51.71,9465,0
VIF,20161122,51.53,51.64,51.53,51.64,497,0
VIF,20161123,51.79,51.79,51.53,51.53,1792,0
VIF,20161124,51.56,51.76,51.55,51.55,10566,0
VIF,20161125,51.61,51.77,51.57,51.6,8309,0
VIF,20161128,51.7,51.71,51.7,51.71,2851,0
VIF,20161129,51.74,51.79,51.64,51.64,4969,0
VIF,20161130,51.82,51.85,51.69,51.69,2231,0
VIF,20161201,51.7,51.9,51.7,51.87,2068,0
VIF,20161202,51.87,52,51.85,51.89,5874,0
VIF,20161205,51.85,52.04,51.85,52,4094,0
VIF,20161206,51.9,51.9,51.68,51.83,14607,0
VIF,20161207,51.8,51.84,51.64,51.64,1813,0
VIF,20161208,51.72,51.72,51.72,51.72,618,0
VIF,20161209,51.83,51.83,51.55,51.55,5839,0
VIF,20161212,51.65,51.65,51.35,51.38,2697,0
VIF,20161213,51.6,51.68,51.4,51.4,7735,0
VIF,20161214,51.39,51.53,51.35,51.53,4231,0
VIF,20161215,51.44,51.69,51.2,51.69,3250,0
VIF,20161216,51.63,51.64,51.35,51.62,10827,0
VIF,20161219,51.61,51.61,51.35,51.59,17107,0
VIF,20161220,51.58,51.59,51.5,51.59,7205,0
VIF,20161221,51.75,51.75,51.45,51.61,9882,0
VIF,20161222,51.8,51.86,51.61,51.68,22737,0
VIF,20161223,51.69,51.7,51.67,51.67,20125,0
VIF,20161226,51.67,51.67,51.67,51.67,0,0
VIF,20161227,51.67,51.67,51.67,51.67,0,0
VIF,20161228,51.6,51.72,51.6,51.72,1148,0
VIF,20161229,51.81,51.83,51.81,51.83,642,0
VIF,20161230,51.85,51.85,51.85,51.85,1,0
VIF,20170102,51.85,51.85,51.85,51.85,0,0
VIF,20170103,51.85,52.01,51.85,52.01,2428,0
VIF,20170104,52,52,51.67,51.67,2964,0
VIF,20170105,51.94,51.95,51.91,51.91,1904,0
VIF,20170106,51.99,51.99,51.75,51.75,4265,0
VIF,20170109,51.87,51.87,51.57,51.57,3738,0
VIF,20170110,51.63,51.82,51.63,51.82,1518,0
VIF,20170111,51.76,51.76,51.64,51.75,2057,0
VIF,20170112,51.78,51.99,51.78,51.85,38335,0
VIF,20170113,51.74,51.81,51.74,51.81,122,0
VIF,20170116,51.85,51.85,51.76,51.8,3968,0
VIF,20170117,51.8,51.81,51.8,51.81,3808,0
VIF,20170118,51.9,51.9,51.82,51.87,3457,0
VIF,20170119,51.8,51.8,51.63,51.73,3841,0
VIF,20170120,51.94,51.94,51.61,51.68,16317,0
VIF,20170123,51.77,51.81,51.6,51.6,7318,0
VIF,20170124,51.63,51.77,51.63,51.77,3824,0
VIF,20170125,51.81,51.81,51.61,51.66,5951,0
VIF,20170126,51.66,51.66,51.66,51.66,0,0
VIF,20170127,51.5,51.73,51.48,51.54,8354,0
VIF,20170130,51.6,51.6,51.38,51.38,2387,0
VIF,20170131,51.35,51.52,51.35,51.52,5133,0
VIF,20170201,51.46,51.7,51.44,51.7,3071,0
VIF,20170202,51.69,51.69,51.63,51.63,1704,0
VIF,20170203,51.64,51.7,51.55,51.7,1571,0
VIF,20170206,51.69,51.69,51.48,51.48,9792,0
VIF,20170207,51.51,51.81,51.5,51.5,1900,0
VIF,20170208,51.55,51.74,51.5,51.62,6111,0
VIF,20170209,51.51,51.86,51.51,51.86,2866,0
VIF,20170210,51.79,51.79,51.75,51.75,1055,0
VIF,20170213,51.75,51.83,51.6,51.8,3584,0
VIF,20170214,51.79,51.79,51.55,51.6,3169,0
VIF,20170215,51.74,51.74,51.55,51.56,7042,0
VIF,20170216,51.72,51.72,51.51,51.56,2124,0
VIF,20170217,51.74,51.74,51.59,51.61,6359,0
VIF,20170220,51.67,51.67,51.62,51.62,8895,0
VIF,20170221,51.74,51.74,51.59,51.59,2809,0
VIF,20170222,51.74,51.74,51.6,51.62,3269,0
VIF,20170223,51.74,51.74,51.61,51.74,9004,0
VIF,20170224,51.75,51.93,51.73,51.8,2337,0
VIF,20170227,51.93,52.12,51.84,52.12,2977,0
VIF,20170228,52.06,52.06,51.76,51.86,3252,0
VIF,20170301,51.85,52.17,51.8,52.17,4382,0
VIF,20170302,52.16,52.16,51.79,51.79,3219,0
VIF,20170303,51.87,52.06,51.75,51.77,20404,0
VIF,20170306,51.86,51.87,51.82,51.87,11131,0
VIF,20170307,51.83,51.83,51.75,51.82,15442,0
VIF,20170308,51.81,51.82,51.73,51.73,31678,0
VIF,20170309,51.93,51.93,51.54,51.63,4171,0
VIF,20170310,51.74,51.74,51.5,51.5,10513,0
VIF,20170313,51.5,51.5,51.42,51.43,658,0
VIF,20170314,51.61,51.61,51.37,51.37,13621,0
VIF,20170315,51.67,51.67,51.45,51.5,2419,0
VIF,20170316,51.86,51.86,51.65,51.66,7069,0
VIF,20170317,51.65,51.65,51.59,51.59,4157,0
VIF,20170320,51.69,51.87,51.69,51.87,2854,0
VIF,20170321,51.58,51.68,51.58,51.67,9233,0
VIF,20170322,51.67,51.95,51.67,51.69,3352,0
VIF,20170323,51.94,51.94,51.75,51.83,5295,0
VIF,20170324,51.95,52.06,51.82,51.82,10704,0
VIF,20170327,52.12,52.12,51.84,51.84,2712,0
VIF,20170328,51.92,52.13,51.9,51.93,12069,0
VIF,20170329,51.88,51.9,51.88,51.9,10753,0
VIF,20170330,51.9,51.99,51.9,51.97,9932,0
VIF,20170331,52.1,52.16,51.97,51.97,3306,0
VIF,20170403,49.21,49.21,48.97,48.97,17887,0
VIF,20170404,49.32,49.35,49.32,49.35,3339,0
VIF,20170405,49.37,49.37,49.13,49.35,4074,0
VIF,20170406,49.41,49.41,49.38,49.38,6918,0
VIF,20170407,49.22,49.43,49.22,49.32,3224,0
VIF,20170410,49.2,49.39,49.15,49.39,2748,0
VIF,20170411,49.4,49.45,49.2,49.45,4575,0
VIF,20170412,49.31,49.4,49.3,49.4,2701,0
VIF,20170413,49.5,49.5,49.41,49.43,4019,0
VIF,20170414,49.43,49.43,49.43,49.43,0,0
VIF,20170417,49.43,49.43,49.43,49.43,0,0
VIF,20170418,49.39,49.39,49.34,49.39,1499,0
VIF,20170419,49.67,49.67,49.52,49.53,6089,0
VIF,20170420,49.48,49.48,49.47,49.47,3285,0
VIF,20170421,49.45,49.45,49.4,49.4,21573,0
VIF,20170424,49.4,49.43,49.35,49.43,4496,0
VIF,20170425,49.43,49.43,49.43,49.43,0,0
VIF,20170426,49.4,49.4,49.3,49.39,4397,0
VIF,20170427,49.43,49.43,49.3,49.3,704,0
VIF,20170428,49.44,49.46,49.37,49.45,1022,0
VIF,20170501,49.46,49.6,49.35,49.6,6404,0
VIF,20170502,49.52,49.52,49.42,49.42,6854,0
VIF,20170503,49.5,49.53,49.37,49.42,4262,0
VIF,20170504,49.37,49.46,49.35,49.43,7110,0
VIF,20170505,49.38,49.38,49.36,49.37,10787,0
VIF,20170508,49.36,49.46,49.35,49.35,6004,0
VIF,20170509,49.33,49.33,49.22,49.27,11099,0
VIF,20170510,49.26,49.38,49.19,49.38,10765,0
VIF,20170511,49.2,49.38,49.2,49.38,6725,0
VIF,20170512,49.4,49.4,49.23,49.23,3197,0
VIF,20170515,49.32,49.33,49.32,49.33,1672,0
VIF,20170516,49.26,49.28,49.26,49.27,5981,0
VIF,20170517,49.49,49.49,49.31,49.33,12221,0
VIF,20170518,49.48,49.48,49.38,49.44,7737,0
VIF,20170519,49.47,49.48,49.4,49.48,9540,0
VIF,20170522,49.48,49.48,49.41,49.46,15395,0
VIF,20170523,49.43,49.49,49.41,49.46,3089,0
VIF,20170524,49.4,49.46,49.4,49.45,19272,0
VIF,20170525,49.48,49.49,49.41,49.47,2263,0
VIF,20170526,49.51,49.53,49.47,49.53,2001,0
VIF,20170529,49.53,49.56,49.47,49.55,2440,0
VIF,20170530,49.58,49.59,49.58,49.59,9109,0
VIF,20170531,49.6,49.74,49.59,49.66,25061,0
VIF,20170601,49.73,49.78,49.57,49.58,32548,0
VIF,20170602,49.57,49.57,49.54,49.55,9735,0
VIF,20170605,49.6,49.61,49.53,49.53,5656,0
VIF,20170606,49.59,49.61,49.59,49.61,2702,0
VIF,20170607,49.67,49.67,49.63,49.65,3622,0
VIF,20170608,49.63,49.65,49.59,49.65,16681,0
VIF,20170609,49.69,49.69,49.58,49.58,9408,0
VIF,20170612,49.58,49.58,49.58,49.58,0,0
VIF,20170613,49.63,49.66,49.61,49.66,19752,0
VIF,20170614,49.6,49.67,49.58,49.67,9051,0
VIF,20170615,49.95,49.95,49.68,49.8,16664,0
VIF,20170616,49.74,49.74,49.62,49.7,13898,0
VIF,20170619,49.74,49.74,49.67,49.73,16877,0
VIF,20170620,49.65,49.72,49.65,49.72,7455,0
VIF,20170621,49.79,49.8,49.78,49.8,9410,0
VIF,20170622,49.8,49.84,49.8,49.84,22703,0
VIF,20170623,49.88,49.88,49.78,49.78,5188,0
VIF,20170626,49.84,49.84,49.83,49.84,8488,0
VIF,20170627,49.84,49.99,49.76,49.95,33697,0
VIF,20170628,49.69,49.99,49.69,49.73,10023,0
VIF,20170629,49.95,49.95,49.63,49.68,4851,0
VIF,20170630,49.57,49.59,49.51,49.52,18365,0
VIF,20170703,49.52,49.52,48.71,48.75,18949,0
VIF,20170704,48.72,48.78,48.68,48.78,11783,0
VIF,20170705,48.8,48.8,48.76,48.77,20513,0
VIF,20170706,48.75,48.76,48.71,48.71,15308,0
VIF,20170707,48.72,48.72,48.53,48.57,15055,0
VIF,20170710,48.57,48.57,48.55,48.55,2086,0
VIF,20170711,48.53,48.62,48.53,48.61,52673,0
VIF,20170712,48.61,48.62,48.6,48.62,93440,0
VIF,20170713,48.71,48.71,48.62,48.71,7629,0
VIF,20170714,48.66,48.68,48.64,48.68,12182,0
VIF,20170717,48.72,48.72,48.62,48.72,7471,0
VIF,20170718,48.73,48.79,48.73,48.77,32274,0
VIF,20170719,48.85,48.85,48.8,48.84,4190,0
VIF,20170720,49,49,48.85,48.87,13172,0
VIF,20170721,48.89,48.9,48.87,48.89,36877,0
VIF,20170724,48.97,48.97,48.92,48.96,10631,0
VIF,20170725,48.97,48.97,48.935,48.95,24282,0
VIF,20170726,48.83,48.83,48.77,48.81,25494,0
VIF,20170727,48.85,48.89,48.81,48.81,34474,0
VIF,20170728,48.9,48.91,48.85,48.91,9322,0
VIF,20170731,48.91,48.91,48.81,48.9,10266,0
VIF,20170801,48.88,48.91,48.85,48.9,15006,0
VIF,20170802,49,49,48.88,49,8758,0
VIF,20170803,48.93,48.99,48.93,48.99,9336,0
VIF,20170804,49.1,49.28,49,49.11,17148,0
VIF,20170807,49.02,49.05,48.96,49.03,15763,0
VIF,20170808,49.1,49.1,49,49.09,2849,0
VIF,20170809,49.08,49.26,49,49.08,9328,0
VIF,20170810,49.11,49.16,49.05,49.15,7359,0
VIF,20170811,49.23,49.23,49.17,49.19,34347,0
VIF,20170814,49.19,49.19,49.15,49.15,8479,0
VIF,20170815,49.16,49.16,49.12,49.14,15018,0
VIF,20170816,49.13,49.13,49.09,49.1,17847,0
VIF,20170817,49.16,49.17,49.13,49.15,12493,0
VIF,20170818,49.15,49.2,49.15,49.17,4224,0
VIF,20170821,49.24,49.42,49.15,49.2,7975,0
VIF,20170822,49.18,49.22,49.18,49.22,11292,0
VIF,20170823,49.3,49.42,49.16,49.42,8184,0
VIF,20170824,49.46,49.46,49.22,49.24,12131,0
VIF,20170825,49.24,49.25,49.22,49.22,27453,0
VIF,20170828,49.27,49.27,49.24,49.26,8407,0
VIF,20170829,49.32,49.35,49.31,49.34,16165,0
VIF,20170830,49.37,49.37,49.315,49.35,8789,0
VIF,20170831,49.32,49.44,49.31,49.31,9571,0
VIF,20170901,49.35,49.36,49.34,49.35,8489,0
VIF,20170904,49.33,49.35,49.29,49.35,35535,0
VIF,20170905,49.37,49.41,49.33,49.4,5777,0
VIF,20170906,49.5,49.69,49.47,49.5,5026,0
VIF,20170907,49.47,49.47,49.36,49.43,10436,0
VIF,20170908,49.57,49.58,49.51,49.57,5721,0
VIF,20170911,49.48,49.48,49.45,49.46,11229,0
VIF,20170912,49.42,49.42,49.36,49.42,16004,0
VIF,20170913,49.32,49.32,49.25,49.25,15215,0
VIF,20170914,49.27,49.28,49.25,49.28,8048,0
VIF,20170915,49.25,49.25,49.2,49.23,7613,0
VIF,20170918,49.19,49.19,49.14,49.18,11514,0
VIF,20170919,49.17,49.17,49.12,49.16,5900,0
VIF,20170920,49.15,49.17,49.12,49.13,12228,0
VIF,20170921,49.14,49.16,49.07,49.14,12653,0
VIF,20170922,49.11,49.18,49.11,49.18,5242,0
VIF,20170925,49.17,49.18,49.14,49.18,5511,0
VIF,20170926,49.24,49.25,49.2,49.25,14870,0
VIF,20170927,49.2,49.21,49.18,49.2,27092,0
VIF,20170928,49.02,49.08,48.96,48.98,33548,0
VIF,20170929,49.05,49.07,48.99,49.02,16174,0
VIF,20171002,48.14,48.14,47.82,47.88,4223,0
VIF,20171003,47.92,47.96,47.88,47.96,3839,0
VIF,20171004,47.84,48,47.84,47.91,21260,0
VIF,20171005,48.15,48.16,47.88,47.96,21080,0
VIF,20171006,48.17,48.17,47.87,47.97,2528,0
VIF,20171009,47.97,47.97,47.97,47.97,0,0
VIF,20171010,47.97,47.97,47.97,47.97,0,0
VIF,20171011,47.99,48.02,47.88,47.88,9653,0
VIF,20171012,47.88,48.13,47.88,48,4851,0
VIF,20171013,48.05,48.06,48.03,48.06,12335,0
VIF,20171016,48.06,48.06,48.06,48.06,0,0
VIF,20171017,48.15,48.17,48.09,48.12,9204,0
VIF,20171018,48.16,48.21,48.12,48.18,9525,0
VIF,20171019,48.16,48.3,48,48.01,15089,0
VIF,20171020,48.1,48.15,48.05,48.05,18045,0
VIF,20171023,48.18,48.19,47.9,48.07,10635,0
VIF,20171024,48.08,48.11,47.98,48.11,13776,0
VIF,20171025,48.19,48.19,47.92,47.94,10591,0
VIF,20171026,47.96,47.96,47.9,47.9,9605,0
VIF,20171027,47.97,48.19,47.92,47.95,21777,0
VIF,20171030,47.96,48.27,47.96,48.06,13357,0
VIF,20171031,48,48.32,48,48.21,13989,0
VIF,20171101,48.21,48.21,48.07,48.12,29011,0
VIF,20171102,48.2,48.23,48.1,48.23,9102,0
VIF,20171103,48.32,48.32,48.18,48.18,6714,0
VIF,20171106,48.32,48.32,48.18,48.29,11249,0
VIF,20171107,48.2,48.38,48.18,48.31,11640,0
VIF,20171108,48.53,48.53,48.3,48.44,12310,0
VIF,20171109,48.49,48.49,48.28,48.35,25120,0
VIF,20171110,48.49,48.49,48.2,48.25,31375,0
VIF,20171113,48.17,48.21,48.09,48.11,13611,0
VIF,20171114,48.35,48.35,48.11,48.15,185277,0
VIF,20171115,48.12,48.4,48.12,48.25,6455,0
VIF,20171116,48.25,48.3,48.12,48.3,4925,0
VIF,20171117,48.44,48.45,48.16,48.17,25325,0
VIF,20171120,48.48,48.48,48.21,48.25,7257,0
VIF,20171121,48.3,48.44,48.25,48.36,10752,0
VIF,20171122,48.47,48.47,48.32,48.41,15646,0
VIF,20171123,48.49,48.49,48.31,48.31,10370,0
VIF,20171124,48.5,48.51,48.33,48.37,10613,0
VIF,20171127,48.41,48.41,48.3,48.36,12389,0
VIF,20171128,48.59,48.59,48.33,48.4,16115,0
VIF,20171129,48.59,48.59,48.32,48.42,9731,0
VIF,20171130,48.4,48.54,48.24,48.32,9975,0
VIF,20171201,48.33,48.45,48.14,48.34,11539,0
VIF,20171204,48.44,48.44,48.3,48.3,16171,0
VIF,20171205,48.5,48.53,48.31,48.31,16857,0
VIF,20171206,48.5,48.6,48.34,48.45,18073,0
VIF,20171207,48.45,48.52,48.42,48.51,7521,0
VIF,20171208,48.55,48.6,48.32,48.35,18504,0
VIF,20171211,48.55,48.6,48.35,48.35,12343,0
VIF,20171212,48.6,48.65,48.38,48.65,7147,0
VIF,20171213,48.35,48.51,48.34,48.34,5171,0
VIF,20171214,48.6,48.68,48.37,48.46,7079,0
VIF,20171215,50,50,48.34,48.47,29768,0
VIF,20171218,48.45,48.51,48.4,48.51,20250,0
VIF,20171219,48.55,48.58,48.43,48.55,12021,0
VIF,20171220,48.55,48.59,48.35,48.35,23539,0
VIF,20171221,48.56,48.56,48.18,48.18,16206,0
VIF,20171222,48.47,48.47,48.16,48.34,12837,0
VIF,20171225,48.34,48.34,48.34,48.34,0,0
VIF,20171226,48.34,48.34,48.34,48.34,0,0
VIF,20171227,48.9,48.9,48.19,48.33,7401,0
VIF,20171228,48.5,48.5,48.3,48.47,2462,0
VIF,20171229,48.35,48.35,48.25,48.28,2020,0
VIF,20180101,48.28,48.28,48.28,48.28,0,0
VIF,20180102,48.32,49,48.05,49,11418,0
VIF,20180103,49.01,49.01,48,48,7572,0
VIF,20180104,47.89,48,47.7,47.95,41265,0
VIF,20180105,47.15,48.1,47.05,47.92,24254,0
VIF,20180108,47.94,48.25,47.94,48.02,16774,0
VIF,20180109,48.25,48.25,47.98,48.06,9123,0
VIF,20180110,48,48,47.88,47.95,21664,0
VIF,20180111,47.94,47.96,47.85,47.96,44156,0
VIF,20180112,47.99,47.99,47.84,47.84,3868,0
VIF,20180115,47.84,47.95,47.78,47.78,28667,0
VIF,20180116,47.78,48,47.29,47.81,12105,0
VIF,20180117,47.96,47.99,47.96,47.97,1847,0
VIF,20180118,47.99,47.99,47.75,47.83,4663,0
VIF,20180119,47.82,47.9,47.76,47.76,5536,0
VIF,20180122,47.85,47.965,47.74,47.95,8548,0
VIF,20180123,47.77,47.94,47.77,47.9,6409,0
VIF,20180124,47.83,47.99,47.83,47.87,19860,0
VIF,20180125,47.83,48,47.83,47.94,5651,0
VIF,20180126,47.94,47.94,47.94,47.94,0,0
VIF,20180129,47.85,47.93,47.71,47.71,26634,0
VIF,20180130,47.75,47.8,47.68,47.68,4476,0
VIF,20180131,47.93,47.93,47.65,47.8,10760,0
VIF,20180201,47.8,47.89,47.62,47.7,17214,0
VIF,20180202,47.71,47.71,47.65,47.65,7647,0
VIF,20180205,47.66,47.66,47.48,47.63,20438,0
VIF,20180206,47.64,47.93,47.64,47.93,26290,0
VIF,20180207,47.91,47.91,47.62,47.65,6883,0
VIF,20180208,47.62,47.75,47.6,47.6,12099,0
VIF,20180209,47.65,47.82,47.57,47.69,9049,0
VIF,20180212,47.51,47.67,47.51,47.66,10059,0
VIF,20180213,47.63,47.71,47.55,47.55,7866,0
VIF,20180214,47.93,47.93,47.52,47.69,7867,0
VIF,20180215,47.35,47.82,47.35,47.57,11013,0
VIF,20180216,47.42,47.65,47.42,47.65,5337,0
VIF,20180219,47.74,47.74,47.57,47.69,6515,0
VIF,20180220,47.67,47.69,47.53,47.53,8091,0
VIF,20180221,47.9,47.9,47.54,47.56,20102,0
VIF,20180222,47.5,47.89,47.5,47.89,5430,0
VIF,20180223,47.8,47.95,47.55,47.6,13537,0
VIF,20180226,47.59,47.93,47.59,47.63,6647,0
VIF,20180227,47.58,47.83,47.58,47.71,9378,0
VIF,20180228,47.78,47.8,47.62,47.75,13252,0
VIF,20180301,47.75,47.94,47.75,47.94,7089,0
VIF,20180302,48.03,48.21,47.9,48.19,5474,0
VIF,20180305,47.85,48.15,47.8,48.11,2361,0
VIF,20180306,48.1,48.16,47.72,47.79,6340,0
VIF,20180307,47.8,47.88,47.75,47.88,3922,0
VIF,20180308,48.06,48.06,47.74,47.87,9320,0
VIF,20180309,47.85,47.88,47.73,47.88,4550,0
VIF,20180312,47.88,47.88,47.7,47.7,8438,0
VIF,20180313,47.88,47.99,47.75,47.99,2929,0
VIF,20180314,47.99,48.02,47.86,48.02,16100,0
VIF,20180315,48.2,48.2,47.87,48.07,9177,0
VIF,20180316,48.23,48.23,47.9,48.09,2986,0
VIF,20180319,48.09,48.27,48.05,48.27,5890,0
VIF,20180320,48.1,48.14,47.95,47.95,7951,0
VIF,20180321,47.91,48.09,47.91,47.96,4833,0
VIF,20180322,48.15,48.15,47.93,48.1,2924,0
VIF,20180323,48.1,48.44,48.1,48.16,3832,0
VIF,20180326,48.44,48.44,48.23,48.42,10406,0
VIF,20180327,48.38,48.42,48.15,48.15,8908,0
VIF,20180328,48.51,48.51,48.15,48.49,14912,0
VIF,20180329,48.4,48.4,48.17,48.18,12390,0
VIF,20180330,48.18,48.18,48.18,48.18,0,0
VIF,20180402,48.18,48.18,48.18,48.18,0,0
VIF,20180403,48.03,48.17,48.01,48.04,6240,0
VIF,20180404,48.12,48.23,47.98,47.98,10198,0
VIF,20180405,48.14,48.19,48.02,48.12,15778,0
VIF,20180406,48,48.14,47.92,47.93,11290,0
VIF,20180409,48.14,48.14,47.93,47.94,13050,0
VIF,20180410,48.14,48.14,47.95,47.95,10536,0
VIF,20180411,47.95,48.11,47.93,47.93,8799,0
VIF,20180412,48.11,48.21,47.98,48.17,8730,0
VIF,20180413,48.17,48.17,48.01,48.04,7535,0
VIF,20180416,48.07,48.09,47.97,48.08,36790,0
VIF,20180417,48.14,48.14,47.93,48.12,11686,0
VIF,20180418,48.18,48.18,47.96,48.16,12774,0
VIF,20180419,47.94,48.15,47.94,48.14,23572,0
VIF,20180420,48.12,48.12,47.87,48.04,18396,0
VIF,20180423,48.05,48.05,47.8,47.97,13828,0
VIF,20180424,47.85,48.01,47.78,47.91,17631,0
VIF,20180425,47.91,47.91,47.91,47.91,0,0
VIF,20180426,47.86,47.87,47.73,47.86,13763,0
VIF,20180427,48,48,47.83,47.95,8724,0
VIF,20180430,47.85,48.01,47.8,48.01,10498,0
VIF,20180501,48.01,48.13,47.89,48.03,12188,0
VIF,20180502,48.14,48.14,47.88,48.06,10626,0
VIF,20180503,47.88,48.15,47.88,48.15,4279,0
VIF,20180504,48.14,48.14,47.94,48.14,8175,0
VIF,20180507,47.93,48.15,47.93,48.14,5094,0
VIF,20180508,48.14,48.14,47.93,48.05,14751,0
VIF,20180509,47.79,47.96,47.79,47.96,9422,0
VIF,20180510,47.98,47.98,47.85,47.96,4952,0
VIF,20180511,47.97,48.03,47.87,47.97,13118,0
VIF,20180514,48.02,48.15,47.88,48.02,12145,0
VIF,20180515,47.96,47.96,47.79,47.93,22525,0
VIF,20180516,47.88,47.88,47.69,47.8,6865,0
VIF,20180517,47.82,47.83,47.66,47.76,8747,0
VIF,20180518,47.76,47.76,47.59,47.74,9123,0
VIF,20180521,47.79,47.82,47.7,47.75,5945,0
VIF,20180522,47.85,47.91,47.64,47.65,19116,0
VIF,20180523,47.65,47.76,47.64,47.76,2955,0
VIF,20180524,47.75,48.03,47.71,48.03,13247,0
VIF,20180525,47.98,47.98,47.9,47.95,10016,0
VIF,20180528,48.11,48.11,47.88,48.02,6052,0
VIF,20180529,47.95,48.2,47.84,47.95,8523,0
VIF,20180530,48.2,48.2,48,48.02,5787,0
VIF,20180531,48.02,48.14,47.93,47.94,11271,0
VIF,20180601,47.9,48.21,47.89,48.08,8214,0
VIF,20180604,48.19,48.19,47.86,48.04,15962,0
VIF,20180605,48.06,48.06,47.86,47.94,27243,0
VIF,20180606,47.87,48.08,47.87,48.05,13209,0
VIF,20180607,47.83,47.91,47.67,47.72,13366,0
VIF,20180608,47.73,47.9,47.73,47.75,5944,0
VIF,20180611,47.75,47.75,47.75,47.75,0,0
VIF,20180612,47.75,48,47.75,47.9,7290,0
VIF,20180613,47.97,48.03,47.77,47.9,13419,0
VIF,20180614,47.98,48.07,47.78,47.94,11958,0
VIF,20180615,48.08,48.19,47.89,47.93,21460,0
VIF,20180618,48.11,48.26,48,48.02,7940,0
VIF,20180619,48.03,48.32,48.03,48.19,14163,0
VIF,20180620,48.02,48.25,48.02,48.23,14876,0
VIF,20180621,48.12,48.32,47.98,48.26,14703,0
VIF,20180622,48.27,48.27,48,48.01,15246,0
VIF,20180625,48.29,48.29,47.96,48.19,15466,0
VIF,20180626,48.2,48.2,48,48.12,12772,0
VIF,20180627,48.15,48.15,47.96,48.14,17396,0
VIF,20180628,48.14,48.2,48.09,48.09,9457,0
VIF,20180629,48.09,48.36,48.08,48.36,6424,0
VIF,20180702,47.77,47.99,47.76,47.85,15636,0
VIF,20180703,48,48.13,47.88,48.13,25408,0
VIF,20180704,48.15,48.15,47.88,48.14,9535,0
VIF,20180705,47.88,48.2,47.88,48.05,11960,0
VIF,20180706,48.18,48.18,47.89,47.92,9273,0
VIF,20180709,48.16,48.16,47.92,47.92,13129,0
VIF,20180710,48.01,48.15,47.92,48.05,17576,0
VIF,20180711,48.05,48.08,47.92,48.07,19077,0
VIF,20180712,48.17,48.17,47.89,48,13240,0
VIF,20180713,48,48.18,47.94,48.03,10884,0
VIF,20180716,48.12,48.12,47.98,48.11,28571,0
VIF,20180717,48.05,48.11,47.97,48.06,5175,0
VIF,20180718,48.11,48.11,47.94,48.1,10395,0
VIF,20180719,48.1,48.11,47.9,48.02,28896,0
VIF,20180720,48.1,48.16,48.02,48.16,10527,0
VIF,20180723,48.14,48.14,47.8,48.07,11864,0
VIF,20180724,47.93,47.94,47.76,47.94,11702,0
VIF,20180725,47.78,47.93,47.7,47.76,32194,0
VIF,20180726,47.76,47.94,47.73,47.94,12473,0
VIF,20180727,47.71,47.98,47.71,47.89,6717,0
VIF,20180730,47.89,47.89,47.73,47.89,16766,0
VIF,20180731,47.8,47.88,47.66,47.72,35320,0
VIF,20180801,47.84,47.98,47.71,47.98,21499,0
VIF,20180802,47.51,47.85,47.51,47.69,32650,0
VIF,20180803,47.55,47.72,47.55,47.72,20570,0
VIF,20180806,47.76,47.77,47.68,47.75,8888,0
VIF,20180807,47.79,47.79,47.71,47.79,13228,0
VIF,20180808,47.79,47.79,47.7,47.78,23324,0
VIF,20180809,47.76,47.76,47.71,47.71,2972,0
VIF,20180810,47.77,47.83,47.73,47.75,12207,0
VIF,20180813,47.9,47.92,47.82,47.82,8688,0
VIF,20180814,47.8,47.85,47.75,47.75,15289,0
VIF,20180815,47.84,47.85,47.77,47.77,6666,0
VIF,20180816,47.82,47.86,47.79,47.84,20178,0
VIF,20180817,47.88,47.89,47.76,47.76,11074,0
VIF,20180820,47.79,47.97,47.79,47.89,16060,0
VIF,20180821,47.9,47.98,47.85,47.85,9676,0
VIF,20180822,47.97,47.99,47.88,47.99,18488,0
VIF,20180823,47.95,47.99,47.86,47.94,19929,0
VIF,20180824,47.93,47.99,47.87,47.92,11436,0
VIF,20180827,47.945,47.945,47.82,47.82,7053,0
VIF,20180828,47.79,47.9,47.79,47.9,14683,0
VIF,20180829,47.85,47.99,47.79,47.99,16587,0
VIF,20180830,47.9,47.99,47.78,47.99,5169,0
VIF,20180831,47.85,47.92,47.85,47.88,4333,0
VIF,20180903,47.99,47.99,47.85,47.9,20897,0
VIF,20180904,47.87,47.94,47.87,47.94,10895,0
VIF,20180905,48,48,47.87,47.99,8638,0
VIF,20180906,47.99,47.99,47.87,47.87,6328,0
VIF,20180907,47.98,47.99,47.9,47.99,10050,0
VIF,20180910,47.99,47.99,47.84,47.84,5379,0
VIF,20180911,47.82,48,47.82,47.93,7612,0
VIF,20180912,48,48,47.81,47.81,16843,0
VIF,20180913,48.18,48.18,47.76,47.76,7550,0
VIF,20180914,47.8,47.83,47.74,47.83,9723,0
VIF,20180917,47.8,47.81,47.68,47.68,14032,0
VIF,20180918,48,48,47.73,47.81,12260,0
VIF,20180919,47.73,47.73,47.65,47.73,11322,0
VIF,20180920,47.62,47.71,47.62,47.63,10703,0
VIF,20180921,47.65,47.7,47.59,47.59,14386,0
VIF,20180924,47.61,47.72,47.6,47.6,21962,0
VIF,20180925,47.8,47.8,47.54,47.72,15090,0
VIF,20180926,47.51,47.61,47.51,47.61,6586,0
VIF,20180927,47.69,47.69,47.58,47.69,11638,0
VIF,20180928,47.85,47.85,47.55,47.55,2002,0
VIF,20181001,47.5,47.68,47.41,47.43,5909,0
VIF,20181002,47.65,47.68,47.4,47.45,16752,0
VIF,20181003,47.4,47.65,47.4,47.65,6604,0
VIF,20181004,47.4,47.4,47.25,47.33,20781,0
VIF,20181005,47.29,47.3,47.2,47.23,6825,0
VIF,20181008,47.15,47.19,47.11,47.11,8769,0
VIF,20181009,47.2,47.22,47.1,47.1,10071,0
VIF,20181010,47.21,47.38,47.11,47.29,21729,0
VIF,20181011,47.29,47.29,47.14,47.26,10397,0
VIF,20181012,47.26,47.27,47.1,47.27,7120,0
VIF,20181015,47.3,47.3,47.23,47.23,16475,0
VIF,20181016,47.23,47.42,47.21,47.32,14995,0
VIF,20181017,47.25,47.37,47.24,47.24,10388,0
VIF,20181018,47.31,47.37,47.26,47.37,6330,0
VIF,20181019,47.36,47.37,47.32,47.34,8686,0
VIF,20181022,47.35,47.37,47.24,47.24,9170,0
VIF,20181023,47.33,47.49,47.3,47.35,38387,0
VIF,20181024,47.5,47.55,47.32,47.45,16825,0
VIF,20181025,47.49,47.62,47.41,47.41,6060,0
VIF,20181026,47.4,47.68,47.4,47.68,9442,0
VIF,20181029,47.76,47.76,47.54,47.66,11214,0
VIF,20181030,47.65,47.72,47.57,47.72,9406,0
VIF,20181031,47.72,47.72,47.56,47.56,18522,0
VIF,20181101,47.54,47.62,47.54,47.54,4602,0
VIF,20181102,47.67,47.71,47.44,47.44,15023,0
VIF,20181105,47.5,47.6,47.5,47.5,5458,0
VIF,20181106,47.5,47.62,47.47,47.56,4371,0
VIF,20181107,47.39,47.62,47.39,47.51,7400,0
VIF,20181108,47.57,47.6,47.42,47.6,18114,0
VIF,20181109,47.59,47.59,47.36,47.56,7773,0
VIF,20181112,47.66,47.66,47.37,47.56,12713,0
VIF,20181113,47.7,47.7,47.6,47.62,12305,0
VIF,20181114,47.65,47.67,47.48,47.53,2859,0
VIF,20181115,47.72,47.72,47.45,47.64,11838,0
VIF,20181116,47.64,47.73,47.51,47.73,4432,0
VIF,20181119,47.81,47.81,47.64,47.73,10837,0
VIF,20181120,47.67,47.8,47.58,47.72,10604,0
VIF,20181121,47.76,47.76,47.55,47.69,4126,0
VIF,20181122,47.69,47.84,47.69,47.78,4862,0
VIF,20181123,47.9,47.9,47.69,47.69,6717,0
VIF,20181126,47.74,47.89,47.74,47.74,4567,0
VIF,20181127,47.88,47.91,47.68,47.68,5880,0
VIF,20181128,47.8,47.9,47.68,47.68,7227,0
VIF,20181129,47.63,47.94,47.63,47.85,7850,0
VIF,20181130,47.92,47.94,47.74,47.74,11422,0
VIF,20181203,47.94,47.94,47.75,47.76,6385,0
VIF,20181204,47.95,47.95,47.83,47.93,6663,0
VIF,20181205,47.93,48.11,47.93,48.06,10142,0
VIF,20181206,48.23,48.28,47.97,48.28,6044,0
VIF,20181207,48.71,48.71,48.16,48.31,5576,0
VIF,20181210,48.26,48.33,48.1,48.17,8438,0
VIF,20181211,48.11,48.39,48.11,48.3,4519,0
VIF,20181212,48.3,48.35,48.15,48.28,16234,0
VIF,20181213,48.32,48.32,48.2,48.31,4605,0
VIF,20181214,48.2,48.32,48.2,48.21,9220,0
VIF,20181217,48.38,48.38,48.25,48.3,16976,0
VIF,20181218,48.42,48.42,48.26,48.29,18644,0
VIF,20181219,48.26,48.49,48.26,48.49,5145,0
VIF,20181220,48.49,48.49,48.33,48.49,5994,0
VIF,20181221,48.33,48.6,48.33,48.44,10116,0
VIF,20181224,48.54,48.57,48.46,48.55,5056,0
VIF,20181225,48.55,48.55,48.55,48.55,0,0
VIF,20181226,48.55,48.55,48.55,48.55,0,0
VIF,20181227,48.4,48.54,48.34,48.54,5770,0
VIF,20181228,48.56,48.64,48.44,48.64,2960,0
VIF,20181231,48.8,48.8,48.47,48.5,3927,0
VIF,20190101,48.5,48.5,48.5,48.5,0,0
VIF,20190102,47.89,47.98,47.73,47.73,17637,0
VIF,20190103,48.19,48.26,47.74,47.74,2784,0
VIF,20190104,48.01,48.01,47.93,47.93,725,0
VIF,20190107,48.52,48.64,47.81,47.91,3940,0
VIF,20190108,48.03,48.14,47.8,47.93,4242,0
VIF,20190109,47.92,47.98,47.81,47.81,5420,0
VIF,20190110,47.99,47.99,47.78,47.93,14237,0
VIF,20190111,47.96,47.96,47.71,47.88,4115,0
VIF,20190114,47.78,47.92,47.78,47.92,12552,0
VIF,20190115,47.97,47.97,47.8,47.91,3738,0
VIF,20190116,47.99,48.08,47.9,48.06,67193,0
VIF,20190117,48.06,48.09,47.83,47.97,4764,0
VIF,20190118,47.99,48.05,47.79,47.81,8855,0
VIF,20190121,47.98,47.99,47.81,47.95,17882,0
VIF,20190122,47.99,47.99,47.79,47.99,7718,0
VIF,20190123,47.99,48.01,47.85,47.87,4052,0
VIF,20190124,48.08,48.08,48.02,48.03,3184,0
VIF,20190125,48.02,48.15,48.02,48.04,10120,0
VIF,20190128,48.04,48.04,48.04,48.04,0,0
VIF,20190129,48.03,48.15,47.98,48.03,7377,0
VIF,20190130,48.03,48.18,47.97,47.99,11454,0
VIF,20190131,48.17,48.25,48.12,48.12,8454,0
VIF,20190201,48.08,48.33,48.08,48.21,11950,0
VIF,20190204,48.32,48.32,48.06,48.08,51944,0
VIF,20190205,48.01,48.21,48.01,48.09,8318,0
VIF,20190206,48.09,48.23,48.09,48.23,4287,0
VIF,20190207,48.2,48.24,48.07,48.07,8227,0
VIF,20190208,48.09,48.23,48.09,48.11,24671,0
VIF,20190211,48.2,48.31,48.14,48.26,6630,0
VIF,20190212,48.32,48.32,48.2,48.29,8806,0
VIF,20190213,48.31,48.31,48.08,48.31,8162,0
VIF,20190214,48.1,48.18,48.05,48.17,11335,0
VIF,20190215,48.32,48.32,48.14,48.31,5134,0
VIF,20190218,48.15,48.32,48.15,48.3,5590,0
VIF,20190219,48.31,48.34,48.17,48.34,21281,0
VIF,20190220,48.34,48.38,48.21,48.38,7139,0
VIF,20190221,48.18,48.45,48.18,48.41,13746,0
VIF,20190222,48.18,48.34,48.15,48.15,17906,0
VIF,20190225,48.2,48.41,48.19,48.41,7099,0
VIF,20190226,48.45,48.45,48.4,48.42,6650,0
VIF,20190227,48.41,48.45,48.28,48.39,11019,0
VIF,20190228,48.25,48.41,48.2,48.21,8706,0
VIF,20190301,48.32,48.32,48.12,48.25,14978,0
VIF,20190304,48.26,48.26,48.04,48.17,12968,0
VIF,20190305,48.3,48.3,48.09,48.09,12776,0
VIF,20190306,48.3,48.3,48.09,48.25,13734,0
VIF,20190307,48.35,48.35,48.21,48.22,10463,0
VIF,20190308,48.41,48.5,48.23,48.49,19246,0
VIF,20190311,48.56,48.56,48.34,48.51,12116,0
VIF,20190312,48.34,48.52,48.31,48.5,26414,0
VIF,20190313,48.62,48.62,48.4,48.4,24300,0
VIF,20190314,48.59,48.59,48.41,48.5,7276,0
VIF,20190315,48.6,48.6,48.46,48.55,18936,0
VIF,20190318,48.6,48.67,48.5,48.52,2830,0
VIF,20190319,48.69,48.69,48.59,48.62,35970,0
VIF,20190320,48.52,48.8,48.52,48.63,31259,0
VIF,20190321,48.53,48.72,48.53,48.71,3564,0
VIF,20190322,48.71,50,48.64,48.75,53464,0
VIF,20190325,48.84,49.02,48.84,49.01,11535,0
VIF,20190326,49.06,49.06,48.9,49.04,9536,0
VIF,20190327,49.02,49.02,48.89,48.89,10105,0
VIF,20190328,49.06,49.13,48.97,49.09,12153,0
VIF,20190329,49.13,49.13,48.94,49.06,16527,0
VIF,20190401,49.08,49.08,48.84,48.93,30248,0
VIF,20190402,49.16,49.16,48.84,48.92,14480,0
VIF,20190403,48.87,48.89,48.75,48.75,10870,0
VIF,20190404,48.8,48.81,48.64,48.81,5985,0
VIF,20190405,48.75,48.81,48.61,48.78,24907,0
VIF,20190408,48.81,48.81,48.65,48.79,9443,0
VIF,20190409,48.82,48.82,48.66,48.77,17396,0
VIF,20190410,48.83,48.86,48.72,48.86,14852,0
VIF,20190411,48.91,48.91,48.75,48.91,8616,0
VIF,20190412,48.89,48.9,48.74,48.88,7037,0
VIF,20190415,48.77,48.81,48.65,48.78,12586,0
VIF,20190416,48.77,48.77,48.6,48.74,9465,0
VIF,20190417,48.7,48.7,48.56,48.61,10324,0
VIF,20190418,48.61,48.67,48.61,48.67,10550,0
VIF,20190419,48.67,48.67,48.67,48.67,0,0
VIF,20190422,48.67,48.67,48.67,48.67,0,0
VIF,20190423,48.72,48.84,48.665,48.74,8393,0
VIF,20190424,48.53,48.72,48.53,48.59,18421,0
VIF,20190425,48.59,48.59,48.59,48.59,0,0
VIF,20190426,48.82,48.82,48.67,48.8,13071,0
VIF,20190429,48.88,48.91,48.77,48.88,8946,0
VIF,20190430,48.93,48.95,48.84,48.92,22955,0
VIF,20190501,48.8,48.93,48.8,48.91,14943,0
VIF,20190502,48.8,48.94,48.76,48.76,11809,0
VIF,20190503,48.87,48.88,48.72,48.73,10370,0
VIF,20190506,48.95,48.98,48.86,48.97,15379,0
VIF,20190507,48.99,48.99,48.81,48.94,16201,0
VIF,20190508,48.98,48.98,48.85,48.95,19053,0
VIF,20190509,48.95,49.02,48.86,48.86,6105,0
VIF,20190510,48.86,49.01,48.86,49.01,8644,0
VIF,20190513,49.01,49.01,49.01,49.01,0,0
VIF,20190514,48.93,49.06,48.92,49.04,25748,0
VIF,20190515,49.05,49.08,49,49.07,15540,0
VIF,20190516,49.13,49.14,48.99,49.05,9143,0
VIF,20190517,49.16,49.18,49.01,49.18,10906,0
VIF,20190520,49.17,49.17,49.01,49.15,7622,0
VIF,20190521,49.19,49.19,49.05,49.12,71184,0
VIF,20190522,49.08,49.15,49,49.11,73429,0
VIF,20190523,49.06,49.18,49.06,49.18,9528,0
VIF,20190524,49.2,49.25,49.2,49.25,19128,0
VIF,20190527,49.3,49.35,49.3,49.35,14088,0
VIF,20190528,49.3,49.39,49.3,49.39,19081,0
VIF,20190529,49.47,49.47,49.31,49.43,88541,0
VIF,20190530,49.46,49.47,49.36,49.41,305542,0
VIF,20190531,49.5,49.52,49.4,49.52,7404,0
VIF,20190603,49.69,49.69,49.56,49.68,7599,0
VIF,20190604,49.77,49.77,49.6,49.73,18598,0
VIF,20190605,49.72,49.77,49.62,49.77,12094,0
VIF,20190606,49.81,49.83,49.68,49.83,14483,0
VIF,20190607,49.81,49.84,49.76,49.81,16133,0
VIF,20190610,49.81,49.81,49.81,49.81,0,0
VIF,20190611,49.92,49.92,49.76,49.76,17521,0
VIF,20190612,49.78,49.9,49.77,49.81,25577,0
VIF,20190613,49.9,49.93,49.75,49.81,120968,0
VIF,20190614,49.9,49.9,49.81,49.9,14164,0
VIF,20190617,49.94,49.94,49.8,49.91,47580,0
VIF,20190618,49.93,49.94,49.78,49.94,13626,0
VIF,20190619,50,50.1,50,50.09,12763,0
VIF,20190620,50.13,50.16,50.01,50.15,16846,0
VIF,20190621,50.22,50.25,50.07,50.21,22375,0
VIF,20190624,50.21,50.21,50.21,50.21,0,0
VIF,20190625,50.2,50.2,50.06,50.19,30632,0
VIF,20190626,50.24,50.24,50.07,50.23,28255,0
VIF,20190627,50.2,50.2,50.05,50.05,7310,0
VIF,20190628,50.16,50.16,50.03,50.16,31994,0
VIF,20190701,50.17,50.17,49.88,49.88,44645,0
VIF,20190702,50.1,50.17,49.87,50.03,19512,0
VIF,20190703,50.1,50.15,49.98,50.15,14009,0
VIF,20190704,50.15,50.3,50.15,50.3,15814,0
VIF,20190705,50.26,50.34,50.26,50.34,9154,0
VIF,20190708,50.3,50.3,50.1,50.18,15954,0
VIF,20190709,50.15,50.15,50.09,50.15,260938,0
VIF,20190710,50.13,50.13,49.99,49.99,24040,0
VIF,20190711,49.9,50.07,49.9,49.94,16808,0
VIF,20190712,49.94,49.95,49.91,49.93,19744,0
VIF,20190715,49.76,49.91,49.76,49.9,9463,0
VIF,20190716,50,50.02,49.9,49.9,21373,0
VIF,20190717,49.9,50.02,49.9,49.96,10278,0
VIF,20190718,49.97,50.2,49.97,50.09,10832,0
VIF,20190719,50.17,50.17,50.08,50.13,16474,0
VIF,20190722,50.13,50.13,50.07,50.11,12149,0
VIF,20190723,50.14,50.15,50.1,50.1,8993,0
VIF,20190724,50.13,50.16,50.1,50.16,15366,0
VIF,20190725,50.15,50.25,50.15,50.25,9263,0
VIF,20190726,50.23,50.23,50.175,50.23,12720,0
VIF,20190729,50.27,50.27,50.18,50.22,12681,0
VIF,20190730,50.23,50.23,50.2,50.21,18551,0
VIF,20190731,50.2,50.25,50.18,50.2,14116,0
VIF,20190801,50.39,50.39,50.27,50.27,17418,0
VIF,20190802,50.4,50.52,50.4,50.47,27416,0
VIF,20190805,50.63,50.76,50.55,50.75,15677,0
VIF,20190806,50.95,50.95,50.75,50.79,18556,0
VIF,20190807,50.92,50.94,50.87,50.92,13726,0
VIF,20190808,50.99,51.05,50.93,51.04,15167,0
VIF,20190809,51.06,51.07,50.94,50.94,38559,0
VIF,20190812,51.02,51.06,50.92,51.04,19315,0
VIF,20190813,51.08,51.24,51.06,51.14,11811,0
VIF,20190814,51.14,51.22,51.09,51.09,20882,0
VIF,20190815,51.4,51.45,51.21,51.21,18386,0
VIF,20190816,51.57,51.63,51.53,51.56,13082,0
VIF,20190819,51.56,51.56,51.42,51.45,9574,0
VIF,20190820,51.48,51.48,51.29,51.36,17229,0
VIF,20190821,51.41,51.5,51.35,51.35,20789,0
VIF,20190822,51.4,51.43,51.37,51.4,18655,0
VIF,20190823,51.39,51.39,51.2,51.2,19502,0
VIF,20190826,51.49,51.53,51.4,51.52,36195,0
VIF,20190827,51.49,51.52,51.37,51.51,28922,0
VIF,20190828,51.59,51.59,51.51,51.58,12467,0
VIF,20190829,51.58,51.71,51.58,51.71,15376,0
VIF,20190830,51.71,51.71,51.61,51.66,20399,0
VIF,20190902,51.64,51.64,51.58,51.63,13170,0
VIF,20190903,51.66,51.67,51.55,51.55,28898,0
VIF,20190904,51.79,51.79,51.64,51.78,21706,0
VIF,20190905,51.64,51.72,51.61,51.64,22477,0
VIF,20190906,51.44,51.44,51.37,51.4,10857,0
VIF,20190909,51.47,51.47,51.41,51.46,51819,0
VIF,20190910,51.28,51.29,51.22,51.28,29372,0
VIF,20190911,51.17,51.22,51.15,51.22,15341,0
VIF,20190912,51.05,51.06,50.99,51.06,18038,0
VIF,20190913,50.97,51.06,50.97,51.06,23662,0
VIF,20190916,50.95,50.95,50.76,50.86,16845,0
VIF,20190917,50.83,50.89,50.83,50.84,25544,0
VIF,20190918,50.88,50.88,50.86,50.88,14384,0
VIF,20190919,51,51.04,50.92,51.04,27657,0
VIF,20190920,51,51.07,51,51.07,12262,0
VIF,20190923,51.07,51.1,51.04,51.1,8744,0
VIF,20190924,51.25,51.39,51.2,51.26,22083,0
VIF,20190925,51.35,51.35,51.31,51.34,7067,0
VIF,20190926,51.27,51.27,51.26,51.27,11573,0
VIF,20190927,51.27,51.31,51.25,51.25,13507,0
VIF,20190930,51.31,51.31,51.25,51.25,17788,0
VIF,20191001,51.27,51.32,51.11,51.12,23040,0
VIF,20191002,51.21,51.31,51.03,51.07,29945,0
VIF,20191003,51.12,51.15,51.05,51.11,32126,0
VIF,20191004,51.24,51.32,51.24,51.26,19960,0
VIF,20191007,51.35,51.39,51.3,51.36,18118,0
VIF,20191008,51.31,51.31,51.28,51.31,10971,0
VIF,20191009,51.23,51.42,51.23,51.31,34539,0
VIF,20191010,51.29,51.29,51.19,51.24,25346,0
VIF,20191011,51.07,51.07,51,51,11568,0
VIF,20191014,50.85,50.86,50.84,50.86,14880,0
VIF,20191015,50.86,50.94,50.84,50.94,5087,0
VIF,20191016,50.92,50.92,50.81,50.83,17810,0
VIF,20191017,50.81,50.82,50.76,50.81,6574,0
VIF,20191018,50.76,50.94,50.76,50.78,17837,0
VIF,20191021,50.78,50.78,50.72,50.74,10680,0
VIF,20191022,50.71,50.71,50.59,50.61,13989,0
VIF,20191023,50.71,50.72,50.62,50.68,124010,0
VIF,20191024,50.75,50.75,50.7,50.7,16743,0
VIF,20191025,50.8,50.81,50.76,50.8,14924,0
VIF,20191028,50.77,50.88,50.65,50.69,9416,0
VIF,20191029,50.62,50.62,50.51,50.53,24521,0
VIF,20191030,50.56,50.59,50.54,50.57,13782,0
VIF,20191031,50.67,50.68,50.59,50.66,14874,0
VIF,20191101,50.86,50.91,50.77,50.84,23405,0
VIF,20191104,50.9,50.9,50.76,50.8,35533,0
VIF,20191105,50.75,50.76,50.65,50.69,11870,0
VIF,20191106,50.61,50.83,50.54,50.58,27928,0
VIF,20191107,50.59,50.59,50.51,50.57,12734,0
VIF,20191108,50.42,50.42,50.33,50.36,25272,0
VIF,20191111,50.41,50.41,50.25,50.27,35535,0
VIF,20191112,50.26,50.28,50.21,50.27,15283,0
VIF,20191113,50.28,50.29,50.23,50.29,21018,0
VIF,20191114,50.3,50.42,50.24,50.35,13559,0
VIF,20191115,50.5,50.51,50.41,50.48,13892,0
VIF,20191118,50.47,50.49,50.43,50.49,11159,0
VIF,20191119,50.49,50.53,50.47,50.53,16219,0
VIF,20191120,50.57,50.58,50.49,50.54,50789,0
VIF,20191121,50.53,50.68,50.53,50.64,37321,0
VIF,20191122,50.67,50.67,50.53,50.53,30067,0
VIF,20191125,50.6,50.61,50.535,50.61,7627,0
VIF,20191126,50.63,50.63,50.56,50.57,28781,0
VIF,20191127,50.7,50.71,50.6,50.71,13760,0
VIF,20191128,50.76,50.76,50.64,50.7,22558,0
VIF,20191129,50.67,50.67,50.59,50.64,19427,0
VIF,20191202,50.6,50.66,50.55,50.61,25870,0
VIF,20191203,50.65,50.65,50.39,50.39,29520,0
VIF,20191204,50.5,50.67,50.5,50.61,15324,0
VIF,20191205,50.55,50.57,50.49,50.51,67228,0
VIF,20191206,50.51,50.51,50.42,50.42,20121,0
VIF,20191209,50.57,50.57,50.36,50.37,25837,0
VIF,20191210,50.38,50.45,50.37,50.45,18801,0
VIF,20191211,50.45,50.48,50.43,50.46,18012,0
VIF,20191212,50.52,50.53,50.45,50.52,7924,0
VIF,20191213,50.4,50.4,50.28,50.33,35891,0
VIF,20191216,50.35,50.5,50.35,50.49,21656,0
VIF,20191217,50.43,50.48,50.38,50.48,32548,0
VIF,20191218,50.5,50.5,50.41,50.48,38887,0
VIF,20191219,50.43,50.45,50.34,50.4,42749,0
VIF,20191220,50.39,50.39,50.3,50.3,21813,0
VIF,20191223,50.35,50.35,50.3,50.33,11014,0
VIF,20191224,50.32,50.32,50.29,50.32,10331,0
VIF,20191225,50.32,50.32,50.32,50.32,0,0
VIF,20191226,50.32,50.32,50.32,50.32,0,0
VIF,20191227,50.4,50.4,50.32,50.35,2921,0
VIF,20191230,50.45,50.45,50.4,50.45,1973,0
VIF,20191231,50.44,50.44,50.39,50.4,6112,0
VIF,20200101,50.4,50.4,50.4,50.4,0,0
VIF,20200102,50.21,50.28,50.12,50.25,34727,0
VIF,20200103,50.3,50.35,50.26,50.32,13685,0
VIF,20200106,50.32,50.32,50.32,50.32,0,0
VIF,20200107,50.73,50.79,50.36,50.37,11614,0
VIF,20200108,50.56,50.56,50.3,50.44,11998,0
VIF,20200109,50.33,50.33,50.24,50.31,19274,0
VIF,20200110,50.31,50.31,50.25,50.26,21706,0
VIF,20200113,50.35,50.35,50.27,50.35,19049,0
VIF,20200114,50.3,50.32,50.19,50.19,19668,0
VIF,20200115,50.31,50.32,50.24,50.32,12345,0
VIF,20200116,50.38,50.4,50.31,50.39,18166,0
VIF,20200117,50.4,50.4,50.32,50.38,11365,0
VIF,20200120,50.36,50.46,50.29,50.46,14206,0
VIF,20200121,50.41,50.42,50.3,50.42,16300,0
VIF,20200122,50.43,50.56,50.43,50.49,23482,0
VIF,20200123,50.5,50.53,50.46,50.53,10503,0
VIF,20200124,50.47,50.69,50.47,50.68,18975,0
VIF,20200127,50.68,50.68,50.68,50.68,0,0
VIF,20200128,50.73,51.01,50.73,50.94,13524,0
VIF,20200129,50.88,50.98,50.79,50.87,18281,0
VIF,20200130,51.01,51.1,50.9,51.1,15947,0
VIF,20200131,51,51.15,51,51.1,16084,0
VIF,20200203,51.24,51.24,51.1,51.21,22922,0
VIF,20200204,51.2,51.21,51.05,51.05,12631,0
VIF,20200205,51,51.1,50.96,51.07,10539,0
VIF,20200206,51.01,51.01,50.81,50.91,21035,0
VIF,20200207,50.85,50.96,50.85,50.94,22287,0
VIF,20200210,51.08,51.1,51,51.06,7325,0
VIF,20200211,51.01,51.16,51.01,51.03,10352,0
VIF,20200212,51.14,51.14,51,51.05,11776,0
VIF,20200213,51.09,51.09,50.97,51.08,6845,0
VIF,20200214,51.06,51.08,50.96,51.05,10549,0
VIF,20200217,51.1,51.1,51,51,7141,0
VIF,20200218,51.15,51.19,51.13,51.19,8158,0
VIF,20200219,51.15,51.18,51.06,51.14,26565,0
VIF,20200220,51.15,51.2,51.11,51.2,9919,0
VIF,20200221,51.19,51.3,51.13,51.26,16616,0
VIF,20200224,51.28,51.47,51.28,51.39,16529,0
VIF,20200225,51.55,51.55,51.43,51.49,12418,0
VIF,20200226,51.5,51.65,51.5,51.6,13750,0
VIF,20200227,51.71,51.71,51.6,51.6,22973,0
VIF,20200228,51.58,51.87,51.58,51.82,54103,0
VIF,20200302,51.99,52.11,51.88,51.93,21932,0
VIF,20200303,51.93,52.09,51.9,52.05,36450,0
VIF,20200304,52.27,52.33,52.02,52.05,25838,0
VIF,20200305,51.95,52.13,51.95,52.12,10453,0
VIF,20200306,52.12,52.33,52.1,52.31,35948,0
VIF,20200309,52.63,52.9,52.6,52.61,36390,0
VIF,20200310,52.95,52.95,52.4,52.47,35747,0
VIF,20200311,52.81,52.81,52.51,52.65,45555,0
VIF,20200312,52.63,52.63,51.92,51.92,37084,0
VIF,20200313,51.26,51.5,50.92,51.01,29032,0
VIF,20200316,50.96,51.89,50.6,50.65,42329,0
VIF,20200317,50,51,49.96,50.32,70919,0
VIF,20200318,49.7,51.32,49.7,51.32,17912,0
VIF,20200319,50,50,49.3,49.32,24832,0
VIF,20200320,49.75,49.76,48.84,48.89,46635,0
VIF,20200323,49.55,50,48.93,48.99,85488,0
VIF,20200324,48.99,51,48.94,50.5,29191,0
VIF,20200325,49.98,51.4,49.98,50.5,10608,0
VIF,20200326,50.5,51,50.29,51,75942,0
VIF,20200327,51,51.52,50.89,51.43,25677,0
VIF,20200330,51.89,51.89,51.2,51.2,81556,0
VIF,20200331,51.2,51.85,51,51.75,24004,0
VIF,20200401,51.94,51.94,51,51.62,17637,0
VIF,20200402,51.75,51.79,51.12,51.54,20995,0
VIF,20200403,51.54,51.54,51.31,51.53,18564,0
VIF,20200406,51.53,51.54,51.27,51.31,14534,0
VIF,20200407,51.35,52.2,51.35,52,44318,0
VIF,20200408,52.27,52.27,51.48,51.95,10684,0
VIF,20200409,51.61,51.94,51.25,51.84,15106,0
VIF,20200410,51.84,51.84,51.84,51.84,0,0
VIF,20200413,51.84,51.84,51.84,51.84,0,0
VIF,20200414,51.85,51.85,51.41,51.5,14624,0
VIF,20200415,51.41,51.77,51.25,51.55,9308,0
VIF,20200416,51.9,51.96,51.7,51.96,42289,0
VIF,20200417,51.98,52.01,51.46,51.5,22224,0
VIF,20200420,51.89,51.89,51.39,51.84,13441,0
VIF,20200421,51.68,51.87,51.51,51.87,13560,0
VIF,20200422,51.82,51.83,51.5,51.65,8070,0
VIF,20200423,51.73,51.73,51.49,51.71,31989,0
VIF,20200424,51.47,51.87,51.47,51.84,4423,0
VIF,20200427,51.6,52.04,51.6,51.77,20535,0
VIF,20200428,51.91,52.02,51.62,51.92,15068,0
VIF,20200429,51.71,51.95,51.67,51.94,41345,0
VIF,20200430,51.71,51.96,51.7,51.95,20223,0
VIF,20200501,52.03,52.03,51.83,52,13364,0
VIF,20200504,52,52.02,51.8,52.02,18531,0
VIF,20200505,51.74,51.97,51.71,51.96,6220,0
VIF,20200506,51.77,52.05,51.77,51.94,31303,0
VIF,20200507,51.89,51.89,51.75,51.8,16919,0
VIF,20200508,51.86,51.88,51.82,51.87,3835,0
VIF,20200511,51.86,51.91,51.73,51.84,19383,0
VIF,20200512,51.79,51.8,51.7,51.78,10418,0
VIF,20200513,51.86,51.87,51.7,51.7,13174,0
VIF,20200514,51.94,51.94,51.81,51.9,4970,0
VIF,20200515,51.94,51.94,51.82,51.94,21412,0
VIF,20200518,51.92,51.92,51.82,51.85,16068,0
VIF,20200519,51.75,51.81,51.67,51.77,31567,0
VIF,20200520,51.84,51.85,51.71,51.84,8699,0
VIF,20200521,51.85,51.91,51.79,51.89,12113,0
VIF,20200522,51.81,51.96,51.81,51.96,21567,0
VIF,20200525,51.96,52,51.87,52,25357,0
VIF,20200526,51.88,52.02,51.87,51.98,21572,0
VIF,20200527,51.97,51.97,51.8,51.86,15435,0
VIF,20200528,51.88,51.92,51.8,51.8,10725,0
VIF,20200529,51.93,51.97,51.83,51.94,8910,0
VIF,20200601,51.9,52.03,51.9,52.02,19071,0
VIF,20200602,51.94,51.94,51.83,51.83,9973,0
VIF,20200603,51.82,51.89,51.67,51.67,51217,0
VIF,20200604,51.6,51.75,51.58,51.75,17343,0
VIF,20200605,51.72,51.72,51.51,51.55,17257,0
VIF,20200608,51.55,51.55,51.55,51.55,0,0
VIF,20200609,51.55,51.62,51.42,51.45,30864,0
VIF,20200610,51.58,51.62,51.48,51.62,20745,0
VIF,20200611,51.6,51.72,51.6,51.67,16714,0
VIF,20200612,51.81,51.95,51.66,51.95,20655,0
VIF,20200615,51.95,51.95,51.95,51.95,0,0
VIF,20200616,51.92,51.93,51.73,51.82,25018,0
VIF,20200617,51.81,51.88,51.74,51.87,9231,0
VIF,20200618,51.75,51.89,51.71,51.82,18761,0
VIF,20200619,51.72,51.92,51.72,51.92,22408,0
VIF,20200622,51.9,51.94,51.76,51.84,24343,0
VIF,20200623,51.78,51.98,51.78,51.78,18859,0
VIF,20200624,51.91,51.92,51.76,51.92,14940,0
VIF,20200625,51.95,51.99,51.89,51.99,10321,0
VIF,20200626,52.02,52.07,52.01,52.01,22226,0
VIF,20200629,51.96,52.09,51.96,52.02,16644,0
VIF,20200630,52.03,52.09,51.99,52.09,21335,0
VIF,20200701,50.71,50.72,50.61,50.7,50526,0
VIF,20200702,50.71,50.71,50.46,50.48,30264,0
VIF,20200703,50.66,50.66,50.53,50.62,13887,0
VIF,20200706,50.64,50.64,50.55,50.6,15206,0
VIF,20200707,50.63,50.65,50.56,50.64,7509,0
VIF,20200708,50.65,50.73,50.6,50.66,37389,0
VIF,20200709,50.75,50.75,50.65,50.75,14801,0
VIF,20200710,50.71,50.86,50.71,50.77,11278,0
VIF,20200713,50.8,50.84,50.75,50.84,70046,0
VIF,20200714,50.75,50.75,50.68,50.73,14640,0
VIF,20200715,50.82,50.82,50.69,50.74,8442,0
VIF,20200716,50.77,50.82,50.71,50.82,14901,0
VIF,20200717,50.8,50.86,50.77,50.81,24135,0
VIF,20200720,50.81,50.82,50.79,50.81,10745,0
VIF,20200721,50.82,50.87,50.79,50.87,19163,0
VIF,20200722,50.81,50.89,50.81,50.89,10346,0
VIF,20200723,50.94,50.97,50.9,50.95,17745,0
VIF,20200724,50.95,51,50.92,51,9689,0
VIF,20200727,51,51,50.88,50.96,12680,0
VIF,20200728,50.96,50.99,50.91,50.96,15656,0
VIF,20200729,50.96,51.02,50.94,50.94,20833,0
VIF,20200730,51,51.02,50.94,50.95,18386,0
VIF,20200731,51.05,51.13,51.05,51.12,28993,0
VIF,20200803,51.08,51.11,51.05,51.11,10139,0
VIF,20200804,51.16,51.16,50.99,51.02,28524,0
VIF,20200805,51.03,51.17,51.03,51.17,14539,0
VIF,20200806,51.12,51.12,51.03,51.09,17529,0
VIF,20200807,51.07,51.15,51.07,51.15,16271,0
VIF,20200810,51.11,51.11,51.03,51.08,21501,0
VIF,20200811,51.08,51.11,51.04,51.07,23354,0
VIF,20200812,51.06,51.06,50.87,50.93,31263,0
VIF,20200813,50.87,50.87,50.79,50.79,20801,0
VIF,20200814,50.73,50.75,50.69,50.72,32042,0
VIF,20200817,50.74,50.75,50.71,50.75,15189,0
VIF,20200818,50.76,50.82,50.74,50.81,23202,0
VIF,20200819,50.81,50.87,50.78,50.78,17622,0
VIF,20200820,50.77,50.86,50.77,50.85,15646,0
VIF,20200821,50.88,50.9,50.81,50.88,18668,0
VIF,20200824,50.9,50.92,50.82,50.88,38571,0
VIF,20200825,50.92,50.92,50.82,50.92,28755,0
VIF,20200826,50.92,50.92,50.74,50.76,23729,0
VIF,20200827,50.73,50.73,50.64,50.72,19171,0
VIF,20200828,50.6,50.6,50.53,50.53,29437,0
VIF,20200831,50.51,50.63,50.51,50.54,13436,0
VIF,20200901,50.59,50.6,50.53,50.57,10690,0
VIF,20200902,50.65,50.66,50.57,50.61,23872,0
VIF,20200903,50.65,50.82,50.65,50.75,28083,0
VIF,20200904,50.87,50.88,50.79,50.88,40190,0
VIF,20200907,50.76,50.77,50.71,50.76,38420,0
VIF,20200908,50.74,50.74,50.67,50.69,17229,0
VIF,20200909,50.72,50.83,50.72,50.82,25276,0
VIF,20200910,50.75,50.8,50.72,50.8,38796,0
VIF,20200911,50.79,50.79,50.76,50.78,45789,0
VIF,20200914,50.82,50.88,50.82,50.87,24439,0
VIF,20200915,50.92,50.92,50.85,50.92,12434,0
VIF,20200916,50.91,50.91,50.84,50.85,15582,0
VIF,20200917,50.92,50.92,50.84,50.91,20095,0
VIF,20200918,50.89,50.96,50.89,50.91,18794,0
VIF,20200921,50.93,50.93,50.85,50.93,36070,0
VIF,20200922,50.94,51.01,50.94,50.99,21191,0
VIF,20200923,50.99,51.02,50.95,50.95,16118,0
VIF,20200924,51.01,51.01,50.94,51.01,47502,0
VIF,20200925,51.02,51.02,50.94,50.98,26439,0
VIF,20200928,51,51.04,51,51.04,26586,0
VIF,20200929,51.03,51.04,51,51.01,29696,0
VIF,20200930,51.05,51.06,51,51,74241,0
VIF,20201001,49.52,49.52,49.43,49.43,51250,0
VIF,20201002,49.5,49.51,49.44,49.51,17565,0
VIF,20201005,49.5,49.52,49.44,49.51,12477,0
VIF,20201006,49.5,49.5,49.34,49.35,32511,0
VIF,20201007,49.35,49.4,49.35,49.39,26170,0
VIF,20201008,49.35,49.35,49.3,49.34,23009,0
VIF,20201009,49.35,49.39,49.32,49.35,16897,0
VIF,20201012,49.36,49.44,49.35,49.44,18320,0
VIF,20201013,49.44,49.45,49.4,49.42,11558,0
VIF,20201014,49.44,49.54,49.44,49.53,12216,0
VIF,20201015,49.58,49.58,49.52,49.52,24832,0
VIF,20201016,49.62,49.63,49.54,49.63,28718,0
VIF,20201019,49.63,49.63,49.55,49.63,29491,0
VIF,20201020,49.53,49.6,49.52,49.58,23822,0
VIF,20201021,49.58,49.58,49.44,49.45,41477,0
VIF,20201022,49.5,49.5,49.4,49.45,29679,0
VIF,20201023,49.35,49.35,49.3,49.34,15777,0
VIF,20201026,49.35,49.36,49.32,49.36,33755,0
VIF,20201027,49.42,49.43,49.37,49.43,26813,0
VIF,20201028,49.43,49.53,49.43,49.53,41865,0
VIF,20201029,49.53,49.53,49.48,49.48,12843,0
VIF,20201030,49.46,49.53,49.46,49.46,29357,0
VIF,20201102,49.46,49.46,49.39,49.42,26860,0
VIF,20201103,49.42,49.49,49.42,49.44,13219,0
VIF,20201104,49.41,49.48,49.33,49.45,84616,0
VIF,20201105,49.45,49.59,49.4,49.58,43907,0
VIF,20201106,49.43,49.58,49.43,49.57,27042,0
VIF,20201109,49.51,49.51,49.41,49.47,24240,0
VIF,20201110,49.41,49.41,49.16,49.16,53951,0
VIF,20201111,49.2,49.2,49.1,49.16,33302,0
VIF,20201112,49.23,49.23,49.12,49.2,23960,0
VIF,20201113,49.33,49.36,49.21,49.33,40118,0
VIF,20201116,49.51,49.51,49.41,49.41,103,0
VIF,20201117,49.41,49.41,49.3,49.31,48746,0
VIF,20201118,49.48,49.48,49.35,49.43,34090,0
VIF,20201119,49.41,49.45,49.34,49.45,82305,0
VIF,20201120,49.46,49.5,49.37,49.37,28830,0
VIF,20201123,49.41,49.55,49.41,49.51,18940,0
VIF,20201124,49.5,49.52,49.38,49.38,26347,0
VIF,20201125,49.39,49.47,49.36,49.46,31272,0
VIF,20201126,49.46,49.48,49.44,49.48,33731,0
VIF,20201127,49.48,49.53,49.45,49.49,33865,0
VIF,20201130,49.49,49.55,49.47,49.55,42244,0
VIF,20201201,49.54,49.54,49.42,49.42,45038,0
VIF,20201202,49.5,49.5,49.31,49.35,48387,0
VIF,20201203,49.33,49.38,49.32,49.35,20690,0
VIF,20201204,49.37,49.41,49.35,49.41,19080,0
VIF,20201207,49.36,49.36,49.29,49.3,28177,0
VIF,20201208,49.33,49.46,49.33,49.46,46337,0
VIF,20201209,49.5,49.52,49.4,49.46,24024,0
VIF,20201210,49.52,49.53,49.45,49.53,22380,0
VIF,20201211,49.55,49.59,49.46,49.51,20957,0
VIF,20201214,49.54,49.64,49.54,49.63,23484,0
VIF,20201215,49.66,49.67,49.57,49.63,18801,0
VIF,20201216,49.59,49.6,49.53,49.55,28183,0
VIF,20201217,49.58,49.58,49.46,49.5,21323,0
VIF,20201218,49.5,49.53,49.46,49.53,53691,0
VIF,20201221,49.53,49.54,49.47,49.54,18273,0
VIF,20201222,49.56,49.57,49.5,49.57,23464,0
VIF,20201223,49.7,49.7,49.56,49.63,20937,0
VIF,20201224,49.55,49.61,49.42,49.42,15599,0
VIF,20201225,49.42,49.42,49.42,49.42,0,0
VIF,20201228,49.42,49.42,49.42,49.42,0,0
VIF,20201229,49.52,49.57,49.47,49.54,14385,0
VIF,20201230,49.54,49.59,49.48,49.57,17096,0
VIF,20201231,49.56,49.59,49.49,49.5,6947,0
VIF,20210101,49.5,49.5,49.5,49.5,0,0
VIF,20210104,49,49.71,48.5,48.5,69339,0
VIF,20210105,48.84,48.84,48.54,48.6,11667,0
VIF,20210106,48.64,48.69,48.5,48.5,20750,0
VIF,20210107,48.69,48.69,48.35,48.35,14403,0
VIF,20210108,48.34,48.39,48.28,48.36,11681,0
VIF,20210111,48.36,48.39,48.26,48.27,61767,0
VIF,20210112,48.27,48.35,48.2,48.2,27545,0
VIF,20210113,48.27,48.29,48.16,48.29,33432,0
VIF,20210114,48.3,48.34,48.2,48.2,12539,0
VIF,20210115,48.33,48.34,48.25,48.34,27729,0
VIF,20210118,48.32,48.32,48.24,48.24,17806,0
VIF,20210119,48.32,48.32,48.17,48.27,39483,0
VIF,20210120,48.3,48.31,48.175,48.24,70383,0
VIF,20210121,48.24,48.28,48.2,48.27,28984,0
VIF,20210122,48.25,48.27,48.09,48.11,28090,0
VIF,20210125,48.23,48.23,48.07,48.07,37439,0
VIF,20210126,48.07,48.07,48.07,48.07,0,0
VIF,20210127,48.1,48.29,48.1,48.26,21764,0
VIF,20210128,48.3,48.35,48.2,48.3,25906,0
VIF,20210129,48.35,48.35,48.21,48.26,19239,0
VIF,20210201,48.25,48.25,48.14,48.2,22393,0
VIF,20210202,48.25,48.25,48.11,48.16,39339,0
VIF,20210203,48.22,48.22,48.08,48.12,21670,0
VIF,20210204,48.11,48.11,48,48.01,24474,0
VIF,20210205,48.1,48.1,47.96,48.05,26683,0
VIF,20210208,48.03,48.03,47.93,47.95,27365,0
VIF,20210209,48,48.01,47.95,48.01,26933,0
VIF,20210210,48.02,48.03,47.97,48.02,21166,0
VIF,20210211,48.01,48.06,47.97,47.98,15325,0
VIF,20210212,48.02,48.06,47.96,48.06,30343,0
VIF,20210215,47.96,47.97,47.85,47.85,48719,0
VIF,20210216,47.85,47.85,47.75,47.83,22999,0
VIF,20210217,47.75,47.78,47.62,47.62,18927,0
VIF,20210218,47.7,47.74,47.63,47.7,49041,0
VIF,20210219,47.74,47.74,47.58,47.58,37345,0
VIF,20210222,47.57,47.57,47.4,47.54,40515,0
VIF,20210223,47.55,47.55,47.47,47.47,22764,0
VIF,20210224,47.49,47.49,47.39,47.44,28447,0
VIF,20210225,47.43,47.43,47.26,47.32,30011,0
VIF,20210226,47.18,47.18,46.95,47.01,39141,0
VIF,20210301,47,47.36,47,47.27,51058,0
VIF,20210302,47.1,47.44,47.1,47.34,25900,0
VIF,20210303,47.52,47.52,47.37,47.48,25339,0
VIF,20210304,47.37,47.37,47.2,47.22,32752,0
VIF,20210305,47.3,47.3,47.16,47.25,28420,0
VIF,20210308,47.25,47.33,47.18,47.28,41304,0
VIF,20210309,47.17,47.26,47.15,47.19,23678,0
VIF,20210310,47.31,47.32,47.21,47.3,27598,0
VIF,20210311,47.24,47.36,47.24,47.28,21255,0
VIF,20210312,47.45,47.45,47.28,47.3,32618,0
VIF,20210315,47.12,47.28,47.12,47.14,53431,0
VIF,20210316,47.2,47.29,47.15,47.29,35562,0
VIF,20210317,47.2,47.27,47.16,47.27,17723,0
VIF,20210318,47.16,47.19,47.07,47.08,32185,0
VIF,20210319,47.01,47.09,46.99,47.09,20154,0
VIF,20210322,47.12,47.18,47.01,47.18,62635,0
VIF,20210323,47.15,47.22,47.1,47.15,44615,0
VIF,20210324,47.16,47.38,47.16,47.36,34817,0
VIF,20210325,47.45,47.45,47.28,47.33,33268,0
VIF,20210326,47.3,47.43,47.3,47.31,28307,0
VIF,20210329,47.36,47.36,47.23,47.29,24692,0
VIF,20210330,47.31,47.31,47.1,47.15,28427,0
VIF,20210331,47.1,47.18,47.05,47.05,50878,0
VIF,20210401,47.05,47.05,44.1,44.11,35538,0
VIF,20210402,44.11,44.11,44.11,44.11,0,0
VIF,20210405,44.11,44.11,44.11,44.11,0,0
VIF,20210406,44.37,44.53,44.12,44.33,57283,0
VIF,20210407,44.53,44.53,44.25,44.36,24454,0
VIF,20210408,44.32,44.45,44.26,44.28,40713,0
VIF,20210409,44.33,44.44,44.33,44.35,30630,0
VIF,20210412,44.29,44.38,44.27,44.27,40099,0
VIF,20210413,44.33,44.33,44.22,44.3,24105,0
VIF,20210414,44.34,44.39,44.26,44.38,38243,0
VIF,20210415,44.31,44.32,44.23,44.24,52295,0
VIF,20210416,44.38,44.41,44.33,44.33,19816,0
VIF,20210419,44.35,44.44,44.35,44.42,21810,0
VIF,20210420,44.37,44.39,44.26,44.26,40980,0
VIF,20210421,44.43,44.44,44.31,44.44,26653,0
VIF,20210422,44.45,44.47,44.36,44.45,19619,0
VIF,20210423,44.45,44.47,44.38,44.46,27522,0
VIF,20210426,44.39,44.46,44.33,44.41,21794,0
VIF,20210427,44.3,44.39,44.3,44.31,31971,0
VIF,20210428,44.36,44.36,44.24,44.24,60772,0
VIF,20210429,44.33,44.33,44.25,44.32,19948,0
VIF,20210430,44.3,44.3,44.19,44.19,28320,0
VIF,20210503,44.16,44.25,44.16,44.2,21544,0
VIF,20210504,44.2,44.29,44.19,44.24,46216,0
VIF,20210505,44.24,44.36,44.24,44.32,42283,0
VIF,20210506,44.32,44.35,44.26,44.35,35452,0
VIF,20210507,44.34,44.34,44.27,44.27,34925,0
VIF,20210510,44.33,44.33,44.24,44.27,14324,0
VIF,20210511,44.29,44.29,44.21,44.26,34521,0
VIF,20210512,44.18,44.2,44.11,44.13,43012,0
VIF,20210513,44.14,44.14,44.01,44.01,28222,0
VIF,20210514,44.07,44.1,44,44.03,28566,0
VIF,20210517,44.12,44.14,44.04,44.08,18289,0
VIF,20210518,44.11,44.11,44,44.09,42900,0
VIF,20210519,44.08,44.09,44.01,44.08,27709,0
VIF,20210520,44.07,44.09,44,44.02,51035,0
VIF,20210521,44.12,44.14,44.07,44.14,23420,0
VIF,20210524,44.14,44.19,44.12,44.12,27708,0
VIF,20210525,44.21,44.21,44.14,44.14,42737,0
VIF,20210526,44.25,44.32,44.23,44.29,42061,0
VIF,20210527,44.29,44.39,44.28,44.29,36775,0
VIF,20210528,44.35,44.35,44.23,44.23,28889,0
VIF,20210531,44.3,44.3,44.21,44.25,48589,0
VIF,20210601,44.25,44.31,44.21,44.31,22512,0
VIF,20210602,44.24,44.29,44.19,44.2,29814,0
VIF,20210603,44.23,44.32,44.22,44.31,15948,0
VIF,20210604,44.2,44.25,44.17,44.25,30278,0
VIF,20210607,44.3,44.33,44.25,44.26,42290,0
VIF,20210608,44.34,44.34,44.26,44.32,31899,0
VIF,20210609,44.31,44.42,44.31,44.41,19904,0
VIF,20210610,44.46,44.51,44.43,44.51,24161,0
VIF,20210611,44.48,44.57,44.48,44.54,37003,0
VIF,20210614,44.54,44.54,44.54,44.54,0,0
VIF,20210615,44.45,44.5,44.42,44.5,30791,0
VIF,20210616,44.52,44.52,44.41,44.41,41822,0
VIF,20210617,44.45,44.45,44.28,44.3,32324,0
VIF,20210618,44.37,44.49,44.36,44.48,34120,0
VIF,20210621,44.53,44.6,44.48,44.56,36834,0
VIF,20210622,44.56,44.56,44.39,44.44,44834,0
VIF,20210623,44.44,44.48,44.37,44.48,40363,0
VIF,20210624,44.47,44.47,44.35,44.38,26492,0
VIF,20210625,44.47,44.47,44.37,44.43,30738,0
VIF,20210628,44.32,44.36,44.28,44.32,35204,0
VIF,20210629,44.35,44.44,44.35,44.4,30061,0
VIF,20210630,44.4,44.42,44.36,44.36,35210,0
VIF,20210701,45,45,44.19,44.29,13639,0
