WHK,20180124,0.21541666666666674,0.27416666666666676,0.21541666666666674,0.259479166666666755,6479494,0
WHK,20180125,0.269270833333333425,0.28395833333333343,0.23500000000000008,0.23500000000000008,7286330,0
WHK,20180126,0.23500000000000008,0.23500000000000008,0.23500000000000008,0.23500000000000008,0,0
WHK,20180129,0.23500000000000008,0.23500000000000008,0.20562500000000007,0.20562500000000007,2018327,0
WHK,20180130,0.200729166666666735,0.210520833333333405,0.181145833333333395,0.181145833333333395,2020834,0
WHK,20180131,0.18604166666666673,0.190937500000000065,0.18604166666666673,0.18604166666666673,478297,0
WHK,20180201,0.190937500000000065,0.190937500000000065,0.181145833333333395,0.18604166666666673,358310,0
WHK,20180202,0.18604166666666673,0.190937500000000065,0.181145833333333395,0.181145833333333395,265600,0
WHK,20180205,0.17625000000000006,0.17625000000000006,0.16645833333333339,0.171354166666666725,774632,0
WHK,20180206,0.15666666666666672,0.15666666666666672,0.13708333333333338,0.14687500000000005,820489,0
WHK,20180207,0.16645833333333339,0.171354166666666725,0.15666666666666672,0.161562500000000055,522018,0
WHK,20180208,0.171354166666666725,0.171354166666666725,0.161562500000000055,0.16645833333333339,174900,0
WHK,20180209,0.15666666666666672,0.161562500000000055,0.15666666666666672,0.15666666666666672,465908,0
WHK,20180212,0.16645833333333339,0.16645833333333339,0.15666666666666672,0.161562500000000055,144443,0
WHK,20180213,0.161562500000000055,0.161562500000000055,0.151770833333333385,0.15666666666666672,1299597,0
WHK,20180214,0.151770833333333385,0.15666666666666672,0.14687500000000005,0.14687500000000005,494219,0
WHK,20180215,0.151770833333333385,0.15666666666666672,0.14687500000000005,0.14687500000000005,78000,0
WHK,20180216,0.14687500000000005,0.151770833333333385,0.14687500000000005,0.14687500000000005,203107,0
WHK,20180219,0.15666666666666672,0.171354166666666725,0.151770833333333385,0.15666666666666672,386528,0
WHK,20180220,0.161562500000000055,0.171354166666666725,0.15666666666666672,0.15666666666666672,372500,0
WHK,20180221,0.161562500000000055,0.171354166666666725,0.161562500000000055,0.171354166666666725,399476,0
WHK,20180222,0.171354166666666725,0.190937500000000065,0.171354166666666725,0.17625000000000006,889690,0
WHK,20180223,0.17625000000000006,0.17625000000000006,0.171354166666666725,0.171354166666666725,174744,0
WHK,20180226,0.171354166666666725,0.171354166666666725,0.15666666666666672,0.15666666666666672,390918,0
WHK,20180227,0.15666666666666672,0.161562500000000055,0.15666666666666672,0.161562500000000055,252269,0
WHK,20180228,0.15666666666666672,0.181145833333333395,0.15666666666666672,0.181145833333333395,868794,0
WHK,20180301,0.171354166666666725,0.171354166666666725,0.15666666666666672,0.15666666666666672,380344,0
WHK,20180302,0.15666666666666672,0.161562500000000055,0.151770833333333385,0.161562500000000055,264400,0
WHK,20180305,0.161562500000000055,0.161562500000000055,0.14687500000000005,0.15666666666666672,197545,0
WHK,20180306,0.15666666666666672,0.15666666666666672,0.14687500000000005,0.14687500000000005,195397,0
WHK,20180307,0.14687500000000005,0.151770833333333385,0.14687500000000005,0.14687500000000005,69227,0
WHK,20180308,0.14687500000000005,0.161562500000000055,0.14687500000000005,0.161562500000000055,175848,0
WHK,20180309,0.15666666666666672,0.15666666666666672,0.141979166666666715,0.15666666666666672,272100,0
WHK,20180312,0.15666666666666672,0.15666666666666672,0.141979166666666715,0.151770833333333385,86402,0
WHK,20180313,0.151770833333333385,0.151770833333333385,0.14687500000000005,0.151770833333333385,105082,0
WHK,20180314,0.151770833333333385,0.15666666666666672,0.151770833333333385,0.151770833333333385,71424,0
WHK,20180315,0.15666666666666672,0.161562500000000055,0.141979166666666715,0.141979166666666715,163898,0
WHK,20180316,0.14687500000000005,0.14687500000000005,0.141979166666666715,0.141979166666666715,51900,0
WHK,20180319,0.141979166666666715,0.151770833333333385,0.141979166666666715,0.14687500000000005,133108,0
WHK,20180320,0.14687500000000005,0.14687500000000005,0.13708333333333338,0.141979166666666715,421815,0
WHK,20180321,0.14687500000000005,0.14687500000000005,0.13708333333333338,0.141979166666666715,196066,0
WHK,20180322,0.132187500000000045,0.141979166666666715,0.122395833333333375,0.13708333333333338,344231,0
WHK,20180323,0.132187500000000045,0.132187500000000045,0.122395833333333375,0.12729166666666671,298001,0
WHK,20180326,0.12729166666666671,0.132187500000000045,0.12729166666666671,0.132187500000000045,36883,0
WHK,20180327,0.132187500000000045,0.132187500000000045,0.132187500000000045,0.132187500000000045,0,0
WHK,20180328,0.122395833333333375,0.122395833333333375,0.10770833333333337,0.112604166666666705,112548,0
WHK,20180329,0.10770833333333337,0.10770833333333337,0.0979166666666667,0.102812500000000035,480600,0
WHK,20180330,0.102812500000000035,0.102812500000000035,0.102812500000000035,0.102812500000000035,0,0
WHK,20180402,0.102812500000000035,0.102812500000000035,0.102812500000000035,0.102812500000000035,0,0
WHK,20180403,0.102812500000000035,0.102812500000000035,0.094000000000000032,0.094000000000000032,203098,0
WHK,20180404,0.102812500000000035,0.10770833333333337,0.102812500000000035,0.102812500000000035,333347,0
WHK,20180405,0.102812500000000035,0.141979166666666715,0.102812500000000035,0.122395833333333375,258908,0
WHK,20180406,0.11750000000000004,0.132187500000000045,0.112604166666666705,0.132187500000000045,210102,0
WHK,20180409,0.122395833333333375,0.12729166666666671,0.11750000000000004,0.12729166666666671,194972,0
WHK,20180410,0.12729166666666671,0.132187500000000045,0.122395833333333375,0.132187500000000045,209914,0
WHK,20180411,0.132187500000000045,0.13708333333333338,0.122395833333333375,0.12729166666666671,882143,0
WHK,20180412,0.12729166666666671,0.12729166666666671,0.12729166666666671,0.12729166666666671,42891,0
WHK,20180413,0.12729166666666671,0.12729166666666671,0.12729166666666671,0.12729166666666671,2000,0
WHK,20180416,0.12729166666666671,0.12729166666666671,0.122395833333333375,0.122395833333333375,52000,0
WHK,20180417,0.122395833333333375,0.122395833333333375,0.112604166666666705,0.112604166666666705,743934,0
WHK,20180418,0.112604166666666705,0.112604166666666705,0.102812500000000035,0.102812500000000035,181545,0
WHK,20180419,0.094000000000000032,0.094000000000000032,0.094000000000000032,0.094000000000000032,9972,0
WHK,20180420,0.0979166666666667,0.102812500000000035,0.0979166666666667,0.102812500000000035,18985,0
WHK,20180423,0.10770833333333337,0.10770833333333337,0.0979166666666667,0.0979166666666667,231640,0
WHK,20180424,0.096937500000000033,0.096937500000000033,0.090083333333333364,0.090083333333333364,515301,0
WHK,20180425,0.090083333333333364,0.090083333333333364,0.090083333333333364,0.090083333333333364,0,0
WHK,20180426,0.093020833333333365,0.096937500000000033,0.093020833333333365,0.096937500000000033,46024,0
WHK,20180427,0.096937500000000033,0.096937500000000033,0.091062500000000031,0.091062500000000031,63605,0
WHK,20180430,0.093020833333333365,0.096937500000000033,0.093020833333333365,0.096937500000000033,15000,0
WHK,20180501,0.091062500000000031,0.091062500000000031,0.089104166666666697,0.089104166666666697,22750,0
WHK,20180502,0.090083333333333364,0.090083333333333364,0.08812500000000003,0.08812500000000003,28200,0
WHK,20180503,0.08812500000000003,0.089104166666666697,0.08812500000000003,0.08812500000000003,102411,0
WHK,20180504,0.083229166666666695,0.08812500000000003,0.07833333333333336,0.086166666666666696,606104,0
WHK,20180507,0.086166666666666696,0.086166666666666696,0.086166666666666696,0.086166666666666696,0,0
WHK,20180508,0.083229166666666695,0.112604166666666705,0.083229166666666695,0.084208333333333362,649047,0
WHK,20180509,0.08812500000000003,0.094979166666666699,0.08812500000000003,0.08812500000000003,337672,0
WHK,20180510,0.087145833333333363,0.089104166666666697,0.087145833333333363,0.08812500000000003,485489,0
WHK,20180511,0.089104166666666697,0.089104166666666697,0.086166666666666696,0.08812500000000003,1771837,0
WHK,20180514,0.087145833333333363,0.094979166666666699,0.085187500000000029,0.094979166666666699,324151,0
WHK,20180515,0.094000000000000032,0.102812500000000035,0.094000000000000032,0.0979166666666667,457500,0
WHK,20180516,0.0979166666666667,0.0979166666666667,0.093020833333333365,0.093020833333333365,272500,0
WHK,20180517,0.094000000000000032,0.0979166666666667,0.094000000000000032,0.0979166666666667,78902,0
WHK,20180518,0.0979166666666667,0.0979166666666667,0.0979166666666667,0.0979166666666667,5200,0
WHK,20180521,0.093020833333333365,0.093020833333333365,0.093020833333333365,0.093020833333333365,18605,0
WHK,20180522,0.093020833333333365,0.093020833333333365,0.093020833333333365,0.093020833333333365,1395,0
WHK,20180523,0.093020833333333365,0.093020833333333365,0.091062500000000031,0.091062500000000031,120871,0
WHK,20180524,0.091062500000000031,0.091062500000000031,0.091062500000000031,0.091062500000000031,13365,0
WHK,20180525,0.085187500000000029,0.087145833333333363,0.083229166666666695,0.083229166666666695,54999,0
WHK,20180528,0.082250000000000028,0.082250000000000028,0.07833333333333336,0.07833333333333336,885800,0
WHK,20180529,0.07833333333333336,0.07833333333333336,0.077354166666666693,0.07833333333333336,755200,0
WHK,20180530,0.07833333333333336,0.07833333333333336,0.074416666666666692,0.07833333333333336,540700,0
WHK,20180531,0.07833333333333336,0.07833333333333336,0.077354166666666693,0.077354166666666693,76425,0
WHK,20180601,0.077354166666666693,0.077354166666666693,0.077354166666666693,0.077354166666666693,0,0
WHK,20180604,0.075395833333333359,0.075395833333333359,0.075395833333333359,0.075395833333333359,4000,0
WHK,20180605,0.074416666666666692,0.074416666666666692,0.070500000000000024,0.071479166666666691,69860,0
WHK,20180606,0.071479166666666691,0.071479166666666691,0.069520833333333357,0.069520833333333357,290540,0
WHK,20180607,0.067562500000000023,0.069520833333333357,0.067562500000000023,0.06854166666666669,240852,0
WHK,20180608,0.066583333333333356,0.072458333333333358,0.066583333333333356,0.06854166666666669,262857,0
WHK,20180611,0.06854166666666669,0.06854166666666669,0.06854166666666669,0.06854166666666669,0,0
WHK,20180612,0.06854166666666669,0.06854166666666669,0.065604166666666689,0.067562500000000023,193639,0
WHK,20180613,0.067562500000000023,0.067562500000000023,0.063645833333333355,0.065604166666666689,267720,0
WHK,20180614,0.061687500000000021,0.063645833333333355,0.05875000000000002,0.063645833333333355,296527,0
WHK,20180615,0.063645833333333355,0.069520833333333357,0.063645833333333355,0.069520833333333357,917456,0
WHK,20180618,0.072458333333333358,0.073437500000000025,0.069520833333333357,0.069520833333333357,267000,0
WHK,20180619,0.065604166666666689,0.066583333333333356,0.063645833333333355,0.063645833333333355,855584,0
WHK,20180620,0.063645833333333355,0.063645833333333355,0.057770833333333353,0.062666666666666688,202858,0
WHK,20180621,0.063645833333333355,0.065604166666666689,0.062666666666666688,0.062666666666666688,265200,0
WHK,20180622,0.067562500000000023,0.069520833333333357,0.065604166666666689,0.06854166666666669,396674,0
WHK,20180625,0.070500000000000024,0.070500000000000024,0.06854166666666669,0.069520833333333357,575706,0
WHK,20180626,0.070500000000000024,0.070500000000000024,0.069520833333333357,0.070500000000000024,121535,0
WHK,20180627,0.066583333333333356,0.066583333333333356,0.063645833333333355,0.063645833333333355,234141,0
WHK,20180628,0.064625000000000022,0.064625000000000022,0.063645833333333355,0.063645833333333355,455700,0
WHK,20180629,0.063645833333333355,0.065604166666666689,0.062666666666666688,0.064625000000000022,570765,0
WHK,20180702,0.063645833333333355,0.064625000000000022,0.063645833333333355,0.063645833333333355,56250,0
WHK,20180703,0.063645833333333355,0.065604166666666689,0.063645833333333355,0.065604166666666689,44802,0
WHK,20180704,0.065604166666666689,0.065604166666666689,0.065604166666666689,0.065604166666666689,5000,0
WHK,20180705,0.065604166666666689,0.070500000000000024,0.065604166666666689,0.066583333333333356,64150,0
WHK,20180706,0.063645833333333355,0.063645833333333355,0.063645833333333355,0.063645833333333355,36264,0
WHK,20180709,0.063645833333333355,0.063645833333333355,0.063645833333333355,0.063645833333333355,13000,0
WHK,20180710,0.063645833333333355,0.063645833333333355,0.060708333333333354,0.061687500000000021,47291,0
WHK,20180711,0.05875000000000002,0.061687500000000021,0.05875000000000002,0.060708333333333354,310500,0
WHK,20180712,0.060708333333333354,0.060708333333333354,0.060708333333333354,0.060708333333333354,20000,0
WHK,20180713,0.064625000000000022,0.066583333333333356,0.064625000000000022,0.065604166666666689,70658,0
WHK,20180716,0.069520833333333357,0.069520833333333357,0.069520833333333357,0.069520833333333357,3240,0
WHK,20180717,0.069520833333333357,0.069520833333333357,0.069520833333333357,0.069520833333333357,0,0
WHK,20180718,0.067562500000000023,0.067562500000000023,0.067562500000000023,0.067562500000000023,2,0
WHK,20180719,0.059729166666666687,0.059729166666666687,0.059729166666666687,0.059729166666666687,40134,0
WHK,20180720,0.059729166666666687,0.060708333333333354,0.059729166666666687,0.060708333333333354,25498,0
WHK,20180723,0.061687500000000021,0.061687500000000021,0.061687500000000021,0.061687500000000021,18821,0
WHK,20180724,0.060708333333333354,0.060708333333333354,0.05875000000000002,0.05875000000000002,206000,0
WHK,20180725,0.05875000000000002,0.05875000000000002,0.05875000000000002,0.05875000000000002,0,0
WHK,20180726,0.05875000000000002,0.05875000000000002,0.05875000000000002,0.05875000000000002,0,0
WHK,20180727,0.064625000000000022,0.064625000000000022,0.063645833333333355,0.063645833333333355,135552,0
WHK,20180730,0.063645833333333355,0.063645833333333355,0.063645833333333355,0.063645833333333355,0,0
WHK,20180731,0.063645833333333355,0.063645833333333355,0.063645833333333355,0.063645833333333355,28000,0
WHK,20180801,0.061687500000000021,0.061687500000000021,0.061687500000000021,0.061687500000000021,40000,0
WHK,20180802,0.061687500000000021,0.061687500000000021,0.061687500000000021,0.061687500000000021,0,0
WHK,20180803,0.061687500000000021,0.062666666666666688,0.061687500000000021,0.062666666666666688,80000,0
WHK,20180806,0.061687500000000021,0.061687500000000021,0.061687500000000021,0.061687500000000021,6200,0
WHK,20180807,0.060708333333333354,0.061687500000000021,0.05875000000000002,0.05875000000000002,157000,0
WHK,20180808,0.05875000000000002,0.05875000000000002,0.05875000000000002,0.05875000000000002,25334,0
WHK,20180809,0.060708333333333354,0.060708333333333354,0.055812500000000019,0.055812500000000019,192531,0
WHK,20180810,0.056791666666666686,0.056791666666666686,0.055812500000000019,0.055812500000000019,14351,0
WHK,20180813,0.054833333333333352,0.056791666666666686,0.054833333333333352,0.056791666666666686,357429,0
WHK,20180814,0.056791666666666686,0.056791666666666686,0.056791666666666686,0.056791666666666686,10345,0
WHK,20180815,0.056791666666666686,0.056791666666666686,0.054833333333333352,0.056791666666666686,56286,0
WHK,20180816,0.059729166666666687,0.059729166666666687,0.056791666666666686,0.056791666666666686,15833,0
WHK,20180817,0.051895833333333351,0.054833333333333352,0.051895833333333351,0.054833333333333352,81610,0
WHK,20180820,0.054833333333333352,0.054833333333333352,0.054833333333333352,0.054833333333333352,0,0
WHK,20180821,0.057770833333333353,0.059729166666666687,0.057770833333333353,0.05875000000000002,238861,0
WHK,20180822,0.05875000000000002,0.05875000000000002,0.05875000000000002,0.05875000000000002,92139,0
WHK,20180823,0.051895833333333351,0.051895833333333351,0.051895833333333351,0.051895833333333351,12000,0
WHK,20180824,0.051895833333333351,0.051895833333333351,0.051895833333333351,0.051895833333333351,0,0
WHK,20180827,0.053854166666666685,0.05875000000000002,0.053854166666666685,0.056791666666666686,262067,0
WHK,20180828,0.056791666666666686,0.056791666666666686,0.056791666666666686,0.056791666666666686,0,0
WHK,20180829,0.059729166666666687,0.059729166666666687,0.059729166666666687,0.059729166666666687,40000,0
WHK,20180830,0.052875000000000018,0.053854166666666685,0.052875000000000018,0.052875000000000018,162292,0
WHK,20180831,0.055812500000000019,0.055812500000000019,0.050916666666666684,0.050916666666666684,118200,0
WHK,20180903,0.049937500000000017,0.052875000000000018,0.049937500000000017,0.052875000000000018,39100,0
WHK,20180904,0.052875000000000018,0.052875000000000018,0.052875000000000018,0.052875000000000018,0,0
WHK,20180905,0.052875000000000018,0.052875000000000018,0.046020833333333349,0.046020833333333349,70439,0
WHK,20180906,0.046020833333333349,0.049937500000000017,0.03916666666666668,0.049937500000000017,170555,0
WHK,20180907,0.049937500000000017,0.049937500000000017,0.049937500000000017,0.049937500000000017,0,0
WHK,20180910,0.050916666666666684,0.050916666666666684,0.049937500000000017,0.049937500000000017,150917,0
WHK,20180911,0.04895833333333335,0.04895833333333335,0.04895833333333335,0.04895833333333335,50216,0
WHK,20180912,0.047979166666666683,0.047979166666666683,0.047979166666666683,0.047979166666666683,19784,0
WHK,20180913,0.042104166666666681,0.042104166666666681,0.042104166666666681,0.042104166666666681,1900,0
WHK,20180914,0.047000000000000016,0.053854166666666685,0.047000000000000016,0.053854166666666685,367716,0
WHK,20180917,0.055812500000000019,0.055812500000000019,0.049937500000000017,0.049937500000000017,243949,0
WHK,20180918,0.047979166666666683,0.04895833333333335,0.047000000000000016,0.047000000000000016,120837,0
WHK,20180919,0.047000000000000016,0.047000000000000016,0.047000000000000016,0.047000000000000016,0,0
WHK,20180920,0.045,0.045,0.043,0.043,65000,0
WHK,20180921,0.045,0.047,0.045,0.047,116949,0
WHK,20180924,0.05,0.051,0.05,0.051,48000,0
WHK,20180925,0.046,0.046,0.046,0.046,99053,0
WHK,20180926,0.046,0.046,0.046,0.046,10900,0
WHK,20180927,0.042,0.042,0.042,0.042,7948,0
WHK,20180928,0.046,0.046,0.046,0.046,50000,0
WHK,20181001,0.046,0.046,0.046,0.046,0,0
WHK,20181002,0.047,0.047,0.044,0.045,78048,0
WHK,20181003,0.047,0.047,0.045,0.045,43000,0
WHK,20181004,0.045,0.045,0.042,0.042,172817,0
WHK,20181005,0.045,0.045,0.041,0.042,106240,0
WHK,20181008,0.044,0.045,0.042,0.045,63997,0
WHK,20181009,0.045,0.045,0.041,0.042,124484,0
WHK,20181010,0.044,0.047,0.044,0.045,138840,0
WHK,20181011,0.042,0.042,0.042,0.042,5000,0
WHK,20181012,0.044,0.046,0.044,0.046,40723,0
WHK,20181015,0.046,0.046,0.046,0.046,0,0
WHK,20181016,0.046,0.046,0.046,0.046,8000,0
WHK,20181017,0.047,0.047,0.047,0.047,20000,0
WHK,20181018,0.048,0.048,0.045,0.045,89750,0
WHK,20181019,0.048,0.048,0.048,0.048,25749,0
WHK,20181022,0.048,0.048,0.043,0.043,110421,0
WHK,20181023,0.042,0.042,0.04,0.041,240271,0
WHK,20181024,0.043,0.043,0.043,0.043,36200,0
WHK,20181025,0.043,0.043,0.043,0.043,0,0
WHK,20181026,0.043,0.043,0.042,0.043,84480,0
WHK,20181029,0.043,0.043,0.043,0.043,0,0
WHK,20181030,0.043,0.043,0.043,0.043,0,0
WHK,20181031,0.043,0.043,0.043,0.043,0,0
WHK,20181101,0.043,0.043,0.04,0.04,51830,0
WHK,20181102,0.078,0.115,0.055,0.087,95091369,0
WHK,20181105,0.089,0.095,0.074,0.075,26565093,0
WHK,20181106,0.076,0.09,0.075,0.085,21245876,0
WHK,20181107,0.084,0.087,0.074,0.076,5805918,0
WHK,20181108,0.076,0.102,0.075,0.081,30035265,0
WHK,20181109,0.083,0.088,0.078,0.084,6199406,0
WHK,20181112,0.083,0.087,0.078,0.079,5343465,0
WHK,20181113,0.077,0.08,0.072,0.076,3094286,0
WHK,20181114,0.077,0.079,0.071,0.072,1561340,0
WHK,20181115,0.073,0.075,0.067,0.072,2301003,0
WHK,20181116,0.076,0.089,0.076,0.077,16646626,0
WHK,20181119,0.077,0.081,0.07,0.07,3031122,0
WHK,20181120,0.07,0.074,0.068,0.069,2032859,0
WHK,20181121,0.068,0.069,0.059,0.061,7849717,0
WHK,20181122,0.063,0.066,0.055,0.056,6097740,0
WHK,20181123,0.055,0.062,0.055,0.055,4398943,0
WHK,20181126,0.056,0.058,0.052,0.053,1429144,0
WHK,20181127,0.055,0.058,0.053,0.056,1352577,0
WHK,20181128,0.056,0.063,0.054,0.057,3390193,0
WHK,20181129,0.057,0.061,0.054,0.055,3514555,0
WHK,20181130,0.056,0.057,0.053,0.053,935599,0
WHK,20181203,0.054,0.054,0.048,0.05,3338119,0
WHK,20181204,0.053,0.062,0.052,0.056,4174551,0
WHK,20181205,0.051,0.055,0.051,0.051,1415217,0
WHK,20181206,0.052,0.054,0.05,0.05,1599084,0
WHK,20181207,0.072,0.078,0.06,0.061,26010209,0
WHK,20181210,0.058,0.061,0.055,0.057,2620824,0
WHK,20181211,0.057,0.062,0.054,0.06,2388229,0
WHK,20181212,0.06,0.083,0.058,0.075,23771259,0
WHK,20181213,0.079,0.095,0.077,0.08,53802758,0
WHK,20181214,0.077,0.079,0.071,0.073,6283730,0
WHK,20181217,0.072,0.079,0.071,0.075,7835095,0
WHK,20181218,0.074,0.076,0.069,0.072,4311834,0
WHK,20181219,0.071,0.079,0.067,0.07,8550020,0
WHK,20181220,0.068,0.068,0.061,0.063,5249793,0
WHK,20181221,0.063,0.065,0.058,0.059,4826673,0
WHK,20181224,0.058,0.06,0.056,0.057,1407479,0
WHK,20181225,0.057,0.057,0.057,0.057,0,0
WHK,20181226,0.057,0.057,0.057,0.057,0,0
WHK,20181227,0.058,0.06,0.057,0.057,1761846,0
WHK,20181228,0.058,0.065,0.058,0.063,2659229,0
WHK,20181231,0.063,0.067,0.06,0.06,1701291,0
WHK,20190101,0.06,0.06,0.06,0.06,0,0
WHK,20190102,0.063,0.069,0.061,0.067,3039624,0
WHK,20190103,0.069,0.073,0.066,0.066,2067087,0
WHK,20190104,0.066,0.074,0.066,0.07,1860986,0
WHK,20190107,0.07,0.074,0.069,0.07,2068483,0
WHK,20190108,0.07,0.081,0.07,0.078,4346211,0
WHK,20190109,0.079,0.083,0.076,0.079,3830366,0
WHK,20190110,0.08,0.089,0.08,0.083,5880203,0
WHK,20190111,0.089,0.093,0.086,0.093,4461312,0
WHK,20190114,0.091,0.097,0.087,0.087,4547502,0
WHK,20190115,0.089,0.093,0.085,0.087,4139711,0
WHK,20190116,0.087,0.09,0.082,0.085,2898952,0
WHK,20190117,0.087,0.088,0.083,0.084,1045536,0
WHK,20190118,0.084,0.084,0.08,0.081,1898017,0
WHK,20190121,0.081,0.086,0.081,0.084,1023964,0
WHK,20190122,0.083,0.085,0.079,0.079,797284,0
WHK,20190123,0.077,0.078,0.073,0.075,4093041,0
WHK,20190124,0.074,0.08,0.074,0.077,2314672,0
WHK,20190125,0.077,0.077,0.068,0.069,4330452,0
WHK,20190128,0.069,0.069,0.069,0.069,0,0
WHK,20190129,0.069,0.071,0.067,0.07,875698,0
WHK,20190130,0.07,0.07,0.067,0.067,903106,0
WHK,20190131,0.069,0.072,0.064,0.065,2657124,0
WHK,20190201,0.065,0.067,0.063,0.065,813092,0
WHK,20190204,0.067,0.069,0.066,0.068,704322,0
WHK,20190205,0.07,0.071,0.064,0.064,1800898,0
WHK,20190206,0.064,0.064,0.06,0.061,828180,0
WHK,20190207,0.063,0.066,0.062,0.062,356657,0
WHK,20190208,0.063,0.063,0.059,0.061,1561478,0
WHK,20190211,0.062,0.064,0.061,0.062,527447,0
WHK,20190212,0.062,0.063,0.059,0.06,926345,0
WHK,20190213,0.06,0.063,0.06,0.063,293269,0
WHK,20190214,0.064,0.066,0.063,0.064,504181,0
WHK,20190215,0.066,0.066,0.063,0.063,228576,0
WHK,20190218,0.063,0.068,0.063,0.067,575261,0
WHK,20190219,0.067,0.068,0.065,0.065,849103,0
WHK,20190220,0.065,0.066,0.062,0.065,1103340,0
WHK,20190221,0.066,0.07,0.066,0.067,1441471,0
WHK,20190222,0.066,0.066,0.065,0.065,589459,0
WHK,20190225,0.065,0.065,0.065,0.065,241139,0
WHK,20190226,0.066,0.072,0.065,0.071,1354262,0
WHK,20190227,0.069,0.07,0.069,0.07,74746,0
WHK,20190228,0.068,0.068,0.068,0.068,45706,0
WHK,20190301,0.069,0.07,0.066,0.07,731220,0
WHK,20190304,0.07,0.071,0.07,0.071,148915,0
WHK,20190305,0.072,0.072,0.071,0.071,431211,0
WHK,20190306,0.076,0.076,0.068,0.072,694230,0
WHK,20190307,0.07,0.071,0.069,0.069,301300,0
WHK,20190308,0.07,0.07,0.065,0.07,447982,0
WHK,20190311,0.07,0.071,0.07,0.071,84408,0
WHK,20190312,0.071,0.071,0.07,0.07,88756,0
WHK,20190313,0.066,0.069,0.066,0.069,127246,0
WHK,20190314,0.069,0.069,0.067,0.067,125870,0
WHK,20190315,0.066,0.068,0.066,0.068,73295,0
WHK,20190318,0.068,0.069,0.067,0.067,318249,0
WHK,20190319,0.066,0.067,0.065,0.065,72668,0
WHK,20190320,0.066,0.066,0.066,0.066,156792,0
WHK,20190321,0.066,0.066,0.065,0.065,309184,0
WHK,20190322,0.066,0.067,0.065,0.067,218304,0
WHK,20190325,0.068,0.068,0.067,0.068,118808,0
WHK,20190326,0.068,0.068,0.068,0.068,147648,0
WHK,20190327,0.068,0.068,0.066,0.068,104991,0
WHK,20190328,0.065,0.069,0.064,0.069,120320,0
WHK,20190329,0.065,0.068,0.065,0.068,130248,0
WHK,20190401,0.066,0.068,0.066,0.068,45236,0
WHK,20190402,0.066,0.067,0.065,0.067,623734,0
WHK,20190403,0.067,0.067,0.065,0.067,207506,0
WHK,20190404,0.068,0.069,0.068,0.069,26322,0
WHK,20190405,0.066,0.068,0.065,0.068,56687,0
WHK,20190408,0.066,0.068,0.066,0.068,140781,0
WHK,20190409,0.065,0.067,0.065,0.067,173339,0
WHK,20190410,0.067,0.067,0.067,0.067,35668,0
WHK,20190411,0.068,0.068,0.068,0.068,10000,0
WHK,20190412,0.067,0.068,0.067,0.067,111615,0
WHK,20190415,0.066,0.066,0.063,0.063,399045,0
WHK,20190416,0.063,0.064,0.06,0.064,230809,0
WHK,20190417,0.065,0.065,0.064,0.064,231941,0
WHK,20190418,0.065,0.065,0.064,0.065,111979,0
WHK,20190419,0.065,0.065,0.065,0.065,0,0
WHK,20190422,0.065,0.065,0.065,0.065,0,0
WHK,20190423,0.065,0.066,0.064,0.066,124532,0
WHK,20190424,0.065,0.066,0.064,0.066,138438,0
WHK,20190425,0.066,0.066,0.066,0.066,0,0
WHK,20190426,0.065,0.065,0.062,0.065,93700,0
WHK,20190429,0.063,0.064,0.062,0.064,121592,0
WHK,20190430,0.064,0.064,0.064,0.064,15000,0
WHK,20190501,0.081,0.093,0.074,0.087,16920910,0
WHK,20190502,0.084,0.095,0.08,0.089,15915505,0
WHK,20190503,0.1,0.125,0.1,0.11,21326555,0
WHK,20190506,0.12,0.125,0.1,0.105,7964042,0
WHK,20190507,0.11,0.14,0.11,0.135,12869059,0
WHK,20190508,0.135,0.152,0.125,0.125,16734561,0
WHK,20190509,0.125,0.135,0.125,0.13,3394196,0
WHK,20190510,0.13,0.13,0.13,0.13,0,0
WHK,20190513,0.13,0.13,0.13,0.13,0,0
WHK,20190514,0.12,0.13,0.115,0.125,4337602,0
WHK,20190515,0.125,0.135,0.125,0.13,2799335,0
WHK,20190516,0.13,0.13,0.12,0.12,2500017,0
WHK,20190517,0.12,0.12,0.11,0.11,3119817,0
WHK,20190520,0.11,0.117,0.107,0.11,5840460,0
WHK,20190521,0.11,0.11,0.105,0.11,813366,0
WHK,20190522,0.105,0.11,0.105,0.11,5303798,0
WHK,20190523,0.11,0.12,0.11,0.115,3646632,0
WHK,20190524,0.115,0.115,0.115,0.115,1303579,0
WHK,20190527,0.12,0.14,0.12,0.14,8186601,0
WHK,20190528,0.14,0.155,0.13,0.145,16828255,0
WHK,20190529,0.15,0.155,0.14,0.15,7165845,0
WHK,20190530,0.15,0.165,0.135,0.14,9887949,0
WHK,20190531,0.14,0.15,0.14,0.145,3946709,0
WHK,20190603,0.14,0.145,0.12,0.12,5583572,0
WHK,20190604,0.125,0.125,0.105,0.11,6300115,0
WHK,20190605,0.11,0.115,0.11,0.11,1647436,0
WHK,20190606,0.115,0.115,0.105,0.105,2396859,0
WHK,20190607,0.11,0.12,0.105,0.115,1586738,0
WHK,20190610,0.115,0.115,0.115,0.115,0,0
WHK,20190611,0.115,0.122,0.115,0.12,1454080,0
WHK,20190612,0.12,0.12,0.115,0.115,1322543,0
WHK,20190613,0.115,0.115,0.105,0.11,1543161,0
WHK,20190614,0.11,0.11,0.105,0.105,835563,0
WHK,20190617,0.105,0.11,0.105,0.11,397327,0
WHK,20190618,0.125,0.125,0.11,0.115,3608368,0
WHK,20190619,0.115,0.115,0.105,0.105,2298909,0
WHK,20190620,0.105,0.105,0.1,0.105,2412972,0
WHK,20190621,0.105,0.11,0.1,0.1,957944,0
WHK,20190624,0.1,0.1,0.1,0.1,0,0
WHK,20190625,0.099,0.1,0.092,0.092,3230252,0
WHK,20190626,0.092,0.094,0.089,0.09,1244212,0
WHK,20190627,0.093,0.102,0.092,0.097,2470661,0
WHK,20190628,0.097,0.097,0.092,0.095,1197539,0
WHK,20190701,0.095,0.098,0.095,0.096,643465,0
WHK,20190702,0.096,0.1,0.096,0.097,904881,0
WHK,20190703,0.1,0.105,0.097,0.1,427871,0
WHK,20190704,0.105,0.105,0.1,0.1,387096,0
WHK,20190705,0.1,0.1,0.1,0.1,169271,0
WHK,20190708,0.1,0.102,0.098,0.1,422043,0
WHK,20190709,0.098,0.099,0.095,0.095,1201892,0
WHK,20190710,0.094,0.095,0.093,0.095,353217,0
WHK,20190711,0.094,0.1,0.094,0.1,1248277,0
WHK,20190712,0.1,0.115,0.1,0.105,2577832,0
WHK,20190715,0.105,0.115,0.1,0.105,1142276,0
WHK,20190716,0.11,0.11,0.105,0.105,850987,0
WHK,20190717,0.11,0.11,0.1,0.1,323560,0
WHK,20190718,0.1,0.102,0.096,0.098,2213019,0
WHK,20190719,0.1,0.105,0.098,0.1,549859,0
WHK,20190722,0.1,0.1,0.099,0.1,670828,0
WHK,20190723,0.1,0.105,0.098,0.099,915611,0
WHK,20190724,0.099,0.1,0.098,0.1,755614,0
WHK,20190725,0.1,0.1,0.094,0.095,1352014,0
WHK,20190726,0.095,0.096,0.091,0.094,1878199,0
WHK,20190729,0.092,0.099,0.089,0.097,2057965,0
WHK,20190730,0.1,0.1,0.095,0.097,153686,0
WHK,20190731,0.095,0.102,0.095,0.098,2571059,0
WHK,20190801,0.105,0.105,0.1,0.105,729190,0
WHK,20190802,0.105,0.105,0.1,0.1,528677,0
WHK,20190805,0.105,0.105,0.098,0.098,2266072,0
WHK,20190806,0.095,0.1,0.093,0.1,952222,0
WHK,20190807,0.105,0.105,0.1,0.1,972417,0
WHK,20190808,0.105,0.105,0.1,0.1,527698,0
WHK,20190809,0.1,0.1,0.1,0.1,230204,0
WHK,20190812,0.105,0.105,0.1,0.1,429546,0
WHK,20190813,0.105,0.105,0.096,0.096,957731,0
WHK,20190814,0.105,0.11,0.1,0.1,2957873,0
WHK,20190815,0.099,0.105,0.096,0.097,2397150,0
WHK,20190816,0.098,0.1,0.097,0.1,752016,0
WHK,20190819,0.099,0.105,0.099,0.1,620844,0
WHK,20190820,0.1,0.1,0.098,0.099,709700,0
WHK,20190821,0.098,0.098,0.098,0.098,10000,0
WHK,20190822,0.098,0.105,0.098,0.1,1025847,0
WHK,20190823,0.099,0.105,0.097,0.105,521084,0
WHK,20190826,0.099,0.1,0.098,0.099,643295,0
WHK,20190827,0.1,0.1,0.094,0.096,1611905,0
WHK,20190828,0.096,0.096,0.09,0.091,1927513,0
WHK,20190829,0.091,0.091,0.087,0.09,707555,0
WHK,20190830,0.091,0.091,0.089,0.089,251189,0
WHK,20190902,0.089,0.094,0.089,0.091,510848,0
WHK,20190903,0.09,0.09,0.081,0.085,2553546,0
WHK,20190904,0.087,0.091,0.086,0.087,1808120,0
WHK,20190905,0.086,0.086,0.083,0.083,894522,0
WHK,20190906,0.081,0.082,0.079,0.079,1208522,0
WHK,20190909,0.079,0.079,0.076,0.076,1132230,0
WHK,20190910,0.076,0.081,0.076,0.08,512333,0
WHK,20190911,0.081,0.081,0.079,0.081,260674,0
WHK,20190912,0.08,0.08,0.076,0.076,480391,0
WHK,20190913,0.077,0.081,0.075,0.075,425271,0
WHK,20190916,0.077,0.079,0.075,0.075,482969,0
WHK,20190917,0.075,0.075,0.074,0.074,372405,0
WHK,20190918,0.074,0.074,0.074,0.074,210878,0
WHK,20190919,0.075,0.075,0.07,0.072,824763,0
WHK,20190920,0.073,0.073,0.069,0.069,1011606,0
WHK,20190923,0.069,0.07,0.067,0.07,965725,0
WHK,20190924,0.071,0.078,0.071,0.073,1248846,0
WHK,20190925,0.075,0.075,0.074,0.075,308519,0
WHK,20190926,0.075,0.076,0.073,0.076,311783,0
WHK,20190927,0.076,0.076,0.073,0.073,258021,0
WHK,20190930,0.075,0.076,0.074,0.074,452106,0
WHK,20191001,0.075,0.077,0.075,0.076,311013,0
WHK,20191002,0.077,0.077,0.073,0.073,416156,0
WHK,20191003,0.072,0.074,0.071,0.073,427763,0
WHK,20191004,0.075,0.079,0.075,0.075,479815,0
WHK,20191007,0.074,0.076,0.074,0.076,345260,0
WHK,20191008,0.076,0.076,0.073,0.074,217669,0
WHK,20191009,0.075,0.075,0.069,0.069,1249291,0
WHK,20191010,0.07,0.075,0.069,0.069,502596,0
WHK,20191011,0.07,0.07,0.069,0.069,15738,0
WHK,20191014,0.074,0.074,0.07,0.074,855724,0
WHK,20191015,0.074,0.079,0.074,0.078,869557,0
WHK,20191016,0.078,0.08,0.077,0.079,449721,0
WHK,20191017,0.079,0.079,0.076,0.078,297531,0
WHK,20191018,0.078,0.079,0.075,0.075,212969,0
WHK,20191021,0.076,0.077,0.075,0.075,230290,0
WHK,20191022,0.078,0.078,0.074,0.074,163592,0
WHK,20191023,0.074,0.074,0.07,0.072,167829,0
WHK,20191024,0.074,0.075,0.071,0.074,446383,0
WHK,20191025,0.072,0.072,0.072,0.072,16244,0
WHK,20191028,0.073,0.074,0.068,0.068,1628335,0
WHK,20191029,0.069,0.07,0.067,0.07,812305,0
WHK,20191030,0.071,0.074,0.069,0.071,882258,0
WHK,20191031,0.077,0.082,0.072,0.08,2838422,0
WHK,20191101,0.081,0.082,0.079,0.079,354134,0
WHK,20191104,0.08,0.081,0.079,0.079,195476,0
WHK,20191105,0.083,0.083,0.08,0.082,293981,0
WHK,20191106,0.083,0.086,0.083,0.086,951770,0
WHK,20191107,0.088,0.091,0.085,0.087,1216626,0
WHK,20191108,0.09,0.1,0.086,0.095,4355175,0
WHK,20191111,0.097,0.099,0.094,0.094,1483207,0
WHK,20191112,0.094,0.112,0.094,0.1,4849989,0
WHK,20191113,0.098,0.11,0.094,0.105,2682699,0
WHK,20191114,0.105,0.11,0.097,0.1,1441546,0
WHK,20191115,0.1,0.1,0.094,0.095,806279,0
WHK,20191118,0.099,0.1,0.098,0.1,375336,0
WHK,20191119,0.097,0.11,0.097,0.105,1303167,0
WHK,20191120,0.11,0.11,0.098,0.1,1218351,0
WHK,20191121,0.1,0.1,0.098,0.099,429350,0
WHK,20191122,0.1,0.1,0.099,0.099,259170,0
WHK,20191125,0.1,0.1,0.1,0.1,323045,0
WHK,20191126,0.099,0.099,0.092,0.092,1213134,0
WHK,20191127,0.093,0.098,0.088,0.098,1026519,0
WHK,20191128,0.095,0.095,0.094,0.095,64493,0
WHK,20191129,0.093,0.095,0.092,0.095,121567,0
WHK,20191202,0.094,0.094,0.092,0.093,105705,0
WHK,20191203,0.091,0.091,0.09,0.09,264567,0
WHK,20191204,0.09,0.09,0.086,0.088,717972,0
WHK,20191205,0.086,0.086,0.083,0.085,666575,0
WHK,20191206,0.082,0.085,0.082,0.085,230058,0
WHK,20191209,0.085,0.088,0.085,0.088,116078,0
WHK,20191210,0.085,0.088,0.085,0.088,9928,0
WHK,20191211,0.088,0.088,0.085,0.088,10774,0
WHK,20191212,0.084,0.085,0.083,0.085,189380,0
WHK,20191213,0.085,0.085,0.083,0.085,61400,0
WHK,20191216,0.086,0.087,0.085,0.085,107430,0
WHK,20191217,0.084,0.086,0.083,0.085,225950,0
WHK,20191218,0.084,0.086,0.084,0.085,97112,0
WHK,20191219,0.086,0.088,0.085,0.086,236041,0
WHK,20191220,0.085,0.088,0.085,0.088,30122,0
WHK,20191223,0.086,0.087,0.084,0.084,158437,0
WHK,20191224,0.084,0.085,0.084,0.085,50937,0
WHK,20191225,0.085,0.085,0.085,0.085,0,0
WHK,20191226,0.085,0.085,0.085,0.085,0,0
WHK,20191227,0.085,0.085,0.085,0.085,0,0
WHK,20191230,0.085,0.088,0.084,0.087,131536,0
WHK,20191231,0.085,0.087,0.085,0.087,108544,0
WHK,20200101,0.087,0.087,0.087,0.087,0,0
WHK,20200102,0.087,0.087,0.083,0.085,216731,0
WHK,20200103,0.085,0.087,0.085,0.086,119459,0
WHK,20200106,0.086,0.086,0.086,0.086,0,0
WHK,20200107,0.085,0.086,0.082,0.084,278830,0
WHK,20200108,0.083,0.084,0.083,0.084,59761,0
WHK,20200109,0.083,0.084,0.083,0.084,108811,0
WHK,20200110,0.084,0.087,0.084,0.084,147345,0
WHK,20200113,0.083,0.083,0.082,0.083,212632,0
WHK,20200114,0.082,0.083,0.082,0.082,187300,0
WHK,20200115,0.082,0.084,0.082,0.083,172090,0
WHK,20200116,0.083,0.084,0.081,0.083,37950,0
WHK,20200117,0.082,0.084,0.081,0.084,86434,0
WHK,20200120,0.083,0.085,0.08,0.082,401765,0
WHK,20200121,0.083,0.084,0.077,0.077,252748,0
WHK,20200122,0.077,0.079,0.077,0.079,181214,0
WHK,20200123,0.078,0.078,0.078,0.078,10000,0
WHK,20200124,0.078,0.078,0.078,0.078,0,0
WHK,20200127,0.078,0.078,0.078,0.078,0,0
WHK,20200128,0.076,0.079,0.076,0.079,25228,0
WHK,20200129,0.076,0.078,0.076,0.076,191293,0
WHK,20200130,0.075,0.076,0.063,0.076,1161181,0
WHK,20200131,0.079,0.079,0.074,0.074,207023,0
WHK,20200203,0.073,0.073,0.068,0.072,765190,0
WHK,20200204,0.068,0.07,0.068,0.07,104210,0
WHK,20200205,0.068,0.07,0.067,0.069,154324,0
WHK,20200206,0.069,0.071,0.069,0.071,55754,0
WHK,20200207,0.072,0.076,0.072,0.076,210810,0
WHK,20200210,0.078,0.081,0.074,0.075,182903,0
WHK,20200211,0.074,0.077,0.074,0.074,140246,0
WHK,20200212,0.072,0.073,0.069,0.069,857538,0
WHK,20200213,0.069,0.07,0.069,0.069,278057,0
WHK,20200214,0.07,0.072,0.068,0.068,184393,0
WHK,20200217,0.068,0.068,0.068,0.068,0,0
WHK,20200218,0.07,0.073,0.069,0.071,623043,0
WHK,20200219,0.07,0.071,0.07,0.071,37106,0
WHK,20200220,0.07,0.071,0.068,0.068,306207,0
WHK,20200221,0.07,0.07,0.068,0.07,72220,0
WHK,20200224,0.069,0.069,0.063,0.063,1686094,0
WHK,20200225,0.063,0.065,0.057,0.065,862358,0
WHK,20200226,0.065,0.065,0.065,0.065,0,0
WHK,20200227,0.062,0.062,0.058,0.058,902054,0
WHK,20200228,0.057,0.061,0.057,0.059,1518037,0
WHK,20200302,0.059,0.061,0.058,0.061,764908,0
WHK,20200303,0.062,0.063,0.058,0.058,549849,0
WHK,20200304,0.058,0.058,0.054,0.054,787838,0
WHK,20200305,0.054,0.057,0.053,0.053,361300,0
WHK,20200306,0.053,0.053,0.049,0.049,280485,0
WHK,20200309,0.049,0.049,0.041,0.041,857613,0
WHK,20200310,0.041,0.045,0.033,0.045,615099,0
WHK,20200311,0.048,0.048,0.042,0.042,491971,0
WHK,20200312,0.043,0.043,0.037,0.041,410909,0
WHK,20200313,0.035,0.038,0.034,0.034,376841,0
WHK,20200316,0.038,0.038,0.034,0.035,145827,0
WHK,20200317,0.035,0.037,0.035,0.037,339531,0
WHK,20200318,0.039,0.039,0.035,0.035,176688,0
WHK,20200319,0.032,0.035,0.03,0.031,222609,0
WHK,20200320,0.032,0.04,0.032,0.035,265934,0
WHK,20200323,0.034,0.034,0.025,0.025,465459,0
WHK,20200324,0.03,0.033,0.03,0.032,1102729,0
WHK,20200325,0.032,0.032,0.029,0.029,475224,0
WHK,20200326,0.03,0.031,0.029,0.031,631846,0
WHK,20200327,0.033,0.037,0.032,0.036,398544,0
WHK,20200330,0.036,0.037,0.032,0.037,1052544,0
WHK,20200331,0.04,0.043,0.04,0.04,275262,0
WHK,20200401,0.04,0.04,0.04,0.04,0,0
WHK,20200402,0.043,0.045,0.043,0.045,196392,0
WHK,20200403,0.047,0.047,0.047,0.047,147392,0
WHK,20200406,0.047,0.05,0.047,0.05,315218,0
WHK,20200407,0.052,0.052,0.048,0.051,409000,0
WHK,20200408,0.051,0.051,0.05,0.051,125218,0
WHK,20200409,0.05,0.05,0.046,0.048,73786,0
WHK,20200410,0.048,0.048,0.048,0.048,0,0
WHK,20200413,0.048,0.048,0.048,0.048,0,0
WHK,20200414,0.05,0.05,0.047,0.05,397723,0
WHK,20200415,0.066,0.07,0.06,0.061,3812069,0
WHK,20200416,0.063,0.063,0.056,0.056,1087595,0
WHK,20200417,0.058,0.06,0.057,0.058,1372880,0
WHK,20200420,0.058,0.058,0.055,0.055,567876,0
WHK,20200421,0.052,0.056,0.051,0.056,514776,0
WHK,20200422,0.051,0.054,0.05,0.054,457471,0
WHK,20200423,0.055,0.058,0.055,0.055,2067997,0
WHK,20200424,0.057,0.057,0.055,0.055,79977,0
WHK,20200427,0.053,0.053,0.052,0.053,128715,0
WHK,20200428,0.055,0.055,0.047,0.049,1145718,0
WHK,20200429,0.047,0.053,0.045,0.053,260322,0
WHK,20200430,0.055,0.058,0.054,0.058,2442322,0
WHK,20200501,0.057,0.057,0.054,0.055,484479,0
WHK,20200504,0.058,0.058,0.057,0.058,326657,0
WHK,20200505,0.056,0.056,0.054,0.054,413343,0
WHK,20200506,0.054,0.055,0.052,0.052,115431,0
WHK,20200507,0.051,0.052,0.051,0.052,150483,0
WHK,20200508,0.051,0.052,0.049,0.05,824106,0
WHK,20200511,0.05,0.054,0.05,0.052,521193,0
WHK,20200512,0.054,0.054,0.051,0.051,413984,0
WHK,20200513,0.051,0.051,0.051,0.051,317209,0
WHK,20200514,0.052,0.056,0.051,0.056,616618,0
WHK,20200515,0.057,0.06,0.057,0.06,320652,0
WHK,20200518,0.059,0.064,0.059,0.063,900350,0
WHK,20200519,0.064,0.064,0.061,0.061,377055,0
WHK,20200520,0.061,0.063,0.061,0.062,216644,0
WHK,20200521,0.062,0.065,0.06,0.065,749690,0
WHK,20200522,0.067,0.07,0.065,0.065,612751,0
WHK,20200525,0.066,0.071,0.066,0.071,693847,0
WHK,20200526,0.071,0.072,0.068,0.07,877430,0
WHK,20200527,0.07,0.07,0.07,0.07,116748,0
WHK,20200528,0.07,0.072,0.069,0.072,902416,0
WHK,20200529,0.073,0.073,0.069,0.072,615731,0
WHK,20200601,0.071,0.072,0.07,0.071,398829,0
WHK,20200602,0.072,0.073,0.071,0.071,358720,0
WHK,20200603,0.071,0.071,0.07,0.071,129815,0
WHK,20200604,0.07,0.071,0.069,0.069,393000,0
WHK,20200605,0.071,0.071,0.069,0.069,315446,0
WHK,20200608,0.069,0.069,0.069,0.069,0,0
WHK,20200609,0.07,0.07,0.07,0.07,57736,0
WHK,20200610,0.07,0.07,0.068,0.068,5361283,0
WHK,20200611,0.068,0.068,0.063,0.064,917580,0
WHK,20200612,0.062,0.062,0.056,0.058,1013032,0
WHK,20200615,0.058,0.058,0.058,0.058,0,0
WHK,20200616,0.054,0.057,0.052,0.052,552455,0
WHK,20200617,0.055,0.057,0.055,0.057,187321,0
WHK,20200618,0.055,0.055,0.051,0.051,908393,0
WHK,20200619,0.056,0.061,0.054,0.061,3359675,0
WHK,20200622,0.069,0.1,0.068,0.1,18966411,0
WHK,20200623,0.1,0.1,0.08,0.083,13043402,0
WHK,20200624,0.082,0.091,0.077,0.084,4033056,0
WHK,20200625,0.085,0.087,0.083,0.084,1262024,0
WHK,20200626,0.081,0.085,0.08,0.085,812792,0
WHK,20200629,0.086,0.086,0.076,0.076,1533057,0
WHK,20200630,0.086,0.091,0.083,0.085,4366813,0
WHK,20200701,0.087,0.087,0.081,0.084,1127488,0
WHK,20200702,0.085,0.095,0.085,0.092,3263042,0
WHK,20200703,0.095,0.095,0.086,0.088,2296483,0
WHK,20200706,0.089,0.094,0.089,0.09,1580196,0
WHK,20200707,0.09,0.092,0.087,0.088,655118,0
WHK,20200708,0.088,0.095,0.087,0.093,1399394,0
WHK,20200709,0.094,0.095,0.093,0.094,500915,0
WHK,20200710,0.094,0.095,0.09,0.091,624152,0
WHK,20200713,0.091,0.093,0.087,0.088,664569,0
WHK,20200714,0.088,0.088,0.08,0.08,1517768,0
WHK,20200715,0.082,0.082,0.079,0.082,257894,0
WHK,20200716,0.082,0.084,0.077,0.077,422321,0
WHK,20200717,0.078,0.08,0.078,0.079,93689,0
WHK,20200720,0.079,0.079,0.078,0.079,441136,0
WHK,20200721,0.081,0.084,0.079,0.084,790318,0
WHK,20200722,0.086,0.088,0.083,0.084,663924,0
WHK,20200723,0.085,0.093,0.085,0.092,1225173,0
WHK,20200724,0.09,0.092,0.087,0.087,608595,0
WHK,20200727,0.088,0.095,0.088,0.094,2338362,0
WHK,20200728,0.125,0.16,0.11,0.16,49322378,0
WHK,20200729,0.145,0.15,0.125,0.13,16245599,0
WHK,20200730,0.13,0.14,0.125,0.135,6514181,0
WHK,20200731,0.135,0.14,0.13,0.13,2020745,0
WHK,20200803,0.135,0.16,0.13,0.155,14972849,0
WHK,20200804,0.155,0.165,0.14,0.15,6788194,0
WHK,20200805,0.145,0.15,0.14,0.145,1283761,0
WHK,20200806,0.145,0.17,0.145,0.165,10384978,0
WHK,20200807,0.165,0.185,0.16,0.175,11622891,0
WHK,20200810,0.18,0.205,0.175,0.19,11086109,0
WHK,20200811,0.2,0.205,0.17,0.17,7791152,0
WHK,20200812,0.165,0.175,0.162,0.17,3613735,0
WHK,20200813,0.17,0.18,0.165,0.165,3435137,0
WHK,20200814,0.165,0.175,0.165,0.175,1810868,0
WHK,20200817,0.18,0.185,0.17,0.175,2256309,0
WHK,20200818,0.175,0.175,0.17,0.175,848894,0
WHK,20200819,0.18,0.185,0.17,0.175,1630148,0
WHK,20200820,0.17,0.17,0.155,0.155,4227848,0
WHK,20200821,0.155,0.17,0.15,0.16,4204624,0
WHK,20200824,0.165,0.165,0.155,0.155,1360158,0
WHK,20200825,0.15,0.155,0.145,0.15,2899601,0
WHK,20200826,0.15,0.155,0.145,0.15,2229669,0
WHK,20200827,0.155,0.16,0.15,0.15,1824494,0
WHK,20200828,0.15,0.16,0.15,0.16,1050351,0
WHK,20200831,0.16,0.16,0.15,0.15,1135425,0
WHK,20200901,0.155,0.155,0.14,0.14,2985886,0
WHK,20200902,0.145,0.145,0.135,0.14,2360809,0
WHK,20200903,0.14,0.15,0.135,0.14,1465721,0
WHK,20200904,0.125,0.14,0.12,0.125,3675933,0
WHK,20200907,0.125,0.135,0.125,0.125,1650768,0
WHK,20200908,0.125,0.145,0.125,0.145,2165795,0
WHK,20200909,0.14,0.145,0.13,0.14,1162839,0
WHK,20200910,0.145,0.145,0.135,0.135,1080081,0
WHK,20200911,0.135,0.14,0.135,0.135,527983,0
WHK,20200914,0.135,0.135,0.13,0.13,1173886,0
WHK,20200915,0.135,0.135,0.125,0.13,1326840,0
WHK,20200916,0.135,0.14,0.125,0.14,926581,0
WHK,20200917,0.14,0.14,0.13,0.135,516440,0
WHK,20200918,0.135,0.14,0.125,0.13,678709,0
WHK,20200921,0.135,0.14,0.13,0.14,3116784,0
WHK,20200922,0.135,0.14,0.13,0.135,892340,0
WHK,20200923,0.15,0.16,0.14,0.145,2577668,0
WHK,20200924,0.14,0.14,0.132,0.135,1307236,0
WHK,20200925,0.14,0.145,0.137,0.137,635612,0
WHK,20200928,0.135,0.137,0.135,0.135,821926,0
WHK,20200929,0.135,0.137,0.13,0.13,780847,0
WHK,20200930,0.13,0.13,0.125,0.125,1961447,0
WHK,20201001,0.13,0.137,0.127,0.13,1725199,0
WHK,20201002,0.135,0.14,0.12,0.12,2078192,0
WHK,20201005,0.125,0.13,0.125,0.125,444594,0
WHK,20201006,0.14,0.14,0.125,0.125,3947006,0
WHK,20201007,0.135,0.16,0.13,0.155,7932143,0
WHK,20201008,0.165,0.175,0.16,0.165,5018494,0
WHK,20201009,0.17,0.175,0.165,0.175,2027792,0
WHK,20201012,0.175,0.18,0.17,0.17,2337353,0
WHK,20201013,0.18,0.19,0.17,0.175,4527813,0
WHK,20201014,0.175,0.175,0.175,0.175,0,0
WHK,20201015,0.175,0.175,0.175,0.175,0,0
WHK,20201016,0.175,0.175,0.175,0.175,0,0
WHK,20201019,0.175,0.175,0.175,0.175,0,0
WHK,20201020,0.165,0.18,0.16,0.16,1034280,0
WHK,20201021,0.165,0.19,0.165,0.185,9320344,0
WHK,20201022,0.19,0.245,0.185,0.22,8967541,0
WHK,20201023,0.225,0.23,0.2,0.2,3653720,0
WHK,20201026,0.21,0.23,0.21,0.23,3323006,0
WHK,20201027,0.22,0.225,0.21,0.215,2180552,0
WHK,20201028,0.225,0.23,0.215,0.22,2311943,0
WHK,20201029,0.21,0.215,0.195,0.215,3931922,0
WHK,20201030,0.205,0.22,0.2,0.2,3851294,0
WHK,20201102,0.195,0.2,0.185,0.185,2455664,0
WHK,20201103,0.195,0.195,0.185,0.19,1718166,0
WHK,20201104,0.2,0.205,0.195,0.195,1924563,0
WHK,20201105,0.2,0.2,0.185,0.19,1037917,0
WHK,20201106,0.195,0.202,0.19,0.19,903025,0
WHK,20201109,0.19,0.22,0.19,0.215,2594924,0
WHK,20201110,0.22,0.22,0.205,0.21,1592216,0
WHK,20201111,0.205,0.215,0.205,0.205,868215,0
WHK,20201112,0.21,0.22,0.21,0.215,2734979,0
WHK,20201113,0.215,0.225,0.215,0.225,1810151,0
WHK,20201116,0.225,0.225,0.225,0.225,677262,0
WHK,20201117,0.225,0.285,0.225,0.285,6151353,0
WHK,20201118,0.285,0.285,0.265,0.265,2594236,0
WHK,20201119,0.27,0.27,0.25,0.255,1902240,0
WHK,20201120,0.255,0.275,0.245,0.275,2296815,0
WHK,20201123,0.275,0.295,0.275,0.275,2907872,0
WHK,20201124,0.28,0.35,0.275,0.33,5437738,0
WHK,20201125,0.34,0.34,0.295,0.31,3448226,0
WHK,20201126,0.31,0.34,0.31,0.34,2164269,0
WHK,20201127,0.335,0.335,0.31,0.32,2291218,0
WHK,20201130,0.32,0.325,0.315,0.315,1012628,0
WHK,20201201,0.315,0.32,0.3,0.305,1258053,0
WHK,20201202,0.305,0.305,0.285,0.285,1873463,0
WHK,20201203,0.285,0.305,0.285,0.295,793268,0
WHK,20201204,0.3,0.32,0.3,0.315,1389181,0
WHK,20201207,0.32,0.33,0.31,0.31,801670,0
WHK,20201208,0.31,0.31,0.29,0.29,1360844,0
WHK,20201209,0.29,0.29,0.27,0.27,2871670,0
WHK,20201210,0.27,0.27,0.255,0.26,1844450,0
WHK,20201211,0.26,0.27,0.26,0.265,672705,0
WHK,20201214,0.265,0.265,0.225,0.23,3575954,0
WHK,20201215,0.23,0.23,0.2,0.205,4641688,0
WHK,20201216,0.215,0.26,0.21,0.26,4823304,0
WHK,20201217,0.255,0.26,0.23,0.245,2996031,0
WHK,20201218,0.245,0.245,0.235,0.245,1017777,0
WHK,20201221,0.28,0.32,0.275,0.32,6567799,0
WHK,20201222,0.31,0.31,0.28,0.29,3358310,0
WHK,20201223,0.295,0.305,0.29,0.295,556131,0
WHK,20201224,0.3,0.305,0.295,0.3,397644,0
WHK,20201225,0.3,0.3,0.3,0.3,0,0
WHK,20201228,0.3,0.3,0.3,0.3,0,0
WHK,20201229,0.3,0.32,0.3,0.31,994600,0
WHK,20201230,0.3,0.3,0.29,0.29,1216614,0
WHK,20201231,0.295,0.3,0.295,0.295,268041,0
WHK,20210101,0.295,0.295,0.295,0.295,0,0
WHK,20210104,0.295,0.295,0.285,0.285,574754,0
WHK,20210105,0.285,0.295,0.285,0.285,662523,0
WHK,20210106,0.3,0.3,0.29,0.3,503655,0
WHK,20210107,0.3,0.3,0.285,0.295,658246,0
WHK,20210108,0.295,0.31,0.295,0.31,1180207,0
WHK,20210111,0.315,0.33,0.3,0.305,1900576,0
WHK,20210112,0.305,0.31,0.29,0.29,990822,0
WHK,20210113,0.29,0.3,0.285,0.3,1061619,0
WHK,20210114,0.295,0.305,0.295,0.295,729275,0
WHK,20210115,0.3,0.315,0.295,0.31,1521135,0
WHK,20210118,0.315,0.32,0.295,0.295,1427646,0
WHK,20210119,0.295,0.315,0.295,0.305,990918,0
WHK,20210120,0.31,0.34,0.3,0.335,3798041,0
WHK,20210121,0.35,0.395,0.35,0.375,5231477,0
WHK,20210122,0.385,0.44,0.375,0.44,3657063,0
WHK,20210125,0.445,0.465,0.41,0.43,4458956,0
WHK,20210126,0.43,0.43,0.43,0.43,0,0
WHK,20210127,0.44,0.45,0.43,0.435,1341874,0
WHK,20210128,0.41,0.42,0.375,0.385,3994124,0
WHK,20210129,0.395,0.44,0.385,0.405,5919809,0
WHK,20210201,0.38,0.39,0.355,0.385,3668073,0
WHK,20210202,0.385,0.39,0.355,0.36,2471969,0
WHK,20210203,0.375,0.395,0.365,0.385,2280849,0
WHK,20210204,0.385,0.39,0.37,0.38,1208792,0
WHK,20210205,0.385,0.41,0.385,0.4,1668518,0
WHK,20210208,0.41,0.425,0.405,0.405,1133943,0
WHK,20210209,0.415,0.42,0.405,0.41,545346,0
WHK,20210210,0.41,0.41,0.38,0.385,1249801,0
WHK,20210211,0.38,0.38,0.36,0.37,1677398,0
WHK,20210212,0.375,0.385,0.37,0.37,612052,0
WHK,20210215,0.37,0.385,0.37,0.385,784374,0
WHK,20210216,0.39,0.39,0.37,0.37,749060,0
WHK,20210217,0.38,0.38,0.35,0.355,2120230,0
WHK,20210218,0.355,0.355,0.33,0.33,2281234,0
WHK,20210219,0.32,0.345,0.31,0.32,1534888,0
WHK,20210222,0.32,0.325,0.305,0.315,1316006,0
WHK,20210223,0.32,0.32,0.3,0.305,805731,0
WHK,20210224,0.3,0.305,0.28,0.285,2482285,0
WHK,20210225,0.29,0.34,0.285,0.325,3227153,0
WHK,20210226,0.32,0.325,0.29,0.295,2299641,0
WHK,20210301,0.3,0.325,0.3,0.305,1248990,0
WHK,20210302,0.305,0.31,0.29,0.29,1769076,0
WHK,20210303,0.29,0.305,0.29,0.295,561456,0
WHK,20210304,0.295,0.295,0.27,0.275,1930625,0
WHK,20210305,0.26,0.3,0.25,0.3,2190097,0
WHK,20210308,0.3,0.3,0.28,0.285,666542,0
WHK,20210309,0.285,0.285,0.27,0.285,1857434,0
WHK,20210310,0.295,0.32,0.29,0.31,2071727,0
WHK,20210311,0.31,0.31,0.295,0.31,464183,0
WHK,20210312,0.305,0.31,0.29,0.295,690923,0
WHK,20210315,0.295,0.305,0.29,0.3,287868,0
WHK,20210316,0.3,0.325,0.3,0.32,1426850,0
WHK,20210317,0.325,0.325,0.31,0.31,468174,0
WHK,20210318,0.305,0.31,0.29,0.305,741185,0
WHK,20210319,0.3,0.31,0.29,0.3,396438,0
WHK,20210322,0.3,0.305,0.29,0.295,357823,0
WHK,20210323,0.295,0.305,0.29,0.29,574545,0
WHK,20210324,0.295,0.295,0.28,0.285,1330220,0
WHK,20210325,0.28,0.28,0.245,0.26,4049914,0
WHK,20210326,0.265,0.275,0.265,0.27,565339,0
WHK,20210329,0.275,0.28,0.265,0.265,839679,0
WHK,20210330,0.265,0.265,0.25,0.255,866624,0
WHK,20210331,0.255,0.265,0.25,0.255,590420,0
WHK,20210401,0.255,0.26,0.25,0.25,1327345,0
WHK,20210402,0.25,0.25,0.25,0.25,0,0
WHK,20210405,0.25,0.25,0.25,0.25,0,0
WHK,20210406,0.25,0.26,0.25,0.255,587601,0
WHK,20210407,0.255,0.265,0.25,0.26,889738,0
WHK,20210408,0.26,0.29,0.26,0.275,1377699,0
WHK,20210409,0.275,0.28,0.265,0.28,624389,0
WHK,20210412,0.28,0.28,0.265,0.265,309940,0
WHK,20210413,0.265,0.27,0.265,0.27,259447,0
WHK,20210414,0.27,0.285,0.27,0.275,414809,0
WHK,20210415,0.28,0.28,0.27,0.275,361084,0
WHK,20210416,0.275,0.275,0.265,0.265,328605,0
WHK,20210419,0.265,0.265,0.255,0.255,530911,0
WHK,20210420,0.255,0.26,0.25,0.255,596210,0
WHK,20210421,0.24,0.245,0.235,0.245,1323460,0
WHK,20210422,0.25,0.255,0.25,0.25,222150,0
WHK,20210423,0.25,0.25,0.24,0.24,307583,0
WHK,20210426,0.24,0.245,0.225,0.23,1075365,0
WHK,20210427,0.23,0.2325,0.21,0.215,1425131,0
WHK,20210428,0.215,0.225,0.215,0.22,861889,0
WHK,20210429,0.225,0.225,0.215,0.215,520521,0
WHK,20210430,0.215,0.215,0.185,0.215,5680772,0
WHK,20210503,0.19,0.19,0.17,0.17,5787795,0
WHK,20210504,0.175,0.185,0.17,0.175,2517225,0
WHK,20210505,0.175,0.175,0.16,0.165,2676811,0
WHK,20210506,0.165,0.165,0.15,0.15,1317448,0
WHK,20210507,0.155,0.17,0.155,0.17,2906802,0
WHK,20210510,0.175,0.175,0.16,0.17,774856,0
WHK,20210511,0.165,0.205,0.16,0.19,7896133,0
WHK,20210512,0.195,0.21,0.19,0.195,2493977,0
WHK,20210513,0.205,0.205,0.195,0.2,1647807,0
WHK,20210514,0.2,0.23,0.2,0.225,2175947,0
WHK,20210517,0.22,0.235,0.2,0.2,1932422,0
WHK,20210518,0.2,0.205,0.2,0.2,523437,0
WHK,20210519,0.2,0.205,0.2,0.205,114018,0
WHK,20210520,0.2,0.205,0.195,0.205,538034,0
WHK,20210521,0.21,0.21,0.2,0.2,232025,0
WHK,20210524,0.2,0.2,0.195,0.2,308303,0
WHK,20210525,0.2,0.2,0.185,0.19,840113,0
WHK,20210526,0.185,0.19,0.1825,0.19,611943,0
WHK,20210527,0.19,0.195,0.18,0.18,770406,0
WHK,20210528,0.185,0.215,0.18,0.21,2040290,0
WHK,20210531,0.21,0.21,0.19,0.195,752956,0
WHK,20210601,0.19,0.2,0.19,0.195,839225,0
WHK,20210602,0.2,0.2075,0.195,0.195,862937,0
WHK,20210603,0.195,0.1975,0.185,0.185,1063971,0
WHK,20210604,0.19,0.195,0.1875,0.195,392505,0
WHK,20210607,0.195,0.195,0.1825,0.185,721347,0
WHK,20210608,0.19,0.19,0.185,0.185,727027,0
WHK,20210609,0.19,0.19,0.18,0.185,605903,0
WHK,20210610,0.19,0.19,0.1825,0.1825,209945,0
WHK,20210611,0.18,0.18,0.17,0.175,1028228,0
WHK,20210614,0.175,0.175,0.175,0.175,0,0
WHK,20210615,0.175,0.18,0.175,0.18,501352,0
WHK,20210616,0.175,0.1775,0.17,0.17,880453,0
WHK,20210617,0.17,0.175,0.165,0.175,852695,0
WHK,20210618,0.175,0.175,0.17,0.17,182879,0
WHK,20210621,0.17,0.17,0.16,0.16,1268148,0
WHK,20210622,0.16,0.1625,0.155,0.16,1004201,0
WHK,20210623,0.155,0.16,0.155,0.16,358020,0
WHK,20210624,0.16,0.1625,0.16,0.16,321070,0
WHK,20210625,0.16,0.165,0.155,0.16,767780,0
WHK,20210628,0.16,0.16,0.15,0.15,2085613,0
WHK,20210629,0.15,0.155,0.145,0.145,1251921,0
WHK,20210630,0.145,0.145,0.135,0.145,2787039,0
WHK,20210701,0.145,0.155,0.14,0.155,540192,0
